id,name,description,component_set_id,key
2404:2580,Property 1=Default,,2404:2579,2f1f6e86a8d368e50a013d2055175df8f8da6762
2675:11996,Size=Mb,,2439:2906,7968321adecc78309eb2504ea5b31e7c885e6ee0
2675:12039,Property 1=menu,,2675:12041,5d89d17bda82a52043e66402f760c662a9635b5d
2448:7981,"State=Default, Size=Small",,2448:7968,749cd50e143e0dc281aabefbf5599e0dbf41eeab
64:1258,"State=Default, Size=Large, Style=Filled",,64:1101,03cf981e5d3e8773d3f8febefc87bcb4279032a6
2448:7142,Property 1=name,,2448:7147,cedf405e7a8e6ae7bbb7c745a68f9418610748fc
34:855,nav-arrow-down,,,b40477119f3d5fca5074022b0225d5f7d26b4d88
2448:7143,Property 1=phone,,2448:7147,c0b3241300edd84857f07a713a85e05d06609833
2448:7145,Property 1=mail-opened,,2448:7147,58cfd506aadbaa24f913adb5d24244eecb697f69
2448:7146,Property 1=city,,2448:7147,45a253b049800575984b3cc92a108256217bc974
2448:7144,Property 1=internet,,2448:7147,41d1dcf267cba6dab0bfb4da3af7abe8dd508e94
80:1528,"State=Selected, Text Side=Left",,80:1519,9dc50a21f2aade79243ed9f6d4a4109ddba1ca9e
78:1477,State=Selected,,78:1432,f35d0c5fdd7f68ddcc7d926a8808fd0c7d31a651
78:1311,check,,,c8bedb03f7ea0ee3c7e7fcb489ae9c089829f6a7
34:1255,"Size=Medium, State=Default, Content=Icons + Text, Style=Filled",,34:1219,53abf90c8d4135c7137467f149b457d3f7bf0156
34:817,arrow-left,,,8be00090a5a479e6b3c8be035580f81930b9af09
34:830,arrow-right,,,c760f3e1d24c6659a7b3bd2c43cdbf0ae3dd83f6
2531:9875,"Size=Mb, Style=Dark Mode",,2445:2374,759d3be4b3d8a7b7fe9432e5cb2e5c2e33a3dd4b
2404:2608,Property 1=White,,2404:2579,c6f8cb8b39176fb64192f24f3e5f4c8ab499d2c4
2445:2780,"State=Default, Style=Unbox",,2445:2783,454d9c9321ef241d4f9cf497e7e9fe1ebca03c10
2531:6498,"State=Hover, Style=Box",,2445:2783,1be57fc89fd81b850d1a7531f8bb29bde96b4c74
34:832,long-arrow-down-right,,,60a85ed91b4d03797ebee095a010996b12563436
130:4683,home-simple-door,,,db787fdeca58869e93b580e5687dd00aa1008d1e
2445:2485,Style=Square,,2445:2478,d5369856b6101a3ad9b2cda62862a9e66f98c318
2439:2905,Size=Desk,,2439:2906,3494f39e345765f56fd6fc62670713c02a3c98b8
2531:6496,"State=Default, Style=Box",,2445:2783,d149b1ab4dad535af739441934a8198da26d7f6e
3139:11616,Left Item=Language,,230:3882,b65ef3278eafe7fad2044273222a5db17692fe94
106:1538,"Size=Small, Type=Letter",,106:1495,8372b0ba218aa8f88f9185002a7d9a449ae5759e
2448:7969,"State=Default, Size=Big",,2448:7968,afc660e830b3f31cf866347270d795f401bcf0db
2531:9818,"Size=Desk, Style=Dark Mode",,2445:2374,268d3be98c21bd863e998f4d2f62c470967a12d4
64:1338,"State=Error, Size=Large, Style=Filled",,64:1101,fcab61449ab5426db1da6a5838d61bf1e89dd7c1
64:1268,"State=Filled, Size=Large, Style=Filled",,64:1101,195802aa3603a009fecf80d9e722e35d31887000
2439:2907,Size=Tablet,,2439:2906,e31f323d911c7ecfb6138e5d93dd5623a8616cd6
2531:9847,"Size=Tb, Style=Dark Mode",,2445:2374,08b37df07c6e844ca52e7ca727bc1370812dfeba
2448:4146,"Size=Big, State=Success",,2448:4145,2937f9e6c2ddc5780ba1a2b78f3ef32ad667fca5
78:1313,check-circle,,,0ee1d2e254f899864f1b767fd194bfa9d60e9b9b
3190:6045,"Size=Big, State=Eror",,2448:4145,58d33c0029a54e6e5a6774b2196f0d5acc0476ee
78:1294,delete-circle,,,7424ad65f0afb1aa9be47c7cae7942b79354048f
2448:4152,"Size=Small, State=Success",,2448:4145,f1d73c6982ebd899a266ee3bd7d1b98623337433
3190:6052,"Size=Small, State=Eror",,2448:4145,b4a555646a6a545f558db6f8c03c35da295352dc
36:1036,"Size=Medium, State=Default, Content=Icons + Text, Style=Clear",,34:1219,94607bd98f0cb1b58deb6bf535b8aa36642fd9c3
36:703,"Size=Small, State=Default, Content=Icons + Text, Style=Outline",,34:1219,7b4c453895f9c7e64a03efa6c994cf5e3b38fde2
2769:6026,"Size=Large, State=Choose",,2769:6065,f203d3f56152b91017c549d707387402213850d7
2769:5949,"Type=smartphone, State=Default",,2769:5953,dc98845585680789f98c3b3adeb851f4bddf2aa4
2769:6061,"Size=Large, State=Default",,2769:6065,d6bef7fa4d0f2ccb46211fbd7f9ee185d567edd4
2769:5946,"Type=smartphone, State=Hover",,2769:5953,b8b765d1eff5bad050ee099592f88148180400b3
2675:6205,State=Default,,2675:6206,00ebb051851e9d0a5b5e89226340627948b6e843
2675:5172,"State=Leaderboard Banner, Style=Default",,2675:6235,1ed16b142873b0efccd282fbaaf45893ea3b7272
2675:5173,"State=In-Page Banner, Style=Default",,2675:6235,21dfbc2e3cc80eda6aef33d26f83775e248d9a41
2675:5174,"State=Side Banner, Style=Default",,2675:6235,3bf25a71b29596be852602920690bd3070494e52
2675:5175,"State=Pause Banner, Style=Default",,2675:6235,1c9f9712fbcb62d56b72f5849f7d0b36a640c23d
2675:5176,"State=Welcome Banner, Style=Default",,2675:6235,3cfee8c05ce38be73615fe9730c666a16cef0a6a
2675:5177,"State=Welcome TVC, Style=Default",,2675:6235,d53ab25c0aab5ff391ffcde1f931fff261f75529
2675:5179,"State=Mid_roll Instream, Style=Default",,2675:6235,965d2d9699628dd7187688b0e01dea75e46d9ff2
2675:5180,"State=Post_roll Instream, Style=Default",,2675:6235,06cc9a2f6b0b745e15ab92e403d6f53d0dc18b2d
2675:5178,"State=Pre_roll Instream, Style=Default",,2675:6235,aa66fb87d33d9d2b44a4ac405d864b5ceebce5cd
2675:4698,"Size=Medium, State=Fillter, Content=Icons + Text, Style=Filled",,94:1634,31d22a3f8e0f6212e7916a7a5e3fe89d235bbd0c
57:1731,filter,,,8bd000a687fd4480172bc85cf969152a6802c477
2443:4252,Type=nav-arrow-down,,2443:4264,fc285519dc054f6fcf77289a89797b046a3854c4
94:2145,"Size=Medium, State=Info, Content=Icons + Text, Style=Outline",,94:1634,37dc4eab617c45601ad152e33564914bdb1ac1ae
57:1722,star,,,034724e6b1609151c29d5daf6c2b73163a6baac5
2633:5705,Property 1=Default,,2633:5715,f234f43411689cf7215c2769fc74297f8e96910d
57:1772,search,,,891db9bf40e5f90f039c3ea28bff89426958514b
2769:6028,"Size=Small, State=Choose",,2769:6065,f3550599053ff6c6d363420eda823b83998c9382
2769:6063,"Size=Small, State=Default",,2769:6065,07c7451392c3508520d89e85f27ef7a443653f99
2675:6882,Size=Big,,2675:6881,abd26145d993f4b58be2813f841c9efd255d1b3d
2448:3184,Type=user-circle,,2448:3180,f8aca49d652acfef7712804b900763ccaed37723
2443:4253,Type=nav-arrow-up,,2443:4264,cd35f60bf5ab5e78a3140db695081c203a36f884
2675:6866,Property 1=Choose,,2675:6861,24d4072bc708936376f35b885f69666fdc6adafb
2675:6862,Property 1=Default,,2675:6861,795411ce541f11fa069010ba5c8504ad93893b58
2675:6871,Property 1=Hover,,2675:6861,1a868ec4d4eff641aa95362a642936b6bc5402e5
2675:6886,Size=Small,,2675:6881,2c337545082f0c6dc70895fb66e650c80e53d66c
2633:5704,Property 1=Hover,,2633:5715,22d0d8352c758881308a96a3002b0bd92a389ea7
2633:5702,Property 1=Typing,,2633:5715,7e69b0f3f535902c0e722f53b60bef627a4cd322
2633:5703,Property 1=Focus,,2633:5715,f673b2ae8178e084689775b1ee909b0e1754beb1
101:1647,"Size=Medium, State=Default, Content=Icons + Text, Style=Filled",,94:1634,a43547ce6c8a27678333ea5099837235fb0468e0
78:1319,cancel,,,f6b2862b74a1b2d6b53a38cf48c3b3f6b0e4e318
2985:7981,Property 1=Default,,2985:7984,31cc3e3f612750d7059a95a8053aa0224cf9c626
34:1085,"Size=Giant, State=Default, Content=Icons + Text, Style=Filled",,34:1219,a4d591dd3af0559cfe74209f3bba3cdfe7e5ec22
36:688,"Size=Giant, State=Default, Content=Icons + Text, Style=Outline",,34:1219,951fdae157958e584235467b9bdabc7bf4b2d3b7
2513:2448,Property 1=Default,,2513:2449,b5276d19ea01a358add38da695728df979e431a2
2497:7903,"Type=IOS, Color=Grey",,2497:7904,e1b144152e5743db5c9d53764429373d1b76271e
2497:7905,"Type=Android, Color=Grey",,2497:7904,09cb492b397f9fb642b0c6bed7960194c9c27ee4
2519:5598,"Type=Smart TV, Color=Grey",,2497:7904,13a2f513fe1a319a28b075fc41f13caf6144e7ba
2531:6580,"Type=TV Box, Color=Grey",,2497:7904,c5e338c633b881459b4074261c93323ebc4cda56
2675:6788,"Type=Web, Color=Grey",,2497:7904,164e0282b402c8175c6c0c248dedf200d87e1830
2531:6603,"Property 1=Default, Type=Img",,2497:7641,3dd886460648273dfeec5191329a7da03554bf4e
2405:2768,State=Expand,,2443:4156,7a5297bc37f3368d39aee9d4d1d897757c537184
2405:2767,State=Default,,2443:4156,3b39596c0b4ac158b40d519aca469664d63196d8
2531:8167,"Type=Tech, State=1",,2531:8160,5d8577fc9240491aba1ba260711727be23595e31
52:811,"Position=Left, Size=Medium, Style=1, State=Selected, Content=Icons + Text",,48:1588,0ac260c372fe44c603cf6912493f3413cef97502
231:4151,List (5 Rows),,,eb320e5e062a70ff5a823c0c3cce029dca5ebb70
230:3931,Property 1=Default,,3139:10806,46c5c0beb99ef07526996e34dbb26554840caaa6
230:3913,Right Item=Text + Icon,,230:3919,d6c65355db0d9ef17a0433c4cd94cfab74f5f18f
34:859,nav-arrow-right,,,4daf991ac97f06aad478b37ad18ec28a001e9a8e
3139:10869,Property 1=Choose,,3139:10806,8b5f17aabe0b04f8041ade3a00f204e4e1fddc6f
230:3884,Left Item=Avatar + Text,,230:3882,0576123a1e67c8bcd709b32cb60665d37f54a90b
34:1269,"Size=Small, State=Default, Content=Icons + Text, Style=Filled",,34:1219,e53db43c2d606adce1e779de6419a6e1edaf2ae9
2995:9074,Property 1=Default,,2995:9075,b81b48271d4d229e4d37e24a6ec688364e922d5d
2995:9108,Property 1=Default,,2995:9109,271b0b45664d07cefb9484bed4500aafad323434
2995:9110,Property 1=Variant2,,2995:9109,afb86e3e35e4630c52b202bf2b21e5bee54b22f5
2903:8431,Menu,,,7eecce1f5751d75985928e71f81c51ee5e7bac80
2903:8481,Property 1=Menu Hide,,2903:8433,c857d6441082e686004b18626df7979b4bb58187
2903:8434,Property 1=MMenu Expand,,2903:8433,884c56c45601c42fcdaae1fe612f062ac82b33ae
3043:9722,Property 1=Default,,3043:9724,403012022b172979abc8f6ae94004106f7e88d33
2626:10317,Property 1=Default,,2626:10316,17bbd1dad5a510bd15d24339b1de895eaddbdbc6
2626:10328,Property 1=Design,,2626:10327,b25178a602c1113f0d1d58fbac10c1f9c56772e5
2626:10334,Property 1=Integration,,2626:10327,674cf597542b50e617e02bacab526073eadb4d4f
2626:10351,Property 1=Measurement,,2626:10327,dc945a4925e88d746c647ca2554a80714b795e83
2626:10360,Property 1=Protect,,2626:10327,5dfdd62af17287012b232197f973f5c196c60aef
2497:8112,tv,,,fc7a50e7c861ffe0193f38d242164f278dd68cd5
2404:2594,Property 1=Dark mode,,2404:2579,fa79dc381b732e0bf78049257552404a53fc9aec
2404:2622,Property 1=Black,,2404:2579,27e47d855a295414bc0b9ec976e4d55f1bd79bf0
277:3078,"Size=Large, State=Default",,2439:2812,0063ee63312bbeff1ffef4c9d03474ad70fb503e
277:3072,Image,,,7ef2aa33d538007374c9672a8f6edaff1c81eaa1
34:1241,"Size=Large, State=Default, Content=Icons + Text, Style=Filled",,34:1219,3e825933376c1821b46d24958cbde05b4f38b799
36:693,"Size=Large, State=Default, Content=Icons + Text, Style=Outline",,34:1219,f2259d10689bb1fea7f34cdd907b11294fa6f90a
279:2933,Card (Horizontal - Small),,,45fac869208afdf89cf9f1509c94e67f17a4ffc4
2439:2848,"Size=Large, State=Hover",,2439:2812,1e6979ecee5f1107f34a9517afa80c8b01a40133
2439:2813,"Size=Medium, State=Default",,2439:2812,181803fbbd456f1a4a01025612da0c10f2c139f9
2443:3807,"State=Default, Color=White, Size=Big",,2443:3806,b03f13a63be942fc0f040aed9f1b514720fdc51e
2443:2994,Property 1=Default,,2443:2993,a8514a0f1a952c6170ed46aa06164924e6eda9aa
2443:3332,"Size=Large, State=Default, Content=Icons + Text, Style=Solid",,2443:3051,aeec12181f285a01cf2323c596e37a71d352e82c
2443:3016,arrow-left,,,bc778104fd80de0ad369818e5c1f7761afac212b
2443:3020,arrow-right,,,b73d693b5d4bf2e234a5c790f93dcf83370fe861
2443:3818,"State=Hover, Color=White, Size=Big",,2443:3806,9a8b470d54d5fff5fea9178df37897933448954b
2443:3829,"State=Default, Color=Blue, Size=Big",,2443:3806,090d39272a1a19f1ce9e1c89ca8936f57a38b841
2443:3840,"State=Hover, Color=Blue, Size=Big",,2443:3806,0f056ed82d5dc4e93f6e42a898d89ccf06e2dba5
2443:3851,"State=Default, Color=White, Size=Small",,2443:3806,6f7b3e47bab750a250a4645cdcb6e968747e8eba
2443:3862,"State=Hover, Color=White, Size=Small",,2443:3806,1e6b7370673443ed0fc6b4d07c24ea9545957ca9
2443:3873,"State=Default, Color=Blue, Size=Small",,2443:3806,9d212b57fbc7f2d01654971a3fbf3fa95b065fd2
2443:3884,"State=Hover, Color=Blue, Size=Small",,2443:3806,65b20c5fc7a991697bfe99c3e4f364476b5534d3
2443:3896,"State=Default, Property 2=Big",,2443:3895,86b27ce6c8091524b6db91bec833dafe2e8cacef
2443:3417,"Size=Small, State=Hover, Content=Icons + Text, Style=Clear",,2443:3051,d1df5c67ea7f334abf802849d4f26fba5240922b
2443:3903,"State=Hover, Property 2=Big",,2443:3895,f4076a3d3e80f38b26930fd568dc30bf997e4648
2443:3910,"State=Variant2, Property 2=Small",,2443:3895,ce79bd909c00833e0b76967df111a6a6610ce1ec
2443:3422,"Size=Tiny, State=Hover, Content=Icons + Text, Style=Clear",,2443:3051,17b32dece90daa8fe75828f4e40577445f855f4c
2443:3917,"State=Hover, Property 2=Small",,2443:3895,016188c4901850457e7251968b9c20c656f7f64d
2675:6204,State=Hover,,2675:6206,e26b6e57992afaa5f096664e16b1a38b95f7bde2
2675:6348,"State=Leaderboard Banner, Style=Hover",,2675:6235,161842bae5a808a0ceb51efff96dd20559bb7e2b
2675:6355,"State=In-Page Banner, Style=Hover",,2675:6235,87ebb981928293cacae1705f9053ff93dd0fd4f0
2675:6366,"State=Side Banner, Style=Hover",,2675:6235,ef85f811a58d1f5a860b4b5eb7f1f23f430abc8d
2675:6380,"State=Pause Banner, Style=Hover",,2675:6235,8da6d0c7fb2d39b3d0adea8a90ba6ec150b72aa7
2675:6390,"State=Welcome Banner, Style=Hover",,2675:6235,d7272e34eb7ea44c55a66c5f287fd73a4cd5e05c
2675:6400,"State=Welcome TVC, Style=Hover",,2675:6235,635ec378e6d543af59f420f756d738e5d7f899f9
2675:6412,"State=Pre_roll Instream, Style=Hover",,2675:6235,55ae8de7c35359bc473f85472d05dbdd30cd9e67
2675:6428,"State=Mid_roll Instream, Style=Hover",,2675:6235,e9c074776867d134285969227cbf1f78c1fdcbbb
2675:6444,"State=Post_roll Instream, Style=Hover",,2675:6235,5565031796d731e0ba39e7fa7df136f434b459a5
2626:10322,Property 1=Variant2,,2626:10316,e49e784b245ce2b28a5b10d2dee36a16211fd518
2513:2517,"Type=IOS, Color=Blue",,2497:7904,00b698011f50526da11fdadb520ce600558e301f
2513:2522,"Type=Android, Color=Blue",,2497:7904,f0e1d088a266dce25d6586ebf21b071d0aecf7dd
2519:5604,"Type=Smart TV, Color=Blue",,2497:7904,bbf8b63465d07224b88269b18e8734be13c1a256
2531:6576,"Type=TV Box, Color=Blue",,2497:7904,6eca8880536e9022feffa7db86016e65fac16f12
2675:6785,"Type=Web, Color=Blue",,2497:7904,c8081c743431ce4dafe867d5a27f2755f5df462d
2513:2450,Property 1=Variant2,,2513:2449,1617ad228edfc1c885451d93c8ebf93cfadcfa71
2496:2361,"Property 1=Default, Type=Iconly",,2497:7641,4765ef65937edcda7662f267fffda469b09ed6a6
2497:7609,Property 1=Money,,2497:7614,30a0896c67ca69c60963b97ed1c05fb47b7d9185
2497:7606,Property 1=Connect,,2497:7614,246476a2cacac57d82795f7d9fa5256e9c3e42d8
2497:7607,Property 1=User,,2497:7614,ecc48cace5d466fca470fdc3c0b03867dfc3ebc1
2496:2362,"Property 1=Hover, Type=Iconly",,2497:7641,0088c2e94aa89be110cd50d540d7b214a2266e7f
2531:6625,"Property 1=Hover, Type=Img",,2497:7641,3fa490e73a95f1be53101a68b71c7f3d42f41986
2445:2375,"Size=Desk, Style=Light Mode",,2445:2374,f8d58789c269f141248248d5255a3c519bed40f9
2445:2349,phone,,,397c19465eaea333feeff8e4c5cfcbb8a75f1e18
2445:2352,mail-opened,,,3f0c0a67993aaa32bbc013a6edaf76063ccf9db0
2445:2355,home-alt,,,7027e311c54c6c6b9cc0377f25a8ab95d64f212a
2445:2407,"Size=Tb, Style=Light Mode",,2445:2374,f656abf2bbd9840c5ab9678a09fb5ac91c05d6ba
2445:2438,"Size=Mb, Style=Light Mode",,2445:2374,5ea9508487aa4601edada4e5adf9e5993c3ded50
130:2792,phone,,,684fec87d793d27422fd0d9a4d933d95e67b8f63
130:2816,mail-opened,,,b0cf7bc24808a3fdbbe2675d7e7f7dc698c1119a
2445:2479,Style=Round,,2445:2478,97d5492c2b67c63ad932e4fc0f1ecec36e3cb5f8
2445:2370,nav-arrow-up,,,aeeaa216ee383709fec544787f7d9a0feb48b0da
2445:2482,Style=Style4,,2445:2478,e3ad3d3ea3b2e004a30f80bd7c2ceb0301e8f661
2445:2488,Style=Style3,,2445:2478,cd78c1b0b2670a0c9d33c4c5c9f7d4bf78174cfd
2444:4545,State=Hover,,2443:4156,a10fb2a831f595b2f827f39d04948f235adca6f9
2445:2781,"State=Hover, Style=Unbox",,2445:2783,25fc76395575752c4b14a0cb2c6b5b7ccf3438b5
2445:2821,"State=Press, Style=Unbox",,2445:2783,5805d84a2c8213c5c7ba096e258107116d7c3c48
2531:6500,"State=Press, Style=Box",,2445:2783,5d5fcff1b7813fbcc554c638eba48088f28b0d3f
2675:12040,Property 1=menu-scale,,2675:12041,da41f72031c6241c9404ee77c1868e58fa8608fe
34:913,arrow-down-circle,,,18bb81a5152e0a05032d4519052a8917bc944998
34:838,arrow-up,,,a7b0d8e9f3f0e11636f8c73dd9a70d0b1167d650
34:843,arrow-down,,,837bc2d72bfb75f197c2f5a9b61893d210f3b323
2443:4262,long-arrow-up-right,,,b523a2ee44a19b858fa5409fee05313280627735
2443:4263,long-arrow-up-left,,,0af70c27a29c0258cefbc4a0eed4974d05a121c5
34:824,long-arrow-left-down,,,fd79bc37323b8929560c790c761108f9b5898c72
34:840,long-arrow-right-down,,,f4f6f6f5be70ef136c860c6bab3e10dd67221497
34:827,long-arrow-left-up,,,4889980d29c960abd7e2d12d3172422044cfa9a8
34:819,long-arrow-right-up,,,f2482e7a5e60ffea17d802d93149c6b438b09d33
34:835,long-arrow-down-left,,,caa39cc9cd46c4f87c568524fdeeae1c628c7500
2443:4254,Type=nav-arrow-left,,2443:4264,fbe7af5b98843da58a6b750519b1e685c2c7a324
2443:4255,Type=nav-arrow-right,,2443:4264,3409ca86bde8f1e658c369038fe13e60bae0c370
34:861,enlarge-round-arrow,,,7c23526a8ca1e1a228d5971741a7e1f4c132b72f
34:865,fast-arrow-right-box,,,8dbb6ab1ea69c7b499fb648f52540134e409eb4e
34:869,fast-arrow-left-box,,,01bc52ef8c63a8b726d88d2c734addf95a95c19e
34:873,fast-arrow-up-box,,,49e30a16f37da13cbc313a5f8037ec7fc86d9f77
34:877,arrow-union,,,613095e0c102e1cde05ce94d3d087d00c5823ae1
34:845,arrow-separate,,,aff6d2e0d7a5bba3714155832b73fff1b44a0d60
34:880,arrow-separate-vertical,,,dd719ad1d7635e6af7ad59458151460ea249c996
34:883,arrow-union-vertical,,,cab2a2c3db6fbd9e60ccd29911858fc2ff29dd2f
34:887,fast-arrow-down-box,,,5aec028fb19c23accee3301cc025963906da3ba7
34:891,right-round-arrow,,,65ab889e33a2b1a3226980343a08eef42adc5ced
34:894,left-round-arrow,,,abfcb8433d1e4167cdeae0df1f54c05c79bd27c5
34:897,fast-right-circle,,,f3932b948eca464f211373233de4c4fe278e3225
34:901,fast-left-circle,,,8e97cbf07773217cbf230e964e6ad0e96d3aba06
34:905,fast-up-circle,,,f0c75abd55e8972363e4373e46e283fcae77631f
34:909,fast-down-circle,,,55639551e607ae971aefe4080f226f8928ed59fa
34:916,arrow-left-circle,,,4110cb3819830c80240fa4a1d6fac8a5a5789b64
34:919,arrow-up-circle,,,ebdd877dd7e2c532ad0212548c04db79d3671841
34:922,arrow-right-circle,,,0c516136f010a60e1d7aec67a67b74dc58f87e48
34:925,more-horiz-circle,,,e39b0090ed796efcff0b5dabe36417e1efe278b0
34:931,more-vert-circle,,,949d9483be3deaef6f7eaf6ca107cefaf5f817d4
34:936,more-horiz,,,68dd2b5c41bee04128405715d09ef1b39596bad3
34:940,more-vert,,,74ca299bb29d1a6a2fb505c00119e3657dd8c211
34:944,reduce-round-arrow,,,60cbc90625b07bfd3fb3bde66d346bfca5f82485
34:948,up-round-arrow,,,21f795e0c0289c65536c7ad0dcc0b00fc16f2a04
34:951,down-round-arrow,,,64b57e8146e1b2effda04bcc5fa34865086a9154
34:954,sidebar-expand,,,d96a907b68d6882cf4c6deb9bc444d40ddaeb2e0
34:958,sidebar-collapse,,,d84afd4db5d42f4aa0eb852d9c29e2efaf7826b0
34:962,compass,,,3363d3e5dc7cbaeca42c1826b4c4c16f6eb6593f
34:965,fast-arrow-down,,,ba87118a6e8e9af1be8b5743633ab3687a3361ab
34:968,fast-arrow-left,,,9d65785dd0b030534c68d1533939f421350574bd
34:971,fast-arrow-right,,,c42a398234c7a40e7f9de94c2b9f5a332c39ca29
34:975,fast-arrow-up,,,9ec95fe9fbffecded1462a2263e8a1dc0975f876
34:978,arrow-bl-circle,,,32d2a479efd644c7759260f7e8959a382e30ca55
34:981,arrow-br-square,,,083ac7eb63e21a9abc36349d751572df1b78b2f7
34:984,arrow-tl-circle,,,3125512ee2c2c77c890371f7446df3c805df2c3d
34:987,arrow-tr-square,,,728c80481927f9dbcea9889d7a89f960d4fa4a49
34:990,arrow-tl-square,,,98d9ac29c8d8b283250ed111f8be29d3113750ad
34:993,arrow-tr-circle,,,5f8d274867a879cb9021f3e874446e8ed06aeaec
34:996,drag,,,db0f44043097e797f4c8d02cf3bb1369bbd1548f
34:1001,arrow-br-circle,,,47cdbb8c1ad3baade051e6b982c94c006da9b719
34:1004,divide,,,0a7e6124378e8337ad74772c1b541fb985c1be2b
34:1009,horizontal-merge,,,fdaccf151f21414243a80ab7301bfbfa31240f9d
34:1014,horizontal-split,,,2edcb6928011beb0db12a55776be800bc549f0ae
34:1020,arrow-bl,,,6bcbf2a4201894c0b88fe8da2f39efd23e89b10e
34:1023,arrow-br,,,c8df3c477d7ebd0267cf15a1d9bd42d776d2731b
34:1026,page-down,,,148575f1ebf52dba1ac7d1f94caacd5b698d16d8
34:1029,page-left,,,46f06051bee2e239daa57be8d022cf04cc6e9038
34:1032,page-right,,,5b8df049b40f8961e7bb4b10a43324109d28dd2a
34:1035,page-up,,,e78d91ebd698ee91d180b075af34b8bb7eb4ca71
34:1038,divide-three,,,038272bb02a2e47ab31ec468b10d652b43970689
34:1045,arrow-bl-square,,,42131c52c78465adca586363f238ff2085fe0161
34:1048,path-arrow,,,f6e4808d12e2553c1cf9d4efd1162c4d1384311b
34:1052,vertical-merge,,,5a6548cf5b3ba7691cc6f7b683da41c18001a542
34:1057,vertical-split,,,19d93d881e7a0510783f5a03bc338de091d72b5d
34:1062,shortcut,,,ffd446c45cd66658135efca8cb97a03d6c7346a8
34:1066,arrow-tr,,,dc1cf74b2ca39abd99f2b3d10f2ece780ca7b40f
34:1069,arrow-tl,,,17afd3a51fcba6828e240d36c9983450446549ce
34:1072,filter-list,,,930b5d14ef64d3b570c2ba205ef33f736826fcc3
34:1076,filter-list-circle,,,4bb0c30e484fbe7cb8ff96099143882e8d214ab9
57:1724,label,,,bb27bfe5b2eef87e2411f67b993143781d954a20
57:1726,bookmark-empty,,,876e6b5ce2ac7adcdf8778e50490b79f1f3ea3ad
57:1728,bookmark-circle,,,9cc0daddb77018f89f14f393d928ba4fa874d9aa
57:1733,input-search,,,930dc97411c48ea732b1bf645d80f6ea38392e8e
57:1736,area-search,,,7e4e34a32d86c885fafe4ed4ba15687c658d1466
57:1745,star-dashed,,,df91fafed695475728453748e68643d4131a0b9f
57:1756,star-half-dashed,,,0d35cb08d284d20bbffc556e19a776c90678800d
57:1764,zoom-in,,,40d344588ee9bf7008531adc0a389388a36d9e39
57:1768,zoom-out,,,a542752277bc128f74a33a228fa9f3f7f456e858
57:1776,three-stars,,,16c9c74d73936c0384eac810f0f5d9de6e329cce
57:1780,filter-alt,,,6bd5c40f3406e18afb4329659a50f0d33957ca4c
57:1782,pin,,,656c33f5dc5679cf47ab89c55ea77b4e6b2f6d39
57:1786,remove-pin,,,2fd3f08db2966ec09a060e3dfe29ba0dedb3053a
57:1790,binocular,,,d6cd10d898aa55ea33d34904dc51f0c1de130d82
78:1207,download-square,,,039fa0b1c9cd077de72edb14384bdcff9b972c90
78:1211,add-square,,,a7a2b2da12bde2c20f9b8aad4aa22fe713a8efe5
78:1214,minus-square,,,55939b05cda4deb6168c5a26e42d442b7fa8efc2
78:1217,remove-square,,,1610cee00506a627d1b6ef6d6d3b84d9e6bac188
78:1220,redo-circle,,,595e08e53ed195738bef7d92b2a87126ede7dcc9
78:1224,undo-circle,,,e7a3e57e8a835ffcae0bc0c1875f5e67c94b0adb
78:1228,share-ios,,,2440de90dbfb8d2b58a7f324b3f5686854afabcd
78:1231,menu,,,c2efed0d0e55cc90800451a74d5ddf5be094d0c2
78:1235,redo,,,c3322263f6099b1cb639fd07b8423fbe8dd76840
78:1238,undo,,,f894ad935c15db89935e59a646a54b9457c678d3
78:1241,redo-action,,,9b9d12355d19062f1fe6d19ad926d2a67c2a2d26
78:1245,undo-action,,,9429f5b69689e1191eab556b60e4feb95709c07b
78:1250,menu-scale,,,83aae6707b30d811c0c80c6c515f21ff4713a221
78:1254,warning-triangle,,,b67180015da368ab5aa95002b084b8ea2d364d04
78:1258,warning-circle,,,d4b13fcfd6e387bef852a102c2b9647f6d841668
78:1262,double-check,,,1e230ac79ef0bd6b4e97d9dd9592430d2eb32798
78:1280,minus-circle,,,18878d9f64f08f640bc56b6c85cac11a47d86cd7
78:1283,info-empty,,,e8b4aa9570d2105c6879c207b876d6b01dc12b64
78:1287,minus,,,e1c3b84de366e9d7d2af59c7fb645978dd6b7c7c
78:1289,plus,,,63f21bfd43c3b1034a1ac42f6bf664d4f869331b
78:1291,add-circle,,,6de6fd531480e9edb59d4ba1046ebcd9cd0d31bf
78:1297,download-circle,,,798c2047eacbe09f79763380e1a073e6567fe930
78:1301,download,,,0a1de094dea2c349cb14b82ae66aefd08e9a1428
78:1305,share-android,,,ab8910a3bd89c93a1bf800f8664cee9536f8f846
78:1316,eye-empty,,,5b3cd51fc9a723f9fe21719bc4bb868b78e7df75
78:1321,refresh-double,,,06915204ca87a4fbef0f0410bef9f4a8918fa396
78:1326,refresh,,,7cd343b529759343d09dc57c0fbc76800ec70593
78:1329,upload,,,9b953efa9e7d20e89fc3ebb66f775ddb8c00dbc1
78:1332,warning-square,,,a65f1a11ba85c9786c461af706c46b7df2e0c420
78:1336,upload-square,,,de1999f44945d53752da9b9cb27c73f5a848bb60
78:1340,eye-alt,,,8627f722411ad96600ce52282294c3f81c721917
78:1343,line-space,,,4eaa780669da998cdbb641248d2e942291880833
78:1349,wrap-text,,,460ce6eea2f29b3375619e76c33d060ab5e64dab
78:1354,eye-off,,,5f8e3ef7f81b0806899eeb8d4a21ad8c41f2c116
78:1359,question-mark,,,ab9304dca84f419e3749611a6ca5e901e6b4ec7f
78:1362,help-circle,,,5297f1f387ac486f385c8097c534036fbd424edd
78:1366,prohibition,,,cb5460317d2208129f9923fd32c8d84601260e20
78:1368,refresh-circular,,,3b9e9364594d31ce015315ce17c263f86cc08e1e
78:1374,help-square,,,cb6a58795eec5b8d2607b3d0f1ad90e893f5b238
78:1378,save-action-floppy,,,686a17dd930f9aed14e6d4e08e4ec6594ee4e76f
78:1385,load-action-floppy,,,f6ba38f9c58faa5faa38d53629df79bf4f36e28c
78:1391,open-in-window,,,58d97d7ad02f2899eeeeb7a96ab42eaae7acd3fb
78:1394,trash,,,1af9935a83f1fc8aca46575e0e087a7aa002bda0
78:1397,eye-close,,,d7713d8b2665834cb466adfd15f857904b636841
78:1403,open-in-browser,,,48385a48fe436555b0e2836a0524b0e55719884b
78:1408,restart,,,bd0fe4ec5cd12048a615c5f783fe9c1552d4faf0
78:1412,open-new-window,,,a10a1f7f04ce25389f3b23c98ce22f1ce704a325
78:1415,paste-clipboard,,,dd90f77d57248913e7984f41389debaf84aa3df7
78:1418,clipboard-check,,,5bf8cf8bb45d65e4ebd1e1102e42c40abb8387ad
78:1423,erase,,,c9bf497ca5138f0d0d13b964a3df9fd4097737ef
97:1285,percentage-circle,,,c9c60fd6bb80041bd3bdd19338d3dbbc2c34a6db
97:1290,percentage-square,,,4411634363cf7b394d32045ac9109a3fc9c282b5
97:1295,percentage,,,35bc59a647c35e57dc1e4f7a1a057b637f9fd0c3
97:1301,graph-up,,,5fa703f5c47bcaebe0da4bb7c0ba7f2a9d681a7f
97:1304,graph-down,,,970329f3c454e6e67f44c8c60669d52c769996d2
97:1307,stats-up-square,,,1a6bf7afdbc5361ca9caa2d80873966d5a838a73
97:1312,stats-down-square,,,d2d45f034d5afd62d5d7c4c5239a309c494c826e
97:1317,stat-up,,,1c87097879ef78dbe3caeae60bb8cc17d08fb0ee
97:1320,stat-down,,,cd4d3ef8b8665df91ebaacea60a59230b5052be9
97:1323,stats-report,,,6838fce5e7284c6c9a54b8361f0062b87f25a2f4
97:1329,report-columns,,,d1b7973ea8b05c2d8694d6dd0ea84d37bb701fc1
97:1334,reports,,,23380d36ff754aebb439788252266045c1853f7a
101:1965,code,,,36e8ea6c38900cc8dee73324595e114edb235ab1
101:1969,unity,,,98350c1bfba44210f08fb3f9d157e7c64a134c30
101:1976,unity-5,,,8c992dd0f4ed8ca7a7355bc2265fece9c88127d4
101:1979,creative-commons,,,d15774c9a441d807a08d9bfac48babf6eda210d2
101:1983,css3,,,aab004028bd3f0ef99c08ca6783861aba41c171d
101:1988,html5,,,231ebadc11a2f93379dec12a2ff5b6a57bc7af34
101:1991,trello,,,d3da735135ae91110df8a9a4e74559c22509ac65
101:1995,asana,,,308b1f799be72c8066502d8fa83a8d497a719f11
101:1999,iconoir,,,30caaa975e7ba3ea7da92069244e2877c0317105
101:2002,electronics-chip,,,3a5465cc83735ec4b01cdb63a9bf6c553a4835f9
101:2014,electronics-transistor,,,001e69b79adfd7277fc96b5db5e2f8e429a0295f
101:2016,codepen,,,b7d0a3e9988549d156d09032639af3c9d2bd2ac8
101:2024,apple-swift,,,adc963e1a5d8f4fd978a624d061e5a1b80eefe72
101:2026,code-brackets,,,4ff290877a907636fd055c7952a0ec9c246fab98
101:2029,code-brackets-square,,,f8399ef4974ebbf1d739c937ec934b29d6b5afd6
101:2033,kanban-board,,,c4f9aabe28a264791c3ea31ca78762e72d1fd166
101:2039,puzzle,,,5352ee8ae16122b63394e7bb31977ace06befc4f
101:2048,npm,,,ae9f36b06c42110fa4e3af900fe3f3c667f62bba
101:2056,npm-square,,,122fbd064e301f4db8bcae8bbdfa9da76cc22bff
101:2060,slash,,,e99616fbaaeb8b2057d488d191dc1c5a6f64015d
101:2062,vue-js,,,18c9677a1380d3e7ced5f61adaac13fec4359e55
101:2065,dev-mode-phone,,,c5d7789df21b04b044b1faa176ed9cbc23f820e7
101:2071,dev-mode-laptop,,,c9a37d8acba983559c34cf2ace585724cdd1229d
101:2076,developer,,,4b5ec1cb40327a893a66375d1336ae83d974feec
107:1534,user,,,d5bad3ccd57d4a076d73817dd7d7964ee3cbfe53
107:1537,add-user,,,93db5ab8991fab7fa3b27a4de79e466be8d33a19
107:1541,remove-user,,,a61a57ac51f6b3f098c2f3afa03e9bf2180bfb55
107:1545,user-square,,,488ace34d8ad7c25cec9c60dc7caae7e61020a7b
107:1549,user-circle,,,f67a918d81addc97a8112e292e593d350d9db683
107:1553,profile-circle,,,75b9e93261ddc40fcdffcf58aced1dc0ed87ce29
107:1557,group,,,9a286ae8d34dc7cc11cb3836dcafc27ba4c2ad8f
107:1562,people-tag,,,316779d30caac05e8393a3b80a13db67e376b316
107:1567,verified-user,,,61f4a192a54ba20a79b519386f7bc15effd685c2
107:1572,community,,,5e3a5181fb3ffea764d0707b67366709c19d223f
107:1579,user-love,,,5f1e25b8151a9fc4addeb26616fa4e490cc300ad
107:1583,user-star,,,8c4ddf18df19e24895d35165e2f1b584ba041441
107:1588,user-crown,,,bff93553c11b4e3839d3eed04a817b53b6f99c44
107:1592,learning,,,ca10ce5d2a883cd691219a48ae9e1accae22821b
107:1623,emoji-look-right,,,84f4022a8152a85d3db3d8a4ee8a9b4cae1bae3e
107:1626,emoji-sing-right,,,ec74dbc3b8bf1cb42d2270608b9dde72723de198
107:1633,emoji-look-left,,,c37c1f581842d9de97f23a545c5109ccb81325a5
107:1636,emoji-sing-left,,,1c13732c2173fe28bca75d9ab8f8001d99b0df14
107:1641,emoji-look-up,,,704f339361c99c52468f2750edbb47f2d2ace817
107:1645,emoji-sing-right-note,,,16ae76d7f0b4242f9c215c7f066ecf74e86f8e13
107:1651,emoji-sad,,,0440c2ed743f9634baaec7c68df7afacac3d8113
107:1656,emoji-sing-left-note,,,c74b78e874237eac65fdc4d9d2455bb2a22c66e9
107:1662,emoji-quite,,,dea2b01c924cfef7edd2a1375496f11ea9711b60
107:1666,emoji-blink-left,,,95787fcb53bd579ac8513e9f962d9450c93c2ad6
107:1670,emoji-think-right,,,d69f9e8a592b769a5b2428838476f62679650582
107:1674,emoji-satisfied,,,ffc6f5a9f1cd2339f879c9340e816d9f30e187cc
107:1678,emoji-think-left,,,e27c56c6283dafd20aad1ca3d84754bdfc0476a0
107:1682,emoji-blink-right,,,8b273e8bd7323a07bf068a7e0426fb25263db612
107:1686,emoji-really,,,537a9eb93ee69bb7e24ad135f6fca7b4004361ba
107:1688,emoji-look-down,,,cb311d0c65e3989a2880935816b1ae9398599f73
107:1692,emoji-ball,,,d879bd7d2668e5f8a5e364421f1e405afefcb6e2
107:1694,emoji-talking-happy,,,92d4eedc8a8abf1f36193a2a2cdca61b5e59499b
107:1696,emoji-surprise,,,79a5ccc8c6bdfd830e22333cd3614b08479594e1
107:1701,emoji-talking-angry,,,15da15e21cd89810d97d8a2035510836ba0a77e3
107:1703,emoji-surprise-alt,,,ea509dd3886be5a3e311f410e959d22be8132691
107:1708,emoji,,,cd9868ed2b62b534a3663fe4c0a5a5eaa96c242d
107:1713,emoji-puzzled,,,68a72729102fbebacfc3c131e72bb31a2bd1acf0
130:1587,basketball,,,0de6106cea7e90f9969d1720a7ba438644de0b05
130:1593,basketball-alt,,,016f70e77b3b71ebce9b7c58fdea58b2a5e2e794
130:1599,no-smoking,,,e97a446f39127902919a241989e9bd0ce21e3202
130:1606,smoking,,,a00ab6a99543a6b7a7f0befb4834c07373ee8583
130:1612,tennis-ball,,,b7716c006d48f5c4e213e284de68ffa9dddb150b
130:1616,tennis-ball-alt,,,ea37f4e180b83ae3999e0b62eaf1f95478aef75b
130:1620,cinema-old,,,b0211c555364685d2637c17c86388ac1737a4a9e
130:1626,gym,,,2f43d9cbc5194ce238b7b19de9e685e8c1a55536
130:1632,movie,,,0d83fe83b1e79755c91486e81ea87d4f88c838f3
130:1640,soccer-ball,,,764dd8350b386676f7604fd988e5d350b40ac718
130:1642,sea-waves,,,0e84a5fb7a0c3bcca6e6cd6baaba2ab76e3a490d
130:1645,hourglass,,,ca44312b7cb69e3f383000730ac4cbed0fc61d37
130:1650,swimming,,,5192dd8fd29c58a3d62772b93f5258ffe796adcb
130:1655,sea-and-sun,,,16519e421a1d5f6b736a0791ed405133fef579eb
130:1659,football,,,60662dff98eed065e5c9a9026f47fd5f0027e61f
130:1663,football-ball,,,66c7bc7a8457830fbbf3e5e2cd6de3c6faf76807
130:1665,arrow-archery,,,886da1c3247b77775728a5cf6bf85c857844e62a
130:1667,rings,,,76273bbb24708562a043b2c805f131c77d6ab6cd
130:1670,golf,,,fa1e45a0d8c355200cd7cd0a31e21845f2e5eea9
130:1673,palette,,,327a68fb29856c3accb84229df44d41f67978844
130:1680,flower,,,b51f9464804369f9d80b2ef896e92e0fa40233f9
130:1691,walking,,,83bd52c779b6625000bd20552a510ddcfadbc72b
130:1696,cycling,,,a4447240c7ee86b363d932e67325112cb215c62f
130:1701,archery,,,572d6d9e86dffb21e50a5087bf285f0a302f8320
130:1705,running,,,c9821bdfa7d9681ec0579ae72db475518c84c7c6
130:1710,waist,,,a6234d713b3407cd25317efd9287531258d60cd9
130:1715,bowling-ball,,,f28ab3b88175d5b69e562adfbd0cd2106ecf8643
130:1720,Fishing,,,3def22dbcc8e2b761c8ab01701b672c008c05a3b
130:1722,skateboarding,,,ece6b6ebf932c23e31c4916858fb8902ea6afcfb
130:1730,trekking,,,ac74023046aef9df84e469e93d4de7510f4d2788
130:1736,leaderboard,,,b1ad31c4093bd02f289ab715f610755f1abe1dc0
130:1741,leaderboard-star,,,5cdf51b51521ebd8978e04fa49106375998bdb93
130:1746,1st-medal,,,934e3095ca1c2a5d8a863cfbf92e0b803c993549
130:1749,medal,,,e521deaca77c227821feb52479d78f8c9bb71ab7
130:1751,trophy,,,27d4db017a4b561bde29fa7b6e8cd5cc9ba8ad8e
130:1756,skateboard,,,942770465fcc276bc8569a0eb543f7e0e09c4682
130:1761,basketball-field,,,8c72f2486b1013d4b026f0fb6d0c537ad98dffb9
130:1766,treadmill,,,358a940ce691d417c6ff5fd0fbb84e405b82b1e6
130:1774,stretching,,,9d22de859a853bbedc5f76f02fda6c5c75391595
130:1778,boxing-glove,,,f77f06484eaafd49e774922fe6f2231c4bf067cd
130:1782,yoga,,,9167ef804e7a83b8164883cb2dbc709fc35eff59
130:1787,book,,,27bd6956d6549b0008d1a931e4ee6ee4c3191114
130:1793,math-book,,,f057c474077ca052a7201ddb5a86c6fe9f110d45
130:1801,bookmark-book,,,787dc75d618da50b3b7c35936de9b5f08cffd610
130:1807,favourite-book,,,3a52de3922c76e34bcaf80e2fbc32435266399e7
130:1813,locked-book,,,38fa9fbd240501cc69a8b567fd5640269036a473
130:1819,book-stack,,,d07b1d01546d813dbf06e50e4490d9cbc8d673da
130:1827,fire-flame,,,214f6c0db8b9f2b805b5317451e0d8233d397a43
130:1831,bonfire,,,f5797afad342cfccf4673267731283a82986a30f
130:1837,open-book,,,7617803a31c19eb82d609dd09b1a489bd662fffa
130:1844,no-smoking-circle,,,ae2b7d6b64138cb05bea3e47c38f7e3a907b406f
130:1853,birthday-cake,,,b9ac0e21edd053215abee344a0c33605cabfa2ad
130:3186,frame-alt,,,540934113122439c79ed46a54eb526d07f0bff72
130:3192,center-align,,,f81706f38e5511448672b85a7d4d73f9dbbb8a16
130:3210,position-align,,,752c283cd06aab3f5674ffb05fe91a7abf4ffa9f
130:3228,align-left-box,,,5abadab9c9f23ba8a9813c4a6e25f0a1bd3c6c21
130:3237,align-right-box,,,5906daff2efbba444011c830de51e6e905808e2d
130:3246,align-bottom-box,,,d0249df02008f1003bdbc407e65aa5255c2229b3
130:3255,align-top-box,,,281396fae52e722964d2fea50efcc5a7fedf73db
130:3264,border-tl,,,35914dd295de3f4b999facc77531c3fc64634314
130:3273,union-horiz-alt,,,c4ab149168dd8bfbbb7b4384c72570a67bd8722a
130:3276,union-alt,,,9dc542da30042cc871364cccbdd8ebf7d98e03c1
130:3279,union,,,641e8a76353352835bed04879b3039ac37d9b7e5
130:3282,combine,,,bf1fd6a4f7656ae2714f0bea27ebcfcd65c58ccd
130:3286,crop-rotate-tr,,,c085bb5cbc89ad4404b9a70a887468bc95373601
130:3293,crop-rotate-bl,,,374aa321a982d096332d93ac95495db458c2ad24
130:3300,crop-rotate-tl,,,e8ac3e810c67db2be582fbdf3f686d558499d4f3
130:3307,crop-rotate-br,,,346b8474d4f6270ed559e15c48cf0814e9ab4bfd
130:3314,lens,,,2770990b8a8062fc454822835775a87b7bfa9876
130:3318,add-lens,,,cecd89f31fc886d08bd7a3224a722337b90be341
130:3323,frame-alt-empty,,,707974cc392d6218157b9a42e46834362f38b196
130:3328,border-bl,,,8b35b850afcd031d77957f88d91100f7c606b6e0
130:3337,border-br,,,1c718a8d39dc759e42a07875758c77557341b663
130:3346,border-tr,,,e41b5397eba438f5269c0db9fc842b1097613ae5
130:3355,border-inner,,,d8e0bb4c5092119ecb8cc96a840c8c469f9510b0
130:3369,border-bottom,,,d1f4c6b02235960354854e51ed4cccba3c83539e
130:3384,border-top,,,9d98644e0bee1b5f42955a45c4307232df7e0935
130:3399,border-right,,,3f9c75b1b5a9d7354370f45901eeeaafea60eb16
130:3413,border-left,,,704f22ba4b474ae84bfe79125ec207298b2924c6
130:3427,horiz-distribution-left,,,0251740a446c05247247288ae31683525c7350fb
130:3430,horiz-distribution-right,,,fbbbcafdb3262c8a6323cf2e093641f14c2dee82
130:3433,ruler-add,,,414e1757f9895335017be60603cba2d0a18b4e0c
130:3436,ruler-remove,,,63c92f9be867be49c700ebb9adbf5ce4d377494f
130:3439,move-ruler,,,03602de31647302d347817c2ccff756e065c5ee0
130:3445,ruler,,,a0338c847179d4dc1832a6ee32c2001a52022597
130:3447,ruler-combine,,,2c7899a31ea7764ce0708c3c4a272d928ca0c48e
130:3453,color-picker-empty,,,3f5c3f8bd5044381360358770d4227a6a6aafcb2
130:3456,droplet,,,3eddf5a8e6c263e75cb76430f6d9ae645e8489f4
130:3459,color-picker,,,b919de8b1c28439c22846c00b7194cce6f776007
130:3462,frame-tool,,,5f8c029ca757d0663c6d980c19916617d0f8db00
130:3464,cut-alt,,,bd53fc8a71f4e221e3368e5f16c8e2871cc8c753
130:3469,cut,,,859be24e62258d168c90ad42ad6fea6b60844bae
130:3474,collage-frame,,,41ede6e20399deeb916b1666dc64aa75b62d8a1c
130:3478,color-filter,,,349a74dcb7f5bb9a490065e11bae0939e9d7b678
130:3482,border-out,,,e739ed8a979f12b61fd5e9295efb40d79e65fb79
130:3489,intersect,,,5717a45973c2bf38c03dfe75ae4a09a733ff79e5
130:3500,exclude,,,0712ec92c6d389b66aff9dd3717d04c98598a1db
130:3505,substract,,,6c685d4f7bd14c151ba5daa3b0d9a4d4caf2addf
130:3513,precision-tool,,,9f2a6617d5dc8ea6bd4d599545d81361dda47279
130:3519,droplet-half,,,f28db6672c98b0f38035599e0302948894831259
130:3523,mask-square,,,fb8d623abdb10f5b1813fc2f379a974dba1afd43
130:3526,intersect-alt,,,2bf59214fd4aa45f94be3562f659619bbcf9d527
130:3543,flip,,,bdc28b1be2a130eed54e583e82580a228002024b
130:3550,flip-reverse,,,837c94c2dc5b92233fce0b823a4b14ead470e666
130:3557,copy,,,67776cab79218e9f4cf748aeacde436e1ed2f5c2
130:3560,crop,,,ecbc5648c3539954bd572a3287e0b07c48ebdc41
130:3563,selective-tool,,,96bfbc77f492057c77ed9d0dbab2c1a1842a0190
130:3566,figma,,,aecabe0146e4dc02a73bf6738cd38cb4ea95aca4
130:3572,design-pencil,,,9bdfaeea08a6d3e89ff1cdaa59586834181522bb
130:3576,frame-simple,,,2a48cd9cc4f68e59569b15dbd54287f9294b8687
130:3585,frame,,,f1d4d677674ffd0f32030a698d899b3fdc6c15c2
130:3602,frame-select,,,f21a77ac076dc6d411eb1d4458b8549806dc249e
130:3614,fill-color,,,2098f4644a3500f6d3c3ece639b9b5bf775a6564
130:3618,color-wheel,,,def17fdb2a391ba90ac06b864fc385d171c4c4b0
130:3629,magic-wand,,,3cd025da31b3ac86dbed5ee44afec06e605ca800
130:3633,adobe-lightroom,,,e69794b2f0eaeed41bc4451117418cdb7cc46e42
130:3637,adobe-xd,,,61cadf39e94ff877bfe8b1361dc2900e7a286a55
130:3641,add-frame,,,31d206f89c4365dd6f9222a9a1debf1b9eee9116
130:3651,remove-frame,,,a40852530ba8be9294112a774db958f4bd652aee
130:3661,style-border,,,359a3200372b129741156121af25725787c02875
130:3664,scale-frame-enlarge,,,9d86bb19d3dce1b723c073735fdc13c471308e88
130:3674,scale-frame-reduce,,,167936d9fa706c6a8572991d267a8b5053548194
130:3680,axes,,,d1b995f50dabcf6c0e8bc8201c09360a3d494574
130:3685,design-nib,,,08a0780bf1ff442c62c4c6e1b5b46a0bfc7dc759
130:3691,adobe-indesign,,,bf874de1b6d172d8343e0c33a96c2589306cf72a
130:3695,adobe-photoshop,,,4571c807917972ee579290207bf460eb79b80ab2
130:3699,adobe-illustrator,,,e215ec12f5c0b6698db7d367801a966c3fdb9aa6
130:3704,adobe-after-effects,,,2494d6d62aeb2dc73707dce66579077c456f0fe5
130:1865,3d-rect-three-pts,,,1132a3e6ead08c22b55ff9958377de3a9b686d89
130:1875,3d-select-point,,,3fc2a6b9a193120fa561c39a3c48292421db19d5
130:1878,3d-select-edge,,,e894d9684928e2b063f22bba1a5e5d16a8dd17c1
130:1882,3d-select-face,,,f5f9da65a68db8e2968b1b93d8fadca6c89daba4
130:1887,3d-select-solid,,,e31d1e7a832f5a830daa9d62a72b3f6cb9b27082
130:1891,xray-view,,,2632239c592f9611c4e8eb7a2582b7474a2b1846
130:1896,orthogonal-view,,,f1fcc4555a5cd9ed5c5196889188949005291f14
130:1904,perspective-view,,,a69d831e270c49f7c64f97bfdb17533823cb97c9
130:1912,one-point-circle,,,9170830c86202d5e62db11b95d92ab2742eb98b1
130:1917,two-points-circle,,,79ff6cd81518c56aa6dc8ca339bf711d5f68a54f
130:1926,three-points-circle,,,1107c92489c477e42d80a7bce8dc51fc1f3e0f4b
130:1935,cylinder,,,45c21cfa74404adc525cb027ef66797795df94c7
130:1941,3d-pt-box,,,32ba9135fde4e14a8819f37daf759c60a169e23e
130:1946,3d-arc-center-pt,,,3a313e4d878ee2ba86ffe7f37f232bd1656b088d
130:1951,3d-ellipse,,,3dfe54985788974177a34dc209f37c7371bb4843
130:1955,3d-ellipse-three-pts,,,cb009b980c780d86018364c41a4327c27a4f7231
130:1963,3d-add-hole,,,300a624dff91548967512350663620c990cb69ce
130:1968,sigma-function,,,823d64c611f2dd6abd7604587541c83d0c67bc8c
130:1972,3d-bridge,,,13475ad1c53d640db353a7e2e5754890ec7a0d7e
130:1978,sphere,,,790df80b524775d14da70e16a38063005be80004
130:1981,3d-center-box,,,032c5a3f9accf5d22e8ad2b87bd284b8a5be8c27
130:1988,3d-rect-corner-to-corner,,,2fdf7a48825e7febfa06e9322c226b3828ec55b1
130:1992,3d-rect-from-center,,,613e8e5af88c8385f7fe4fa3edf3e8a4aa82c582
130:1995,3d-three-pts-box,,,9b9232497bcd61075122a3cbe9ec40e02a32cb72
130:2003,spiral,,,cfea41739c04484c14416ddadfb344916413dbb8
130:2011,3d-arc,,,f558985dd536844310474a87153f47abe15f5c17
130:2245,transition-right,,,1bf7da01171f2368b300e1504c1523a8e4261f2e
130:2249,transition-left,,,22bf40d6143fd068f2b3e79733212e3467a05324
130:2253,transition-up,,,48704a8716c4a24112f449ef502588afc0e92971
130:2257,transition-down,,,ba740e39eefcffa1ad3388de13f1bbfc2851740e
130:2261,bounce-right,,,9bbda3a95bf39a363b7171274506cd9b9a1a6f35
130:2264,bounce-left,,,c764d99636fa153272b002540b86f6ce3b01fc29
130:2267,move-right,,,e80ca56c12caa47459351e42440e9e1bc0447061
130:2270,move-left,,,96dd4eefe275908b4c32587ccb5d03b09a47d07f
130:2273,move-up,,,cdee8bb96c2487daa1be6b4a52f66cfd0f258629
130:2276,move-down,,,5e38ca23154b8b33646f9c9560e5f6b2d990c708
130:2279,add-keyframe,,,32856ffcff2c767c3530c696e82954906c9ac7b3
130:2282,keyframe,,,725f96d9b3986f68624d6c9b9d1980f06c477c82
130:2285,keyframes,,,088529e40cc83765881afe226083694cb8cc8c4c
130:2289,add-keyframes,,,168918c6ddb32e7eaccf2f39c51dc4ef1a6cd652
130:2294,remove-keyframes,,,c5d165a48d5f5ac0a1a9ebe792a78371ddff2eef
130:2299,keyframes-couple,,,b88453e8b835b6e00a22d43c71d657967a9d4b58
130:2302,ease-curve-control-points,,,c374ed1e09b7aa7cfe6755c61ac07e40ca4212f0
130:2308,remove-keyframe-alt,,,4806e8868e95e01a06e59d829509780080cb92e4
130:2311,add-keyframe,,,2910b46f5ed5acb8a3a7e3f411163c0a3a987397
130:2314,remove-keyframe,,,6bcee663cb2e7879cbb19e4fa140df25aa69b87f
130:2317,keyframe-position,,,c1eb3d41dc9fdb0bd4c3236a2e02f3f96c929496
130:2320,keyframe-align-center,,,29fc11bcf674b6517c5b5b2ceb4632b7211e9465
130:2326,keyframe-align-horizontal,,,d28b528cea704e09777b663002e29700326df3e6
130:2330,keyframe-align-vertical,,,356d4d6290148055475cdc84e03e4de19c0f650c
130:2335,ease-in-out,,,6882e9b2ce38def6021053e5ec184e032787a87b
130:2337,linear,,,ee132c3beb84d08b79e22c44f765ab360b243c99
130:2339,ease-in,,,e1b2af22c8397a06940b2e826a41aa945c70d69d
130:2341,ease-out,,,ece2cf3cf62a9cbb1815dd68402506952d209d28
130:2343,ease-in-control-point,,,571050bf221576753cb6a0856e0b7a70d6c0c05a
130:2347,ease-out-control-point,,,4a1b2a6c55b314ea1e2e4339a63247e79cbfc56f
130:2351,add-keyframe-alt,,,9dbb318d645c038d2a5facdd5560569fc1c1d25b
130:2358,mic,,,61d0f8b1522b86b9288dabe11ee55c16c790cd06
130:2362,mic-mute,,,76d84b4fb6bbe389d24a0ebe2c1bd7ac59e17218
130:2367,mic-speaking,,,1d1fe1d5594bcf14a517e88c062fe44b44dba702
130:2372,mic-add,,,10f754bb1b8c8cf873342c01749bd34d31ce8fe0
130:2377,mic-remove,,,ff6386c5cd954ccf670433101f3758fced0a19be
130:2382,mic-check,,,aece88950cfd067573e85faf1051775ba297468a
130:2387,mic-warning,,,07a7ed7fc0bc98cc49a2961e159b92fef2adf522
130:2393,sound-min,,,9a8fc40745328da95761d52f1de6788703318fa1
130:2396,sound-off,,,93784f6ad714f58865fcc520e2b64c4e05f5a1ba
130:2399,sound-high,,,ff302629e38c9b921994033bc3e0c32762d25265
130:2403,sound-low,,,440c19d8c1d892f68c0a843e7d0e9bf63871cae5
130:2410,fish,,,b509cd0c3a89f8aacd61c9000e3ced2bfa918085
130:2414,jellyfish,,,0bb00f6f5eaa2f08a813b066874f877e13392f71
130:2419,wolf,,,2e01e37af10a6b54c3ad751f0d9773c5dce47f2c
130:2428,hospital,,,3a81d217e4ab257d7c01bdcde2aff3137f26735d
130:2437,church,,,7bdd6047f2af06f104e3c0111b234adb92003342
130:2444,church-alt,,,6e3b63dcc7427937645dfe4d252de43355a585d1
130:2450,shop,,,ca8cdce83aac40a8883f38318dba06d9351ec2f8
130:2456,shop-alt,,,81560517853bd262956a19920b0b7fcdb160083c
130:2463,small-shop,,,02dcfd25490a7b6268779b9631102b2185a29dd2
130:2468,small-shop-alt,,,4b968634b297990d3b34b219288495bbe0315c69
130:2474,building,,,5711bff91658d0859a202cf88c7a2b1e2e2a8e90
130:2482,city,,,f0262bce99b439f69413f5c45249e103d6bfd7ca
130:2490,industry,,,9754e329b9fed395396f560f0e2907633e39d76d
130:2494,farm,,,0b3184a8f48cd70ec4cd58a564ac713a9f72c076
130:2499,oil-industry,,,769b26585282f9ac5e29f7912ab3b0f19aaae37d
130:2505,garage,,,00ad625e160ac4a8985fa2e46644f72ea6e68910
130:2507,tunnel,,,94b493999d8e41a4fadf0c9ebbe13cfe3d38ea05
130:2513,elevator,,,74f1fc2e1d502b7f64f36d42a372534bf354910e
130:2518,planimetry,,,2df072513f52fc06e9ca40e5fa522acf9e49f383
130:2527,house-rooms,,,2a580e335a5bc45afba25c15e3f6e2da050bac21
130:2535,neighbourhood,,,c9d1296101c090c2ad302122455206cdecf28316
130:2541,balcony,,,982e4f70eae3ff2fa45e7abba4cd0d5935b5e171
130:2550,bathroom,,,cd913de31713f02bf8f616de6c3509fb8f275445
130:2556,cellar,,,ef5f87f969a92714fc66edc4177e62367e98f110
130:2565,agile,,,49e32da1936bf3c959f7e7d34ed05e9ce031f6d7
130:2570,high-priority,,,b0181b109882526e57d05ab8d51dc23b1a8020c9
130:2574,priority-up,,,be33b86cabac55cda5856d362586b3d0513fbfce
130:2577,priority-down,,,3a5ead1d95215ca4ee8fa27e8c283492f21f94f3
130:2580,presentation,,,f32ab4f138fc75a86842ea07e2169071f1de5a97
130:2587,strategy,,,e6d6a6f44d0b730eb2558e79fb03fa72508957c1
130:2592,okrs,,,9e5bd9550839090e14b382e816d8211a593b1fad
130:2599,medium-priority,,,53b6a4219117b42b44f94ece13411b0776f12f74
130:2607,short-pants,,,c2d014b92c1564901567889c9eb60590318b49d2
130:2611,pants-alt,,,4a9184b99fecadc6a3548b91dbfe577e3d3a3be7
130:2613,short-pants-alt,,,f52c2f0ad8d706ea6af5a5ea8e4e05f090fd1d4d
130:2615,pants,,,878f022137e676928805a672ac8633d9a79bb2bc
130:2619,bag,,,02d1b5af3f4ea9f3bbde9fa8443b4e24546ecb6a
130:2622,glasses,,,108edef78a92cb9617ddfac828964b26f1fc4c59
130:2626,large-suitcase,,,a8c3fa58b0c41f090a401bf79657e3eacffa568a
130:2628,handbag,,,669fede89c6cd1ad415540182bfc598af89a0a85
130:2630,umbrella-full,,,bda23ccb50a6cfa5930be68682e5d0cd1dfcf323
130:2633,sandals,,,6ae88eced04e71c940fe6561446509504fdb592a
130:2636,her-slips,,,cd717cfed655b2832485f8a159fc330c56c9f2d1
130:2638,scarf,,,6df285cf935047fd5623dc0f3cee91f17991d4a3
130:2644,beach-bag,,,ad0ee127150d57872710439633b2a2d6dbfd8554
130:2647,beach-bag-big,,,8f8d849c04be1f3fb654c51da115fa0ca165f5ab
130:2649,hat,,,3021db7aad32a5b558847baafe136fbfc72ddfc1
130:2652,women-t-shirt,,,4f4ec3e1e3259df4c253153c67ba1a23bc281cc7
130:2656,t-shirt,,,ca5f7a564a1c574d123a9b284880e6acbc3897b5
130:2664,cloud-upload,,,8cef52990dd0874e22c02750f47637b0541f6e95
130:2667,cloud-download,,,2665586197dca1a051ece443fea1e81d2f74683a
130:2670,cloud-error,,,5e7298f9efde055f3670fcace5e99042d072706e
130:2673,cloud-sync,,,4095d8dacc99058cd96bde418d38ac7640a0b955
130:2679,cloud-desync,,,00f77519c5975e7cb456a64ac3dd901a7ef4536e
130:2685,cloud-book-alt,,,2ca24513eeacb51cc28259cfa615955fd9721dc3
130:2688,cloud-check,,,d57c57cd50c033929c5ccbd2a6499d2cb9a5f644
130:2691,google-drive,,,9ba442e03e625947718176162288ac9def9dbb0e
130:2693,google-drive-sync,,,e533cdaa7f9f3531b6071e2d2448e3c62cf4bd47
130:2699,google-drive-check,,,a4f0ab87fb14674f40521fac4993d7c94e4ac8d6
130:2702,google-drive-warning,,,cc4b63415dfe6e86370b5585777dcc911d90e338
130:2706,google-one,,,1a9085c33335cc60bf7b904437f1828e0ce8c71a
130:2710,settings-cloud,,,5a86e452aaaca97c4de554b897b3f9670c15c154
130:2717,bubble-star,,,8c21229a9fb6fff7db67b3144fcd43a3585a3f63
130:2720,chat-bubble,,,ea73df2675c6c750353336645664e1c5e19f7aec
130:2725,bubble-outcome,,,46d974393eefda81e56c50dd6ec02f8907fd98dd
130:2728,bubble-income,,,5ab1f8846d4c810ce2960d910d93a9e0c0859465
130:2731,bubble-download,,,4ad0b4f2dee4f15c4d0906b48c2106884785e6a2
130:2734,bubble-upload,,,8bf764837e923bea189a000a11a184a65cff7e0f
130:2737,bubble-search,,,4d2436ea4f97d4cd79d364343a5dc7bab13638d0
130:2741,chat-add,,,73e573f5626ce89d2248d6876ebc294c2de1a88a
130:2744,chat-remove,,,3492a3e241ca0b9d4ec2ea2117c5bc38ad98b9e7
130:2747,bubble-error,,,aeb8111d3f23b9be0af3a2766b282899defee9a5
130:2750,bubble-warning,,,d18621e1db217e7fa3a64e9116e2043e7964db18
130:2754,chat-lines,,,a97f163e6954527287c3c1a891f6336ea0bef3e4
130:2759,chat-bubble-error,,,42a1bb6a435b4f6790f2743082ec338316f17171
130:2762,chat-bubble-question,,,1c2af95c74d667eec46cc1b409fc8afb27d50641
130:2766,chat-bubble-check,,,a79f89da8842fda93afec57975d28863f02bed70
130:2769,chat-bubble-warning,,,e503ea61057e9d5adce050ff03fea03c47e5edb4
130:2773,phone-outcome,,,dda68441f1f158e4f64532c9b442c1f35d4e1bd6
130:2776,phone-income,,,e31ed88219fae5c53e2cf8fc505fb0d0a6ba4b5d
130:2779,phone-add,,,8983cb632530d9e414b48cc8f68e891774b2e06f
130:2782,phone-remove,,,b2c190dae447d7226bbcd07510f3c948071bc4d5
130:2785,phone-delete,,,2c749692d4f289e4638b40980bf62b9784baba8c
130:2788,phone-paused,,,bbfea9e41f53c5cd4d97897a3dcd580a66a2f5ac
130:2794,chat-bubble-check,,,af778813b7b574aeaaef93b660c398756a603327
130:2798,chat-bubble-translate,,,b3913b2ad9045e836d3e990a2b01fe5373909a21
130:2801,chat-bubble-empty,,,35a1f0d7053c99a4d15e189736b6473b22862ec2
130:2803,phone-disabled,,,0f32444cde4aae3ac51efcbab054aee9195522c3
130:2806,message-text,,,b122d1a99aec3f6da4bd70561328fb59254537a0
130:2810,message-alert,,,3b15f619c5154fffcc04f3cbe3d73b9772cdc2b0
130:2814,message,,,9c3227a253a89912f11c2957fdbe0b2747a064f8
130:2819,mail,,,027d981ab992ce068af64a82c75f38558f952e18
130:2822,bell,,,ced9e00d384b6d499cfa70d070b9594ec3f248be
130:2825,bell-off,,,b970ff40d23c8e50e1a50a2f102d6cb62a71bd86
130:2830,multi-bubble,,,ebbdecc8db12d56af44579aea6ac89ea40d1de78
130:2833,headset-help,,,fd42d80e3a75d8543ee58427455f18bd369f3336
130:2840,bell-notification,,,d47357eae244eddb5cd8df1db850f72ac2adcab6
130:2844,app-notification,,,3af68639d07f1883374b7f7375c6b6fa67b30be4
130:2847,facetime,,,4983e9f75a5b0c4d1299a90cf12d57c977a0c1fb
130:2851,quote-message,,,689bcbdee1f3e11318b80e766af13cee361065f2
130:2855,quote,,,924ed40fcd8dfabb40ed8159028c47f1a523726e
130:2858,www,,,64f46374ca6a2e7dd2134fc011d5f24a62c210e9
130:2868,globe,,,a8ccd58c9856a6e91d9bcf7eed6ce1875f07c42e
130:2874,internet,,,9f0a5562faf88af7a502ac0f16aef8951a4beaf7
130:2881,podcast,,,98784c3e4216451836ef455933408fc8ff041f44
130:2887,arrow-email-forward,,,b1d1c93e10b43b92ac84dd843f607127fbeaa658
130:2889,reply-to-message,,,592770c770857313d6d47664efa19fed2e08a020
130:2893,forward-message,,,9a3d61989def3beaa452d7cde03c534c5a280ce4
130:2898,mail-in,,,0e4738f763fe39ce7d8a080eee3bbdf2fe386ee5
130:2902,mail-out,,,789bb439f3be3842efe42db6567dba3054099c98
130:2906,send-mail,,,1b4aa27572f738c56f29aa1d08c0fbb74ce42a9c
130:2911,send,,,9fa00c8feeedf5bacde7f580858392ff4bae33c6
130:2914,send-diagonal,,,d331e04dc251785bc6e4ecb23944bd16c390564e
130:2917,reply,,,975adf9702533e08772183da4c9a3942d7136b7c
130:2919,at-sign,,,0cfb6e6484503bd4471b784fed605b9fce1e88d8
130:2923,at-sign-circle,,,3a8f5180d25e9081eaa9a0d8d37afbb7460dca34
130:2928,time-zone,,,d782645bf76a341b7982cbbd52f6421d0eee9eb2
130:2940,wifi,,,5b8776c45fa2c9f0591f49dbb2af2bf85db590bb
130:2945,wifi-off,,,29f9766fa3f9152863c1836cfd2ad3c4f269ffca
130:2951,network,,,3c25df1e0cfca13f1767c523b0cc6da9d7e8287d
130:2957,network-alt,,,f71f25bb710ae18392bc457cd99288739d3c2863
130:2963,network-right,,,135f0b76fc8e733bc5aa260e6b3564743b77d460
130:2969,network-left,,,760f6db9285afbc8665ca5f8b4b7923152ec6aa1
130:2975,data-transfer-both,,,0fae1316e611588ff87abf92a860ae17d953f055
130:2978,data-transfer-up,,,1b11db82f3884035c2d7d01502ab50adff3019b5
130:2983,data-transfer-down,,,ad4ed4b7e2787b11ae359a39b0b0cd50dfe32fea
130:2988,data-transfer-warning,,,b6084ee12a539f6a6653fa63d520c8ec829ac1ca
130:2995,data-transfer-check,,,6b8f291051dfcdd55019df6c885a12c6f45d52bb
130:2999,antenna,,,190c4e4ce1a9e0c0cc7c3b881f2c4ce52852a6e2
130:3005,antenna-off,,,ea695ce084ec315ac1959902f251ebe895ff71d0
130:3010,bluetooth,,,ab211b576f0641ad328cda2e68a58841ec30d594
130:3012,wifi-signal-none,,,19bf8e256601bcd52997e18d3bada382a0856661
130:3014,wifi-issue,,,fe40cd1d61b103f4fbc97c007d1a2bec0134b698
130:3018,airplay,,,78a709c03f88db3554f155846abe95bc4fcd30b4
130:3021,server-connection,,,105d9be85615a041f21ef1ee94033f4748287801
130:3025,antenna-signal,,,7ba90a3879b9ea375e15c4c5105c1bab5483d009
130:3031,server,,,c0420b8488c2ed37dc9ad9822a7021a525c795fb
130:3036,usb,,,e644075b4780c3eebdd345d12ad5d8b64542da27
130:3044,plug-type-a,,,e0b31d8c350a170a5fd286a65d483af09da53b32
130:3048,plug-type-g,,,8d8fed01298598dab69212a2c84056329248eb44
130:3053,plug-type-c,,,963bda20609c343c138a5af8d92084e284dab95d
130:3058,plug-type-l,,,9e07ba656baa16e1526f48b1d7681ad65b811fc3
130:3064,bluetooth-tag,,,5fbddda2f2f84d7280662c5020e4a18c42fce371
130:3067,antenna-signal-tag,,,472f26ea78b286153cbfbd2e687bfc420437b7c2
130:3074,wifi-tag,,,8eda201bc42f0af71c61ed2ed5b76b9158e1cfb3
130:3079,cable-tag,,,4651c3f1b8816c8dbd0679b6766a75e038204658
130:3082,private-wifi,,,5c9f16308da242fa4cf9a35cf52e5755002d2679
130:3088,wifi-error,,,f9df2749b6804642b7cc2eab9fa32f69ffdd5cac
130:3098,db,,,5812138c8f2f18b59d28636a1d086d1aacd8ac28
130:3102,db-check,,,9879715691368bec4e09fe368dd70de5c7c65af9
130:3107,db-error,,,5c6c03ad946a8ecef98b909a23b184bcf6ff0067
130:3112,db-warning,,,708a1ef0e0c8176a936e73c0970cd2ac2bfcefbd
130:3118,db-search,,,c3c301a71a9ab31f30bfc75c2bba8721f3964467
130:3124,database-star,,,54a9cae2a86f7667c37f56c2b8075edb84f5d7d3
130:3129,database-script,,,d678500d77cc6dda92dc87b62e0ca12e9cb0dd9b
130:3132,add-database-script,,,f8dfc1cf01e7c233bd08a1b0c57a7ead01d912e2
130:3136,remove-database-script,,,99e441e48929a768d755f524a618f091887f6cc3
130:3140,database-settings,,,e38c632b1e8a0faf185ca610faed0cdb8d6e1ac4
130:3146,database-tag,,,dda3ca52bfd8be6c6e4489492e080f116a8360d4
130:3150,database-restore,,,cec88aa08ff0f5796fac93eb96273522f56dcd2d
130:3156,database-export,,,f98ede025405fd12fe975f48c388a8d407d63ace
130:3161,database-backup,,,3ccec7854975c0d75dd685f4f05d6d65babed5e5
130:3170,database-stats,,,2f8ab42c38d99a710e5fc8c7f018f77cf261cb6d
130:3177,database-monitor,,,73c815ffa2a2a3e20ead2d0ebd332d04628dec13
130:3712,empty-page,,,104828e4eb8ef9547bbaf88a70021002d09cb536
130:3715,page,,,333974442780efaafb74cd8b0392b0efcf422e82
130:3721,journal-page,,,715484a41050da73dcbc093f081ca7cdcf896130
130:3729,remove-page,,,ef085e8d78d3e782ede2effdab61a3917cbbc1a5
130:3733,add-page,,,9cd2fa449c870faf08bdbc9275c2e22b3639a612
130:3737,doc-search,,,a82ab88234f0619fa18234bba0fcc0b17305c773
130:3742,page-search,,,b81a7bba1b936c53ca080ceca48171165a1c772c
130:3748,doc-search-alt,,,140b9ec653740930ef6b6d3a64afd8a01d4cac88
130:3753,doc-star-alt,,,34edcd5b5703323de753cf38173f03b9c1b1740b
130:3757,doc-star,,,c02e53dfe16389c640818694a7d777aa372f1ad6
130:3761,page-star,,,b58f971b0c0d612a83b6d462b64a1d4133b3900c
130:3766,multiple-pages-empty,,,7de948c1b1b94a8f8a4a2782725ca40229036406
130:3771,attachment,,,65580dfe9cc768db32ef9a9908f2d2763869964f
130:3773,archive,,,8ecf6599a439550b607903d1dd26d0b9fd57ed5a
130:3778,folder,,,f9f20fc2ff072ee8ffe02c0d94360bf18c4e7f0a
130:3780,folder-alert,,,abab5aa31281acb3c6bc0f6376c2b4388992ce58
130:3785,add-folder,,,1cd0ed36a22e120680a9414d3f2f1d8258807c8a
130:3789,remove-folder,,,5d76339b6000ca4c9fc65074c87c912f759f8008
130:3793,google-docs,,,b5a14532d13a79533875d222f39f75d41795163a
130:3798,multiple-pages,,,d3c8527b6c044acb05ba38b908ea93100c3ebed8
130:3805,multiple-pages-add,,,5aaf26a69da99119b7936add68dcc58842066f7c
130:3810,multiple-pages-remove,,,b200101e4b7210ca5b7b764f65ef098893b32d86
130:3815,multiple-pages-delete,,,b22895ef255d14d7b44bbd1c2859b85ef888fede
130:3820,page-edit,,,93190b7fd767a7b858f5b43b7735b3a745283bef
130:3826,folder-settings,,,ada79484d62502618dc84e6d923f0f06261a03dc
130:3832,add-page-alt,,,b931159d590e382e5507a7214ddc5a85e1a09aed
130:3836,remove-page-alt,,,f801777ea443f3a6b687b1ce402124eb5efb63f1
130:3840,submit-document,,,e4833e79b1c0326122b4de88d305a1a6552eb313
130:3844,journal,,,5aa8d311e81c4cf534982a4d5746525015380b8b
130:3851,privacy policy,,,3c560ff40630dc254b65427a767cd716cb88c5bf
130:3860,align-center,,,e3bdfd0f250b2797bcbea429f32464e0d0a1a216
130:3865,align-right,,,4403771c845daf92a8df4586589ce146f384c936
130:3870,align-left,,,d0ea5059fb3da44771fc78736b0d58612153f116
130:3875,scissor,,,03204211c37fac8452b79863dcf58c76d8164b02
130:3878,scissor-alt,,,97c401d7d28288a8be6131a875288696ba7c218a
130:3881,text,,,d825441764722515395d4a3e14ded15a80d48b62
130:3884,text-alt,,,50d36fdf6276e24262e0190d77c8e14924a7fe0e
130:3888,missing-font,,,227823fae5957b3dd29930956db617308e12566f
130:3892,bold-square,,,e589e3c2435893ecf7747274cbbb47213bf4dfa1
130:3895,bold,,,d906d78875dad78d2c8e6f444581b1c3f03351df
130:3897,search-font,,,806b91c6b32990de3066d8ea4fc2e2909befa240
130:3902,text-size,,,f00079af34d86b060dc382e108fe7763aaa8d2bc
130:3908,font-size,,,70839a888569b698d32df819f742136c217f1d4f
130:3917,sort-down,,,a62959d5742af38333e680dc90d3c5ecb594ca05
130:3923,sort-up,,,58801306e9d4eaa396e2988eecf5d971fdee0c59
130:3929,italic,,,06cb2fe5194ecb16c2a119c11f41a07b02c94cd6
130:3931,list,,,9ac3dc9bb52cc8ab96725f5eb93ff6df7e0cb909
130:3938,align-justify,,,4bc91c2292081ec1b66159ad18a8fafb83c0583c
130:3943,underline,,,d8c1c843f2ed4da38ae814aa233f4784a9b6a0b6
130:3946,underline-square,,,27a540d5ca405a32935f23d2dfe64a3d6df22082
130:3950,italic-square,,,ddc44ad45445565db1e953ebc527d5b3f0faeea6
130:3953,compress-lines,,,d6b22facbf0e0128bbccd6f84559c314fae73624
130:3958,expand-lines,,,4ef4d1b6517c9b3142323b919a58816c809d1c02
130:3963,text-box,,,ab159594a466e053dbf284959b41b99c6667dc86
130:3969,edit,,,d58e670af87e02ef58f3c701e1a7d5080a2456ee
130:3972,numbered-list-left,,,d1900a28abb05a2fa06b8b04c84fc87b16cb02be
130:3980,task-list,,,829ad94dca28025d4d0f5e2ac0bd7a6a5c12821d
130:3987,sort,,,b707ac0d712d842880c2fd40a5acbc51a49a714b
130:3993,list-select,,,3d90c74c8baa20581ad24fad16e3294d85d8f3ae
130:4000,edit-pencil,,,0b244211dc8b75cc194766c4c901520184868e10
130:4002,numbered-list-right,,,b6ff40b231e97a73947b6ba519424a3259a34913
130:4010,strikethrough,,,fae44f094783b5ad7df4ba5c31a4c6cea107d004
130:4017,coin,,,84c01990b8f83730c9a1c294bf59f77e9207c658
130:4020,no-coin,,,70f21aed87cf2005ab6e174328cc15f42954b8c1
130:4028,money-square,,,9096f6cd4e738f6ab703525e7fd95b4300d9eaa0
130:4031,dollar,,,8454a2416fbaca418ef2797ce7a6a25be46b4725
130:4033,euro,,,2443cb1e62870b360321bfae4d8d16a0846a057e
130:4037,pound,,,8e50fe3297b3fa42bcfd59f49d8d48f76b6bed71
130:4041,yen,,,24d0156e99b6d5b2ebfa3599a7ad0cb376caca7d
130:4045,cash,,,d40cd764be97c3eabf23867749d350879b428b28
130:4050,lot-of-cash,,,24546ee281f7de5ef0955f670d73f9dbb2bb94f8
130:4056,credit-card,,,62e14e4bba2120bdc9600db39ec10362d6d563fb
130:4058,no-credit-card,,,32329c3957a5b5d9a3e939a7a2659718fc885b57
130:4063,credit-cards,,,637ee5d958a2a8e8b97c13b4988a6e878ab4490f
130:4067,send-dollars,,,9e35579681e0e4d783651f48062cf4b89fd5b4f8
130:4070,receive-dollars,,,62b079d0b325b27c13fa9409f3b3956d293ec482
130:4073,send-euros,,,8d67236df0b59605dff3014392bdee4cebad5c49
130:4078,receive-euros,,,d7ae4f59d54a8ffd4d05c08f6cdc6f72c425cd6c
130:4083,send-pounds,,,6429d2c3ef66536b0ca3ed13eb2402c2090c31d8
130:4088,receive-pounds,,,6e58f89feb2487fd2c4a5bca08bb391b0db94ce7
130:4093,send-yens,,,3e386da456f35a6d8a4693248653d6aee9ef3422
130:4098,receive-yens,,,62b5f3e45c5bd134d27f760db257ab25640947d0
130:4103,euro-square,,,255dd5368206efed350d640fc93c15be3fa8f171
130:4108,yen-square,,,33d9a35fd525986393212aa08b13b26e7f0a52eb
130:4113,bank,,,65b71ba7948e8e640c2aaacab4d99a2c27389005
130:4121,piggy-bank,,,763378fe32342fd038f5ec86c076311e0169417e
130:4128,apple-wallet,,,c90df09246a3dba2a58b7a80e32cb3ffc4444df6
130:4133,wallet,,,71002f4597e0eafd851fc7d04e5eb270c161f4bb
130:4137,card-wallet,,,ba1916bb02bf15f012770498980bc222083c7c18
130:4143,candlestick-chart,,,6f4392881517687dc1801a6d0de2057ab76bfbb0
130:4153,paypal,,,42deac67449def101f2073950fa7732e8a46a0e4
130:4156,card-security,,,2f6523422f43b5f6b141d0e025581626ba6688e6
130:4159,card-locked,,,b854f8a2f1e964c3ed285e52d58eb308da0b2916
130:4162,card-issue,,,a27243cd196033cc20738f84b675045c8dbd0942
130:4165,mastercard-card,,,d5790120e0e8a5b1698734668ebcc009c68feff3
130:4173,pizza-slice,,,145b99b4630d945f091df0ebfaa7dcc35e908193
130:4179,apple,,,b974590b1db88964a707fdbded07a2f33f87c880
130:4182,apple-half,,,9545f32195b7ec41f38d17c9cd7c9f1d85f1ef98
130:4187,apple-half-alt,,,bfcf7a3edd7038567c750e915358092a114c78d9
130:4192,glass-empty,,,ff9ef79267e832bc05bc436e2a45edd3289e464a
130:4196,glass-half-alt,,,c5e6d62601f460623e8e5f109b75688b4e476929
130:4202,glass-half,,,47d769f042051eea2252b827150f2faf4b27312f
130:4207,orange-half,,,f521e9e4840b5452a6b61bd4160f003d2dfca9a4
130:4209,orange-slice,,,9746f7e1e5657b80c5da323ac5f2a20cb83172d3
130:4211,orange-slice-alt,,,b54d15803347a41dfa4cf0b549b2b140f3d0c031
130:4213,chocolate,,,a2519e044b69da1c4f42c0b376228fd91f2557c9
130:4218,egg,,,ce0998c0377862753a25b58c2c5edf1713276b84
130:4221,cracked-egg,,,0b949b30beb80c723d7c32c48b19eb739e7c5346
130:4224,bbq,,,741c7da2ca403d7c6f54f760815a2cfb3ff575d1
130:4235,bread-slice,,,3c3d529b95f46200336f81102b585798124889f4
130:4238,clutery,,,6be990e67b7e38214a166e3b55d1f819797a2d57
130:4243,coffee-cup,,,5d00156cffd196e0d811ee8c62ef2df117b99ab5
130:4252,gamepad,,,65c056950c49d776172d3f05558644809088deb8
130:4262,xbox-b,,,cdd1502b756f8b5f07460af277fd33d100308b37
130:4265,xbox-a,,,3ef3cd838f550aec3fcdc9a4d96e9ea7986209a0
130:4269,xbox-x,,,66654b2d08a8c25b20b28b4b42321540adbad500
130:4273,xbox-y,,,c2be1b7669e68acdfb17d6451d933bad3f589a8d
130:4277,playstation-gamepad,,,9c161526f0512a4017b6ff1ff17d6f24441c7079
130:4282,pacman,,,537daa52c9bed08ced905433d13b70b67e7e3082
130:4287,tournament,,,a2b81b01e2e7c4d441920628d35baa6a7ce2c6d5
130:4292,dice-six,,,6a255a48dfc2b0a67117c0856bc5c4388a8c141a
130:4300,dice-five,,,02edfd28671dca7cc8696b7336c2af7d0874ae30
130:4307,dice-four,,,24b8e6a6dcc7cda1d684651b53ecbbfdfae834d8
130:4313,dice-three,,,248e7dadf677c366679aa14a3fc533a284e0080c
130:4319,dice-two,,,3bccda77e532b72f446c876401ecf566ce2e5e9c
130:4323,dice-one,,,441c98c8c4878f50865e0fa053979db17bbcdc33
130:4326,arcade,,,db24b7cf8625e5973db06fd550d75eb0687e52f5
130:4332,hexagon-dice,,,477e462ab13a2bd1ccd9945fefdde09951901de1
130:4342,augmented-reality,,,23ba04393dea916ce4e5e6062787d7b0cd37b3ff
130:4346,potion,,,60f63b5cbd6b47e7808b767fc53c1d0ff2646a74
130:4351,bishop,,,30f89e6b607b719fb39f37e51ed5572fc378814b
130:4357,rook,,,6dd271d21c62c0d8b585ff6057d53cacd8e5e5b3
130:4364,nintendo-switch,,,17b53ebabba27e0ab1c44430ec82af805b5435eb
130:4369,pokeball,,,31de54667e9d8efbf041687039336da7de0ae0d2
130:4374,archery-match,,,86645dfcbaf0380d84e96ab21aa7416d3f39bbb9
130:4377,spades,,,42234064757931189f9a92e5189a5aa51638a2fc
130:4381,bright-star,,,20754d7940fd42830ac5cff94c6433f4605b84fc
130:4391,crown-circle,,,5001a81da1d55915b527b0c83547e13e13d0fea9
130:4394,crown,,,027e7127987856df6f1a79b3c39d11e668a838ab
130:4396,bright-crown,,,9e332525f04ea594db6094cf263b999e69414835
130:4410,github,,,a21e05f418b62b80eadeaf0f9ae93a93c20dcf63
130:4413,gitlab-full,,,4ff596087330414c6831b1d1ab157c9e1daf3b1c
130:4415,github-circle,,,96c334d535e43da5cf347d28934706d3dc88d252
130:4419,git-pull-request,,,c9878e6b6f7ae5ff7be2f0adb2fd969b6f54a2a0
130:4426,git-fork,,,3d4d48f3bc8106c62077aeef4136e9a851a5bd4d
130:4432,git-merge,,,84a7ab1a9f01f127e7f46ffea12caf79d775d9e0
130:4437,git-commit,,,f80359555af4f194e76d5c4f532f90b174d8cb1b
130:4441,git-branch,,,ce6c2369f1d25c8757cff2d09a3d41aa898020a5
130:4446,git-compare,,,97372dc46dfb3fbe7d788af7802f4754889db459
130:4453,bitbucket,,,f5be2b0d28c3d633a564983c0d214915c6cbb51f
130:4456,repository,,,965a6491883d41fe7729c9a5ca1700dea59e2773
130:4461,git-command,,,81a2885a3c8d8a27823aebdb6037e7ccbcc592e8
130:4465,git-cherry-pick-commit,,,72e8dbc7ce8acdcaabe04fc6ded200d56d4f181a
130:4470,git-pull-request-closed,,,c5d65acb55a843df45570779fa1b7d4d80e10dac
130:4480,open-select-hand-gesture,,,4da1a58bd5727a24615027d267850ba60b6b4885
130:4486,one-finger-select-hand-gesture,,,f157d7cf681fe6a7abdb62bd66ff52fad3568ca3
130:4492,drag-hand-gesture,,,9412618f00ca659e0bf478ed79d4e6de422866aa
130:4499,reminder-hand-gesture,,,1403111e09d7f3498fc01c36864a230af9d7a722
130:4505,spock-hand-gesture,,,87229d69e5917db9dc2c43ed13dc8918f1d613f1
130:4510,single-tap-gesture,,,e96c6a2ca420fb8178ea3a8a17ca9819a2f32317
130:4513,swipe-up-gesture,,,f02f8b9938083abfca2750a455273fe4f91ffbe6
130:4515,swipe-down-gesture,,,b52519a2e08596e2db5085a345fb93cd247b1b55
130:4517,swipe-left-gesture,,,f22be6bccd737f330ca97b0f07bf6e037f0b2d29
130:4519,swipe-right-gesture,,,631be9e64e8ba7704fb22a7b84ad3613becfd170
130:4521,swipe-two-fingers-up-gesture,,,c59930563670bb058e6601ee2dc89460d10cc19b
130:4524,swipe-two-fingers-down-gesture,,,426728dc67d2e8aae9b3f295d05db268a468653c
130:4528,swipe-two-fingers-right-gesture,,,892322a1d0429596d909473bcddee7fb81c144c6
130:4531,swipe-two-fingers-left-gesture,,,75934c39338abde9f25ff915f57552dc2f675754
130:4534,peace-hand,,,624106b1809194b4fbc7a48cea6154095517979a
130:4544,female,,,2169efedcd66bfe3ceab377a8a02e5a261d1172f
130:4546,heart,,,de4a62e421cd3d6e66088f4449898ba7a5787a61
130:4548,male,,,40b0c24acf0b99d87395e2abc427349836447a91
130:4550,pharmacy-cross-square,,,9c71be0115804e1fd0fccc74a2693d1730e32549
130:4553,pharmacy-cross-circle,,,dea92b200cdcb3928e04c7a79374824e08122e66
130:4556,health-shield,,,7e52c45ea05d877a3936709a644b8849a6bc4aee
130:4559,hospital-sign,,,c9cdb1554d6129c98468ccb244e24bfb5597d755
130:4562,home-hospital,,,e1a5b20cbd1d37c49154fad933e413efaf9d7101
130:4566,healthcare,,,da37a1c408aefc6e3cce6b1d1899b5d8bee020b6
130:4572,donate,,,9b3877c1a5a618204145689234ae1b2194b88b73
130:4578,weight,,,d08910744d738110aeb43d65299fb2149f1389fe
130:4582,weight-alt,,,a2180d4745bf0ada3d67a37e6d7d854332aa44ab
130:4588,stroller,,,aec4644f81e9cfa97541f25f35dafb8c6f3e9c20
130:4597,non-binary,,,cd4d6a51695132f9b2e8d373ae80f0a9b2e7c186
130:4605,drawer,,,e4115854658005bf6abbb87cbe24ff23018b3ae3
130:4614,lamp,,,3f2179f7cba6d5d2918c6758e57cba035b122981
130:4616,google-home,,,f090fce43a3a866a44a0051b230cd0805df8dacd
130:4621,home-user,,,d348a24932805e3268161e92d3231b20020543e7
130:4625,fridge,,,390368eb2eb8ac6810e52c40ca1e8b498b628928
130:4629,box,,,c0e57a00601492886f351834edee73aa69a01047
130:4633,closet,,,5f6f90648c676dbbd53658d006bca926f3d509dc
130:4637,domotic-issue,,,a31bc5393c929e4c75ef745e88f8e87eec7adb09
130:4642,home,,,287ebdca2c65eba689bc4c8d09911de89e41f98c
130:4645,home-alt-slim,,,998e05a628350059ead678f85508f99d0982afa0
130:4649,home-alt-slim-horiz,,,fe97bca8ccc06dbb22db0089db6728602647820a
130:4653,home-alt,,,5342c5f36f17c3102f032fe0091e6e44c6efb623
130:4658,light-bulb,,,3274f7f415be9e4f4c66007fc498cac40df029ee
130:4662,light-bulb-on,,,96879dd52707a1e447296d50cf6d8af9891188e6
130:4670,light-bulb-off,,,14f0ecfc6b88e736a9e4004b315ac83c72d3b1a4
130:4676,home-simple,,,20f4e481f7e0a9984863552a2c67cdfb235cd55e
130:4679,box-iso,,,9b2005d054be40ef51fbffd20adbdad1f36b8547
130:4685,air-conditioner,,,8535f2c181d6e35f68b02d9136ab5d15f7c83040
130:4693,washing-machine,,,eb40a15c52fc5d45ad5209daf25ed13faffa6022
130:4698,wash,,,3d4d481f060d4047a66d2ae83fdcd25b8ebd5849
130:4701,dishwasher,,,01751fd337346788882e88174b7cb40a0e61041f
130:4708,dimmer-switch,,,81dbafba8a4135bbee84e4fbda7ca03f74b89da3
130:4712,home-table,,,0afbe7c178b301322fbb42c75d4c2c18679a8641
130:4718,desk,,,d2b295ea8f90d6ea4edf62b693d8e5c229612eee
130:4727,sofa,,,b7cf8cca309769750b88606fc59a17141c3aafb5
130:4732,sleeper-chair,,,031bdc33397f18ae5de29da40a6fdd14bc174435
130:4737,two-seater-sofa,,,d73a10f52080e497425f02750a6f893290be59c6
130:4743,director-chair,,,fbb563aeb90304c31de0a0f495354375c81799d1
130:4751,rounded-mirror,,,75b97508ec440c333b79cfc762da4dbaa0edb05c
130:4755,mirror,,,ed02f7771cf9ffcb80d88aa0040d196312bbcd1d
130:4759,bed,,,1cd43a423ca77ffac5d06585e63ddd0750c7b98f
130:4763,crib,,,f522239b567119d016607b630f1f53a1f0703928
130:4775,bed-ready,,,5510fa27c73d2551b2fc54db66ffe12747621aaa
130:4780,small-lamp,,,615b2b793e7d83baddca70feb88e5f98b274bd12
130:4784,small-lamp-alt,,,b19af8b2d3488c06811e10906cf5cb778e68f994
130:4789,pillow,,,a4aef942055b71f4f1f255df8dfe9e0525b40e4c
130:4793,home-shield,,,b28f4dbe82033d3ca135176b9ce0b9eea561b434
130:4797,home-secure,,,bd7084ec3378bec1defcfbf6b11e07d33b251f78
130:4801,home-sale,,,cb55a94568d487d02114bb077c742cd71607c861
130:4807,home-temperature-in,,,730b19fbb555f0da25eaa23ef441600518a3aefe
130:4814,home-temperature-out,,,604760f3e70b7ebf27d94a2a9434592fb7509d6b
130:4825,corner-top-left,,,9f88e08dd1c6db6fa52cc455243b1464591d25e6
130:4838,corner-bottom-left,,,aea034cded6db05741f9dc98e4a5e312688533af
130:4851,corner-top-right,,,e986998b3f56ee6145653e1b8241dc8c204b1dd4
130:4864,corner-bottom-right,,,7b78ff1667fe60282f1c8daaeab3db37d1e9c1cf
130:4877,2x2-cell,,,ccfec885253db38982b5ec314e59972240d4fad2
130:4882,view-grid,,,db48b9a9256a185017b00da7203ea9bc5086e034
130:4887,view-structure-down,,,53eefd59b002e9f896e737c6ab80c316e9d273fb
130:4891,view-structure-up,,,32a3534dfa41ffd6d6b7f0b075354a13c6a4dad5
130:4895,view-columns-2,,,0f3dea17989e5927de93063fd9fdb8b71271de6b
130:4897,layout-left,,,2173266db83815bc852c4e150949a0865e7a2d95
130:4901,layout-right,,,69023455c2f27ba4364df8607d3aef49a86e0362
130:4905,grid-remove,,,9176ce71bffcb6c0f9fc88f01d74e61ac106ed6e
130:4911,grid-add,,,4409c64ced90dec1eb85df16c332a6727501639c
130:4916,grid-minus,,,e8f55d7f971cb8c50f226d3b6094b8c56429cc8a
130:4921,table,,,30241c4c606fbca64e8a1ead8199e5a942e5cc74
130:4929,table-rows,,,490955852c55a797305461bdccacd4cc706704d1
130:4931,table-2-columns,,,7aaf32b2a6cebd2bc5b4c92cf3d5eeee28072ded
130:4937,view-columns-3,,,92e2086c7c3d59b2d3af9d95b7ffa962571405c5
130:4943,maps-arrow,,,84409e8dd04af083cc60e0faac9ed571743a8120
130:4945,maps-arrow-diagonal,,,e77b98f0ac35c3f15c2bf2b372bf503db7ca4c68
130:4947,navigator,,,65f2aa196376ec74f23d228046102aa6ba7a2c18
130:4950,navigator-alt,,,1976c46e4995cc22a918b87bab06501b1b7c8fbd
130:4953,pin-alt,,,543649a1138f5fdcf690225797fe5ca2924b204e
130:4956,add-pin-alt,,,f9924a5c12c0ca5c060b590d6ffe2b1392bd245f
130:4960,minus-pin-alt,,,67d5175baf54e32d5e84471c0744682de2e79b03
130:4964,remove-pin-alt,,,cb6bfc208bd80781d8c25217b3dbbe3b84510c1c
130:4968,suggestion,,,4fadf1c0487df0b053fdf408a09d32de582e1774
130:4971,position,,,5c27f62a811ceca3906a764787bcf0911833682f
130:4977,map,,,8718d526b61a4f1a448d885bc1a62000fc53be9c
130:4979,gps,,,6ff70d4f15b2324a48ff84e3d08e5367ee0e8296
130:4984,maps-turn-right,,,1f0f1ed47e533139193dca326a55cf4030eb057f
130:4988,maps-turn-left,,,3862d0f02299eeb000f9eb278a436cda6306ac80
130:4992,maps-go-straight,,,1538eaa17757f24a3da9dac008c9aaf6f2dc4a95
130:4995,maps-turn-back,,,5bc980a7bb7e29a19f24027d39e295fe8e92e53d
130:4999,maps-arrow-issue,,,6a9a16b0aee066830db8c1100dfa3a6a36ba907b
130:5002,map-issue,,,c08698ea2a84bcb923000ee4cbed6344faa7cc63
130:5006,360-view,,,91aecbdf1831a51f3cc8f16d8368f3ce504b6dd1
130:5016,music-double-note,,,78edc9f75248effbc084d1e3164d330d7196f9ac
130:5020,compact-disc,,,52ab4386202d23e93cd18dbfb4b97d37ff8a855c
130:5023,music-double-note-add,,,9792f426857dd0ef346854a5cd8a8e234d5977db
130:5029,album-carousel,,,fbc582524b7bb39e61e42ef96a21a86d77eb671a
130:5033,shuffle,,,5588785c34d37ad01855268a0ded3f9d5ea383b3
130:5038,repeat,,,0bac0ada9c8cc584d6be6428f04d80c07eb293ed
130:5041,repeat-once,,,eb9622bae5941ecc15ca0720110d5618869436d8
130:5046,album-carousel,,,5b2df4b9d0730139f176bc455604a07474d71cc3
130:5050,album-list,,,018b543831e6864e0afa1418dd9bd84c03745e13
130:5054,album-open,,,83fb9d72c58e14c1cd9e5cd1dfae26a33cd336fb
130:5059,album,,,6988f157a41865ccc2e8f2f53ee5d772529ee033
130:5062,playlist-play,,,bcca0feeef31d412c9cf24b2192f09fbb30b8ddd
130:5068,play,,,6501c14b48ee639863bb6f77b27a7bf7facfb811
130:5070,forward,,,e454706ec4bb8349ed6ef2224238f539923e37bb
130:5073,pause,,,054c33594ea646707a2b28f967eb7d7727ab59f3
130:5076,skip-prev,,,f2b49bf427001beb5f0473a05f2c6b12aeef7ec9
130:5079,skip-next,,,27aab0b6e7ae4b25109b6f2821ae472655b6751b
130:5082,rewind,,,bea76166999dd6086af541429342a42f04309388
130:5085,music-note,,,08308672544eb15150e5d41365401475d0537021
130:5087,music-note-add,,,e3dd7d01eb93585b49567d718c8afa499f2bcb91
130:5090,playlist-add,,,890b00458f06384fab3a17c391f730ba92a883e3
130:5095,headset,,,30b75830897440e6afa4f7d469707b6261ad33d4
130:5099,headset-charge,,,892134a3aec7111fe1810eaaae9efd5b0041c986
130:5104,headset-issue,,,59261533f43caadba4c51b649bda9ffd8e23c6a5
130:5111,playlist,,,bc79790fa82561ea2be01ffc7b40d8a18175c8a2
130:5116,forward-15-seconds,,,78ddaf9dcde6d05695f275de5de10ba6a95fe50c
130:5121,backward-15-seconds,,,e37a79d5cde0009e0e3a039eb20ce082be0d9ac0
130:5126,lullaby,,,96506572a90664758f6d7293ea582a707c7ccfa0
130:5129,spotify,,,ff8959a13edfc834546d90602404278a1a47fc97
130:5138,selection,,,87ff4e2f06b642d4785abe41c1b3ed3c6330e1d7
130:5147,maximize,,,7e53a1c870adf9ef5c0818f6b1d213f98296720e
130:5152,divide-selection-2,,,a3db3bedfbf56c74d2e7d40cd00e702f1b3370d6
130:5160,divide-selection-1,,,a79d79988f7adec79efa1e39328f87405c77f055
130:5166,compress,,,9adf94df00355eab36feefb30dcb4c317801653c
130:5170,add-selection,,,09d57265b8174132f2b3de82f14b012804d75648
130:5180,de-compress,,,cfb12807f7c35844469e1c5efcba0b0d8f433179
130:5184,remove-selection,,,e7dc022a0d5b5ca69974085b6784eb3fdff40043
130:5194,copyright,,,9b518be4a30afda3a4c585c57ac57b1bad10c5d2
130:5197,trademark,,,3a5bc958470a431275b6b9a650cb9f28d772967b
130:5200,import,,,ddcb3484987cccc8f448b3f7f0b5f89a6e26de65
130:5203,translate,,,f7f6e1bfff0f3105d49fac747823156999c8040a
130:5207,white-flag,,,c6614a986f228e907f7753b89c1ea07bbaa1f0e8
130:5209,dash-flag,,,7e2d8bdb4ddac7f0cbaa76fe4b0bb065ee497ada
130:5212,timer,,,3adbbd598fbc5b63efab06797186bb7bf9fda9e7
130:5216,clock,,,c67d36efb36417f29c865821cb70950f65cfa09d
130:5219,alarm,,,c682984ef0e16d786be49da7a9eb200940658959
130:5224,timer-off,,,90cb63ef056823f3e19fa6231872650e8ff18a45
130:5229,language,,,6cfac90a9f53563f6993e100ff0533846254f256
130:5235,activity,,,7cf1a9e704515d82525f78c298877ada08864849
130:5237,soap,,,913c0a2c08c6e53e4da068eb53185f45d96414e0
130:5241,gas,,,f864d8e246498431e7133954ddd0f8579893cc4a
130:5245,dialpad,,,7c6a1eb9d73ce283aa1d66747074e8c35766bfb7
130:5256,triangle-flag,,,ec959c91afcd52e8c87e63d607894daa65fe5f87
130:5259,triangle-flag-two-stripes,,,8f00ec89b7eba6b9719a4c8dc0dc46252f20d901
130:5262,triangle-flag-circle,,,8b8c71c12fc31417e0c2ef9b89c1c1dec47bb795
130:5264,page-flip,,,5fcc9c991148c141f4aafcfbae5434d2134b8926
130:5269,link,,,3dfa255d70dd0430172a914aef49b6e251f568f0
130:5272,lifebelt,,,e99725e5c279fef830f4fc8e6856e6a6689ef188
130:5279,battery-indicator,,,878b0b31cdb87a972e6ada5bf28907fe3a68e354
130:5283,file-not-found,,,846d2dd6f0ac67521bbc4c21a66708af0db5d516
130:5292,half-moon,,,c7715908b2f3051b1d62681f3dd2b2505e3951b8
130:5294,notes,,,4638b87f56221794fd8e4d29acd5c1860e6be133
130:5299,gift,,,67e992f93b7733ae645a678ba3d9ae91a201cfad
130:5305,qr-code,,,88c4a08fb9bbd86b2477dccf765ba80b8badd899
130:5326,scan-qr-code,,,f824baeb82dffd4f81854138171618106eef2aa7
130:5345,remove-link,,,898007843dc315eb5668f8c32f23c9b4308db6f6
130:5350,no-link,,,f37fbc5ada6cdd07d3098ab3956381b409f36e1d
130:5359,pine-tree,,,9c52af6f6f78db6fe1ae7385f6c4ed12def62077
130:5364,tree,,,0ee627669ed0fd9f522e6cf79d19310b00a2b0d1
130:5369,african-tree,,,e3a3a4369a21e18ab841dc57949e235fd59dc10d
130:5372,clean-water,,,4068a1373436579abb11aa71d794ed52a3a81b28
130:5375,leaf,,,022a5efa1fbfc938f0d615b778f206894d5fdeb3
130:5378,vegan-circle,,,fb2183479cbc98216010e195582a08867d25cc7c
130:5382,organic-food,,,7a9aacd41fdf1d99787466c0dacef925ad64a9c3
130:5386,soil,,,593e4418937be005a0e701cc639e186deb1c6c41
130:5402,soil-alt,,,2fd292053ec4f33f415c9687ff15da02e9be9de9
130:5414,watering-soil,,,f734b3dd96b56497b8cdd3a49222aaf6c42e6776
130:5424,ecology-book,,,a0b8990e1a042c75cfe64e15a10291edcea8fd75
130:5431,organic-food-square,,,739e4f3a487fe616056b675c3217ec3901e9ff8b
130:5436,vegan-square,,,3fa6da3a7557b0bf3428e79738492ae78a62131f
130:5440,vegan,,,45fd20c91d46776ff7ba533d55342081890e11e5
130:5447,video-camera,,,f2f29d2cbd33004559ad463b7952036e8db8a58d
130:5449,video-camera-off,,,a7776f4aa5deff096fe7951113c97187128aff3c
130:5452,rotate-camera-right,,,7b977d181cc01de91b54e8e88279ed1c4c73dff7
130:5457,rotate-camera-left,,,84dbde341a725954a4a8317658a2f1bd0ec33560
130:5462,camera,,,c49b636dffb1899a9ce26c7cd89cab3aa7990954
130:5465,panorama-reduce,,,089c9c3756a100aaa9a600941153b7ced04e1e3d
130:5467,panorama-enlarge,,,f9a9dc6b517e8f770a5f871ca3b7863c2c32f524
130:5469,hdr,,,fa7abea05636dbb015904d8ff22cfcd5a4b7ba80
130:5473,expand,,,3a01c526a82e4513353fe7b7f891e8174323605d
130:5478,collapse,,,41b393053a13a950fe12a173bde8770a5f18ad77
130:5483,enlarge,,,e8d98fc8f5b55447e5bfcd06baad85fec1a526a9
130:5486,reduce,,,3613f5af18758220e78ca743c5f953710dd2517c
130:5490,hd,,,129b26ae210a250d09ff6478995ae4133313c3f0
130:5493,fx,,,081102db25a015fd9714bbfeccc7913f9f575507
130:5497,fx-tag,,,9cc53340cf26a439d59dac627d7119ca07cf1a8b
130:5502,media-image,,,b63b8f0fa3313405c1f1d35e218d4bfb499ce437
130:5506,add-media-image,,,6b376a053f81f3adda594780fd8a7e30cfa2835a
130:5511,remove-media-image,,,faf259f766046a5cb4d2a916b934b9d152e61da0
130:5517,media-image-list,,,e4718f8c50b59b420bbe45609af75e68ea8864cd
130:5522,media-video,,,a0ff433e955b3a6aa7fd2168c7c0262e7a65e3ff
130:5525,add-media-video,,,5b0d8ffe4beac5e4220196d723f3724edaeb7cc4
130:5529,flash,,,a5ecd280e24b478e31d3b6d58d1390b1badebc96
130:5531,auto-flash,,,148b5bdeca2b9737434e0bc30f23c4922e1eff81
130:5534,flash-off,,,150517549261004719bdbc9647b145c828118a23
130:5538,remove-media-video,,,0253f4a326a9ddc47d9d0e59f2150b1996d5f172
130:5543,media-video-list,,,b670c843f8c747ac2f059eccf121b68d2f10ae22
130:5547,media-image-folder,,,6f212f8ce987748637c9de3ed1e1c2ef26b09d9d
130:5552,media-video-folder,,,c2e9332cc0310030e6021c225ff84c733aab9d04
130:5556,hd-display,,,9fd6c49d732ed46652865eb828378f977c7622de
130:5560,closed-captions,,,a746a9c4a47eeb83a3ce80ddc65fa7b09f71dba2
130:5564,jpeg-format,,,c5ea762b089decf1bb40a07df92acedaa0ff2bcb
130:5572,png-format,,,b66cad2071c7017c846dc4f1804085aba8436c89
130:5578,svg-format,,,5e760a58619602e52c9a76a91f951400d3e60f2c
130:5584,avi-format,,,fd6e7a8554032aa5071de97caa62b78e8e010659
130:5590,mpeg-format,,,126e441be4453b162a7db15706ab8734b343fcfd
130:5598,gif-format,,,a8dc5427a8762147e0bd74c0be76b3144d37aaed
130:5606,jpg-format,,,c73414f7891fd1452ab645ec49fd590b83fb4e35
130:5612,webp-format,,,dac1de92a91c998953a8b76214933873fa09ea83
130:5621,raw-format,,,02c0ece18d8b488f8164124a856c5e17618fee3a
130:5628,tif-format,,,55eb66b0bc739ae4a5061ccf4c39be4d578fa70c
130:5635,tiff-format,,,1a1a5ab8cce0efefa76b286f388cef563ff386e8
130:5644,screenshot,,,c29566e63dee435ebaf8d7f7242d6013f0b37d78
130:5657,historic-shield,,,787d3668711e5a4c9c6d75aebbd3703701621d6b
130:5659,shield,,,f2d1241cfac3fd7e8d9f03585a269391f8dff3ad
130:5661,shield-alt,,,65a4507da9c37156e50270d3f3fdb67b3951c6e0
130:5663,shield-alert,,,9189b119725af492401b56d7352e1b7c37cb493f
130:5667,shield-question,,,08a2a11547136e616581d2d41028b009976bb503
130:5671,shield-cross,,,cf2f30ef2c4152214ff8b855cecfb225389dec38
130:5674,shield-check,,,271257eeb26ca8d578d8d4baa7486904880defd0
130:5677,key-alt-plus,,,17aaa0ded35454e971229660a092dc485a8231ad
130:5681,key-alt-minus,,,587a01ec5151a7830b8dceba672b848d678b82e1
130:5685,key-alt-back,,,8e0109d47f9410253464c5f33be81cdea6c411be
130:5688,key-alt-remove,,,05727bab1a214063a192e55b680d912d28e2619a
130:5692,key-alt,,,2d350c22b11a94105597c8513a6215bdb63b5d68
130:5696,shield-loading,,,c8c4f81ce511974b44cfb559223f7121cf76ce89
130:5701,shield-broken,,,4e264467de078f0f3d0a18e6f137c0babc34a439
130:5704,shield-add,,,59e0988a3b65a24c69ef05594f4d001da459c9b8
130:5707,shield-minus,,,7bce3ba90027beb582ddf7459c6ab0b3dfa3b295
130:5710,shield-search,,,829ea4cf429d46b40e051333bca4e8f12d1d662b
130:5714,shield-eye,,,b42fa878e50ecbe1d6e517df515cc569b49b28a6
130:5718,shield-download,,,851516a7f79f62ea13267297a11d9ba892fb9a38
130:5721,shield-upload,,,222c155339593601656668a318c4fecc5f91b0bd
130:5724,tower,,,8c20288b52f1b25eb6a07c29085f429aedbc3200
130:5726,tower-warning,,,7680f55c99b90a291abf1422d8302fda56f963d9
130:5730,tower-no-access,,,d1f09a481c5c5909cdc9582ba07c6fe89c2572c1
130:5733,tower-check,,,63b636892eebde6312c34ac0cd876b5c8c3e0a00
130:5737,historic-shield-alt,,,f70d043cf0d1618ef34db138c8587201e2dea349
130:5741,open-vpn,,,cb41e32266a83823422257e4dbceeb2169f55e40
130:5745,lock,,,ecdc1f1e0b9a2d8a07ce5f4f4056da6418d09c5c
130:5747,no-lock,,,3e276bf616ba7bbe0e978a2ea9e1a9c78d441145
130:5753,password-pass,,,8f4a6cdfa288ac88568547019d53eea9bb093ed5
130:5759,password-error,,,d61660f158de421942bba507d89f25b5e2fcfea2
130:5765,security-pass,,,3c564f5675acaa3e5931dd84a5501e0828920a58
130:5768,password-cursor,,,afc84905cda18eadb46fdcbf3cf1a1014feac7c2
130:5774,pc-firewall,,,bb41e2d996ad810472bac59b94f9ed5006f53869
130:5778,pc-warning,,,fc21147de8d6d4c7f2d0e4c57064001a20e2211d
130:5783,pc-check,,,dce67bb038465c12da469bc7e1e33b22c4038ea3
130:5787,pc-no-entry,,,2a820cd7f48123945b49013c79317f08e74cf326
130:5792,ip-address,,,6208a1172d3bc40c0465497c055ab6a2eccfcd45
130:5801,circle,,,cf843995651b4152cc861c6d2af1889b09f4de75
130:5803,rhombus,,,408554886df1970f9f864ef2d8c8b96d42e0cee1
130:5805,pentagon,,,2207fd09bb595ebc4e8626f0dbae0ea791566a87
130:5807,hexagon,,,05e01d1b66408c555137149cd3d56059780e471c
130:5809,square,,,192d7cf2bd57ab5af04da5170740fe16ff354d55
130:5811,minus-hexagon,,,72f1e8c00a9da7b93e8a462f2c2f30fad8f9c055
130:5814,add-hexagon,,,6fb8ba1fe59a42e8a72f745a13783db4a3512c85
130:5817,triangle,,,5324206daed9c7ec2c955b230a26ce2b72d4bfa6
130:5819,octagon,,,7aa8647cceee6ba0afe99a26ef00e3c352d3a24c
130:5821,heptagon,,,4e5b3ee1c38c1fe3d593af7e5e2cd57546f0b0b3
130:5823,flare,,,eb6a95cda20ce76933029255192f61ec595c04ff
130:5825,hexagon-alt,,,82509f8ff59ee8e425d73b8d14b1b52b0d2d79d8
130:5831,cart,,,444bf960d2471504ea0397acdcf35d958cb45de9
130:5836,cart-alt,,,7e53da7a45c8a2e4fdf07d15941dd0c15b24e68c
130:5842,shopping-bag,,,fbb6e960d3d9258d777f731c31ab1c4a607a8e31
130:5845,shopping-bag-alt,,,c1b7249364ca3500f8a7ddcc21d65be78e4f2d11
130:5850,shopping-bag-check,,,31ba0be5f8ca9f8005520a0cfd140daaef5301bf
130:5854,shopping-bag-issue,,,0f579c8d442a4307adf3822fe29f6f7c07900f84
130:5859,shopping-bag-arrow-down,,,afa610a23431b9af5afa15b52aeecdc40ee6cf7c
130:5863,shopping-bag-arrow-up,,,fa11da5ba6003eda770b6fcccaa30c3f47e63e8f
130:5867,shopping-bag-add,,,3b8de52747ae2948a489b24cb4ebdd7e20893214
130:5871,shopping-bag-remove,,,e819780d53c72819f8f5c1bf79b639964b01df3f
130:5875,simple-cart,,,affa0d11c3ec33a02c2c94f7ac5fd9aa0aa238cc
130:5879,add-to-cart,,,749711d3342362ba9530e3d349c4af5dc4754537
130:5885,remove-from-cart,,,2008619b63eb2b8d364e38bce0dd7b341de05078
130:5890,user-cart,,,b5f853dac4f3df21f4047ab53fe5edb669080159
130:5896,user-bag,,,5f7329249c4836b8551ccd63d6ec96e67cce9356
130:5901,shopping-code,,,fed814ec9d35df018433aeed828c9ebadcb0b919
130:5914,shopping-code-check,,,c24ba8b083dc6ebd847c02d2beeee7dc376b892f
130:5926,shopping-code-error,,,50ab0a3e6bb97bc9c65d8e2ae1f2542a918e5c35
130:5938,barcode,,,5b3dbef5ff1e290b56b4ff5cd0faac47310e1128
130:5946,scan-barcode,,,7713a6800fc2f0f1b33ab2aa971b7737c17d34f1
130:5962,consumable,,,1971796de1cec3662301383401ecfd2473e78148
130:5971,magnet,,,089439d7402fd0d32a85e203d004e0f8006ee708
130:5976,flask,,,4470a6c73b07b5e2f63fcba9ee289dccaab441f7
130:5982,round-flask,,,922b56db4cdf45ba7bb02abc518ab2e08be866a7
130:5988,magnet-energy,,,24808d86b6391f34a9b000458c3c3738fa4aaa0d
130:5996,atom,,,ec8a027276f6d9cb6c21f369b76eb262359231b8
130:6001,test-tube,,,fa6675d3661e686d5ad77ef9211a1a80866ff0a1
130:6004,hydrogen,,,74274751d1c2a007acbfa7879ea7a8602dea9319
130:6007,carbon,,,0c1c632ff462800a03db8724a006ae0e2a8ca336
130:6010,nitrogen,,,1469d421d420f676e66b4d5c74ab2dcb356f39be
130:6013,oxygen,,,f017b460754cf57f91e9b1e0ed6e5521778245ee
130:6016,fluorine,,,499e1955fd7f61c932fb28d48ab8ad9fc8c05fa5
130:6020,planet,,,006bdd56062bb2f24519ad6d6c63647f9ac08aed
130:6024,planet-alt,,,6b0872b84d277bb7a2e2d096f0a990fadbb185d1
130:6027,dna,,,8666e5d1f145848b49ace77874b89c1e1ffb9873
130:6034,graduation-cap,,,a97ad1fb61dcdab865d8e2106a09eb0508f56465
130:6038,radiation,,,e18357d957fb41b38c7d9600b85e749aa7a84d39
130:6048,x-coordinate,,,87688bfed81b217e35727b86d28b86e34a01749c
130:6052,z-coordinate,,,15fd58e349c1b028e3e8c8784aaeefad84e4f07c
130:6055,y-coordinate,,,9f83c98a688a20ed024b7096ceefbab525c6d4e4
130:6059,planet-sat,,,31a53a7ae7ac70afec3978f821f5d8b32b2b7a4e
130:6063,moon-sat,,,97890526cafd1341a69cab561011839d4d7e1235
130:6069,rocket,,,da0aceddf67f1574e78daa063bf5dcf9f9fbeea6
130:6075,infinite,,,8c1967f51546c5e7bef0c815850712a811bc9523
130:6078,depth,,,0b2101919b8f0d176dfa6c50cc2eea9d2254d999
130:6089,heating,,,a652a0bcc810e84cc4979f96f35d9c916932c366
130:6094,cooling,,,dbca81f1dbab21b833a546d640a8aaf1280ba2b0
130:6097,rubik-cube,,,53095659efe2e79dd25610796f381c319c089182
130:6103,vials,,,3ee7b4bf0cecfc23599c3869bfdb43c6b594814c
130:6109,inclination,,,4c72f53adb2e3ff0874a4e4a5d1d6dda35fd64c5
130:6112,brain,,,eb992d54b63f66b2f653a15fa9e0eb147874aa98
130:6124,brain-warning,,,d6c4cd19ccc7168c6e0e2ec57810e4c455f26bd4
130:6137,brain-research,,,fd69c2d3be6860ca0bf723fbccec9d65747ce051
130:6150,brain-electricity,,,dfe9ea5cc1ff336fe1cb043109586704b73cb39a
130:6162,microscope,,,78da813b72df69f81bdb9b9b8c9709d1cec0c051
130:6169,diameter,,,6558670c4b7c5400e74dddfb0189f22b29b6068e
130:6172,radius,,,133893d6d59762f6e4e9d80bb20372d509f48d15
130:6177,sine-wave,,,229937a3273b4fe1d43f8d51a7ef2fd23eed20e3
130:6183,square-wave,,,0ecc8fd69e88703011b5c99d523bfcc68550ba64
130:6191,medium,,,3dbd23be52bbb9aa27026a43ba417243e3cde6a9
130:6195,facebook,,,5a4b4910da1636988d1d0d6b22b468454c554c7d
130:6197,twitter,,,f0d813faf22cbb8269ba740524749e5ec58c19cf
130:6199,linkedin,,,6bd09ee60f7a7ea8e21baa5b6381a451392e8abd
130:6204,telegram,,,6b65491ce7e6398ea1c80c0e114eda5feebc64d3
130:6206,google,,,27a856801d3bcbd678225b7dc585f167e5edf7ea
130:6209,instagram,,,67eddbe558c5917ce17ecd5f5f14f5c321d677a8
130:6213,youtube,,,f14461107117f463b28d4e8b8a67a2e1301579a5
130:6216,rss-feed,,,22dcb8605fc9c3a39cbc7fa44bf4e1ca24700b44
130:6221,google-circle,,,f21ac45c6d4f85b222dd4c35adb49cc4e0752082
130:6224,telegram-circle,,,29e71845d2add3091e1f1c128d2d9a0d4a9beb2a
130:6227,rss-feed-tag,,,11c155883dce504e4f4859c140435c8b017359b7
130:6233,tiktok,,,efc054fb028ed604ba286002ddc86f92aba89f0c
130:6236,facebook-tag,,,919d79590a96255b22447072a012cd380ceaf65f
130:6240,pocket,,,2ff5773eb699bf70f90f3e1d688fd3b39c9ccabb
130:6243,dribbble,,,ef1511a3f8c7a025dd69b1eb76bbed6cb33f9246
130:6248,verified-badge,,,c1c3fa83f98db2b0b173434b2e944bf8d30413cd
130:6251,twitter-verified-badge,,,5c649bf42e469419834920423476a7bdd2dfa08f
130:6254,snapchat,,,3181ab52601400b83e51605cbadb8ec1337f9932
130:6256,thumbs-up,,,1c1e8e8bfa9207ba1cb8d1606fe0bd7c5b02800f
130:6259,thumbs-down,,,6ceb3bde78ebd5fc89da750cc1d2b3c8cbec17aa
130:6262,stackoverflow,,,094266319fa5add1a09819be0991e8c749e3215f
130:6269,pinterest,,,36d7f88d95ed60846fce09c8b1d3d6ca07537ae1
130:6273,behance,,,5ea66b05339d299ccd5df5dce20ee02e8aae9ce1
130:6279,behance-tag,,,1bf9ed914a7b5d0b7265881421cfac5d24c20824
130:6285,discord,,,53a3ae68f24499a23f01f1a7ba726a013746f1b7
130:6291,yelp,,,a37e8e5e0996296b92c7dc199fd79d19d4342d26
130:6301,battery-empty,,,1d668014506c56fb96bd84a9da9a3b3996d9d847
130:6304,battery-warning,,,81e33d4bf45f5e73b06940f63f60c5b3f8dc36c1
130:6309,battery-25,,,a5efa3431b52b208c7f7c4ee8fb869c6a57d6ace
130:6313,battery-50,,,92ce882af37cfb9f8fabcc6d42e8eb22e6b3b351
130:6317,battery-75,,,a56dc33c0bdc87a32bfe46ecfe50f698bdaf41c3
130:6321,battery-full,,,e15eb17804e0c19ea89ac4665212a0f9ded194b6
130:6325,no-battery,,,194e6518678189ed98b89950287001ffd49e414b
130:6329,switch-off,,,a9b2281b0d67e37e140405aee7df088c0ce5944e
130:6332,switch-on,,,42800c4816d7b16377b996d5bcdecec0c1613183
130:6335,cursor-pointer,,,c35e553c4e80f6de59f22ce9367446427b522076
130:6337,terminal-tag,,,597009cf4c06e4b37c720239d18aea90fd72ab7b
130:6341,mac-dock,,,0dade6258a8fcbcb7e15f5836de975b6e26891b7
130:6349,cpu,,,10c8a4738de82b9d07f452594c77d75c84d72624
130:6364,cpu-warning,,,6182a515fc505f671f89d77409f054d30edb76f1
130:6378,settings,,,a701d0a579b18e91d972fd81c497dbf54e09d359
130:6381,bin,,,b4f5c841dcaf4be5cbf9f163f4e17aca8d3536c5
130:6384,bin-half,,,2a4267bb1c66b8a1f4a2f15c4571314142f170f4
130:6390,bin-full,,,befd9706489330755b9bbdbf11e00bb0ceb809e3
130:6395,bin-add,,,ef943586b78d8252eefb09d6b607abc13e89c704
130:6399,bin-minus,,,76c7a8b96e53e300d3811ca264bc79a39f035061
130:6403,calculator,,,312218c64453daffe52dfe060fcef454d58b33f3
130:6410,calendar,,,7f13cc14cde8880cde8dd4525e25071d78c0de27
130:6415,log-out,,,30071b3f32c7c1d0ebee8ad79bc14e2fe641f9e3
130:6418,log-in,,,2385eb91f4adf92921490939a2595c3fc1bf70c8
130:6422,log-denied,,,a1f34133f2fd9a3eef7ba5b601fb98fe129d531c
130:6425,type,,,03365b2d69039163057bb6a0fb47f9a68c7c69d2
130:6428,eject,,,1fd7a6a7e2aed296e1e236d80e0e615b8147628e
130:6431,dashboard,,,29de89006bb4ebc6bf786f7c06a9bb5c4819c186
130:6438,dashboard-speed,,,bb2eb5fd00963e623a6549cc5d9a29ccbc83f890
130:6447,dashboard-dots,,,e46203e6d724d2be7fbfbdffb01c014d9b91a4cf
130:6458,input-field,,,6708576f6a8340fca34ba63ee8c69ea29dc6feb0
130:6461,battery-charging,,,fcda76c771f37b2afdc310c5fba241b1055e2e7a
130:6465,finder,,,57c1c575cf4fb1e4e3fb446ef291f6ad3189ce4a
130:6471,accessibility,,,aa38c2ef58335d16472f418de1c92b9b3daae202
130:6475,web-window,,,b5d2a3c9f2242f838e5b150afb278c08c2392e56
130:6478,mac-os-window,,,982a7acb11ed1c468e49520ea212c01484cdff3f
130:6484,web-window-close,,,41d89de9bd4c1a48eae2c14540964c7fd252138e
130:6488,web-window-energy-consumption,,,34e13c303535467bf0474f3b7efe04de1ab78725
130:6492,ios-settings,,,0b2b319b3335eccc7e0c1686df9139e9a30d4ce6
130:6498,settings-profiles,,,2a4bd6efa982f20d3c6539766b1cfc7daa8ac00c
130:6501,off-tag,,,9877541d57c646d2e158013a51afcceadb76915f
130:6508,on-tag,,,49cc3e5cbb2aaeeae79463502cd6dde09b1c7b4f
130:6512,terminal,,,5021c5fc26e343a4bd9ab20880e5fddf2559f40a
130:6515,pc-mouse,,,9d48f29b020196fa60ff8b124af6fbae92156549
130:6517,mouse-button-left,,,b00cae0dc09e8c5c7cdf939d7f4b1d344ffef112
130:6520,mouse-button-right,,,702085ba12242f774b79244f4107766bec8c6060
130:6523,mouse-scroll-wheel,,,db026d82156440fa69878813bbbd26b640c5a1d2
130:6525,mac-option-key,,,a7dc4c8efba2e28cf3f7076287edabd2f146c301
130:6530,mac-control-key,,,4c6574f9e33284c4f87cb7aeeffa7b52e96676cb
130:6533,lock-key,,,f1b1de2f4e9f0a9e6eaa558b4495bfe471ff4117
130:6536,control-slider,,,7e6615a680c23d74dd314aa72abc2eb6aa1f0716
130:6539,multi-window,,,ffcc7e8f2ca75e6c87a2b2c1dbd0408c7c808bfa
130:6544,multi-mac-os-window,,,df7a0212b1d6ba993d1f3601fe3c9826e7619d19
130:6553,system-restart,,,f4465b1e8319043f3aa7fe212fea73986011e6b9
130:6562,system-shut,,,b7e9b46323c63bd25ae247ed3c8b2bf4bf9d430b
130:6565,safari,,,c40bf62710c62f92e93e67a99a9fa939c4555ce7
130:6579,cookie,,,a1085eb251de941a8f550359bd131073a717b43d
130:6588,half-cookie,,,2604bfc23b0788b65fa50b8d4c019320998d7708
130:6599,accessibility-tech,,,a886b310d765ebe0cf3d63d5aeec562677dad81d
130:6605,accessibility-sign,,,eafdd637e70e388e2586a0e08221a65b016fb893
130:6611,windows,,,1d54cefd466fb1a083686a1955d1b5563563b153
130:6615,apple-mac,,,7d7271695f7c2bc97ddea463ba7859cdd99d5280
130:6618,linux,,,ed1e19690eab624a32ca04f7331f9855df2e589c
130:6626,new-tab,,,10f4ea3959252c78808a0175f3badad05c892371
130:6630,search-engine,,,fbb89ef4e8d4f001b5b02f45fcbcd4e4324c8070
130:6633,app-window,,,cbff4d0a07eb67b305706e5a043823badeb2d3aa
130:6639,energy-usage-window,,,b65ed240d92f353ee0b2795eec25b61af91c28bc
130:6646,search-window,,,0cf8b0c9f49db93c945be11005ff4ec2958205f4
130:6653,locked-window,,,683ed0e32bbe317ff7ced0782c72c017c6a0ecf4
130:6660,select-window,,,c9ccfe4c2d07c4033469818a564e5cdb8f801d31
130:6667,no-access-window,,,7b7dcade9326855f576eef1be82b12aa1630ef05
130:6674,secure-window,,,cd71570801efa82252e74304656065e414aee2a8
130:6682,error-window,,,4f081c3aef83d53452ed9c8c080beb0eb24f7752
130:6689,reload-window,,,c17b7200e757c335c412e7f44cf5b043d5ba82e6
130:6699,warning-window,,,9ea9cade0bad1397663908bebf73a0a2a953a082
130:6707,check-window,,,760f0629951b5526e2d601f44866682e3599322b
130:6714,download-data-window,,,e7cf945fbaa84c39e36bdbcc8d9325c7564930ee
130:6721,upload-data-window,,,1ddb5063e792f2be49fbb075cd25638cd2d7dd54
130:6728,pause-window,,,9f2f901c56fdc5184f46792c6ef6d2d7cafec904
130:6736,fingerprint-window,,,812624adc990191c377409479f59d8056e6af7da
130:6744,favourite-window,,,598c4b00f484e1cda45017260642636587827311
130:6751,brightness-window,,,829ea18d1acd6b4105a5e09e2de787b914c7f567
130:6759,brightness,,,12df5819d1c8f36a5a50ff8746b7427622c401b4
130:6763,input-output,,,6ec2b6b1df75dc5bdac8952279fca6f094043a3e
130:6767,key-command,,,66718a273dec2e39330ea0c84553979844ba26e7
130:6772,calendar-plus,,,37faa2c178d9bc89505d329c8fe741e2219c57e4
130:6778,calendar-minus,,,65a80d8c08b1b7ab77361e6c949c33615e09e885
130:6788,airplane,,,4c5ab8c2df6e3bd95b5ca26209646930ad6298c4
130:6790,airplane-off,,,f3b19b2f708555a2acbda90303d431529cdaa87c
130:6793,bicycle,,,bed02547f960c8d47cf39608c4351046a22291ff
130:6799,car,,,474b2a6e88b5b3425c482d298d444e5cbe684a8c
130:6804,airplane-rotation,,,f839228f75bd63600c92bebe9c56e9a26571d3a6
130:6810,gas-tank,,,b185fdca0ac2de5061b3b67b0bf39c86288257d9
130:6813,gas-tank-drop,,,e6a0e325ae816bb5587a02749b03798dc806b5db
130:6816,bus,,,d7d49dc5d5461d66aae133eb989837e8583a9971
130:6824,bus-stop,,,325c86ec20b21b92efeaa3f14c905d8d7082f558
130:6832,metro,,,32f345331e8b7c24145f237e29f9343564dcab87
130:6842,train,,,07f210a50d7f75e08ac478f8e3f1d928bdc9990d
130:6851,tram,,,97df48ef58536885f39f8175e1daba9e5e995ac2
130:6861,airplane-helix,,,4e14a24efba8ae580f28d1e00ae2fe2390466150
130:6867,airplane-helix-45deg,,,e3155f264d5db11b906a12087b87839e9f492ff3
130:6873,hand-brake,,,3c13e5ffaa62517f9d04a029be55406a60c5b76f
130:6879,ev-station,,,1ba544fba851feaa9ead949abd3c918b53d65f30
130:6884,ev-charge,,,751553135950dc9322397636d7fc0156f4c30f33
130:6890,ev-charge-alt,,,fbe6f0d9b13b8e732e9488acf6f9f96724b2bffb
130:6898,ev-tag,,,3495eb6eb9dcff5f6c68f55f34914ea2d1f78399
130:6903,ev-plug,,,89b37d581fb88312fb0e8e53fbef39b0fe26645c
130:6908,ev-plug-charging,,,6dca10f93d0b00fc155bc93aea58151a686bc281
130:6914,ev-plug-error,,,1b96905a250ff333e28bdacdc81c8d03374c6175
130:6920,parking,,,683cbd133613ed5cd2e61bb029d2b82984def0d5
130:6924,truck,,,0fa3a0781df34247badde1894d628b322fb8af04
130:6932,delivery-truck,,,5ee671e03232e92d8442e10a1d0d186ff4af4570
130:6940,truck-length,,,7d0ccfcf885b6b8d5c3c55e8a7b3cc118fb86b05
130:6948,delivery,,,9dd0616a21b598627c7d04cdcb3023bef09b839e
130:6952,package,,,b4f551cfecfe52317c9d3a8a96b2612b0d480c15
130:6955,package-lock,,,9e5283fd1eabe1a4d23b6a8735d3007dffebb55c
130:6959,packages,,,0b9ab2430e197cfacbd61f48cc689e2a843a0c31
130:6966,motorcycle,,,54095be5c145e6b8f90744d6d08e3bc1bc09b4b6
130:6973,green-vehicle,,,7cb59e3bd3fb9b3bf8787caed05059d4f15eac23
130:6981,green-truck,,,1eab72c02728a569dfbfc63e73ee408a2105bf75
130:6988,hot-air-balloon,,,be97e3d3e1e4299694a519c7b8dc188e9927c7b4
130:6993,drone,,,fe52e29d0e024523a41abac2f3c0edffe5a1afe4
130:7003,green-bus 1,,,a951aa94a8fa1488486720daa8977ed1545caaaa
130:7012,drone-error,,,d7dc624dfa35633bf5ed69b220f8e75bf0358418
130:7022,drone-check,,,aee9498f837cc56e000afe1ca8f97693487b539d
130:7032,drone-refresh,,,d249b20c3d47087999337ef01affce894277ac7e
130:7044,drone-charge-low,,,7aab6343ebb2d825d7f34fe9367e592f2ff47b86
130:7055,drone-charge-half,,,4980f52ae8628629a8d30278eaf3a8ae7c3d3060
130:7067,drone-charge-full,,,aae7ac1ff89ede29fd38a1a8c795aead3e8cfb13
130:7080,drone-landing,,,3544f9a06162a2e9761dc1a305e96b547664b23d
130:7090,drone-take-off,,,dca7f7999219318425dc47cd2595cb98c102092f
130:7104,hammer,,,6300f429cb8ad09871bd2e7b04a0de45608211ab
130:7107,angle-tool,,,e8c6b1ad00edea86b0fa3e36358b17b9d15c7763
130:7115,tools,,,96b750b6ab030cd350756e44a423c5131b0e5b87
130:7120,wrench,,,cf5d0c7d0d49e744212bde88456a82dd2f192e49
130:7127,temperature-low,,,14e21ee09268c5592911240967191aa52bb4ade0
130:7135,temperature-high,,,63f0e49d823a1eb1050c0e0b167284d33d98db31
130:7143,snow-flake,,,f1bb61cbc61b6f024adb33e88fca7e8b393538a5
130:7145,cloud,,,6704670172f45cb50c3762e261304af2e9a7ee16
130:7147,heavy-rain,,,68670e8baaccad01160ba9d88b09f190c393a9a6
130:7152,fog,,,3f4cce000209782f7ca98b8745326d5a7e5658b9
130:7157,rain,,,88e1a4b1bbaf255623d0353b18213890867d3231
130:7163,thunderstorm,,,efbf05c43618b85a657a5397c7385d0a572e8cd3
130:7166,snow,,,258440fd66a1c25bda6e90d83a2ca28e5a1ccb47
130:7169,sun-light,,,247fa6deb60de30e47388c24f763f582807b8415
130:7179,cloud-sunny,,,68e00b88c68dd9d45932cf65b848fda130abd8f6
130:7187,wind,,,60363250f0b8706eb38d40f236ae4b0bae16c4e5
130:7192,temperature-up,,,b7d1d93b0aa37ceef50daee656a9b2c1ecd55c62
130:7200,temperature-down,,,49c91892c0c1e64842aee2d10174b43c9f23f558
130:7208,dew-point,,,8113195f4b0fa6321db826e3248b014476e36f39
130:7220,fingerprint,,,11e3787cde45e695763d3997dba20d9802b8035a
130:7230,fingerprint-circle,,,29a3fcb91289e7d90191782b6eb53227511868c7
130:7234,fingerprint-check-circle,,,2cb4fb0176d36abc54c023105cf5ed4f8e5cbef8
130:7239,fingerprint-error-circle,,,806bacaa75d67a8b5f184f249c3929753ca6d974
130:7244,voice,,,073d39e759ca814ced2a8e5a710db5da22641622
130:7250,voice-ok,,,66da001683a76c58e4a611d94de23bf60d9f9492
130:7257,voice-error,,,1b76052fc04959b599d16998535dec5c6a12f014
130:7264,fingerprint-square,,,389d7ddb0ae1e42927a895b9a87f4832a875c6e1
130:7268,voice-square,,,0dae2f24a542ce304caf3655ba223903acf7fd7f
130:7275,voice-scan,,,9ac7f7032f9da08d004fadb988fa8091b564e449
130:7285,fingerprint-scan,,,fcdd210c4f0c23ac3f76c3809061264cf33187ff
130:7292,fingerprint-phone,,,3ad643bd41c64b750abe5057886668117f13b782
130:7298,iris-scan,,,6fc085557a3d907dd8c2e63653b606209fc22906
130:7305,scanning,,,e280bc6d6869895f1378ad1e588e2aedfb3eb6ae
130:7315,voice-phone,,,898863e7539da4176d04ef51ce89f89237f796b2
130:7323,fingerprint-lock-circle,,,a292fa6e6b55f4dccccf1ea17425aa9865ef5a2c
130:7328,voice-lock-circle,,,fce0f6b7e2a6bf294a34352271fd272d9c37ac94
130:7336,voice-circle,,,7698d818252ce91ac775eb3655701525b415fec2
130:7343,user-scan,,,c1e26cbf81bb4571b181f17f0c6ffb7b4cf00446
130:7350,face-id,,,65dd448bccf40e738f1638693714443765123d73
130:7363,chromecast,,,9fe48cd44c276709cd7f4de8d23a5d8facce1e71
130:7368,chromecast-active,,,ef1daf781987429a54c60b196b6d60830759674b
130:7374,printer,,,7f2445af0b5e71beb5d4c77c7d50abdee4834861
130:7377,printer-alt,,,ebaff1417c9c4daa28f2e666f9e63da66c8688fc
130:7380,warning-hexagon,,,776b0f671f6de2792f56db26854e3de7a59844c8
130:7384,smartphone-device,,,4f96e78b8111e6cf1f2ee3e49ba5a2f8c6e6ef55
130:7387,modern-tv,,,c46c24b56a9e8f4bd47555a895029fed824a831e
130:7390,tv-issue,,,cabf74b375eb1fbb07c922ae551b052203725b61
130:7395,printing-page,,,6cb9c58ba74a82e86b4deb51a787ef19e4c5cfd4
130:7400,tv,,,9be1a18a7fa520f4f4ad2fa217bdb6456060b473
130:7403,computer,,,b1a32f7ac9541eddfa017b535431c88fb31b9b35
130:7407,hard-drive,,,67a38579444997925207bd0954781a1eee916d40
130:7412,wristwatch,,,15ce43f6ec8eb4c3b7d42cf3bb265c66700424b9
130:7417,modern-tv-4k,,,714e0c8867d7a22a95389cc0cdb6250b6b0f29ce
130:7422,4k-display,,,40bb92f118b17b6477b6f80b3a75925ffbe58242
130:7426,laptop,,,a03a9104f5ae73c023d77cbfc2c58eaaa134a9e0
130:7429,laptop-charging,,,9616f7d93a2f1846ef9667829d7fb89314095b6e
130:7433,laptop-issue,,,1136ce48fb59352077a99835a2f1fd228136eadc
130:7438,laptop-fix,,,14eaa7e9b1ace8bbeea4f32c33aaaa2044b60426
130:7445,tv-fix,,,a1c9e11bbe6cf35bd2b1debb1e2f16c63f98048f
130:7451,megaphone,,,435cee45bdf3b613201f939d206e4d64b6e60429
130:7454,vr-symbol,,,61d1f452b685074776e664377384bd96e61b6dd3
130:7458,ar-symbol,,,c539e61ad8779253d758e834cff4fa12cf31e157
130:7462,pen-tablet,,,8705afe4e90487c0c13539b3edeef3940a6e4508
130:7469,pen-tablet-connect-usb,,,8fdbfdc6d950eaee8b0cc9d86362cbae3787ffa6
130:7477,pen-tablet-connect-wifi,,,0cd8b1ec8001acf1995e2d497ff514d50c7fb3b3
130:7484,pen-connect-wifi,,,3fd04bf1c33174365c279770b2158338e6fcd780
130:7489,pen-connect-bluetooth,,,85c93c9278da909299866c78016a630ea862bdb3
130:7493,apple-imac-2021-side,,,0d9dff19d7fbae1b5fd1b1ebc1100acfb756f507
130:7496,apple-imac-2021,,,2af0c82a9e37013beaa3ade1c2ddf308935772f3
130:7498,save-floppy-disk,,,6e8e4969b33702e4a836dc9d2797a5c35786d545
130:7502,video-projector,,,78d36b3f5d590639840f921127c49b6a01ce1497
94:1714,"Size=Medium, State=Default, Content=Only Icons, Style=Outline",,94:1634,8b0bfdae7145f65819b5b89ac80c7e0c7da06fba
94:1716,"Size=Small, State=Default, Content=Only Icons, Style=Outline",,94:1634,02ecc0c20d5f883ef0ccb1eb1bef0f00385c82bc
94:1718,"Size=Tiny, State=Default, Content=Only Icons, Style=Outline",,94:1634,59c7d5a1176408bfa11e8f80f139faa06d9bdf43
94:1774,"Size=Medium, State=Error, Content=Only Icons, Style=Outline",,94:1634,a75cfdbc71894ca8ac540bcf06edb7fe16d6e967
94:1776,"Size=Small, State=Error, Content=Only Icons, Style=Outline",,94:1634,7c0eeb3757ba1179f460326fc4734e40d24882f9
94:1778,"Size=Tiny, State=Error, Content=Only Icons, Style=Outline",,94:1634,432bd979d499f57477a4b86eaede9088f6fa27b5
94:1784,"Size=Medium, State=Success, Content=Only Icons, Style=Outline",,94:1634,d379d25aed8409321ae47863b47f7ed284ace365
94:1786,"Size=Small, State=Success, Content=Only Icons, Style=Outline",,94:1634,ba34b3c24dada56df4a87d74bc846a1d318e72c0
94:1788,"Size=Tiny, State=Success, Content=Only Icons, Style=Outline",,94:1634,9f0004a9aac77858c02b84caeece436f49cfa265
94:1794,"Size=Medium, State=Warning, Content=Only Icons, Style=Outline",,94:1634,d0acaf03d48247a3e9ee4907be96e14c3a064403
94:1796,"Size=Small, State=Warning, Content=Only Icons, Style=Outline",,94:1634,50018a27dfde98a5f43f7d7162da0ca81aaaf6c8
94:1798,"Size=Tiny, State=Warning, Content=Only Icons, Style=Outline",,94:1634,a90019116f41d5bdaac845522c71d05c71fb0bc8
94:1804,"Size=Medium, State=Info, Content=Only Icons, Style=Outline",,94:1634,b109631b6955841a4c5f45f7d9fa322236efe4a0
94:1806,"Size=Small, State=Info, Content=Only Icons, Style=Outline",,94:1634,d45938a26f6c6221545f8c768705a5fdebad2ff5
94:1808,"Size=Tiny, State=Info, Content=Only Icons, Style=Outline",,94:1634,636b6a20f46975bd08a16514283d3a7837a77c9b
94:1920,"Size=Medium, State=Default, Content=Icons + Text, Style=Outline",,94:1634,627b7142cb9383d800bf366e46d0a792d467eef4
94:1925,"Size=Small, State=Default, Content=Icons + Text, Style=Outline",,94:1634,14f7ddfe2e7bb95e731d559ed439c3871e468dcf
94:1930,"Size=Tiny, State=Default, Content=Icons + Text, Style=Outline",,94:1634,fced44f3e6edc95593ace9c530bd320e9d91b6db
94:2070,"Size=Medium, State=Error, Content=Icons + Text, Style=Outline",,94:1634,d3780e8690fc4efdb89130aada3e5290aaa6bd24
94:2075,"Size=Small, State=Error, Content=Icons + Text, Style=Outline",,94:1634,f2419ecb0945783ecc4110601b28b88184343caa
94:2080,"Size=Tiny, State=Error, Content=Icons + Text, Style=Outline",,94:1634,86cda41956a24f595b26dd4b40d8845febeeed8c
94:2095,"Size=Medium, State=Success, Content=Icons + Text, Style=Outline",,94:1634,e9a099b13c9648378ee58a97ceaa2ac9f46c832b
94:2100,"Size=Small, State=Success, Content=Icons + Text, Style=Outline",,94:1634,0f8a200f42b5f41bbea23a365d6158ce791290f9
94:2105,"Size=Tiny, State=Success, Content=Icons + Text, Style=Outline",,94:1634,8b75c221c4e7d5ca67ff1c2120871bda06d87589
94:2120,"Size=Medium, State=Warning, Content=Icons + Text, Style=Outline",,94:1634,b7fadc9bd11573b53ca16970c98a348af6b8cd68
94:2125,"Size=Small, State=Warning, Content=Icons + Text, Style=Outline",,94:1634,e070b31b91e7ca111ac2547968240265b405f6fb
94:2130,"Size=Tiny, State=Warning, Content=Icons + Text, Style=Outline",,94:1634,7f2ba60f7322aa1d315be50d59a79acf1d644b17
2675:4690,"Size=Medium, State=Fillter, Content=Icons + Text, Style=Outline",,94:1634,7f8ee54777386592751687078ed71884321b4685
101:1637,"Size=Medium, State=Default, Content=Only Icons, Style=Filled",,94:1634,f6550c21b9192d9214ecf843f0c069b3059dc26d
101:1639,"Size=Medium, State=Error, Content=Only Icons, Style=Filled",,94:1634,dd96c7cef76093556d4c7f8c6ed1a5b8d35030f4
101:1641,"Size=Medium, State=Success, Content=Only Icons, Style=Filled",,94:1634,a1c6ef87e969cd49165f9123c1862ba1037aa237
101:1643,"Size=Medium, State=Warning, Content=Only Icons, Style=Filled",,94:1634,66780590f79305a6bae0714355a7e1a823e46a6c
101:1645,"Size=Medium, State=Info, Content=Only Icons, Style=Filled",,94:1634,b0fd56a6cf7066169d6504b2df30a2ffb0947c90
101:1652,"Size=Medium, State=Error, Content=Icons + Text, Style=Filled",,94:1634,90f41025b98583518a2084cb1f2c0af520f3ce1e
101:1657,"Size=Medium, State=Success, Content=Icons + Text, Style=Filled",,94:1634,bb7a4851f22e6862987d160ccae6238f1d9fdac4
101:1667,"Size=Medium, State=Info, Content=Icons + Text, Style=Filled",,94:1634,f3ba19e9859939ea89e5a563ca26a94cbe8e344a
94:2150,"Size=Small, State=Info, Content=Icons + Text, Style=Outline",,94:1634,8506b0a92fff54b5c7d97210d23d875c08d6ef21
101:1662,"Size=Medium, State=Warning, Content=Icons + Text, Style=Filled",,94:1634,0d9f5bd15a09e4e201369ad19018b3329182f3bc
2675:4706,"Size=Small, State=Fillter, Content=Icons + Text, Style=Outline",,94:1634,806b9e46ea98dc2336656a7a38b41d32698030e9
101:1714,"Size=Small, State=Default, Content=Only Icons, Style=Filled",,94:1634,1b8014ae3980ba641f113ef865fb6c5f7df7dc21
101:1716,"Size=Small, State=Error, Content=Only Icons, Style=Filled",,94:1634,dc4a44e622d1394d65f0d4c306f3bc07874ba3da
101:1718,"Size=Small, State=Success, Content=Only Icons, Style=Filled",,94:1634,7b963f24ae2aaf39f61521614c95bf3cbf72f6dc
101:1720,"Size=Small, State=Warning, Content=Only Icons, Style=Filled",,94:1634,965c1c7a5e19c642600aa8d8d7900fb4c52b5ab3
101:1722,"Size=Small, State=Info, Content=Only Icons, Style=Filled",,94:1634,bd0bc6e5ecbf1e8c25a26099fc13fc40056bc997
101:1724,"Size=Small, State=Default, Content=Icons + Text, Style=Filled",,94:1634,8a09d042a4de623f52aeb279daf6b74c3a672535
101:1729,"Size=Small, State=Error, Content=Icons + Text, Style=Filled",,94:1634,d42aa0045c7a167568ba0e5db7af9ac0c6b56206
94:2155,"Size=Tiny, State=Info, Content=Icons + Text, Style=Outline",,94:1634,6c47ad1c088ca4b5dbc42b87f6d2e3ffcf022804
101:1734,"Size=Small, State=Success, Content=Icons + Text, Style=Filled",,94:1634,3924fbcbc9d36fc0c5acc7bfaee9f63f775d10c1
101:1739,"Size=Small, State=Warning, Content=Icons + Text, Style=Filled",,94:1634,7c8b40fd5b7ce530fdb6fa874ccb7b4458c16a07
101:1744,"Size=Small, State=Info, Content=Icons + Text, Style=Filled",,94:1634,d582a8de730aac3cba1764e81b3a11a2d0f3b596
2675:4779,"Size=Small, State=Fillter, Content=Icons + Text, Style=Filled",,94:1634,fec420bdf74591f16bd11fd2bcc18b3d22cde8d5
2675:4714,"Size=Tiny, State=Fillter, Content=Icons + Text, Style=Outline",,94:1634,548b9ccb2cdd14b5bb7068930c9b0859956b213e
101:1780,"Size=Tiny, State=Default, Content=Only Icons, Style=Filled",,94:1634,bb4b1cba0abda7fe4129a2e6858b2a228b22585d
101:1782,"Size=Tiny, State=Error, Content=Only Icons, Style=Filled",,94:1634,e0580bc87b718b111701de15875ccdeab1fc0a86
101:1784,"Size=Tiny, State=Success, Content=Only Icons, Style=Filled",,94:1634,9db5dcbed1a2ce5006b0fb71b7e04c73ecdee87a
101:1786,"Size=Tiny, State=Warning, Content=Only Icons, Style=Filled",,94:1634,5ec49129450d50a107b7abedbfdc3f8c658268c7
101:1788,"Size=Tiny, State=Info, Content=Only Icons, Style=Filled",,94:1634,053fa1a801e7c709f4182d3bca67077f942075f9
101:1810,"Size=Tiny, State=Info, Content=Icons + Text, Style=Filled",,94:1634,b1c5bf489ec702dbe8c72087094e7434f28f5ce3
101:1790,"Size=Tiny, State=Default, Content=Icons + Text, Style=Filled",,94:1634,bc2b57cc8ecb48e8bd90b1e941c35a3c372500b1
101:1795,"Size=Tiny, State=Error, Content=Icons + Text, Style=Filled",,94:1634,7153413c7ea2ecd8e5bb25783779514e0cc4359f
101:1800,"Size=Tiny, State=Success, Content=Icons + Text, Style=Filled",,94:1634,1a153e2860fb2bb04f5a3f56d62a6e6d9d6c1a15
101:1805,"Size=Tiny, State=Warning, Content=Icons + Text, Style=Filled",,94:1634,8d8c74d16f6ab86147814ac1f7bf4133c34c8e3a
2675:4722,"Size=Tiny, State=Fillter, Content=Icons + Text, Style=Filled",,94:1634,a7a8779d777ca3093b5f13f2a250259ae63f97d5
104:1726,Size=Giant,,104:1727,278079014602a5eaf0364cd123de065368bfedb9
104:1728,Size=Large,,104:1727,331d58bb20f6b7bc0978e7e42551f40dc710a017
104:1730,Size=Medium,,104:1727,d5466f89aea18d2458433c045cef58d419b05a9a
104:1732,Size=Small,,104:1727,a33d79b1b47dc29880e1bef417424a33190a704c
104:1736,Size=Tiny,,104:1727,5040976ceb59e1ad675ebdaf180b583d0765b17d
104:1563,Position=Bottom,,104:1571,deef576628fe769dd08f3a4fd6d429956bf68b73
104:1572,Position=Top,,104:1571,6a17ceaab62e930c7926958553ea424b8ef3e6a3
104:1578,Position=Left,,104:1571,4b30cd90aa759a90490b6fddf3f34d4ba2d59c86
104:1584,Position=Right,,104:1571,f3f0aa509a45bf3c1cef5c286cf656cd7fea3e8d
101:1925,State=Default,,101:1936,3156328cdd0593e688c91d4ee7a2f477d304d661
101:1944,State=Focus,,101:1936,fb68df6492610b8078cdc4b85a61e90c97787550
101:2134,State=Selected,,101:1936,836695c39796868d37b598814d8256a9ae82a184
101:2151,State=Disabled,,101:1936,c2431e63325928bee8615e7630b00761ad8e8003
101:1937,State=Hover,,101:1936,775a0eae1263e1199f0afa436ed35d82dff06b3b
101:2118,Amount=5,,101:2177,668f7f70250912ef7171d01d431a98f9588bdb4c
101:2223,Amount=4,,101:2177,eaa7caeba0e1a03f8c979b79a69782a47dfcd3ae
101:2312,Amount=3,,101:2177,d257ebe4345f59fb3bf959f4f46ec1d1748c0fc7
101:2363,Amount=2,,101:2177,453eaaa805965eb50c1a456af2937233b5e86fdc
104:2017,"Position=Left, State=Active, Procent=0%",,104:2039,aba8f9223acc0688a902ad60944156256bc611f4
104:2088,"Position=Left, State=Disabled, Procent=0%",,104:2039,2b5238144f51fa779b377ccc460ab80a5956a502
104:2048,"Position=Left, State=Active, Procent=20%",,104:2039,de2dfdf721804c8d9e4da04cae35e4cd0226f48f
104:2056,"Position=Left, State=Active, Procent=40%",,104:2039,542369bc0a33fb807cb66e77d7d6fe3d29795a77
104:2064,"Position=Left, State=Active, Procent=60%",,104:2039,88e2f972fa35ed1feb97ca4df31ff85357e9919a
104:2072,"Position=Left, State=Active, Procent=80%",,104:2039,c56101da88621b81b3971e42a7ece681305e75ad
104:2080,"Position=Left, State=Active, Procent=100%",,104:2039,f6b0416bb6de791103b5162262da6247468c116a
104:2112,"Position=Right, State=Active, Procent=0%",,104:2039,6880a958b5df78a5d0bff4c44906c6de50d2c018
104:2120,"Position=Right, State=Disabled, Procent=0%",,104:2039,d83697af6e457b53674373e0b4c9b9879fb29dec
104:2128,"Position=Right, State=Active, Procent=20%",,104:2039,1c912895435f4820020a568f76e8e26225d8b6bb
104:2136,"Position=Right, State=Active, Procent=40%",,104:2039,6513b95212fa184f5aa1c92c73a9784b0071ad38
104:2144,"Position=Right, State=Active, Procent=60%",,104:2039,d467b404bfd831792db9129bf278cdc965b4127c
104:2152,"Position=Right, State=Active, Procent=80%",,104:2039,a6e6a47460f70d9a4b38db6b6574aaee270c7def
104:2160,"Position=Right, State=Active, Procent=100%",,104:2039,889e4192181051eb21b2fdd2c3966161cf9df5c5
104:2468,"Size=XXXL Giant, Type=Image",,106:1495,0e69072527983a4b0fa3f6e4cedc6550a6eadf82
106:1496,"Size=XXL Giant, Type=Image",,106:1495,d1da51aba26005f58e07ecd0e49d0e76d7e04539
106:1499,"Size=XL Giant, Type=Image",,106:1495,7e06a5c4e598db07b8c87b6177ff09332c0b67ef
106:1502,"Size=Giant, Type=Image",,106:1495,e0f9e0696feb5b896adb33064972cda642f08a27
106:1505,"Size=Large, Type=Image",,106:1495,1d9b4a6d1856d33d7fa7782122dfa3e0b80772e6
106:1508,"Size=Medium, Type=Image",,106:1495,721259884ed48f9e16f089461277c087c4aa9763
106:1511,"Size=Small, Type=Image",,106:1495,0c59a520831270e06638749c665f9b7e58a2500c
106:1514,"Size=Tiny, Type=Image",,106:1495,038f3923d865ffc379f9fc52d79146c3ef4c1ad8
106:1520,"Size=XXXL Giant, Type=Letter",,106:1495,f7346bc4573918539715b42066e57a40c38c19a2
106:1523,"Size=XXL Giant, Type=Letter",,106:1495,2f577fc648f29d1c4f7b10b301da981a64e580b7
106:1526,"Size=XL Giant, Type=Letter",,106:1495,fb6984bd1c7e9ea56dcd651e86a640bc02d49cdf
106:1529,"Size=Giant, Type=Letter",,106:1495,7c735c48cbb7a8e06d508d33e64a958c578c7116
106:1532,"Size=Large, Type=Letter",,106:1495,a4636d01a26a96226d19cc6fa16173ccfd4bf228
106:1535,"Size=Medium, Type=Letter",,106:1495,e4d740fd8ea3e3c5259181ab7ff65a4713089570
106:1541,"Size=Tiny, Type=Letter",,106:1495,05cc13459ef1618e7cb0ad3743f1cc5cec197e7c
107:1498,"Size=XXXL Giant, Type=Icon",,106:1495,a2d3301228db02106e892e22da373acff49bfe82
107:1502,"Size=XXL Giant, Type=Icon",,106:1495,5648cc4fa73c18636695885e218e8dbc65485e67
107:1506,"Size=XL Giant, Type=Icon",,106:1495,51fa5ea3ea133b1be7a1334272b9bfb1c822f46e
107:1510,"Size=Giant, Type=Icon",,106:1495,a46fd8c78c78f8a39871ba0cb58b5decd86b1d6d
107:1514,"Size=Large, Type=Icon",,106:1495,a642f3284326fddb1ec9b065accaf04e2ff59252
107:1518,"Size=Medium, Type=Icon",,106:1495,6d38ee15254258e0d6c844a00e1e0bd7ddfac70b
107:1522,"Size=Small, Type=Icon",,106:1495,f27394010f22a3d0d3d5fa90b963989a82daa014
107:1526,"Size=Tiny, Type=Icon",,106:1495,b2dc3ea7ed2910d294a575a4b665a84962d968a1
81:1225,"State=Default, Position=Off",,81:1224,d3a674859d4c483b786d92178d996a44d75082e6
81:1227,"State=Hover, Position=Off",,81:1224,4a397ff4049230d8368993b299da7c0f4e580b3e
81:1228,"State=Focus, Position=Off",,81:1224,b696db470782fe5f26758fe7dfeafa70f098304f
81:1229,"State=Selected, Position=Off",,81:1224,3e5b1eb0610b109c0ac7c346800ba9e5e2c18022
81:1280,"State=Default, Position=On",,81:1224,cf05aa13bfa281d3a29860598922aadfc9ff31d2
81:1282,"State=Hover, Position=On",,81:1224,467325c76d6fec43cb3292aad8f2ed8c35a9c3e2
81:1284,"State=Focus, Position=On",,81:1224,e665d611ed4fa767e593dfd75b3559d06ad8015e
81:1286,"State=Selected, Position=On",,81:1224,49b386497edfbe1a94e4a5c50cca8bf7ebdb2ca3
81:1232,"State=Default, Text Side=Left",,81:1231,fb0765ee23f652d9c1edafe57a6a84fdee134f35
81:1235,"State=Hover, Text Side=Left",,81:1231,34264058fc9d17184ac7b80f3dc80b743d80fee2
81:1238,"State=Focus, Text Side=Left",,81:1231,6b5deb032bcc2ad612432b36825f6e7e0fa00fcb
81:1241,"State=Selected, Text Side=Left",,81:1231,93750e42a529324d1bfe283a48cd633c46120a97
81:1247,"State=Default, Text Side=Right",,81:1231,32f190d735f3ee925815ba6a55eb3f95e22564c1
81:1250,"State=Hover, Text Side=Right",,81:1231,9305cfa13a91de6244b12b0bfe08b866fa6743d4
81:1253,"State=Focus, Text Side=Right",,81:1231,6fd9cc0885eef824581d66fcbd849a5040bcc6b7
81:1256,"State=Selected, Text Side=Right",,81:1231,aaaf3c45540d85b910bd585a77a9fe7730b24b6e
80:1702,State=Default,,80:1701,7793bc0272d6c2c0e8621600506e1116a8f1c6b7
80:1703,State=Disabled,,80:1701,de3686e3cc63eb38d9cab6f8654b0e9d6a02da90
80:1704,State=Hover,,80:1701,15b2ed316347616d27dcf4466f593d3bf5244294
80:1705,State=Focus,,80:1701,bc3c9de5da7223546b12503a5e1d4116c8c8190d
80:1706,State=Selected,,80:1701,7179895b622af78078b7161a8b3ddbb8b2e7ba3b
80:1711,"State=Default, Text Side=Left",,80:1710,746656ebdb52130d7883eba53196dfcd3a8d8421
80:1714,"State=Hover, Text Side=Left",,80:1710,e0a07998961f3cb8fb42bba1f745a0b2e58fdb2d
80:1717,"State=Focus, Text Side=Left",,80:1710,43fd62772a65f32fb2fd5b72be6f93a7ccaaf716
80:1720,"State=Selected, Text Side=Left",,80:1710,1dc8acd41ea695f29266caa7b2840bbac1c3bc12
80:1726,"State=Disabled, Text Side=Left",,80:1710,b1edd1ca801016fe7951e303d30f1fbc46d76d0c
80:1729,"State=Default, Text Side=Right",,80:1710,4154891fe9fc2cc789ebd36a9ee538feec995a56
80:1732,"State=Hover, Text Side=Right",,80:1710,6af3df96c500ef414290d94f9fab691e3fc4038c
80:1735,"State=Focus, Text Side=Right",,80:1710,5b34a4c94e6691d8d2a15934260e47ba3d9e6bc2
80:1738,"State=Selected, Text Side=Right",,80:1710,246094d5d5d2ff03643dc9968a7209699964e51e
80:1744,"State=Disabled, Text Side=Right",,80:1710,1cd3513462643519159c632901c344dab5391981
78:1431,State=Default,,78:1432,d770061dee3b2958ad2bc19a9352ac69eb4a7397
78:1486,State=Disabled,,78:1432,ac9a7931c1f17a6b235f2ef3070e26c66308e2ef
78:1433,State=Hover,,78:1432,5598c8ef958cbd9b56f49e31d91c79882b61fe21
78:1457,State=Focus,,78:1432,15d7fc34bd04fbdc4c818a547a08d1d6eed90317
78:1480,State=Indeterminate,,78:1432,e26dfe2a0806cfe91c4fa6fa3f54971499806d3e
78:1513,"State=Default, Text Side=Left",,80:1519,c4f4c40b4c78e4e1191e5f1f83dc92ced60a7a9e
80:1520,"State=Hover, Text Side=Left",,80:1519,73bdb54fe73d1ab49c63b802538ed1257d6534f7
80:1524,"State=Focus, Text Side=Left",,80:1519,110aad86e0d4f83e3a480cec099b05f563b9cd4b
80:1536,"State=Indeterminate, Text Side=Left",,80:1519,7095d92644e94c7cd74a0c5e064470d99bc6dbd7
80:1556,"State=Disabled, Text Side=Left",,80:1519,be4b44e5fe448672f33fc2c5c6f7a3fd5e55a13e
80:1650,"State=Default, Text Side=Right",,80:1519,5a9c9ffff8779a51b6007d7b05132993d595d864
80:1654,"State=Hover, Text Side=Right",,80:1519,d15e0afa50240c86672d547e5ac7fac7ba49ee68
80:1658,"State=Focus, Text Side=Right",,80:1519,86a93b2d54d25dde90c495d3b2d823c70c4df132
80:1662,"State=Selected, Text Side=Right",,80:1519,b3d8419a65a53a7be4617363ed94495d07a769f2
80:1666,"State=Indeterminate, Text Side=Right",,80:1519,636f1ca0b708a1b8f250eac243f46c4db1aee064
80:1670,"State=Disabled, Text Side=Right",,80:1519,d69f005c6ff427c0b2402fee2249d3b5dd22e930
118:1617,Navbar Top,,,f3076aebc7ae5dc5d1e788a6d7eaa661f3c9f015
118:1535,Content=Text + Icon,,118:1529,0a68906982f6c9ce17b35c57a4d6198086b52e3f
34:822,nav-arrow-left,,,bcad8746df8e8b473ca90818914440f3197bfa77
118:1595,Content=Title + Secondary Text,,118:1574,ca3c43ceb0d02febee7f0e3ac3317a1c30b49b85
116:3866,Content=Icons,,116:3868,ec816b4674f1f721ac0a18f128130c42a11cdba4
118:1575,Content=Title,,118:1574,1c0213b6a6459ffa20eced3126d6bc4e142ea749
116:3869,Content=Text + Icon,,116:3868,2aacd4855e2ae40ef3c70d87b833d24483accfb3
118:1530,Content=Icons,,118:1529,487b51daa8062c4339f569d0c1bd08a5851bd747
116:1400,"State=Selected, Style=Line Selector + Icon",,116:1415,f6cbbd43b32418f62a044469c0b7cd7ea904b8e5
116:1495,"State=Selected, Style=Text + Icon",,116:1415,b5950a4585bd812f4df3d8831fa2a14dc1ee43c0
116:1527,"State=Inactive, Style=Text + Icon",,116:1415,bc3b935e9af631b822a13f2647d8f4f55aa16b74
116:1483,"State=Inactive, Style=Line Selector + Icon",,116:1415,4f754c69508db07612bc44c5ac263fade29f675b
116:1661,"Amount=5, Style=Line Selector + Icon",,116:1662,1c360c4fd2f91557cd548182f7c5f00eef11e827
116:1663,"Amount=4, Style=Line Selector + Icon",,116:1662,d5b4aad44401cfa6a4b971bc5599b0c8ca5d3fa0
116:1689,"Amount=3, Style=Line Selector + Icon",,116:1662,d733ce046f7372797c26f11f113f705c3fc4f4af
116:1710,"Amount=2, Style=Line Selector + Icon",,116:1662,faa3acef58c0fdaa6e642b1e9810881c9026132f
116:1805,"Amount=5, Style=Text + Icon",,116:1662,94b054c4d9f3585c78111a6fc5227ee0acee733b
116:1811,"Amount=4, Style=Text + Icon",,116:1662,e1166c5c03a44ee2989ffd4a430bd254094c79af
116:1816,"Amount=3, Style=Text + Icon",,116:1662,9143cac3c2e0a8a1c695c175aaf14c49032399d1
116:1820,"Amount=2, Style=Text + Icon",,116:1662,2c014cc39d18de433357e454b4411b75d470dd66
116:2019,Navbar Bottom + Home Indicator,,,c306c6786de59e883313518352d62332994aa3f8
89:1364,Style=Primary,,91:1222,b5dbacbfb7825f14dbb9aac23301a05a50e3b2fb
91:1225,Style=Secondary,,91:1222,1e6d03f34d79fdd009f82f5d2de709cd6aec5815
92:1237,"State=Default, Style=Outline",,93:1422,f28b8a0b238502207a88f83e50da8cc8b3d6d0f7
93:1435,"State=Success, Style=Outline",,93:1422,ac212a9c5a0ef200bf81e3baef4cc0dc7a61a85f
93:1447,"State=Info, Style=Outline",,93:1422,14b163fb5add2dcb72452f08060ba23400f4f48b
93:1470,"State=Warning, Style=Outline",,93:1422,ef25e3aaa9e00b1bd19503793ffea2b09b36013c
93:1504,"State=Error, Style=Outline",,93:1422,822961a158a209338ee5cf43f9d777454863c9d3
101:1574,"State=Default, Style=Filled",,93:1422,e362dfef9110e5f1a5c8240f39875cda457f5750
101:1583,"State=Success, Style=Filled",,93:1422,c0e2f2ead86910f2a78330cb4e3ec2d54f013265
101:1592,"State=Info, Style=Filled",,93:1422,ab8070d9e85cb9f5c133ca74614c9bd417f184fc
101:1601,"State=Warning, Style=Filled",,93:1422,6ee75aaf6b7b3b5ea4eef8e65a0488fd8b38776f
101:1610,"State=Error, Style=Filled",,93:1422,3e3c388d75d8beba73e5a1dbd11b3b70926c1001
64:1086,"State=Default, Size=Large, Style=Outline",,64:1101,04e7d5087e4bc2edeecdf366d8a19cde47d09e05
64:1102,"State=Filled, Size=Large, Style=Outline",,64:1101,f239882e88b9b4c18d203d5ce3290bd40a0f57e0
64:1114,"State=Hover, Size=Large, Style=Outline",,64:1101,1065e494ef18b450222444c3301ad60ae4f0191f
64:1126,"State=Focus, Size=Large, Style=Outline",,64:1101,10397782ed845b843129ee5af196f14825a2ee99
64:1138,"State=Disabled, Size=Large, Style=Outline",,64:1101,6e916b10e85a2e9044278354e2871213f1d649c6
64:1168,"State=Success, Size=Large, Style=Outline",,64:1101,8a9053d7a8643e5fb326bd90860a6370672d28b3
64:1221,"State=Info, Size=Large, Style=Outline",,64:1101,7b1ea401efa5ee46e9dd74d6de755a37f4c7748d
64:1233,"State=Warning, Size=Large, Style=Outline",,64:1101,f436ee7044cb832b6454415fb7beadb98ce83225
64:1245,"State=Error, Size=Large, Style=Outline",,64:1101,becd74e32afc885d08ae588ab0f6379a12036be3
64:1509,"State=Default, Size=Medium, Style=Outline",,64:1101,ef2cdbb8826fb76fa159e663b623e17c22628866
64:1519,"State=Filled, Size=Medium, Style=Outline",,64:1101,91deb07abd2497606bc48ae27ba53bbe9cbb757b
64:1529,"State=Hover, Size=Medium, Style=Outline",,64:1101,06e1a712ac1b2de9df4e55dfedfea80eaa1ec511
64:1539,"State=Focus, Size=Medium, Style=Outline",,64:1101,599fdf633f89b13e01092b0b5bceb2bec3f0c2aa
64:1549,"State=Disabled, Size=Medium, Style=Outline",,64:1101,41f90dedcc5268f85817c0ddd69a279ff1c71f6f
64:1559,"State=Success, Size=Medium, Style=Outline",,64:1101,08143fd006e7b14cda1aad2cc14dfe7d4f7b29e6
64:1569,"State=Info, Size=Medium, Style=Outline",,64:1101,cd725c45bcb11692278f6227c44a6e0e12d4a93e
64:1579,"State=Warning, Size=Medium, Style=Outline",,64:1101,ee344fc1839c8b9f478601abb62ce9828c096ddd
64:1589,"State=Error, Size=Medium, Style=Outline",,64:1101,aedceda44d2f67814cbe0186763b7b422273476d
64:1278,"State=Hover, Size=Large, Style=Filled",,64:1101,aab0f6fd86d8dd075abeb8f9ab5a4d7f1b298ba7
64:1288,"State=Focus, Size=Large, Style=Filled",,64:1101,9d19f06e047cddfd370f4d7a4c28f7b4baa81357
64:1298,"State=Disabled, Size=Large, Style=Filled",,64:1101,4c06b727b97c2fe8fc915a126949cd3db71f2c4f
64:1308,"State=Success, Size=Large, Style=Filled",,64:1101,e3a316ac7c1e251cf765b73a71b7a0e5623eeb26
64:1318,"State=Info, Size=Large, Style=Filled",,64:1101,e0e615bfc858bd3a11ff1003c9abd72f9fe01231
64:1328,"State=Warning, Size=Large, Style=Filled",,64:1101,c3aca47b4c89a24f1d6ccff923ba5899c7ca2a43
64:1401,"State=Default, Size=Medium, Style=Filled",,64:1101,68f686b4227eb8987ec7225ccbf856b065572633
64:1411,"State=Filled, Size=Medium, Style=Filled",,64:1101,777026591ba3148a3576e8daa269870a2867bdbc
64:1421,"State=Hover, Size=Medium, Style=Filled",,64:1101,5daac996ef9e915c492192a4d3152c179f63535a
64:1431,"State=Focus, Size=Medium, Style=Filled",,64:1101,98688def87666e309ea22fafc55a3f6c5eeafc66
64:1441,"State=Disabled, Size=Medium, Style=Filled",,64:1101,a54b4adc8ba3a95d7a8a9de58ca0f7c1b76a1e6f
64:1451,"State=Success, Size=Medium, Style=Filled",,64:1101,4b1f844a9bc2d7c5e88e6d8c414c202608ca3baf
64:1461,"State=Info, Size=Medium, Style=Filled",,64:1101,edf5d36c5436f2c911a956ab093838585e34754c
64:1471,"State=Warning, Size=Medium, Style=Filled",,64:1101,9e7464c4bbed9faa6e5980c0a03002a2bfa6c05b
64:1481,"State=Error, Size=Medium, Style=Filled",,64:1101,d7f84fcb91af5f3c91a91a07d31639c35b5b5bbe
36:184,"Size=Giant, State=Hover, Content=Icons + Text, Style=Filled",,34:1219,802f328d08f9689aaf50fd872c214ec29dde2173
36:289,"Size=Giant, State=Focus, Content=Icons + Text, Style=Filled",,34:1219,0a2627441c3a4736f756bda744832775084a586f
36:189,"Size=Large, State=Hover, Content=Icons + Text, Style=Filled",,34:1219,e6a7da259d3fc7d609b965ce898aa4614acbea25
36:294,"Size=Large, State=Focus, Content=Icons + Text, Style=Filled",,34:1219,aa331c8eb1e6e7d1a30f4bfb5e69e1f232bff6ce
36:194,"Size=Medium, State=Hover, Content=Icons + Text, Style=Filled",,34:1219,ac7d8c908f1236239a0a182b318a14ac8c37e48c
36:299,"Size=Medium, State=Focus, Content=Icons + Text, Style=Filled",,34:1219,b612d173e3b14981ea7bf3f1c37849599606a61b
36:199,"Size=Small, State=Hover, Content=Icons + Text, Style=Filled",,34:1219,bf663ab5254e8a5145ca40ae23b819d51c589580
36:304,"Size=Small, State=Focus, Content=Icons + Text, Style=Filled",,34:1219,8facb7d78d5d39ca77d0806e7350acbcb9f548df
34:1283,"Size=Tiny, State=Default, Content=Icons + Text, Style=Filled",,34:1219,67eb8d793007badafe86bda6e75bba07ecbd1544
36:324,"Size=Giant, State=Default, Content=Only Icons, Style=Filled",,34:1219,4bee0708973d1e97ac3c72806df9417f6ef6e00d
36:329,"Size=Large, State=Default, Content=Only Icons, Style=Filled",,34:1219,81f98d9c58ade462a82728ba8440ae0b61f87dad
36:334,"Size=Medium, State=Default, Content=Only Icons, Style=Filled",,34:1219,d032d9124c5ff9fdc14033bc88307c078c122251
36:339,"Size=Small, State=Default, Content=Only Icons, Style=Filled",,34:1219,7b93deb8680567572c989d8418fa71b72492d0a2
36:344,"Size=Tiny, State=Default, Content=Only Icons, Style=Filled",,34:1219,c5a2ea01d5f56209efde34ed1f6e6e116e50287e
36:726,"Size=Giant, State=Default, Content=Only Icons, Style=Outline",,34:1219,1c174fb976400a98ad07378719850dfbd92981a2
36:728,"Size=Large, State=Default, Content=Only Icons, Style=Outline",,34:1219,72e11d084b9397f1d3b94055a8a90367d2bc8113
36:730,"Size=Medium, State=Default, Content=Only Icons, Style=Outline",,34:1219,db280d529fc75a079556e6a5fbac7a7d6c1fcba5
36:732,"Size=Small, State=Default, Content=Only Icons, Style=Outline",,34:1219,20d17e7a96506573a1700a259637f84026b000d3
36:734,"Size=Tiny, State=Default, Content=Only Icons, Style=Outline",,34:1219,1023c83707d3fc60289aa6a709fac2bb11fae4de
36:1068,"Size=Giant, State=Default, Content=Only Icons, Style=Clear",,34:1219,37b09936c5397f936e728288cc082976beef998b
36:1070,"Size=Large, State=Default, Content=Only Icons, Style=Clear",,34:1219,8f63c2aacd18067b56c9bc02e235f7e9bb1fba06
36:1072,"Size=Medium, State=Default, Content=Only Icons, Style=Clear",,34:1219,13e099c36431d0bbc780562464824a33b0818374
36:1074,"Size=Small, State=Default, Content=Only Icons, Style=Clear",,34:1219,8f870542aa2746a4d7959e826f438611257a990f
36:1076,"Size=Tiny, State=Default, Content=Only Icons, Style=Clear",,34:1219,860318c889680e6d066b6d2644b2889e15a6a60b
36:1375,"Size=Giant, State=Disabled, Content=Only Icons, Style=Clear",,34:1219,cf3123ac16d6be5e654be5e0924e71af140a72aa
36:1377,"Size=Large, State=Disabled, Content=Only Icons, Style=Clear",,34:1219,d3391fe58e2b22770ebb01a720d0f69159f93c31
36:1379,"Size=Medium, State=Disabled, Content=Only Icons, Style=Clear",,34:1219,1a72ab422e492cd6472641955e5c1b023c003014
36:1381,"Size=Small, State=Disabled, Content=Only Icons, Style=Clear",,34:1219,b86c28f2ce230a5b911080843d55170e3d513622
36:1383,"Size=Tiny, State=Disabled, Content=Only Icons, Style=Clear",,34:1219,322f0b09f0f4e3e597a84f7f40f6c2da37346b0e
36:1155,"Size=Giant, State=Hover, Content=Only Icons, Style=Clear",,34:1219,558f7fe49146b09f03f1b2ebf9c283b4a88612cf
36:1157,"Size=Large, State=Hover, Content=Only Icons, Style=Clear",,34:1219,d9e6d0b113ddb88a25c0ad60a7151ea9f0705521
36:1159,"Size=Medium, State=Hover, Content=Only Icons, Style=Clear",,34:1219,54c45f7156f2979772b038aa68bab0e911dfeb31
36:1161,"Size=Small, State=Hover, Content=Only Icons, Style=Clear",,34:1219,cc60febd2ca9992b1a997087d7e3417963b76d24
36:1163,"Size=Tiny, State=Hover, Content=Only Icons, Style=Clear",,34:1219,48649fdac8aef9d96c632310d9f98b660289d42d
36:1255,"Size=Giant, State=Press, Content=Only Icons, Style=Clear",,34:1219,15b6678db6aaedfe2a5c5781bc161ef2296875fc
36:1257,"Size=Large, State=Press, Content=Only Icons, Style=Clear",,34:1219,9171c668c2145c9fdcfd37cff4396cd0fd191992
36:1259,"Size=Medium, State=Press, Content=Only Icons, Style=Clear",,34:1219,04564985e774664239147374ff8fbcaaf212b5a2
36:1261,"Size=Small, State=Press, Content=Only Icons, Style=Clear",,34:1219,dbffa5bd5c349c705d9ccc932834c26a71e24650
36:1263,"Size=Tiny, State=Press, Content=Only Icons, Style=Clear",,34:1219,87508635e7cafb3142cba2cbe652dc23dfeaf439
36:1205,"Size=Giant, State=Focus, Content=Only Icons, Style=Clear",,34:1219,d525b3e34a72948c21a3461afeb6e6be21a10bb1
36:1207,"Size=Large, State=Focus, Content=Only Icons, Style=Clear",,34:1219,a82418616d3497d9a245912ee6f4dba0914ef03a
36:1209,"Size=Medium, State=Focus, Content=Only Icons, Style=Clear",,34:1219,13f2667b0fb48c33525aa6fb326f38f9f79e2a8d
36:1211,"Size=Small, State=Focus, Content=Only Icons, Style=Clear",,34:1219,5fd87329441cbb38bebf3eec77c2fbac2f6a060a
36:1213,"Size=Tiny, State=Focus, Content=Only Icons, Style=Clear",,34:1219,7497e69fecd8563777bbe103324c24a5dac6a269
36:966,"Size=Giant, State=Disabled, Content=Only Icons, Style=Outline",,34:1219,28f5a2c324308f8df2ed80c7931a261c9126bc64
36:968,"Size=Large, State=Disabled, Content=Only Icons, Style=Outline",,34:1219,b7abbb017613b135cda66c75307bace49d5406ce
36:970,"Size=Medium, State=Disabled, Content=Only Icons, Style=Outline",,34:1219,e6d6cc274c83a829bc239efae3520968d75a0b49
36:972,"Size=Small, State=Disabled, Content=Only Icons, Style=Outline",,34:1219,68a30e4de0fc75b2f656d98e4d7fa6898868090a
36:974,"Size=Tiny, State=Disabled, Content=Only Icons, Style=Outline",,34:1219,9ca5bc0585f726e25f876f8a5fb6ae5ee84ccc7f
36:801,"Size=Giant, State=Hover, Content=Only Icons, Style=Outline",,34:1219,007483a7b4440bf51febc235e4e906a43608c57f
36:803,"Size=Large, State=Hover, Content=Only Icons, Style=Outline",,34:1219,ea6b35491d1d502825d079449390b261bc3039ff
36:805,"Size=Medium, State=Hover, Content=Only Icons, Style=Outline",,34:1219,7c2c8da85450eca63efd643296a8193b463c4fa3
36:807,"Size=Small, State=Hover, Content=Only Icons, Style=Outline",,34:1219,8ff582996b3b8b369898884cc2ec29d23c93d665
36:809,"Size=Tiny, State=Hover, Content=Only Icons, Style=Outline",,34:1219,76f89359b9a218ea3f60c1caa84be50b2915c784
36:916,"Size=Giant, State=Press, Content=Only Icons, Style=Outline",,34:1219,162449c5260ba89b6cf1a950e7832dd39b3f4bd1
36:918,"Size=Large, State=Press, Content=Only Icons, Style=Outline",,34:1219,2c071c0d077042fe698fd8f537a808f8ad248a85
36:920,"Size=Medium, State=Press, Content=Only Icons, Style=Outline",,34:1219,d387499901b8ca5e5722222a2c2548859c5a20cf
36:922,"Size=Small, State=Press, Content=Only Icons, Style=Outline",,34:1219,f7bf056e2e05aa8a4e2c1b80eccfc37563008751
36:924,"Size=Tiny, State=Press, Content=Only Icons, Style=Outline",,34:1219,e5421f407c5717a4e5d7c546131f3f874664f0e5
36:863,"Size=Giant, State=Focus, Content=Only Icons, Style=Outline",,34:1219,829ed5e61f33aff43cf38133d7a42e975aedbd01
36:865,"Size=Large, State=Focus, Content=Only Icons, Style=Outline",,34:1219,9d84b64b62a14328f45f71735c2f545cd27546a1
36:867,"Size=Medium, State=Focus, Content=Only Icons, Style=Outline",,34:1219,69ed3cb5e08c39f6130b0567964dff035d7eb0c4
36:869,"Size=Small, State=Focus, Content=Only Icons, Style=Outline",,34:1219,888ac1cff095e80b6a13328c587d4f320896c21a
36:871,"Size=Tiny, State=Focus, Content=Only Icons, Style=Outline",,34:1219,d7b05002c0b2c24cabcf917bd160cf2cdc87aee2
36:395,"Size=Giant, State=Hover, Content=Only Icons, Style=Filled",,34:1219,b73b62481824b5de32fb81b46142a0a47db08d44
36:397,"Size=Large, State=Hover, Content=Only Icons, Style=Filled",,34:1219,92560b81fdcde9a3d564f8952ebe2a1382aa474c
36:399,"Size=Medium, State=Hover, Content=Only Icons, Style=Filled",,34:1219,92375d3cfaa162dc590382e3699911ec027e6e55
36:401,"Size=Small, State=Hover, Content=Only Icons, Style=Filled",,34:1219,1d7365f948d75af9081e0c5028f81024c9eab68d
36:403,"Size=Tiny, State=Hover, Content=Only Icons, Style=Filled",,34:1219,82a3e93b91c98f3abbaf1e5674f5594c5e0449d3
36:433,"Size=Giant, State=Focus, Content=Only Icons, Style=Filled",,34:1219,bca964a7d35ab8bc30aa48f3858cca02682b567d
36:435,"Size=Large, State=Focus, Content=Only Icons, Style=Filled",,34:1219,1227ad72c21edb843ad8b706afddd854e12a914f
36:437,"Size=Medium, State=Focus, Content=Only Icons, Style=Filled",,34:1219,e248e5772ff1e42cab8ea605874b8bf7beef97b5
36:439,"Size=Small, State=Focus, Content=Only Icons, Style=Filled",,34:1219,31be6ac38be9d01e0dfb7508bb19c372b7b7c248
36:441,"Size=Tiny, State=Focus, Content=Only Icons, Style=Filled",,34:1219,d3eb97e0b674ef71f063070ff7c6e97557f80b53
36:578,"Size=Giant, State=Press, Content=Only Icons, Style=Filled",,34:1219,36bb230c56ba5c72ca90658ae0da0a0b352cbb55
36:580,"Size=Large, State=Press, Content=Only Icons, Style=Filled",,34:1219,ac3ba1dedad6aa00d2c9905a5e300c9153db7cd7
36:582,"Size=Medium, State=Press, Content=Only Icons, Style=Filled",,34:1219,0fdf8541385a0fa9d1750446c2c05b13bd0cae06
36:584,"Size=Small, State=Press, Content=Only Icons, Style=Filled",,34:1219,e5002897d0ba5a3ae15bad9dfead9548e3640fe9
36:586,"Size=Tiny, State=Press, Content=Only Icons, Style=Filled",,34:1219,aaa576c8f321e539ce6cdc810d3b000aeccf15a2
36:628,"Size=Giant, State=Disabled, Content=Only Icons, Style=Filled",,34:1219,b222f923b130bd42122e90ffe9a377486d3c57cc
36:630,"Size=Large, State=Disabled, Content=Only Icons, Style=Filled",,34:1219,a4aba835eb6dbd0877cee30a13c779e51c71c830
36:632,"Size=Medium, State=Disabled, Content=Only Icons, Style=Filled",,34:1219,eb231409e905074775aac820a56be715ac973100
36:634,"Size=Small, State=Disabled, Content=Only Icons, Style=Filled",,34:1219,04743598c4d09befca1f7faa611eea02b8d0c476
36:636,"Size=Tiny, State=Disabled, Content=Only Icons, Style=Filled",,34:1219,ce6175a598f88db65662949369542267af98c5c1
36:204,"Size=Tiny, State=Hover, Content=Icons + Text, Style=Filled",,34:1219,92466e8b6107029b4341d216e187400a8f683dc4
36:309,"Size=Tiny, State=Focus, Content=Icons + Text, Style=Filled",,34:1219,d7e6448e528c8cd0a486eed32c66208a536d5ad5
36:543,"Size=Giant, State=Press, Content=Icons + Text, Style=Filled",,34:1219,3f9bce66566c7a5912dfd1c42bd7e70e00490903
36:548,"Size=Large, State=Press, Content=Icons + Text, Style=Filled",,34:1219,71c3a523786b3d2924b7141e9d85462fd0f4f866
36:553,"Size=Medium, State=Press, Content=Icons + Text, Style=Filled",,34:1219,7a869251f59420716e0698f6f3bd0fc913293e40
36:558,"Size=Small, State=Press, Content=Icons + Text, Style=Filled",,34:1219,56b2d66f7a91e5a1ef0a2b225ed3e5cee9048d24
36:563,"Size=Tiny, State=Press, Content=Icons + Text, Style=Filled",,34:1219,56f6e64c08b9af4f4da320187d0edacf387b5cc2
36:593,"Size=Giant, State=Disabled, Content=Icons + Text, Style=Filled",,34:1219,08d74b18ae69629279e26bed2a5db9d2f292a66b
36:598,"Size=Large, State=Disabled, Content=Icons + Text, Style=Filled",,34:1219,f877d6d8057c2a490c5454e72cadafe04609852a
36:603,"Size=Medium, State=Disabled, Content=Icons + Text, Style=Filled",,34:1219,6102606660191b1080e378a9968eaf0de4abc6d1
36:608,"Size=Small, State=Disabled, Content=Icons + Text, Style=Filled",,34:1219,c591fff986144b67afd87b3106b38a1dc539a12b
36:613,"Size=Tiny, State=Disabled, Content=Icons + Text, Style=Filled",,34:1219,c8c3afe4bf71232b8cd61f8412c830461f4be318
36:698,"Size=Medium, State=Default, Content=Icons + Text, Style=Outline",,34:1219,dccb77d9c4545440dd3f5c829da6ee416ec5e557
36:708,"Size=Tiny, State=Default, Content=Icons + Text, Style=Outline",,34:1219,5818c59c6f3f91f005772e99649597e8968cbbd0
36:1026,"Size=Giant, State=Default, Content=Icons + Text, Style=Clear",,34:1219,a5fdde949cef064a641465dae3341885dd5b22e5
36:1031,"Size=Large, State=Default, Content=Icons + Text, Style=Clear",,34:1219,6ba3852a86ff87ffe54e063836a99d03a18116c8
36:1041,"Size=Small, State=Default, Content=Icons + Text, Style=Clear",,34:1219,730b0206542d8675928f34f3f48adcac81c4cf15
36:1046,"Size=Tiny, State=Default, Content=Icons + Text, Style=Clear",,34:1219,ce341e71343713cbf5872f948f201c40a9353641
36:1270,"Size=Giant, State=Disabled, Content=Icons + Text, Style=Clear",,34:1219,e300919141a928b6f8a3d82d891e5d35f652168d
36:1275,"Size=Large, State=Disabled, Content=Icons + Text, Style=Clear",,34:1219,b01ee1d5b60bd71559e0b1b546d022fcf2d7401d
36:1280,"Size=Medium, State=Disabled, Content=Icons + Text, Style=Clear",,34:1219,c95181793de6426e4cab3128ae164cdedb7d66f4
36:1285,"Size=Small, State=Disabled, Content=Icons + Text, Style=Clear",,34:1219,2323e56a05aa9f2a9c4bd5af7c529ad285061949
36:1290,"Size=Tiny, State=Disabled, Content=Icons + Text, Style=Clear",,34:1219,6eb566f7dcadd15958990e8d4d2575d719a3dadb
36:1120,"Size=Giant, State=Hover, Content=Icons + Text, Style=Clear",,34:1219,a311e44cf7472936e290a1abdd42fe1468211522
36:1125,"Size=Large, State=Hover, Content=Icons + Text, Style=Clear",,34:1219,2d62a8e0f4ad61a29a1f63bfc72cbf30740404c0
36:1130,"Size=Medium, State=Hover, Content=Icons + Text, Style=Clear",,34:1219,6483125a0e7f7cc1354a31c033b539c222686491
36:1135,"Size=Small, State=Hover, Content=Icons + Text, Style=Clear",,34:1219,89b1f57215fa7596855685fc9bbc78ab9a9082e6
36:1140,"Size=Tiny, State=Hover, Content=Icons + Text, Style=Clear",,34:1219,5f0fc78cdfd301d1cf6e2550a45715cead450ebd
36:1220,"Size=Giant, State=Press, Content=Icons + Text, Style=Clear",,34:1219,df081a6ad71f913099ce627a81942c14d23e3977
36:1225,"Size=Large, State=Press, Content=Icons + Text, Style=Clear",,34:1219,a741244366490af8b20f76493f00e3694e13803d
36:1230,"Size=Medium, State=Press, Content=Icons + Text, Style=Clear",,34:1219,d5aac578a24307255cc8060d90b5c30d25a38632
36:1235,"Size=Small, State=Press, Content=Icons + Text, Style=Clear",,34:1219,cbbbc4afc6d4501e25cfedf2d1e46c31c6a44e85
36:1240,"Size=Tiny, State=Press, Content=Icons + Text, Style=Clear",,34:1219,df62174401304c198a106a944d7a9e231e97920b
36:1170,"Size=Giant, State=Focus, Content=Icons + Text, Style=Clear",,34:1219,8409124d8a1b00abec9c6aa149331736c2ef5d6f
36:1175,"Size=Large, State=Focus, Content=Icons + Text, Style=Clear",,34:1219,30917267abbb3d24117c9c679ddedc9aac57804f
36:1180,"Size=Medium, State=Focus, Content=Icons + Text, Style=Clear",,34:1219,b84316b397961b8292acfbd450e2fad945b01f0b
36:1185,"Size=Small, State=Focus, Content=Icons + Text, Style=Clear",,34:1219,99f5854150ff92fe2202318327f48066092399d3
36:1190,"Size=Tiny, State=Focus, Content=Icons + Text, Style=Clear",,34:1219,1dab80bebffb96e841868bcf9c75029e93de0635
36:931,"Size=Giant, State=Disabled, Content=Icons + Text, Style=Outline",,34:1219,990f2e703a5d58a1b1cae9a956cf614f0b4c6e2c
36:936,"Size=Large, State=Disabled, Content=Icons + Text, Style=Outline",,34:1219,0075fdb312288b7bb471aef410e1749004b05aef
36:941,"Size=Medium, State=Disabled, Content=Icons + Text, Style=Outline",,34:1219,eab2bd2479a7c8c6bc8ad7c93c839c50d5c1adf7
36:946,"Size=Small, State=Disabled, Content=Icons + Text, Style=Outline",,34:1219,24e6d83f71a6bb7981e0a451b77e0511326b5466
36:951,"Size=Tiny, State=Disabled, Content=Icons + Text, Style=Outline",,34:1219,caf670ef0c321c2c3dc3a3ee7419b5a7d33113d1
36:766,"Size=Giant, State=Hover, Content=Icons + Text, Style=Outline",,34:1219,44769966c394d4cf010335879b5d8229a4e9d028
36:771,"Size=Large, State=Hover, Content=Icons + Text, Style=Outline",,34:1219,d276d1625cd2d731bb9e42e9874d26aa27c9af26
36:776,"Size=Medium, State=Hover, Content=Icons + Text, Style=Outline",,34:1219,547e7500270a191592bbd30e8e2e4f89d74d8ef9
36:781,"Size=Small, State=Hover, Content=Icons + Text, Style=Outline",,34:1219,6207e81fef9f41b12a2728a31aecca7db19e2066
36:786,"Size=Tiny, State=Hover, Content=Icons + Text, Style=Outline",,34:1219,c845cdada7d2dc344b789817d7d9246a37459937
36:881,"Size=Giant, State=Press, Content=Icons + Text, Style=Outline",,34:1219,c2a55a09d4f11cd3db99f79bd187dfd4d142c7ca
36:886,"Size=Large, State=Press, Content=Icons + Text, Style=Outline",,34:1219,ac2aa9e90a9674ad65a02cf7b2b021b7a3907882
36:891,"Size=Medium, State=Press, Content=Icons + Text, Style=Outline",,34:1219,d3d14b9d5c73fcaec4f76a8052492074c5b05d2c
36:896,"Size=Small, State=Press, Content=Icons + Text, Style=Outline",,34:1219,2a69fd0d905f0f902f6caff5d3c67a644fa59e1a
36:901,"Size=Tiny, State=Press, Content=Icons + Text, Style=Outline",,34:1219,82d9caafbeb32503b74d0a093d63edfc6a9c94c4
36:816,"Size=Giant, State=Focus, Content=Icons + Text, Style=Outline",,34:1219,e287423685d8644f705d1ae156c76b6b1711342b
36:821,"Size=Large, State=Focus, Content=Icons + Text, Style=Outline",,34:1219,0c261888ac8713532c8c2998393399b7aa0241a9
36:826,"Size=Medium, State=Focus, Content=Icons + Text, Style=Outline",,34:1219,098ff2fed72335655799d00f961c48fcd2d3ebd9
36:831,"Size=Small, State=Focus, Content=Icons + Text, Style=Outline",,34:1219,4e2585a024a53cce24e282ac2991d77dd3eadb85
36:836,"Size=Tiny, State=Focus, Content=Icons + Text, Style=Outline",,34:1219,c60097091699f8dbaea385637ce92e14430aa9ba
2769:5951,"Type=TV, State=Default",,2769:5953,70110f7a35251832da73e48499ba40205cad1fae
2769:5948,"Type=TV, State=Hover",,2769:5953,35ab4bd9dff6e618fa5fdfe901487ad5dafaae82
2769:5950,"Type=laptop, State=Default",,2769:5953,02a6e9ad4b5e1cb8ae7454fed16aa6356d9d14f0
2769:5947,"Type=laptop, State=Hover",,2769:5953,b53eb420397dfac31f89be2974a690a56cbe334f
2769:6025,"Size=Giant, State=Choose",,2769:6065,660828c0f3d1ff0e3dac56a8ababf1952721065f
2769:6027,"Size=Medium, State=Choose",,2769:6065,c67f6d30d421777163654387348a271316ffa735
2769:6029,"Size=Tiny, State=Choose",,2769:6065,52550c30a4f20bda28072e5b921b33a79d92d650
2769:6060,"Size=Giant, State=Default",,2769:6065,ce3ac6940aea26bb811f5a538e1f3869cbcc2b99
2769:6062,"Size=Medium, State=Default",,2769:6065,8c824fa2c20342254521871c82c238c6841d9857
2769:6064,"Size=Tiny, State=Default",,2769:6065,312bf9bf883ecf4d468094a6a38168058b3b602e
247:7848,Style=Filled,,247:7982,09fedca8ba21ad0a54fb11ee8b2d9c3c9c41f858
247:7983,Style=Outline,,247:7982,a4f878c2c8dc09b1d2048ec5d2d72f38e397fe92
245:6630,Page Control (Horizontal),,,ad69fda44fc2736793210798312ecbc6043279b7
245:7106,State=Default,,245:7107,2df7c9d839f33495abbea87d0c1e44e1266e16c4
245:7108,State=Disabled,,245:7107,41d602e57decee46d8fa52c8a334354620dacf62
245:7110,State=Disabled (Reduced-1),,245:7107,e6775b39ba980f0ad1531c1eab50453f4af8524f
245:7114,State=Disabled (Reduced-2),,245:7107,c5f70d1ce6d3be9ee308e43c183ab9ecb3b3db79
245:6843,Page Control (Vertical),,,a0e3785868770cfee558fcf73ff9eaf01a79b6b1
237:6491,"State=Disabled, Content=Icon",,237:6474,84dbd4dc710bfd342dc9c1f572b238110dfd173d
240:6545,"State=Disabled, Content=Text",,237:6474,9cccf2ef43c504cd544fb2b2f0aafa6f928e709f
237:6467,"State=Selected, Content=Icon",,237:6474,062d594c42a39a2861c0ce4b0a33d59a969f4795
240:6541,"State=Selected, Content=Text",,237:6474,fd1f38241003664aa80d2617cc96745196ecf699
237:6486,"State=Focus, Content=Icon",,237:6474,15f870b7f8f9d31487a44c512b468e790d1ac2a1
240:6537,"State=Focus, Content=Text",,237:6474,463995fdc92fb59fb5b3a8f17430e9d053e9c19a
237:6481,"State=Hover, Content=Icon",,237:6474,78a874414cafde5f9f8881cd17763c5291e020d6
237:6475,"State=Default, Content=Icon",,237:6474,eacce37a80cc21c52450cc473a3e565c89b09ec9
240:6524,"State=Default, Content=Text",,237:6474,2743a3a0a2654f6692c32ac48b312e0788ff9350
240:6530,"State=Hover, Content=Text",,237:6474,75a9295ac0ed63f4b07d4d5f692e32f8fe18989f
242:6567,Pagination,,,1f9fb1de25645d8c6fa97ce842bf99172e69150b
252:8423,Tab (5 Tabs),,,fd078cd4a1567c11e9365afd542837637895add1
252:8311,State=Selected,,252:8333,7e7b54c70c6c19ce782aec5ac93c3775ad6402bf
252:8334,State=Default,,252:8333,95ba31f3713dd962e665fdce3df1651ea3ce1eaf
252:8356,State=Disabled,,252:8333,e67288ea32f004e5c657987672f0bd4eeb9ecaab
252:8342,State=Hover,,252:8333,7579f53ac797debafbf0f27a6a7c64ff4070f0eb
252:8349,State=Focus,,252:8333,5526211f39895676f3ab534d298d969a6f1023ff
258:9274,State=Disabled,,255:9235,bdbfd3e56ffd6972523964dae41b2553a61c1fa1
258:9243,State=Expanded,,255:9235,aedd6a099165cde441d51c07b91d937cef5bd348
34:857,nav-arrow-up,,,534f8b21a5cbcda4a94b5f740731ea443fa2905f
255:9236,State=Hover,,255:9235,530f8b04c153dff5bf776d9f22feff810df925ea
255:9218,State=Default,,255:9235,907b1cb10e11a205de288126e53c1cb75f8a3f99
270:9407,State=Disabled,,269:9375,cab722de8194be34b897b37675ceac283cab1043
269:9394,State=Selected,,269:9375,0c4e4de9be0a95ac00aa8f410b0dd0c761821829
269:9388,State=Hover,,269:9375,073030b4491bdf305997830a5df7f781521e1d96
269:9374,State=Default,,269:9375,61273481abc17d315ad256a6dc9926b13ba23af6
270:9445,Expanded Menu (5 Rows),,,9948d1edcc0352491252fd2c4b0fabae9ce1eb92
235:6016,Context Menu (5 Rows),,,bff272796c5b74096b762e2a76573238ff825c66
235:5820,State=Default,,270:9847,e37a971596b02e8b8445b4d9bb3509c9acaed7bc
235:5788,Content=Align Left,,235:5811,7caa95e50f168913a4e1b88b9f79156530499da9
235:5800,Content=Align Right,,235:5811,8b1e9a5293babc6dcbab7265dbe7b05d760cd344
270:9848,State=Press,,270:9847,5846f93805ed5ea46780cf1ea2166245eaae9469
226:2788,Content=Actions + Button,,226:3103,90c59eca757d0053f282edf62649a44872caa60a
226:3104,Content=Message + Actions + Button,,226:3103,90e0a463ee31a9b8b7558bd0e34cf3df53c8ee2e
230:3874,Left Item=Icon + Text,,230:3882,750fbaa279cbbc2f50a42ffaed86cde5559f2d9e
230:3965,Right Item=Badge + Icon,,230:3919,dead2d2742c5cc95c602ac3b75e62cd229c4d35e
245:7466,Right Item=Toggle,,230:3919,067c1509243f3a26e61cbc83f8d657d2a64743d2
245:7527,Right Item=Radio,,230:3919,f3dacd3b2728023d832c494688d96577e00cffd5
245:7537,Right Item=Checkbox,,230:3919,21a908d8566cf33f7821972146604b55f05dbe4f
247:7872,Right Item=Stepper,,230:3919,b2931e6dde63ac3e579fe9b25dced87e64749ce2
3139:10807,Property 1=Hover,,3139:10806,64aee8427f857e50ee191261dd086bdf944edf4d
222:1549,"Button Layout=Vertical Buttons, Content=Text + V-Buttons",,224:1883,1d14f6e7875b96aca6c29e342f2c7f50cd102c44
226:2213,"Button Layout=Vertical Buttons, Content=Text + Input + V-Buttons",,224:1883,1006b8b8dc0711bb8d7d1d73d836b7c33965011e
224:1899,"Button Layout=Horizontal Buttons, Content=Text + H-Buttons",,224:1883,e2a6d4ab2649d643216d23cb04e656deaca399be
226:2021,"Button Layout=Horizontal Buttons, Content=Text + Input + H-Buttons",,224:1883,f72c456ddd4359e6aaa357e181aa7bedbb7fa3b3
2531:6752,State=1,,2531:6673,8f25249a88dbfddd51e95118a9045af6a8273ced
2531:6674,State=2,,2531:6673,56e96ac9bcad1824e4f7b3fede4e5fc37e00975e
2531:6832,Frame 1526,,,92b689a1fe74f933435b20ecd238e4a6385f33a4
2531:6870,Frame 1525,,,78354fe6a8519af40c990e32f1a41680b165c443
2531:7024,Iconly/Light-outline/Arrow - Up Square,,,8961864301863678b54a03b07187ae349d3ef6e3
2531:7032,Iconly/Light-outline/Arrow - Down Square,,,3b86be7dca071913eb1bfbaabfefaaf96abe9b15
2531:7457,"type=1, state=normal",,2531:7456,58246dd7721854cd9edf874e1a39c2a64bc033a3
2531:7642,color=1,,2531:7641,ed0979511084bbf41827e223dd8bb91bdba99072
2531:7649,"icon=1, state=normal ",,2531:7648,10fa1b6114fe53283d221b35536e811bba3868ea
2531:7626,text=1,,2531:7625,c87b5e95135a23297ba82364e1c3d8bddefbc1bf
2531:7464,"type=1, state=hover",,2531:7456,4086f3ac2ee44b4277b4821cb864cd34dfdce6c3
2531:7651,"icon=1, state=hover",,2531:7648,0dcf12ce25c6bfc1d072e6aebec335ae671d3dad
2531:7471,"type=1, state=link",,2531:7456,e7fc6c8226b33e961df9a8d89250cebd4a3b9ec8
2531:7478,"type=1, state=active",,2531:7456,5e7d6466f7c03e468720dcbf0165165e78ad97ee
2531:7485,"type=2, state=normal",,2531:7456,2b8f3887b2b77e233ad6133fd9bcf55c29f400b0
2531:7643,color=2,,2531:7641,38b9cea2340de768461411cde63985e75ed2aafb
2531:7653,"icon=2, state=normal ",,2531:7648,8228925d71fdb72b2b84868312559311aa26aa67
2531:7446,text/2,,,645300171a1347f6ca544013fcf922acb7095ea6
2531:7492,"type=2, state=hover",,2531:7456,a7a92eb8cb4e8e45e78be54231967d7b666766c9
2531:7655,"icon=2, state=hover",,2531:7648,c5725a08599803ec1c9786958e5d85c9c7e93528
2531:7499,"type=2, state=link",,2531:7456,08092410b6a56eb82d6dc612b944d6830b3fc36d
2531:7506,"type=2, state=active",,2531:7456,cbdd65cd57cbc6389ec629740a732cdbe8c518ed
2531:7513,"type=3, state=normal",,2531:7456,53095c7c0c7c666120087394479e4cb83fab6f63
2531:7644,color=3,,2531:7641,b7f6883cb78507d7a4b55570186fc80215a24f5b
2531:7657,"icon=3, state=normal ",,2531:7648,0792b80d36a49991741b842c2b12e6003323885b
2531:7629,text=3,,2531:7625,42f0e1f9b3a00b725741b419b04bac3bbc5c4a47
2531:7520,"type=3, state=hover",,2531:7456,904f4a4622eb5f58ca6cb06e5c69a64732c65a73
2531:7659,"icon=3, state=hover",,2531:7648,647a731fdcb4efddaaf90ddf44a8a940f440f0bf
2531:7527,"type=3, state=link",,2531:7456,90b71247bd67b7cb2e3aaccb21d8899c8c40283c
2531:7534,"type=3, state=active",,2531:7456,dc785eb0b26ded2342888df528b556a4031a6aa1
2531:7541,"type=4, state=normal",,2531:7456,ff88c6052057aea604cfd210c15a36704d341f36
2531:7645,color=4,,2531:7641,81e69d8b5610ee59229ceef95b66fce3f547a8ed
2531:7661,"icon=4, state=normal ",,2531:7648,f1bc4432239f45e92e89b28a9f17cd63a7373825
2531:7632,text=4,,2531:7625,ec87a620bf4c450447995c2cbd23fcd295438f18
2531:7548,"type=4, state=hover",,2531:7456,067d16c9aec9ac9caca204613e783eb12678e79b
2531:7663,"icon=4, state=hover",,2531:7648,38800755dfb28ecf28d1387d7787c8021e739d3f
2531:7555,"type=4, state=link",,2531:7456,2c5a806954ede49d15ae0fbd25c4ba65edc6e12d
2531:7562,"type=4, state=active",,2531:7456,89e41a1d77b3ececee2288ce25eb38bb20d6e7e5
2531:7569,"type=5, state=normal",,2531:7456,d17c453f725694593adc3866b14eddfb4f0b8b8f
2531:7646,color=5,,2531:7641,05f5869a55926a8402915879ee1ad1aa0ccde057
2531:7665,"icon=5, state=normal ",,2531:7648,3004810a76a4ffa3a5bfc71c283fb97015e3461f
2531:7635,text=5,,2531:7625,d77e533c786c97c1f4ef5513a4db70096200d3b4
2531:7576,"type=5, state=hover",,2531:7456,13467c76ab215d70e00ecce7550a7ef3d824bf2e
2531:7667,"icon=5, state=hover",,2531:7648,1f563c5e66e34840ddf87a54bed2cda59b5f8680
2531:7583,"type=5, state=link",,2531:7456,e68c96164d1ee39bdaf1a451842aa92ccde9024f
2531:7590,"type=5, state=active",,2531:7456,8d200d6fb6efa39a28053212f8ba794c0221ca02
2531:7597,"type=6, state=normal",,2531:7456,c264ddb0f9948a7838c73d82fc73ddffa0bd8d80
2531:7647,color=6,,2531:7641,a350ff36b98001aff7896ccf9949f9e70882baa8
2531:7669,"icon=6, state=normal ",,2531:7648,b8dfaf82972069d38e528a0c90c9abec5380b15f
2531:7638,text=6,,2531:7625,096741ff4841976e8db913f4752fa2d0fc2c4405
2531:7604,"type=6, state=hover",,2531:7456,cde3ee41d2c3b654c1e9dd08561e7b6687096d1b
2531:7671,"icon=6, state=hover",,2531:7648,8b17509389aea7b6567cdf91684263f286484583
2531:7611,"type=6, state=link",,2531:7456,29fa230554e1b7c97dad8c6003968e2e3984e1b5
2531:7618,"type=6, state=active",,2531:7456,c9cd6d4a2ac4645b80fd421e4262ce556bd9003b
2531:7892,Property 1=Default,,2531:7891,fa5eee00d777d4f585a73db0f22f5c0815a8e9e1
2531:8026,Property 1=Variant2,,2531:7891,41f843b1ff2de3b260d5b680a155f21c87b49e18
2531:8161,"Type=Gear, State=1",,2531:8160,aea0b1ebfc2e36518ab8dbce011b8fec8561342a
2531:8164,"Type=Manager, State=1",,2531:8160,81a11542e717d15712eeb9ff3007506075cdc03c
2531:8170,"Type=Gear, State=2",,2531:8160,70e9db38543fef3709821a1a9cef8e268e4c5471
2531:8173,"Type=Manager, State=2",,2531:8160,61949f6143fd9520a2e3cb78c82e0547c1c67ede
2531:8176,"Type=Tech, State=2",,2531:8160,4c5531eab10b27d3854bf08073ce4a3957d05c51
3043:9725,Property 1=Hover,,3043:9724,97f9311e29794ccbbd8257ec4b2f9107b7fa27e7
2531:8277,Property 1=Default,,2531:8276,37e01beed5836beae461e9b05935630cd8cafecb
2531:8281,Property 1=Variant2,,2531:8276,e8a64ee9b204f957420e4d63beec8d3a5ef90436
2531:8286,Property 1=Default,,2531:8285,e99a8d03166669de3124520ee1e6cb5d2fdd6a38
2531:8288,Property 1=Variant2,,2531:8285,34803471c364ef02e17417f14f71decfee526266
2531:8291,Property 1=Default,,2531:8290,3dd240b65c85be3abb5d84116c455a36affc7168
2531:8294,Property 1=Variant2,,2531:8290,1dfee7c305c2b133f61932c8d91a5d9c69270aa8
2531:8298,Property 1=Default,,2531:8297,4c12904b0e9bba007aed63eb10f69ddf4b983eb8
2531:8300,Property 1=Variant2,,2531:8297,3e1c102d152b88b0dc148ebbe8269755c4c8f2b5
2531:8303,Property 1=Desk,,2531:8302,01440e693bace117de7e54efc556a831e109cc1b
2531:8273,Property 1=Default,,2531:8272,c53507288fa8aa7ea03f8d78e27a43d941f8b2bb
2531:8449,Property 1=Tb,,2531:8302,696861395dcdd6dd7a54daaca095e26f96a665d4
2531:8903,Property 1=Default,,2531:8902,ee1f9106c59c9f5dc3a22e4b8fbeae5b5f86e808
2531:8906,Property 1=Variant2,,2531:8902,fba82de7b559636cf2fb1e9f4f7163fed56fd3e9
2985:7985,Property 1=Scale,,2985:7984,b6f405cddb847de5985f4503e979205163c41034
2448:7971,"State=Shinning 1, Size=Big",,2448:7968,a37dd196f59e56beeb7e3d4c21fc7924eb2394e0
2448:7973,"State=Shinning 2, Size=Big",,2448:7968,62fd256c90c57992808a6ee35317ecd6f87f2cdd
2448:7975,"State=Default, Size=Medium",,2448:7968,f3c4363c6ace4349fb4ff9c495f66cc7d44c268a
2448:7977,"State=Shinning 1, Size=Medium",,2448:7968,dc4d57e503f01888c8232949360d6d88709adb1a
2448:7979,"State=Shinning 2, Size=Medium",,2448:7968,be036028980ec8b1d725392b7b2f35f762100cca
2448:7983,"State=Shinning 1, Size=Small",,2448:7968,63e8939f63b31942a0055811f39e0a7c1f212082
2448:7985,"State=Shinning 2, Size=Small",,2448:7968,367a2af5f163f18961c4a36d5d1b9a992bde83ff
2497:6874,Icon=Stocks,,2497:6873,6c7ab303cbf0f211eb1c763cdfefcd159c39d49a
2497:6878,Icon=Target,,2497:6873,c59d4c67913792449d9cc0e704022a076ee9c2e5
2497:6885,Icon=Timecode,,2497:6873,2e63fba28b0cb758dc7036ad5570588a386cba25
2497:6893,Icon=Vertical-timeline,,2497:6873,acdaac648a3338a8772e74e736d4e47c7cc45ae4
2497:6897,Icon=Add-database,,2497:6873,20bf0f7e418d300bddc79609a9b17103c38e376f
2497:6906,Icon=Area-chart,,2497:6873,6c181e65ba253efdbbab374a2f91fd5de578f734
2497:6911,Icon=Bar-chart,,2497:6873,cae9b3928cdb696ff1ca61c55e430871b4f1d5d1
2497:6915,Icon=Blockchain-technology,,2497:6873,d76adc4b771c3a3c18e4cc30ccc1f5b5037845af
2497:6925,Icon=Database,,2497:6873,857b0f94fc3901d2bb781f9f691dc32de04383f4
2497:6931,Icon=Doughnut-chart,,2497:6873,114b468a26756395e31069792cba24b9be5c2109
2497:6938,Icon=Flip-chart,,2497:6873,5f7ba2b5102408c4a72a67a91e616b3e36f3bb16
2497:6947,Icon=Flow-chart,,2497:6873,795b184ee8818b6cc77c25752db7b4db010e9365
2497:6951,Icon=Integrated-circuit,,2497:6873,796fcf1ea71b2d2ee37794ec56e4c528ec85ae0d
2497:6961,Icon=Ball-point-pen,,2497:6873,c7624e5d29677acf0de9c09b59a511b858b9ab1f
2497:6966,Icon=Edit-file,,2497:6873,08d653582bb08b35bccc6175d3e16ff2c78513d5
2497:6971,Icon=Folder,,2497:6873,926c015e853adfb3f2841f6ce8ed52b768d4c798
2497:6975,Icon=Moleskine,,2497:6873,a5f78cce1d564363ec11a6b33e3ed83a366c69ae
2497:6990,Icon=Open-book,,2497:6873,dee7a86b691289126bd2feabc73ff48b2a12eedb
2497:6996,Icon=Opened-folder,,2497:6873,78d2dded0bfffeadd55082204f1cba1f57e8277a
2497:7002,Icon=Print,,2497:6873,7a2ce97001d024c19079a24553cf9d33ace41970
2497:7012,Icon=Spiral-bound-booklet,,2497:6873,2459d85e7a848ac9825fed01b9978de1d02e1568
2497:7028,Icon=Bank-cards,,2497:6873,7f6914638127c79acc2995665e33c664a808cc98
2497:7033,Icon=Billing,,2497:6873,c6b110683ffe26a0d6c280b457fea7c4c25500d2
2497:7039,Icon=Card-payment,,2497:6873,3bcdf4ea739692c9043ed91002353b7f10f018fc
2497:7046,Icon=Exchange,,2497:6873,f7abc7e9aab6769c3c974c9a47182b84faec5a38
2497:7056,Icon=Initiate-money-transfer,,2497:6873,7159ab5d3af9ed1cad562fcdfe5ca88f7a7ec23c
2497:7062,Icon=Money-transfer,,2497:6873,683b4d18244f57b146cd940dc88a3ab9a726d0ea
2497:7068,Icon=Purchase-order,,2497:6873,d34e1283b396c57aefb65640e25bd471a5369e20
2497:7076,Icon=Tax,,2497:6873,b29506eb11764c6b9b3315792727bbbcdffbde06
2497:7083,Icon=Automation,,2497:6873,33966aa0e24b32e7341cea43e83670be3682b05f
2497:7090,Icon=Bot,,2497:6873,83d7c86d5e47bde390e1d7646897806d96225639
2497:7099,Icon=Briefcase,,2497:6873,18da5a057626b02b2b19edd6c048d57a273bb711
2497:7104,Icon=Bug,,2497:6873,188d1e076868e4e85b633d5bb7ebe36f149e7e50
2497:7111,Icon=Click-collect,,2497:6873,a2d00c6681689999a6de339b6959ff1d9409e0e6
2497:7115,Icon=Design,,2497:6873,a1eb0902171c1bf326da9aaf835391dcf64ac345
2497:7126,Icon=Gear,,2497:6873,810e239cc5ebcf92c0667bb6d5f48cfcff6f038e
2497:7133,Icon=Goal,,2497:6873,322a629e8571d0f55c17da180010cfe85f150787
2497:7140,Icon=Online-store,,2497:6873,a87d32fc71e276dc38aca8b22c0df2d948988fa7
2497:7148,Icon=Product,,2497:6873,dd72c4de91a66f5850e795027fa041d5aa43e527
2497:7154,Icon=Product-documents,,2497:6873,87a2fcdd12a1fa0d8f4403792731a97dd63d90f4
2497:7160,Icon=Robot,,2497:6873,44cfe45e08d595d2f861502098d4482769403b14
2497:7168,Icon=Shipped,,2497:6873,298978c9887e54845b5dfbb2b320936a6046c33d
2497:7174,Icon=Sprint-iteration,,2497:6873,ba9324e8d4fcf752eb07dd8b40bb96ff0bb22fac
2497:7178,Icon=Visual-effects,,2497:6873,20b83716c752c2e8b053e836d74ebf91580e6216
2497:7182,Icon=Worldwide-delivery,,2497:6873,b24733fb3bd022eb5e4fcc8bd0fed660e44e9382
2497:7190,Icon=Download-from-cloud,,2497:6873,a723de4a45f170d9d933709a4c3d92700cf1b4a7
2497:7194,Icon=Grand-master-key,,2497:6873,ca37a07297eb5b01d39d77d1539fa79d45c79868
2497:7203,Icon=Lock,,2497:6873,d48c22f536ee54be61ca91d30124f95e59b706f0
2497:7210,Icon=Padlock,,2497:6873,608a2f88d9c308a0e0d5821b70c9e57ecc150588
2497:7214,Icon=Realtime,,2497:6873,51f54d008121121709b4b31483401efdb817f9a7
2497:7222,Icon=Smart-home-shield,,2497:6873,f34f5371babe2239cf586694dfba0f6033c60d36
2497:7229,Icon=Upload-to-cloud,,2497:6873,9a5123283e3a71012bf658e8150a253a5f096b1f
2497:7233,Icon=Address,,2497:6873,8714a4beb2d46abd5ec8d59b2f9e6dda0414f1ba
2497:7242,Icon=Adjust,,2497:6873,403536ee512adc77301a7f5e3d1a71d67ac46676
2497:7246,Icon=Electronics,,2497:6873,3628a3d927d2d1c31efee987470dfd550ada7f6b
2497:7274,Icon=External-link,,2497:6873,d8af3050bc42712aa0939f3ee7554c371e05cbce
2497:7278,Icon=Home,,2497:6873,6e314c19ccafbcb72e8253774bbd5d14ae1def14
2497:7283,Icon=Imac,,2497:6873,75b734080175556ef7276f9f3d59e2f0c196217f
2497:7288,Icon=Internet,,2497:6873,4194efb20f38ee3ad2e6359ccb325793c252b863
2497:7296,Icon=Laptop,,2497:6873,5d206752603c7973a56739a39031db0e3984568b
2497:7302,Icon=Maintenance,,2497:6873,098cb08a16bf036be6e465b603a482ab2a33304b
2497:7306,Icon=Map,,2497:6873,eb21117ff820293cd1249bc59143e91b732a6322
2497:7311,Icon=Map-pin,,2497:6873,ea85928a9d1933ff7a41c12ddad44b0c37d8ad56
2497:7315,Icon=Monitor,,2497:6873,6bad169689c75742ad40129b97810c398a34e0c8
2497:7319,Icon=Navigation,,2497:6873,8e286811501c33ee2dfefcef56e60a1b53fbfb26
2497:7323,Icon=Place-marker,,2497:6873,dc7bce7a691a04cc381225e1b1e2f78cc90ff2df
2497:7327,Icon=Programming,,2497:6873,e1a7f8bc5cc356da694465e5a2f73c481501a17f
2497:7335,Icon=Signal,,2497:6873,d8e05f996d48d15a3ef557cd7f8e747c317a4996
2497:7342,Icon=Tools,,2497:6873,94ee03d7d0d16893e65505e8813ad8590ed241e1
2497:7346,Icon=Vector,,2497:6873,e980628cac82752c94a2edc81e53f757c4542ef8
2497:7370,Icon=View,,2497:6873,24f7e984d431fbc36a9cd5ff7046f1e3561a317e
2497:7377,Icon=Web,,2497:6873,5378a619d213d9c66c6c71e95552948c72f5f510
2497:7387,Icon=Wi-fi-router,,2497:6873,f9cd5ac88963e4e4d0f0e62fb6d4d4834c1743ce
2497:7397,Icon=Worldwide-location,,2497:6873,182222c424cbc01bccd9cdb233f61b12709f9833
2497:7403,Icon=Company,,2497:6873,4030461008936618affdb478e69d8adfed32fe58
2497:7408,Icon=Customer,,2497:6873,7a88e2861891e19e8af56c3d592359fb2ed5f34e
2497:7413,Icon=Handshake,,2497:6873,d33f823cf4ee6d199312165cf88eb3b0dd7c0cb9
2497:7420,Icon=Headset,,2497:6873,43c50b9f98cbac315e34e703b777e8dca533ba0d
2497:7426,Icon=Iphone-14,,2497:6873,7c3abf4ca252238fc8993dcce840e95ab1947b46
2497:7431,Icon=Mailbox,,2497:6873,d1a23b449d80b61bfe9a45e378c57d80c727ad04
2497:7437,Icon=Male-user,,2497:6873,84a5531d382da88ca0e600df17af66d07b57559a
2497:7446,Icon=Member,,2497:6873,39c6eaa1c2f4eb7b74ba28b49b9b35f5b3f30fd1
2497:7451,Icon=Messaging,,2497:6873,0d1e6eb7a58a791470a458a4bb6d298b947396bb
2497:7457,Icon=Open-email,,2497:6873,e46862cce4cb09eeac909392213973ad6f03ed2d
2497:7464,Icon=Open-envelope,,2497:6873,268997679da62c6ac6b8d7f5b868af6afbd460ff
2497:7471,Icon=Smartphone-tablet,,2497:6873,26c44a32e4cff2c986e2ce0bd72662ac9005956c
2497:7479,Icon=User-female,,2497:6873,08d6bd3bd24626bd553b413eb7553d4567e97ccf
2497:7487,Icon=Video-call,,2497:6873,11e128b82add2c6f26bf970e45a6557a5258a2bb
2497:7491,Icon=Certificate,,2497:6873,0627b76e0457fccf2bd408f873eb6ab04cf20dcf
2497:7498,Icon=Flash-on,,2497:6873,a2d15f2c915d19c268468e018f7aa57ff80fd871
2497:7505,Icon=Gift,,2497:6873,2e8c8f03c5c513bbf596e7030f08097df0a9f466
2497:7510,Icon=Light,,2497:6873,f4b9da29f911b0522de7734ce26bf0341c500b72
2497:7515,Icon=Medal-first-place,,2497:6873,3e82af13c324d9e624d52a2f04e2fef3da43e625
2497:7524,Icon=Rocket,,2497:6873,31ab97587144b89b45d212362cf62c1297fab023
2497:7529,Icon=Warranty,,2497:6873,2ec50302c96e1f054b8018df41bcadb258547e48
2521:2927,Property 1=IIcon Background 2,,2521:2929,4bd9ff64813c65e5a608ff7bcfa48c3d9d405e4d
2521:2928,Property 1=Icon background 1,,2521:2929,bef341ba17734f09ef2654304cdf3736782d659b
2497:7913,face-id-01,,,2656a693a31e924de2c89d3da8a616b8f09d4c00
2497:7916,face-id-02,,,4542d9aa515b20a0c1aeb4ebd22f1c6120fe4200
2497:7918,file-lock-01,,,eb7b2b5416eb73dc0b22cfe266f0ddc9587de90b
2497:7920,file-lock-02,,,bdb1031940f73a65f0766694dbc22a68ec8803f9
2497:7922,file-lock-03,,,115261d447c853fce970ec1bbd6be01f273cf479
2497:7924,file-shield-01,,,e89e0a3b80ce421ae8350a1096cdf7cb511feeb0
2497:7926,file-shield-02,,,ce15d8448839bd57c0bb35e29076beff33bca809
2497:7928,file-shield-03,,,da0602af151067cd3fdec7be4bc0cb0d3bd890ce
2497:7930,fingerpint-01,,,cff773ec2588ace7e64247dde5192a6ad64c3896
2497:7932,fingerpint-02,,,7b728c0bdc5cd172e19c75e258ff23bec88c0a55
2497:7934,folder-shield,,,89a47b7577e6687741a42cb8b7d2d23845d258ea
2497:7936,key-01,,,bee8e481e9581f43f90bc62056b102717130051c
2497:7938,key-02,,,cc75bfb6f858b3d45c12e17136c51175e595a53c
2497:7940,lock-01,,,ad50fa3682667a2d82b1e78a875757e3a83d25fc
2497:7942,lock-04,,,daa81f570c24fde5b1aebf296ab79d3a750cdde0
2497:7944,lock-open-01,,,95e369f5f9773fc7b43a8523d728216f876c8fde
2497:7946,lock-open-02,,,680ceda47b65dc3a2f2e57aa24a9e0321ceea1a2
2497:7948,lock-open-03,,,1a9f8d34a13f6db233e5e31f720f476e33471f80
2497:7950,lock-open-04,,,788ae0e2487b0c197bb514d4b20fcb9150648bf4
2497:7952,password-01,,,a77679ea06b2b3d3ac6e0c1c148c17d19b7c4540
2497:7954,password-02,,,e81e5496081a986053af3109915bc07c956a2ec6
2497:7956,scan,,,8bf75d9c16e3e0813774ae9e3a637b81a19dc942
2497:7958,shield-01,,,18072a310eb878a0ace27e891df862d522f50ba0
2497:7960,shield-02,,,62c6ac36ad85cb7485e4487f36c5b647cb287fc2
2521:6011,Property 1=Default,,2531:6043,62bca53a2d145378748c9d80a581dd3ac1be00c2
2531:6194,Property 1=Design,,2531:6198,9a8d724c40dea0a48b83afd24882356f62b6f3d4
2531:6044,Property 1=Variant2,,2531:6043,205e641872607c8e14acdd81ec68b79590b0e645
2531:6255,Property 1=Integration,,2531:6198,6b2755390e9b61af5e345dd371a8bd066e2718f4
2531:6278,Property 1=Measurement,,2531:6198,a252bf2c9b470fee9c989ce6464c865008a30e86
2531:6304,Property 1=Prptect,,2531:6198,2677f5f5e8bdf9ddea7f17f1ef1978dd3dda58d2
2744:2125,Speaker,,,6e0b121f774cd7b237b6bfc4db14b7cf21c7d56b
