page,node_id,node_name,path,trigger,action,destination_id,navigation,transition_type,duration_ms,easing,direction,variable_id,variable_expr
🔵 UI_Phase 1,2753:5408,Heading Display,Contact/Contact/Container/Heading Display,(legacy),NAVIGATE,2448:7983,,,1500.0,EASE_OUT,,,
🔵 UI_Phase 1,2753:5408,Heading Display,Contact/Contact/Container/Heading Display,AFTER_TIMEOUT(500.0ms),NODE,2448:7983,CHANGE_TO,SMART_ANIMATE,1500.0,EASE_OUT,,,
🔵 UI_Phase 1,3139:10434,Button,Contact/Contact/Section 1/Frame 2147224779/Contact/Submit Container/Button,(legacy),NAVIGATE,36:194,,,300.0,EASE_OUT,,,
🔵 UI_Phase 1,3139:10434,Button,Contact/Contact/Section 1/Frame 2147224779/Contact/Submit Container/Button,ON_HOVER,NODE,36:194,CHANGE_TO,SMART_ANIMATE,300.0,EASE_OUT,,,
🔵 UI_Phase 1,3139:10434,Button,Contact/Contact/Section 1/Frame 2147224779/Contact/Submit Container/Button,ON_CLICK,NODE,2675:5991,NAVIGATE,SMART_ANIMATE,300.0,EASE_OUT,,,
🔵 UI_Phase 1,I2753:5424;2531:9882,Button of Nav Heading,Contact/Contact/Footer Desk/Frame 92/Frame 2147224758/Button of Nav Heading,(legacy),NAVIGATE,2445:2781,,,300.0,EASE_OUT,,,
🔵 UI_Phase 1,I2753:5424;2531:9882,Button of Nav Heading,Contact/Contact/Footer Desk/Frame 92/Frame 2147224758/Button of Nav Heading,ON_HOVER,NODE,2445:2781,CHANGE_TO,SMART_ANIMATE,300.0,EASE_OUT,,,
🔵 UI_Phase 1,I2753:5424;2531:9883,Button of Nav Heading,Contact/Contact/Footer Desk/Frame 92/Frame 2147224758/Button of Nav Heading,(legacy),NAVIGATE,2445:2781,,,300.0,EASE_OUT,,,
🔵 UI_Phase 1,I2753:5424;2531:9883,Button of Nav Heading,Contact/Contact/Footer Desk/Frame 92/Frame 2147224758/Button of Nav Heading,ON_HOVER,NODE,2445:2781,CHANGE_TO,SMART_ANIMATE,300.0,EASE_OUT,,,
🔵 UI_Phase 1,I2753:5424;2531:9884,Button of Nav Heading,Contact/Contact/Footer Desk/Frame 92/Frame 2147224758/Button of Nav Heading,(legacy),NAVIGATE,2445:2781,,,300.0,EASE_OUT,,,
🔵 UI_Phase 1,I2753:5424;2531:9884,Button of Nav Heading,Contact/Contact/Footer Desk/Frame 92/Frame 2147224758/Button of Nav Heading,ON_HOVER,NODE,2445:2781,CHANGE_TO,SMART_ANIMATE,300.0,EASE_OUT,,,
🔵 UI_Phase 1,I2753:5424;2531:9885,Button of Nav Heading,Contact/Contact/Footer Desk/Frame 92/Frame 2147224758/Button of Nav Heading,(legacy),NAVIGATE,2531:6500,,,300.0,EASE_OUT,,,
🔵 UI_Phase 1,I2753:5424;2531:9885,Button of Nav Heading,Contact/Contact/Footer Desk/Frame 92/Frame 2147224758/Button of Nav Heading,ON_CLICK,NODE,2531:6500,CHANGE_TO,SMART_ANIMATE,300.0,EASE_OUT,,,
🔵 UI_Phase 1,I2753:5424;2531:10029,Back Button,Contact/Contact/Footer Desk/Frame 2087326390/Back Button,(legacy),NAVIGATE,2445:2488,,,100.0,LINEAR,,,
🔵 UI_Phase 1,I2753:5424;2531:10029,Back Button,Contact/Contact/Footer Desk/Frame 2087326390/Back Button,ON_HOVER,NODE,2445:2488,CHANGE_TO,SMART_ANIMATE,100.0,LINEAR,,,
🔵 UI_Phase 1,I2753:5424;2531:10029,Back Button,Contact/Contact/Footer Desk/Frame 2087326390/Back Button,ON_CLICK,NODE,2753:5407,SCROLL_TO,SCROLL_ANIMATE,300.0,EASE_OUT,,,
🔵 UI_Phase 1,I2448:7643;2445:2787,Button of Nav Heading,Contact/Contact/Frame 2147224759/Frame 2147224758/Button of Nav Heading,(legacy),NAVIGATE,2445:2781,,,300.0,EASE_OUT,,,
🔵 UI_Phase 1,I2448:7643;2445:2787,Button of Nav Heading,Contact/Contact/Frame 2147224759/Frame 2147224758/Button of Nav Heading,ON_HOVER,NODE,2445:2781,CHANGE_TO,SMART_ANIMATE,300.0,EASE_OUT,,,
🔵 UI_Phase 1,I2448:7643;2445:2794,Button of Nav Heading,Contact/Contact/Frame 2147224759/Frame 2147224758/Button of Nav Heading,(legacy),NAVIGATE,2445:2781,,,300.0,EASE_OUT,,,
🔵 UI_Phase 1,I2448:7643;2445:2794,Button of Nav Heading,Contact/Contact/Frame 2147224759/Frame 2147224758/Button of Nav Heading,ON_HOVER,NODE,2445:2781,CHANGE_TO,SMART_ANIMATE,300.0,EASE_OUT,,,
🔵 UI_Phase 1,I2448:7643;2445:2801,Button of Nav Heading,Contact/Contact/Frame 2147224759/Frame 2147224758/Button of Nav Heading,(legacy),NAVIGATE,2445:2781,,,300.0,EASE_OUT,,,
🔵 UI_Phase 1,I2448:7643;2445:2801,Button of Nav Heading,Contact/Contact/Frame 2147224759/Frame 2147224758/Button of Nav Heading,ON_HOVER,NODE,2445:2781,CHANGE_TO,SMART_ANIMATE,300.0,EASE_OUT,,,
🔵 UI_Phase 1,I2448:7643;2531:6521,Button of Nav Heading,Contact/Contact/Frame 2147224759/Frame 2147224758/Button of Nav Heading,(legacy),NAVIGATE,2531:6498,,,300.0,EASE_OUT,,,
🔵 UI_Phase 1,I2448:7643;2531:6521,Button of Nav Heading,Contact/Contact/Frame 2147224759/Frame 2147224758/Button of Nav Heading,ON_HOVER,NODE,2531:6498,CHANGE_TO,SMART_ANIMATE,300.0,EASE_OUT,,,
🔵 UI_Phase 1,2448:7988,Heading Display,Contact/Contact/Container/Heading Display,(legacy),NAVIGATE,2448:7971,,,1500.0,EASE_OUT,,,
🔵 UI_Phase 1,2448:7988,Heading Display,Contact/Contact/Container/Heading Display,AFTER_TIMEOUT(500.0ms),NODE,2448:7971,CHANGE_TO,SMART_ANIMATE,1500.0,EASE_OUT,,,
🔵 UI_Phase 1,2448:7799,Button,Contact/Contact/Section 1/Frame 2147224779/Contact/Submit Container/Button,(legacy),NAVIGATE,36:194,,,300.0,EASE_OUT,,,
🔵 UI_Phase 1,2448:7799,Button,Contact/Contact/Section 1/Frame 2147224779/Contact/Submit Container/Button,ON_HOVER,NODE,36:194,CHANGE_TO,SMART_ANIMATE,300.0,EASE_OUT,,,
🔵 UI_Phase 1,2448:7799,Button,Contact/Contact/Section 1/Frame 2147224779/Contact/Submit Container/Button,ON_CLICK,NODE,2675:5991,NAVIGATE,SMART_ANIMATE,300.0,EASE_OUT,,,
🔵 UI_Phase 1,I2531:10175;2531:9826,Button of Nav Heading,Contact/Contact/Footer Desk/Frame 5/Frame 5/Frame 92/Frame 2147224758/Button of Nav Heading,(legacy),NAVIGATE,2445:2781,,,300.0,EASE_OUT,,,
🔵 UI_Phase 1,I2531:10175;2531:9826,Button of Nav Heading,Contact/Contact/Footer Desk/Frame 5/Frame 5/Frame 92/Frame 2147224758/Button of Nav Heading,ON_HOVER,NODE,2445:2781,CHANGE_TO,SMART_ANIMATE,300.0,EASE_OUT,,,
🔵 UI_Phase 1,I2531:10175;2531:9827,Button of Nav Heading,Contact/Contact/Footer Desk/Frame 5/Frame 5/Frame 92/Frame 2147224758/Button of Nav Heading,(legacy),NAVIGATE,2445:2781,,,300.0,EASE_OUT,,,
🔵 UI_Phase 1,I2531:10175;2531:9827,Button of Nav Heading,Contact/Contact/Footer Desk/Frame 5/Frame 5/Frame 92/Frame 2147224758/Button of Nav Heading,ON_HOVER,NODE,2445:2781,CHANGE_TO,SMART_ANIMATE,300.0,EASE_OUT,,,
🔵 UI_Phase 1,I2531:10175;2531:9828,Button of Nav Heading,Contact/Contact/Footer Desk/Frame 5/Frame 5/Frame 92/Frame 2147224758/Button of Nav Heading,(legacy),NAVIGATE,2445:2781,,,300.0,EASE_OUT,,,
🔵 UI_Phase 1,I2531:10175;2531:9828,Button of Nav Heading,Contact/Contact/Footer Desk/Frame 5/Frame 5/Frame 92/Frame 2147224758/Button of Nav Heading,ON_HOVER,NODE,2445:2781,CHANGE_TO,SMART_ANIMATE,300.0,EASE_OUT,,,
🔵 UI_Phase 1,I2531:10175;2531:9829,Button of Nav Heading,Contact/Contact/Footer Desk/Frame 5/Frame 5/Frame 92/Frame 2147224758/Button of Nav Heading,(legacy),NAVIGATE,2531:6498,,,300.0,EASE_OUT,,,
🔵 UI_Phase 1,I2531:10175;2531:9829,Button of Nav Heading,Contact/Contact/Footer Desk/Frame 5/Frame 5/Frame 92/Frame 2147224758/Button of Nav Heading,ON_HOVER,NODE,2531:6498,CHANGE_TO,SMART_ANIMATE,300.0,EASE_OUT,,,
🔵 UI_Phase 1,I2531:10175;2531:10059,Back Button,Contact/Contact/Footer Desk/Frame 1527/Back Button,(legacy),NAVIGATE,2445:2488,,,100.0,LINEAR,,,
🔵 UI_Phase 1,I2531:10175;2531:10059,Back Button,Contact/Contact/Footer Desk/Frame 1527/Back Button,ON_HOVER,NODE,2445:2488,CHANGE_TO,SMART_ANIMATE,100.0,LINEAR,,,
🔵 UI_Phase 1,I2531:10175;2531:10059,Back Button,Contact/Contact/Footer Desk/Frame 1527/Back Button,ON_CLICK,NODE,2448:7963,SCROLL_TO,SCROLL_ANIMATE,300.0,EASE_OUT,,,
🔵 UI_Phase 1,3139:10468,Button,Contact/Contact/Submit Container/Button,(legacy),NAVIGATE,36:194,,,300.0,EASE_OUT,,,
🔵 UI_Phase 1,3139:10468,Button,Contact/Contact/Submit Container/Button,ON_HOVER,NODE,36:194,CHANGE_TO,SMART_ANIMATE,300.0,EASE_OUT,,,
🔵 UI_Phase 1,3139:10468,Button,Contact/Contact/Submit Container/Button,ON_CLICK,NODE,2675:5991,NAVIGATE,SMART_ANIMATE,300.0,EASE_OUT,,,
🔵 UI_Phase 1,I2849:4337;2445:2808,Button of Nav Heading,Contact/Contact/Frame 2147224759/Frame 2147224758/Button of Nav Heading,(legacy),NAVIGATE,2445:2781,,,300.0,EASE_OUT,,,
🔵 UI_Phase 1,I2849:4337;2445:2808,Button of Nav Heading,Contact/Contact/Frame 2147224759/Frame 2147224758/Button of Nav Heading,ON_HOVER,NODE,2445:2781,CHANGE_TO,SMART_ANIMATE,300.0,EASE_OUT,,,
🔵 UI_Phase 1,I2849:4337;2445:2811,Button of Nav Heading,Contact/Contact/Frame 2147224759/Frame 2147224758/Button of Nav Heading,(legacy),NAVIGATE,2445:2781,,,300.0,EASE_OUT,,,
🔵 UI_Phase 1,I2849:4337;2445:2811,Button of Nav Heading,Contact/Contact/Frame 2147224759/Frame 2147224758/Button of Nav Heading,ON_HOVER,NODE,2445:2781,CHANGE_TO,SMART_ANIMATE,300.0,EASE_OUT,,,
🔵 UI_Phase 1,I2849:4337;2445:2814,Button of Nav Heading,Contact/Contact/Frame 2147224759/Frame 2147224758/Button of Nav Heading,(legacy),NAVIGATE,2445:2781,,,300.0,EASE_OUT,,,
🔵 UI_Phase 1,I2849:4337;2445:2814,Button of Nav Heading,Contact/Contact/Frame 2147224759/Frame 2147224758/Button of Nav Heading,ON_HOVER,NODE,2445:2781,CHANGE_TO,SMART_ANIMATE,300.0,EASE_OUT,,,
🔵 UI_Phase 1,I2849:4337;2531:6542,Button of Nav Heading,Contact/Contact/Frame 2147224759/Frame 2147224758/Button of Nav Heading,(legacy),NAVIGATE,2531:6498,,,300.0,EASE_OUT,,,
🔵 UI_Phase 1,I2849:4337;2531:6542,Button of Nav Heading,Contact/Contact/Frame 2147224759/Frame 2147224758/Button of Nav Heading,ON_HOVER,NODE,2531:6498,CHANGE_TO,SMART_ANIMATE,300.0,EASE_OUT,,,
🔵 UI_Phase 1,2849:4339,Heading Display,Contact/Contact/Container/Heading Display,(legacy),NAVIGATE,2448:7971,,,1500.0,EASE_OUT,,,
🔵 UI_Phase 1,2849:4339,Heading Display,Contact/Contact/Container/Heading Display,AFTER_TIMEOUT(500.0ms),NODE,2448:7971,CHANGE_TO,SMART_ANIMATE,1500.0,EASE_OUT,,,
🔵 UI_Phase 1,3139:10421,Button,Contact/Contact/Section 1/Frame 2147224779/Contact/Submit Container/Button,(legacy),NAVIGATE,36:194,,,300.0,EASE_OUT,,,
🔵 UI_Phase 1,3139:10421,Button,Contact/Contact/Section 1/Frame 2147224779/Contact/Submit Container/Button,ON_HOVER,NODE,36:194,CHANGE_TO,SMART_ANIMATE,300.0,EASE_OUT,,,
🔵 UI_Phase 1,3139:10421,Button,Contact/Contact/Section 1/Frame 2147224779/Contact/Submit Container/Button,ON_CLICK,NODE,2675:5991,NAVIGATE,SMART_ANIMATE,300.0,EASE_OUT,,,
🔵 UI_Phase 1,I2849:4356;2531:9855,Button of Nav Heading,Contact/Contact/Footer Desk/Frame 2087326389/Frame 92/Frame 2147224758/Button of Nav Heading,(legacy),NAVIGATE,2445:2781,,,300.0,EASE_OUT,,,
🔵 UI_Phase 1,I2849:4356;2531:9855,Button of Nav Heading,Contact/Contact/Footer Desk/Frame 2087326389/Frame 92/Frame 2147224758/Button of Nav Heading,ON_HOVER,NODE,2445:2781,CHANGE_TO,SMART_ANIMATE,300.0,EASE_OUT,,,
🔵 UI_Phase 1,I2849:4356;2531:9856,Button of Nav Heading,Contact/Contact/Footer Desk/Frame 2087326389/Frame 92/Frame 2147224758/Button of Nav Heading,(legacy),NAVIGATE,2445:2781,,,300.0,EASE_OUT,,,
🔵 UI_Phase 1,I2849:4356;2531:9856,Button of Nav Heading,Contact/Contact/Footer Desk/Frame 2087326389/Frame 92/Frame 2147224758/Button of Nav Heading,ON_HOVER,NODE,2445:2781,CHANGE_TO,SMART_ANIMATE,300.0,EASE_OUT,,,
🔵 UI_Phase 1,I2849:4356;2531:9857,Button of Nav Heading,Contact/Contact/Footer Desk/Frame 2087326389/Frame 92/Frame 2147224758/Button of Nav Heading,(legacy),NAVIGATE,2445:2781,,,300.0,EASE_OUT,,,
🔵 UI_Phase 1,I2849:4356;2531:9857,Button of Nav Heading,Contact/Contact/Footer Desk/Frame 2087326389/Frame 92/Frame 2147224758/Button of Nav Heading,ON_HOVER,NODE,2445:2781,CHANGE_TO,SMART_ANIMATE,300.0,EASE_OUT,,,
🔵 UI_Phase 1,I2849:4356;2531:9858,Button of Nav Heading,Contact/Contact/Footer Desk/Frame 2087326389/Frame 92/Frame 2147224758/Button of Nav Heading,(legacy),NAVIGATE,2531:6498,,,300.0,EASE_OUT,,,
🔵 UI_Phase 1,I2849:4356;2531:9858,Button of Nav Heading,Contact/Contact/Footer Desk/Frame 2087326389/Frame 92/Frame 2147224758/Button of Nav Heading,ON_HOVER,NODE,2531:6498,CHANGE_TO,SMART_ANIMATE,300.0,EASE_OUT,,,
🔵 UI_Phase 1,I2849:4356;2531:10025,Back Button,Contact/Contact/Footer Desk/Frame 1527/Back Button,(legacy),NAVIGATE,2445:2488,,,100.0,LINEAR,,,
🔵 UI_Phase 1,I2849:4356;2531:10025,Back Button,Contact/Contact/Footer Desk/Frame 1527/Back Button,ON_HOVER,NODE,2445:2488,CHANGE_TO,SMART_ANIMATE,100.0,LINEAR,,,
🔵 UI_Phase 1,I2849:4356;2531:10025,Back Button,Contact/Contact/Footer Desk/Frame 1527/Back Button,ON_CLICK,NODE,2849:4338,SCROLL_TO,SCROLL_ANIMATE,300.0,EASE_OUT,,,
🔵 UI_Phase 1,I2675:5992;2445:2787,Button of Nav Heading,Contact/Contact_Succes/Frame 2147224759/Frame 2147224758/Button of Nav Heading,(legacy),NAVIGATE,2445:2781,,,300.0,EASE_OUT,,,
🔵 UI_Phase 1,I2675:5992;2445:2787,Button of Nav Heading,Contact/Contact_Succes/Frame 2147224759/Frame 2147224758/Button of Nav Heading,ON_HOVER,NODE,2445:2781,CHANGE_TO,SMART_ANIMATE,300.0,EASE_OUT,,,
🔵 UI_Phase 1,I2675:5992;2445:2794,Button of Nav Heading,Contact/Contact_Succes/Frame 2147224759/Frame 2147224758/Button of Nav Heading,(legacy),NAVIGATE,2445:2781,,,300.0,EASE_OUT,,,
🔵 UI_Phase 1,I2675:5992;2445:2794,Button of Nav Heading,Contact/Contact_Succes/Frame 2147224759/Frame 2147224758/Button of Nav Heading,ON_HOVER,NODE,2445:2781,CHANGE_TO,SMART_ANIMATE,300.0,EASE_OUT,,,
🔵 UI_Phase 1,I2675:5992;2445:2801,Button of Nav Heading,Contact/Contact_Succes/Frame 2147224759/Frame 2147224758/Button of Nav Heading,(legacy),NAVIGATE,2445:2781,,,300.0,EASE_OUT,,,
🔵 UI_Phase 1,I2675:5992;2445:2801,Button of Nav Heading,Contact/Contact_Succes/Frame 2147224759/Frame 2147224758/Button of Nav Heading,ON_HOVER,NODE,2445:2781,CHANGE_TO,SMART_ANIMATE,300.0,EASE_OUT,,,
🔵 UI_Phase 1,I2675:5992;2531:6521,Button of Nav Heading,Contact/Contact_Succes/Frame 2147224759/Frame 2147224758/Button of Nav Heading,(legacy),NAVIGATE,2531:6498,,,300.0,EASE_OUT,,,
🔵 UI_Phase 1,I2675:5992;2531:6521,Button of Nav Heading,Contact/Contact_Succes/Frame 2147224759/Frame 2147224758/Button of Nav Heading,ON_HOVER,NODE,2531:6498,CHANGE_TO,SMART_ANIMATE,300.0,EASE_OUT,,,
🔵 UI_Phase 1,2675:5994,Heading Display,Contact/Contact_Succes/Container/Heading Display,(legacy),NAVIGATE,2448:7971,,,1500.0,EASE_OUT,,,
🔵 UI_Phase 1,2675:5994,Heading Display,Contact/Contact_Succes/Container/Heading Display,AFTER_TIMEOUT(500.0ms),NODE,2448:7971,CHANGE_TO,SMART_ANIMATE,1500.0,EASE_OUT,,,
🔵 UI_Phase 1,2675:6008,Button,Contact/Contact_Succes/Section 1/Frame 2147224779/Contact/Submit Container/Button,(legacy),NAVIGATE,36:194,,,300.0,EASE_OUT,,,
🔵 UI_Phase 1,2675:6008,Button,Contact/Contact_Succes/Section 1/Frame 2147224779/Contact/Submit Container/Button,ON_HOVER,NODE,36:194,CHANGE_TO,SMART_ANIMATE,300.0,EASE_OUT,,,
🔵 UI_Phase 1,I2675:6010;2531:9826,Button of Nav Heading,Contact/Contact_Succes/Footer Desk/Frame 5/Frame 5/Frame 92/Frame 2147224758/Button of Nav Heading,(legacy),NAVIGATE,2445:2781,,,300.0,EASE_OUT,,,
🔵 UI_Phase 1,I2675:6010;2531:9826,Button of Nav Heading,Contact/Contact_Succes/Footer Desk/Frame 5/Frame 5/Frame 92/Frame 2147224758/Button of Nav Heading,ON_HOVER,NODE,2445:2781,CHANGE_TO,SMART_ANIMATE,300.0,EASE_OUT,,,
🔵 UI_Phase 1,I2675:6010;2531:9827,Button of Nav Heading,Contact/Contact_Succes/Footer Desk/Frame 5/Frame 5/Frame 92/Frame 2147224758/Button of Nav Heading,(legacy),NAVIGATE,2445:2781,,,300.0,EASE_OUT,,,
🔵 UI_Phase 1,I2675:6010;2531:9827,Button of Nav Heading,Contact/Contact_Succes/Footer Desk/Frame 5/Frame 5/Frame 92/Frame 2147224758/Button of Nav Heading,ON_HOVER,NODE,2445:2781,CHANGE_TO,SMART_ANIMATE,300.0,EASE_OUT,,,
🔵 UI_Phase 1,I2675:6010;2531:9828,Button of Nav Heading,Contact/Contact_Succes/Footer Desk/Frame 5/Frame 5/Frame 92/Frame 2147224758/Button of Nav Heading,(legacy),NAVIGATE,2445:2781,,,300.0,EASE_OUT,,,
🔵 UI_Phase 1,I2675:6010;2531:9828,Button of Nav Heading,Contact/Contact_Succes/Footer Desk/Frame 5/Frame 5/Frame 92/Frame 2147224758/Button of Nav Heading,ON_HOVER,NODE,2445:2781,CHANGE_TO,SMART_ANIMATE,300.0,EASE_OUT,,,
🔵 UI_Phase 1,I2675:6010;2531:9829,Button of Nav Heading,Contact/Contact_Succes/Footer Desk/Frame 5/Frame 5/Frame 92/Frame 2147224758/Button of Nav Heading,(legacy),NAVIGATE,2531:6498,,,300.0,EASE_OUT,,,
🔵 UI_Phase 1,I2675:6010;2531:9829,Button of Nav Heading,Contact/Contact_Succes/Footer Desk/Frame 5/Frame 5/Frame 92/Frame 2147224758/Button of Nav Heading,ON_HOVER,NODE,2531:6498,CHANGE_TO,SMART_ANIMATE,300.0,EASE_OUT,,,
🔵 UI_Phase 1,I2675:6010;2531:10059,Back Button,Contact/Contact_Succes/Footer Desk/Frame 1527/Back Button,(legacy),NAVIGATE,2445:2488,,,100.0,LINEAR,,,
🔵 UI_Phase 1,I2675:6010;2531:10059,Back Button,Contact/Contact_Succes/Footer Desk/Frame 1527/Back Button,ON_HOVER,NODE,2445:2488,CHANGE_TO,SMART_ANIMATE,100.0,LINEAR,,,
🔵 UI_Phase 1,I2675:6010;2531:10059,Back Button,Contact/Contact_Succes/Footer Desk/Frame 1527/Back Button,ON_CLICK,NODE,2675:5993,SCROLL_TO,SCROLL_ANIMATE,300.0,EASE_OUT,,,
🔵 UI_Phase 1,I2985:8080;2445:2787,Button of Nav Heading,Contact/Contact_Eror_Desk/Frame 2147224759/Frame 2147224758/Button of Nav Heading,(legacy),NAVIGATE,2445:2781,,,300.0,EASE_OUT,,,
🔵 UI_Phase 1,I2985:8080;2445:2787,Button of Nav Heading,Contact/Contact_Eror_Desk/Frame 2147224759/Frame 2147224758/Button of Nav Heading,ON_HOVER,NODE,2445:2781,CHANGE_TO,SMART_ANIMATE,300.0,EASE_OUT,,,
🔵 UI_Phase 1,I2985:8080;2445:2794,Button of Nav Heading,Contact/Contact_Eror_Desk/Frame 2147224759/Frame 2147224758/Button of Nav Heading,(legacy),NAVIGATE,2445:2781,,,300.0,EASE_OUT,,,
🔵 UI_Phase 1,I2985:8080;2445:2794,Button of Nav Heading,Contact/Contact_Eror_Desk/Frame 2147224759/Frame 2147224758/Button of Nav Heading,ON_HOVER,NODE,2445:2781,CHANGE_TO,SMART_ANIMATE,300.0,EASE_OUT,,,
🔵 UI_Phase 1,I2985:8080;2445:2801,Button of Nav Heading,Contact/Contact_Eror_Desk/Frame 2147224759/Frame 2147224758/Button of Nav Heading,(legacy),NAVIGATE,2445:2781,,,300.0,EASE_OUT,,,
🔵 UI_Phase 1,I2985:8080;2445:2801,Button of Nav Heading,Contact/Contact_Eror_Desk/Frame 2147224759/Frame 2147224758/Button of Nav Heading,ON_HOVER,NODE,2445:2781,CHANGE_TO,SMART_ANIMATE,300.0,EASE_OUT,,,
🔵 UI_Phase 1,I2985:8080;2531:6521,Button of Nav Heading,Contact/Contact_Eror_Desk/Frame 2147224759/Frame 2147224758/Button of Nav Heading,(legacy),NAVIGATE,2531:6498,,,300.0,EASE_OUT,,,
🔵 UI_Phase 1,I2985:8080;2531:6521,Button of Nav Heading,Contact/Contact_Eror_Desk/Frame 2147224759/Frame 2147224758/Button of Nav Heading,ON_HOVER,NODE,2531:6498,CHANGE_TO,SMART_ANIMATE,300.0,EASE_OUT,,,
🔵 UI_Phase 1,2985:8082,Heading Display,Contact/Contact_Eror_Desk/Container/Heading Display,(legacy),NAVIGATE,2448:7971,,,1500.0,EASE_OUT,,,
🔵 UI_Phase 1,2985:8082,Heading Display,Contact/Contact_Eror_Desk/Container/Heading Display,AFTER_TIMEOUT(500.0ms),NODE,2448:7971,CHANGE_TO,SMART_ANIMATE,1500.0,EASE_OUT,,,
🔵 UI_Phase 1,3139:10608,Button,Contact/Contact_Eror_Desk/Section 1/Frame 2147224779/Contact/Submit Container/Button,(legacy),NAVIGATE,36:194,,,300.0,EASE_OUT,,,
🔵 UI_Phase 1,3139:10608,Button,Contact/Contact_Eror_Desk/Section 1/Frame 2147224779/Contact/Submit Container/Button,ON_HOVER,NODE,36:194,CHANGE_TO,SMART_ANIMATE,300.0,EASE_OUT,,,
🔵 UI_Phase 1,3139:10608,Button,Contact/Contact_Eror_Desk/Section 1/Frame 2147224779/Contact/Submit Container/Button,ON_CLICK,NODE,2675:5991,NAVIGATE,SMART_ANIMATE,300.0,EASE_OUT,,,
🔵 UI_Phase 1,I2985:8098;2531:9826,Button of Nav Heading,Contact/Contact_Eror_Desk/Footer Desk/Frame 5/Frame 5/Frame 92/Frame 2147224758/Button of Nav Heading,(legacy),NAVIGATE,2445:2781,,,300.0,EASE_OUT,,,
🔵 UI_Phase 1,I2985:8098;2531:9826,Button of Nav Heading,Contact/Contact_Eror_Desk/Footer Desk/Frame 5/Frame 5/Frame 92/Frame 2147224758/Button of Nav Heading,ON_HOVER,NODE,2445:2781,CHANGE_TO,SMART_ANIMATE,300.0,EASE_OUT,,,
🔵 UI_Phase 1,I2985:8098;2531:9827,Button of Nav Heading,Contact/Contact_Eror_Desk/Footer Desk/Frame 5/Frame 5/Frame 92/Frame 2147224758/Button of Nav Heading,(legacy),NAVIGATE,2445:2781,,,300.0,EASE_OUT,,,
🔵 UI_Phase 1,I2985:8098;2531:9827,Button of Nav Heading,Contact/Contact_Eror_Desk/Footer Desk/Frame 5/Frame 5/Frame 92/Frame 2147224758/Button of Nav Heading,ON_HOVER,NODE,2445:2781,CHANGE_TO,SMART_ANIMATE,300.0,EASE_OUT,,,
🔵 UI_Phase 1,I2985:8098;2531:9828,Button of Nav Heading,Contact/Contact_Eror_Desk/Footer Desk/Frame 5/Frame 5/Frame 92/Frame 2147224758/Button of Nav Heading,(legacy),NAVIGATE,2445:2781,,,300.0,EASE_OUT,,,
🔵 UI_Phase 1,I2985:8098;2531:9828,Button of Nav Heading,Contact/Contact_Eror_Desk/Footer Desk/Frame 5/Frame 5/Frame 92/Frame 2147224758/Button of Nav Heading,ON_HOVER,NODE,2445:2781,CHANGE_TO,SMART_ANIMATE,300.0,EASE_OUT,,,
🔵 UI_Phase 1,I2985:8098;2531:9829,Button of Nav Heading,Contact/Contact_Eror_Desk/Footer Desk/Frame 5/Frame 5/Frame 92/Frame 2147224758/Button of Nav Heading,(legacy),NAVIGATE,2531:6498,,,300.0,EASE_OUT,,,
🔵 UI_Phase 1,I2985:8098;2531:9829,Button of Nav Heading,Contact/Contact_Eror_Desk/Footer Desk/Frame 5/Frame 5/Frame 92/Frame 2147224758/Button of Nav Heading,ON_HOVER,NODE,2531:6498,CHANGE_TO,SMART_ANIMATE,300.0,EASE_OUT,,,
🔵 UI_Phase 1,I2985:8098;2531:10059,Back Button,Contact/Contact_Eror_Desk/Footer Desk/Frame 1527/Back Button,(legacy),NAVIGATE,2445:2488,,,100.0,LINEAR,,,
🔵 UI_Phase 1,I2985:8098;2531:10059,Back Button,Contact/Contact_Eror_Desk/Footer Desk/Frame 1527/Back Button,ON_HOVER,NODE,2445:2488,CHANGE_TO,SMART_ANIMATE,100.0,LINEAR,,,
🔵 UI_Phase 1,I2985:8098;2531:10059,Back Button,Contact/Contact_Eror_Desk/Footer Desk/Frame 1527/Back Button,ON_CLICK,NODE,2985:8081,SCROLL_TO,SCROLL_ANIMATE,300.0,EASE_OUT,,,
🔵 UI_Phase 1,I2675:13397;2445:2787,Button of Nav Heading,SKU - Mobile/SKU - Mobile/Frame 2147224759/Frame 2147224758/Button of Nav Heading,(legacy),NAVIGATE,2445:2781,,,300.0,EASE_OUT,,,
🔵 UI_Phase 1,I2675:13397;2445:2787,Button of Nav Heading,SKU - Mobile/SKU - Mobile/Frame 2147224759/Frame 2147224758/Button of Nav Heading,ON_HOVER,NODE,2445:2781,CHANGE_TO,SMART_ANIMATE,300.0,EASE_OUT,,,
🔵 UI_Phase 1,I2675:13397;2445:2794,Button of Nav Heading,SKU - Mobile/SKU - Mobile/Frame 2147224759/Frame 2147224758/Button of Nav Heading,(legacy),NAVIGATE,2445:2781,,,300.0,EASE_OUT,,,
🔵 UI_Phase 1,I2675:13397;2445:2794,Button of Nav Heading,SKU - Mobile/SKU - Mobile/Frame 2147224759/Frame 2147224758/Button of Nav Heading,ON_HOVER,NODE,2445:2781,CHANGE_TO,SMART_ANIMATE,300.0,EASE_OUT,,,
🔵 UI_Phase 1,I2675:13397;2445:2801,Button of Nav Heading,SKU - Mobile/SKU - Mobile/Frame 2147224759/Frame 2147224758/Button of Nav Heading,(legacy),NAVIGATE,2445:2781,,,300.0,EASE_OUT,,,
🔵 UI_Phase 1,I2675:13397;2445:2801,Button of Nav Heading,SKU - Mobile/SKU - Mobile/Frame 2147224759/Frame 2147224758/Button of Nav Heading,ON_HOVER,NODE,2445:2781,CHANGE_TO,SMART_ANIMATE,300.0,EASE_OUT,,,
🔵 UI_Phase 1,I2675:13397;2531:6521,Button of Nav Heading,SKU - Mobile/SKU - Mobile/Frame 2147224759/Frame 2147224758/Button of Nav Heading,(legacy),NAVIGATE,2531:6498,,,300.0,EASE_OUT,,,
🔵 UI_Phase 1,I2675:13397;2531:6521,Button of Nav Heading,SKU - Mobile/SKU - Mobile/Frame 2147224759/Frame 2147224758/Button of Nav Heading,ON_HOVER,NODE,2531:6498,CHANGE_TO,SMART_ANIMATE,300.0,EASE_OUT,,,
🔵 UI_Phase 1,2865:9195,Button,SKU - Mobile/SKU - Mobile/Frame 2147224830/Frame 2147224834/Pride/Button,(legacy),NAVIGATE,2633:2693,,,300.0,EASE_OUT,,,
🔵 UI_Phase 1,2865:9195,Button,SKU - Mobile/SKU - Mobile/Frame 2147224830/Frame 2147224834/Pride/Button,ON_CLICK,NODE,2633:2693,NAVIGATE,SMART_ANIMATE,300.0,EASE_OUT,,,
🔵 UI_Phase 1,2769:7026,Button,SKU - Mobile/SKU - Mobile/Frame 2147224830/Frame 2147224834/Pride/Button,(legacy),NAVIGATE,36:781,,,300.0,EASE_OUT,,,
🔵 UI_Phase 1,2769:7026,Button,SKU - Mobile/SKU - Mobile/Frame 2147224830/Frame 2147224834/Pride/Button,ON_HOVER,NODE,36:781,CHANGE_TO,SMART_ANIMATE,300.0,EASE_OUT,,,
🔵 UI_Phase 1,2769:7026,Button,SKU - Mobile/SKU - Mobile/Frame 2147224830/Frame 2147224834/Pride/Button,ON_CLICK,NODE,2448:7642,NAVIGATE,SMART_ANIMATE,300.0,EASE_OUT,,,
🔵 UI_Phase 1,2769:6165,Device Button,SKU - Mobile/SKU - Mobile/Frame 2147224830/Frame 2147224833/segmented-control/Device Button,(legacy),NAVIGATE,2769:6061,,,300.0,EASE_OUT,,,
🔵 UI_Phase 1,2769:6165,Device Button,SKU - Mobile/SKU - Mobile/Frame 2147224830/Frame 2147224833/segmented-control/Device Button,ON_CLICK,NODE,2769:6061,CHANGE_TO,SMART_ANIMATE,300.0,EASE_OUT,,,
🔵 UI_Phase 1,I2769:6165;2769:6033,Device Icon,SKU - Mobile/SKU - Mobile/Frame 2147224830/Frame 2147224833/segmented-control/Device Button/Device Icon,(legacy),NAVIGATE,2769:5946,,,300.0,EASE_OUT,,,
🔵 UI_Phase 1,I2769:6165;2769:6033,Device Icon,SKU - Mobile/SKU - Mobile/Frame 2147224830/Frame 2147224833/segmented-control/Device Button/Device Icon,ON_HOVER,NODE,2769:5946,CHANGE_TO,SMART_ANIMATE,300.0,EASE_OUT,,,
🔵 UI_Phase 1,2769:6166,Device Button,SKU - Mobile/SKU - Mobile/Frame 2147224830/Frame 2147224833/segmented-control/Device Button,(legacy),NAVIGATE,2769:6026,,,300.0,EASE_OUT,,,
🔵 UI_Phase 1,2769:6166,Device Button,SKU - Mobile/SKU - Mobile/Frame 2147224830/Frame 2147224833/segmented-control/Device Button,ON_CLICK,NODE,2769:6026,CHANGE_TO,SMART_ANIMATE,300.0,EASE_OUT,,,
🔵 UI_Phase 1,2769:6166,Device Button,SKU - Mobile/SKU - Mobile/Frame 2147224830/Frame 2147224833/segmented-control/Device Button,ON_CLICK,NODE,2769:6612,NAVIGATE,SMART_ANIMATE,300.0,LINEAR,,,
🔵 UI_Phase 1,I2769:6166;2769:6048,Device Icon,SKU - Mobile/SKU - Mobile/Frame 2147224830/Frame 2147224833/segmented-control/Device Button/Device Icon,ON_CLICK,,,,,,,,,
🔵 UI_Phase 1,2769:6167,Device Button,SKU - Mobile/SKU - Mobile/Frame 2147224830/Frame 2147224833/segmented-control/Device Button,(legacy),NAVIGATE,2769:6026,,,300.0,EASE_OUT,,,
🔵 UI_Phase 1,2769:6167,Device Button,SKU - Mobile/SKU - Mobile/Frame 2147224830/Frame 2147224833/segmented-control/Device Button,ON_CLICK,NODE,2769:6026,CHANGE_TO,SMART_ANIMATE,300.0,EASE_OUT,,,
🔵 UI_Phase 1,I2769:6167;2769:6048,Device Icon,SKU - Mobile/SKU - Mobile/Frame 2147224830/Frame 2147224833/segmented-control/Device Button/Device Icon,ON_CLICK,,,,,,,,,
🔵 UI_Phase 1,3139:8625,Card SKU,SKU - Mobile/SKU - Mobile/Section 4/Frame 2147224799/Card SKU,(legacy),NAVIGATE,2675:6204,,,300.0,EASE_OUT,,,
🔵 UI_Phase 1,3139:8625,Card SKU,SKU - Mobile/SKU - Mobile/Section 4/Frame 2147224799/Card SKU,ON_HOVER,NODE,2675:6204,CHANGE_TO,SMART_ANIMATE,300.0,EASE_OUT,,,
🔵 UI_Phase 1,3139:8625,Card SKU,SKU - Mobile/SKU - Mobile/Section 4/Frame 2147224799/Card SKU,ON_CLICK,NODE,2856:8352,NAVIGATE,SMART_ANIMATE,300.0,EASE_OUT,,,
🔵 UI_Phase 1,I3139:8625;2675:6468,Component 12,SKU - Mobile/SKU - Mobile/Section 4/Frame 2147224799/Card SKU/Component 12,(legacy),NAVIGATE,2675:6348,,,300.0,EASE_OUT,,,
🔵 UI_Phase 1,I3139:8625;2675:6468,Component 12,SKU - Mobile/SKU - Mobile/Section 4/Frame 2147224799/Card SKU/Component 12,ON_HOVER,NODE,2675:6348,CHANGE_TO,SMART_ANIMATE,300.0,EASE_OUT,,,
🔵 UI_Phase 1,3139:8626,Card SKU,SKU - Mobile/SKU - Mobile/Section 4/Frame 2147224799/Card SKU,(legacy),NAVIGATE,2675:6204,,,300.0,EASE_OUT,,,
🔵 UI_Phase 1,3139:8626,Card SKU,SKU - Mobile/SKU - Mobile/Section 4/Frame 2147224799/Card SKU,ON_HOVER,NODE,2675:6204,CHANGE_TO,SMART_ANIMATE,300.0,EASE_OUT,,,
🔵 UI_Phase 1,I3139:8626;2675:6468,Format,SKU - Mobile/SKU - Mobile/Section 4/Frame 2147224799/Card SKU/Format,(legacy),NAVIGATE,2675:6355,,,300.0,EASE_OUT,,,
🔵 UI_Phase 1,I3139:8626;2675:6468,Format,SKU - Mobile/SKU - Mobile/Section 4/Frame 2147224799/Card SKU/Format,ON_HOVER,NODE,2675:6355,CHANGE_TO,SMART_ANIMATE,300.0,EASE_OUT,,,
🔵 UI_Phase 1,3139:8627,Card SKU,SKU - Mobile/SKU - Mobile/Section 4/Frame 2147224799/Card SKU,(legacy),NAVIGATE,2675:6204,,,300.0,EASE_OUT,,,
🔵 UI_Phase 1,3139:8627,Card SKU,SKU - Mobile/SKU - Mobile/Section 4/Frame 2147224799/Card SKU,ON_HOVER,NODE,2675:6204,CHANGE_TO,SMART_ANIMATE,300.0,EASE_OUT,,,
🔵 UI_Phase 1,I3139:8627;2675:6468,Format,SKU - Mobile/SKU - Mobile/Section 4/Frame 2147224799/Card SKU/Format,(legacy),NAVIGATE,2675:6366,,,300.0,EASE_OUT,,,
🔵 UI_Phase 1,I3139:8627;2675:6468,Format,SKU - Mobile/SKU - Mobile/Section 4/Frame 2147224799/Card SKU/Format,ON_HOVER,NODE,2675:6366,CHANGE_TO,SMART_ANIMATE,300.0,EASE_OUT,,,
🔵 UI_Phase 1,3139:8628,Card SKU,SKU - Mobile/SKU - Mobile/Section 4/Frame 2147224799/Card SKU,(legacy),NAVIGATE,2675:6204,,,300.0,EASE_OUT,,,
🔵 UI_Phase 1,3139:8628,Card SKU,SKU - Mobile/SKU - Mobile/Section 4/Frame 2147224799/Card SKU,ON_HOVER,NODE,2675:6204,CHANGE_TO,SMART_ANIMATE,300.0,EASE_OUT,,,
🔵 UI_Phase 1,I3139:8628;2675:6468,Format,SKU - Mobile/SKU - Mobile/Section 4/Frame 2147224799/Card SKU/Format,(legacy),NAVIGATE,2675:6380,,,300.0,EASE_OUT,,,
🔵 UI_Phase 1,I3139:8628;2675:6468,Format,SKU - Mobile/SKU - Mobile/Section 4/Frame 2147224799/Card SKU/Format,ON_HOVER,NODE,2675:6380,CHANGE_TO,SMART_ANIMATE,300.0,EASE_OUT,,,
🔵 UI_Phase 1,3139:8629,Card SKU,SKU - Mobile/SKU - Mobile/Section 4/Frame 2147224799/Card SKU,(legacy),NAVIGATE,2675:6204,,,300.0,EASE_OUT,,,
🔵 UI_Phase 1,3139:8629,Card SKU,SKU - Mobile/SKU - Mobile/Section 4/Frame 2147224799/Card SKU,ON_HOVER,NODE,2675:6204,CHANGE_TO,SMART_ANIMATE,300.0,EASE_OUT,,,
🔵 UI_Phase 1,I3139:8629;2675:6468,Format,SKU - Mobile/SKU - Mobile/Section 4/Frame 2147224799/Card SKU/Format,(legacy),NAVIGATE,2675:6390,,,300.0,EASE_OUT,,,
🔵 UI_Phase 1,I3139:8629;2675:6468,Format,SKU - Mobile/SKU - Mobile/Section 4/Frame 2147224799/Card SKU/Format,ON_HOVER,NODE,2675:6390,CHANGE_TO,SMART_ANIMATE,300.0,EASE_OUT,,,
🔵 UI_Phase 1,3139:8630,Card SKU,SKU - Mobile/SKU - Mobile/Section 4/Frame 2147224799/Card SKU,(legacy),NAVIGATE,2675:6204,,,300.0,EASE_OUT,,,
🔵 UI_Phase 1,3139:8630,Card SKU,SKU - Mobile/SKU - Mobile/Section 4/Frame 2147224799/Card SKU,ON_HOVER,NODE,2675:6204,CHANGE_TO,SMART_ANIMATE,300.0,EASE_OUT,,,
🔵 UI_Phase 1,I3139:8630;2675:6468,Format,SKU - Mobile/SKU - Mobile/Section 4/Frame 2147224799/Card SKU/Format,(legacy),NAVIGATE,2675:6400,,,300.0,EASE_OUT,,,
🔵 UI_Phase 1,I3139:8630;2675:6468,Format,SKU - Mobile/SKU - Mobile/Section 4/Frame 2147224799/Card SKU/Format,ON_HOVER,NODE,2675:6400,CHANGE_TO,SMART_ANIMATE,300.0,EASE_OUT,,,
🔵 UI_Phase 1,3139:8631,Card SKU,SKU - Mobile/SKU - Mobile/Section 4/Frame 2147224799/Card SKU,(legacy),NAVIGATE,2675:6204,,,300.0,EASE_OUT,,,
🔵 UI_Phase 1,3139:8631,Card SKU,SKU - Mobile/SKU - Mobile/Section 4/Frame 2147224799/Card SKU,ON_HOVER,NODE,2675:6204,CHANGE_TO,SMART_ANIMATE,300.0,EASE_OUT,,,
🔵 UI_Phase 1,I3139:8631;2675:6468,Format,SKU - Mobile/SKU - Mobile/Section 4/Frame 2147224799/Card SKU/Format,(legacy),NAVIGATE,2675:6428,,,300.0,EASE_OUT,,,
🔵 UI_Phase 1,I3139:8631;2675:6468,Format,SKU - Mobile/SKU - Mobile/Section 4/Frame 2147224799/Card SKU/Format,ON_HOVER,NODE,2675:6428,CHANGE_TO,SMART_ANIMATE,300.0,EASE_OUT,,,
🔵 UI_Phase 1,3139:8632,Card SKU,SKU - Mobile/SKU - Mobile/Section 4/Frame 2147224799/Card SKU,(legacy),NAVIGATE,2675:6204,,,300.0,EASE_OUT,,,
🔵 UI_Phase 1,3139:8632,Card SKU,SKU - Mobile/SKU - Mobile/Section 4/Frame 2147224799/Card SKU,ON_HOVER,NODE,2675:6204,CHANGE_TO,SMART_ANIMATE,300.0,EASE_OUT,,,
🔵 UI_Phase 1,I3139:8632;2675:6468,Format,SKU - Mobile/SKU - Mobile/Section 4/Frame 2147224799/Card SKU/Format,(legacy),NAVIGATE,2675:6444,,,300.0,EASE_OUT,,,
🔵 UI_Phase 1,I3139:8632;2675:6468,Format,SKU - Mobile/SKU - Mobile/Section 4/Frame 2147224799/Card SKU/Format,ON_HOVER,NODE,2675:6444,CHANGE_TO,SMART_ANIMATE,300.0,EASE_OUT,,,
🔵 UI_Phase 1,3139:8633,Card SKU,SKU - Mobile/SKU - Mobile/Section 4/Frame 2147224799/Card SKU,(legacy),NAVIGATE,2675:6204,,,300.0,EASE_OUT,,,
🔵 UI_Phase 1,3139:8633,Card SKU,SKU - Mobile/SKU - Mobile/Section 4/Frame 2147224799/Card SKU,ON_HOVER,NODE,2675:6204,CHANGE_TO,SMART_ANIMATE,300.0,EASE_OUT,,,
🔵 UI_Phase 1,I3139:8633;2675:6468,Format,SKU - Mobile/SKU - Mobile/Section 4/Frame 2147224799/Card SKU/Format,(legacy),NAVIGATE,2675:6412,,,300.0,EASE_OUT,,,
🔵 UI_Phase 1,I3139:8633;2675:6468,Format,SKU - Mobile/SKU - Mobile/Section 4/Frame 2147224799/Card SKU/Format,ON_HOVER,NODE,2675:6412,CHANGE_TO,SMART_ANIMATE,300.0,EASE_OUT,,,
🔵 UI_Phase 1,2933:9359,Badge & Chip,SKU - Mobile/SKU - Mobile/Section 4/Frame 2147224797/Frame 2147224795/Frame 2147224798/Badge & Chip,(legacy),NAVIGATE,2675:7812,,,300.0,EASE_OUT,,,
🔵 UI_Phase 1,2933:9359,Badge & Chip,SKU - Mobile/SKU - Mobile/Section 4/Frame 2147224797/Frame 2147224795/Frame 2147224798/Badge & Chip,ON_CLICK,NODE,2675:7812,NAVIGATE,,,,,,
🔵 UI_Phase 1,I2933:9359;2675:6832,nav-arrow,SKU - Mobile/SKU - Mobile/Section 4/Frame 2147224797/Frame 2147224795/Frame 2147224798/Badge & Chip/nav-arrow,ON_CLICK,NODE,,CHANGE_TO,,,,,,
🔵 UI_Phase 1,2933:9362,Component 11,SKU - Mobile/SKU - Mobile/Section 4/Frame 2147224797/Frame 2147224795/Component 11,(legacy),NAVIGATE,2633:5704,,,300.0,EASE_OUT,,,
🔵 UI_Phase 1,2933:9362,Component 11,SKU - Mobile/SKU - Mobile/Section 4/Frame 2147224797/Frame 2147224795/Component 11,ON_HOVER,NODE,2633:5704,CHANGE_TO,SMART_ANIMATE,300.0,EASE_OUT,,,
🔵 UI_Phase 1,I2675:13443;2531:9826,Button of Nav Heading,SKU - Mobile/SKU - Mobile/Footer Desk/Frame 5/Frame 5/Frame 92/Frame 2147224758/Button of Nav Heading,(legacy),NAVIGATE,2445:2781,,,300.0,EASE_OUT,,,
🔵 UI_Phase 1,I2675:13443;2531:9826,Button of Nav Heading,SKU - Mobile/SKU - Mobile/Footer Desk/Frame 5/Frame 5/Frame 92/Frame 2147224758/Button of Nav Heading,ON_HOVER,NODE,2445:2781,CHANGE_TO,SMART_ANIMATE,300.0,EASE_OUT,,,
🔵 UI_Phase 1,I2675:13443;2531:9827,Button of Nav Heading,SKU - Mobile/SKU - Mobile/Footer Desk/Frame 5/Frame 5/Frame 92/Frame 2147224758/Button of Nav Heading,(legacy),NAVIGATE,2445:2781,,,300.0,EASE_OUT,,,
🔵 UI_Phase 1,I2675:13443;2531:9827,Button of Nav Heading,SKU - Mobile/SKU - Mobile/Footer Desk/Frame 5/Frame 5/Frame 92/Frame 2147224758/Button of Nav Heading,ON_HOVER,NODE,2445:2781,CHANGE_TO,SMART_ANIMATE,300.0,EASE_OUT,,,
🔵 UI_Phase 1,I2675:13443;2531:9828,Button of Nav Heading,SKU - Mobile/SKU - Mobile/Footer Desk/Frame 5/Frame 5/Frame 92/Frame 2147224758/Button of Nav Heading,(legacy),NAVIGATE,2445:2781,,,300.0,EASE_OUT,,,
🔵 UI_Phase 1,I2675:13443;2531:9828,Button of Nav Heading,SKU - Mobile/SKU - Mobile/Footer Desk/Frame 5/Frame 5/Frame 92/Frame 2147224758/Button of Nav Heading,ON_HOVER,NODE,2445:2781,CHANGE_TO,SMART_ANIMATE,300.0,EASE_OUT,,,
🔵 UI_Phase 1,I2675:13443;2531:9829,Button of Nav Heading,SKU - Mobile/SKU - Mobile/Footer Desk/Frame 5/Frame 5/Frame 92/Frame 2147224758/Button of Nav Heading,(legacy),NAVIGATE,2531:6498,,,300.0,EASE_OUT,,,
🔵 UI_Phase 1,I2675:13443;2531:9829,Button of Nav Heading,SKU - Mobile/SKU - Mobile/Footer Desk/Frame 5/Frame 5/Frame 92/Frame 2147224758/Button of Nav Heading,ON_HOVER,NODE,2531:6498,CHANGE_TO,SMART_ANIMATE,300.0,EASE_OUT,,,
🔵 UI_Phase 1,I2675:13443;2531:10059,Back Button,SKU - Mobile/SKU - Mobile/Footer Desk/Frame 1527/Back Button,(legacy),NAVIGATE,2445:2488,,,100.0,LINEAR,,,
🔵 UI_Phase 1,I2675:13443;2531:10059,Back Button,SKU - Mobile/SKU - Mobile/Footer Desk/Frame 1527/Back Button,ON_HOVER,NODE,2445:2488,CHANGE_TO,SMART_ANIMATE,100.0,LINEAR,,,
🔵 UI_Phase 1,I2675:13443;2531:10059,Back Button,SKU - Mobile/SKU - Mobile/Footer Desk/Frame 1527/Back Button,ON_CLICK,NODE,2675:13397,SCROLL_TO,SCROLL_ANIMATE,300.0,EASE_OUT,,,
🔵 UI_Phase 1,2821:7284,Device Button,SKU - Mobile/Mb_SKU - Mobile/Frame 2147224830/Frame 2147224833/segmented-control/Device Button,(legacy),NAVIGATE,2769:6063,,,300.0,EASE_OUT,,,
🔵 UI_Phase 1,2821:7284,Device Button,SKU - Mobile/Mb_SKU - Mobile/Frame 2147224830/Frame 2147224833/segmented-control/Device Button,ON_CLICK,NODE,2769:6063,CHANGE_TO,SMART_ANIMATE,300.0,EASE_OUT,,,
🔵 UI_Phase 1,I2821:7284;2769:6039,Device Icon,SKU - Mobile/Mb_SKU - Mobile/Frame 2147224830/Frame 2147224833/segmented-control/Device Button/Device Icon,(legacy),NAVIGATE,2769:5946,,,300.0,EASE_OUT,,,
🔵 UI_Phase 1,I2821:7284;2769:6039,Device Icon,SKU - Mobile/Mb_SKU - Mobile/Frame 2147224830/Frame 2147224833/segmented-control/Device Button/Device Icon,ON_HOVER,NODE,2769:5946,CHANGE_TO,SMART_ANIMATE,300.0,EASE_OUT,,,
🔵 UI_Phase 1,2821:7285,Device Button,SKU - Mobile/Mb_SKU - Mobile/Frame 2147224830/Frame 2147224833/segmented-control/Device Button,(legacy),NAVIGATE,2769:6028,,,300.0,EASE_OUT,,,
🔵 UI_Phase 1,2821:7285,Device Button,SKU - Mobile/Mb_SKU - Mobile/Frame 2147224830/Frame 2147224833/segmented-control/Device Button,ON_CLICK,NODE,2769:6028,CHANGE_TO,SMART_ANIMATE,300.0,EASE_OUT,,,
🔵 UI_Phase 1,I2821:7285;2769:6054,Device Icon,SKU - Mobile/Mb_SKU - Mobile/Frame 2147224830/Frame 2147224833/segmented-control/Device Button/Device Icon,ON_CLICK,,,,,,,,,
🔵 UI_Phase 1,2821:7286,Device Button,SKU - Mobile/Mb_SKU - Mobile/Frame 2147224830/Frame 2147224833/segmented-control/Device Button,(legacy),NAVIGATE,2769:6028,,,300.0,EASE_OUT,,,
🔵 UI_Phase 1,2821:7286,Device Button,SKU - Mobile/Mb_SKU - Mobile/Frame 2147224830/Frame 2147224833/segmented-control/Device Button,ON_CLICK,NODE,2769:6028,CHANGE_TO,SMART_ANIMATE,300.0,EASE_OUT,,,
🔵 UI_Phase 1,I2821:7286;2769:6054,Device Icon,SKU - Mobile/Mb_SKU - Mobile/Frame 2147224830/Frame 2147224833/segmented-control/Device Button/Device Icon,ON_CLICK,,,,,,,,,
🔵 UI_Phase 1,2995:10348,Button,SKU - Mobile/Mb_SKU - Mobile/Frame 2147224830/Frame 2147224836/Button,(legacy),NAVIGATE,2811:6782,,,300.0,EASE_OUT,,,
🔵 UI_Phase 1,2995:10348,Button,SKU - Mobile/Mb_SKU - Mobile/Frame 2147224830/Frame 2147224836/Button,ON_CLICK,NODE,2811:6782,NAVIGATE,SMART_ANIMATE,300.0,EASE_OUT,,,
🔵 UI_Phase 1,2995:10360,Button,SKU - Mobile/Mb_SKU - Mobile/Frame 2147224830/Frame 2147224836/Button,(legacy),NAVIGATE,36:781,,,300.0,EASE_OUT,,,
🔵 UI_Phase 1,2995:10360,Button,SKU - Mobile/Mb_SKU - Mobile/Frame 2147224830/Frame 2147224836/Button,ON_HOVER,NODE,36:781,CHANGE_TO,SMART_ANIMATE,300.0,EASE_OUT,,,
🔵 UI_Phase 1,2995:10360,Button,SKU - Mobile/Mb_SKU - Mobile/Frame 2147224830/Frame 2147224836/Button,ON_CLICK,NODE,2753:5405,NAVIGATE,SMART_ANIMATE,300.0,EASE_OUT,,,
🔵 UI_Phase 1,3139:9964,Card SKU,SKU - Mobile/Mb_SKU - Mobile/Section 3/Frame 2147224798/Card SKU,(legacy),NAVIGATE,2675:6204,,,300.0,EASE_OUT,,,
🔵 UI_Phase 1,3139:9964,Card SKU,SKU - Mobile/Mb_SKU - Mobile/Section 3/Frame 2147224798/Card SKU,ON_HOVER,NODE,2675:6204,CHANGE_TO,SMART_ANIMATE,300.0,EASE_OUT,,,
🔵 UI_Phase 1,3139:9964,Card SKU,SKU - Mobile/Mb_SKU - Mobile/Section 3/Frame 2147224798/Card SKU,ON_CLICK,NODE,2856:8352,NAVIGATE,SMART_ANIMATE,300.0,EASE_OUT,,,
🔵 UI_Phase 1,I3139:9964;2675:6468,Component 12,SKU - Mobile/Mb_SKU - Mobile/Section 3/Frame 2147224798/Card SKU/Component 12,(legacy),NAVIGATE,2675:6348,,,300.0,EASE_OUT,,,
🔵 UI_Phase 1,I3139:9964;2675:6468,Component 12,SKU - Mobile/Mb_SKU - Mobile/Section 3/Frame 2147224798/Card SKU/Component 12,ON_HOVER,NODE,2675:6348,CHANGE_TO,SMART_ANIMATE,300.0,EASE_OUT,,,
🔵 UI_Phase 1,3139:9965,Card SKU,SKU - Mobile/Mb_SKU - Mobile/Section 3/Frame 2147224798/Card SKU,(legacy),NAVIGATE,2675:6204,,,300.0,EASE_OUT,,,
🔵 UI_Phase 1,3139:9965,Card SKU,SKU - Mobile/Mb_SKU - Mobile/Section 3/Frame 2147224798/Card SKU,ON_HOVER,NODE,2675:6204,CHANGE_TO,SMART_ANIMATE,300.0,EASE_OUT,,,
🔵 UI_Phase 1,I3139:9965;2675:6468,Format,SKU - Mobile/Mb_SKU - Mobile/Section 3/Frame 2147224798/Card SKU/Format,(legacy),NAVIGATE,2675:6355,,,300.0,EASE_OUT,,,
🔵 UI_Phase 1,I3139:9965;2675:6468,Format,SKU - Mobile/Mb_SKU - Mobile/Section 3/Frame 2147224798/Card SKU/Format,ON_HOVER,NODE,2675:6355,CHANGE_TO,SMART_ANIMATE,300.0,EASE_OUT,,,
🔵 UI_Phase 1,3139:9966,Card SKU,SKU - Mobile/Mb_SKU - Mobile/Section 3/Frame 2147224798/Card SKU,(legacy),NAVIGATE,2675:6204,,,300.0,EASE_OUT,,,
🔵 UI_Phase 1,3139:9966,Card SKU,SKU - Mobile/Mb_SKU - Mobile/Section 3/Frame 2147224798/Card SKU,ON_HOVER,NODE,2675:6204,CHANGE_TO,SMART_ANIMATE,300.0,EASE_OUT,,,
🔵 UI_Phase 1,I3139:9966;2675:6468,Format,SKU - Mobile/Mb_SKU - Mobile/Section 3/Frame 2147224798/Card SKU/Format,(legacy),NAVIGATE,2675:6366,,,300.0,EASE_OUT,,,
🔵 UI_Phase 1,I3139:9966;2675:6468,Format,SKU - Mobile/Mb_SKU - Mobile/Section 3/Frame 2147224798/Card SKU/Format,ON_HOVER,NODE,2675:6366,CHANGE_TO,SMART_ANIMATE,300.0,EASE_OUT,,,
🔵 UI_Phase 1,3139:9967,Card SKU,SKU - Mobile/Mb_SKU - Mobile/Section 3/Frame 2147224798/Card SKU,(legacy),NAVIGATE,2675:6204,,,300.0,EASE_OUT,,,
🔵 UI_Phase 1,3139:9967,Card SKU,SKU - Mobile/Mb_SKU - Mobile/Section 3/Frame 2147224798/Card SKU,ON_HOVER,NODE,2675:6204,CHANGE_TO,SMART_ANIMATE,300.0,EASE_OUT,,,
🔵 UI_Phase 1,I3139:9967;2675:6468,Format,SKU - Mobile/Mb_SKU - Mobile/Section 3/Frame 2147224798/Card SKU/Format,(legacy),NAVIGATE,2675:6380,,,300.0,EASE_OUT,,,
🔵 UI_Phase 1,I3139:9967;2675:6468,Format,SKU - Mobile/Mb_SKU - Mobile/Section 3/Frame 2147224798/Card SKU/Format,ON_HOVER,NODE,2675:6380,CHANGE_TO,SMART_ANIMATE,300.0,EASE_OUT,,,
🔵 UI_Phase 1,3139:9968,Card SKU,SKU - Mobile/Mb_SKU - Mobile/Section 3/Frame 2147224798/Card SKU,(legacy),NAVIGATE,2675:6204,,,300.0,EASE_OUT,,,
🔵 UI_Phase 1,3139:9968,Card SKU,SKU - Mobile/Mb_SKU - Mobile/Section 3/Frame 2147224798/Card SKU,ON_HOVER,NODE,2675:6204,CHANGE_TO,SMART_ANIMATE,300.0,EASE_OUT,,,
🔵 UI_Phase 1,I3139:9968;2675:6468,Format,SKU - Mobile/Mb_SKU - Mobile/Section 3/Frame 2147224798/Card SKU/Format,(legacy),NAVIGATE,2675:6390,,,300.0,EASE_OUT,,,
🔵 UI_Phase 1,I3139:9968;2675:6468,Format,SKU - Mobile/Mb_SKU - Mobile/Section 3/Frame 2147224798/Card SKU/Format,ON_HOVER,NODE,2675:6390,CHANGE_TO,SMART_ANIMATE,300.0,EASE_OUT,,,
🔵 UI_Phase 1,3139:9969,Card SKU,SKU - Mobile/Mb_SKU - Mobile/Section 3/Frame 2147224798/Card SKU,(legacy),NAVIGATE,2675:6204,,,300.0,EASE_OUT,,,
🔵 UI_Phase 1,3139:9969,Card SKU,SKU - Mobile/Mb_SKU - Mobile/Section 3/Frame 2147224798/Card SKU,ON_HOVER,NODE,2675:6204,CHANGE_TO,SMART_ANIMATE,300.0,EASE_OUT,,,
🔵 UI_Phase 1,I3139:9969;2675:6468,Format,SKU - Mobile/Mb_SKU - Mobile/Section 3/Frame 2147224798/Card SKU/Format,(legacy),NAVIGATE,2675:6400,,,300.0,EASE_OUT,,,
🔵 UI_Phase 1,I3139:9969;2675:6468,Format,SKU - Mobile/Mb_SKU - Mobile/Section 3/Frame 2147224798/Card SKU/Format,ON_HOVER,NODE,2675:6400,CHANGE_TO,SMART_ANIMATE,300.0,EASE_OUT,,,
🔵 UI_Phase 1,3139:9970,Card SKU,SKU - Mobile/Mb_SKU - Mobile/Section 3/Frame 2147224798/Card SKU,(legacy),NAVIGATE,2675:6204,,,300.0,EASE_OUT,,,
🔵 UI_Phase 1,3139:9970,Card SKU,SKU - Mobile/Mb_SKU - Mobile/Section 3/Frame 2147224798/Card SKU,ON_HOVER,NODE,2675:6204,CHANGE_TO,SMART_ANIMATE,300.0,EASE_OUT,,,
🔵 UI_Phase 1,I3139:9970;2675:6468,Format,SKU - Mobile/Mb_SKU - Mobile/Section 3/Frame 2147224798/Card SKU/Format,(legacy),NAVIGATE,2675:6428,,,300.0,EASE_OUT,,,
🔵 UI_Phase 1,I3139:9970;2675:6468,Format,SKU - Mobile/Mb_SKU - Mobile/Section 3/Frame 2147224798/Card SKU/Format,ON_HOVER,NODE,2675:6428,CHANGE_TO,SMART_ANIMATE,300.0,EASE_OUT,,,
🔵 UI_Phase 1,3139:9971,Card SKU,SKU - Mobile/Mb_SKU - Mobile/Section 3/Frame 2147224798/Card SKU,(legacy),NAVIGATE,2675:6204,,,300.0,EASE_OUT,,,
🔵 UI_Phase 1,3139:9971,Card SKU,SKU - Mobile/Mb_SKU - Mobile/Section 3/Frame 2147224798/Card SKU,ON_HOVER,NODE,2675:6204,CHANGE_TO,SMART_ANIMATE,300.0,EASE_OUT,,,
🔵 UI_Phase 1,I3139:9971;2675:6468,Format,SKU - Mobile/Mb_SKU - Mobile/Section 3/Frame 2147224798/Card SKU/Format,(legacy),NAVIGATE,2675:6444,,,300.0,EASE_OUT,,,
🔵 UI_Phase 1,I3139:9971;2675:6468,Format,SKU - Mobile/Mb_SKU - Mobile/Section 3/Frame 2147224798/Card SKU/Format,ON_HOVER,NODE,2675:6444,CHANGE_TO,SMART_ANIMATE,300.0,EASE_OUT,,,
🔵 UI_Phase 1,3139:9972,Card SKU,SKU - Mobile/Mb_SKU - Mobile/Section 3/Frame 2147224798/Card SKU,(legacy),NAVIGATE,2675:6204,,,300.0,EASE_OUT,,,
🔵 UI_Phase 1,3139:9972,Card SKU,SKU - Mobile/Mb_SKU - Mobile/Section 3/Frame 2147224798/Card SKU,ON_HOVER,NODE,2675:6204,CHANGE_TO,SMART_ANIMATE,300.0,EASE_OUT,,,
🔵 UI_Phase 1,I3139:9972;2675:6468,Format,SKU - Mobile/Mb_SKU - Mobile/Section 3/Frame 2147224798/Card SKU/Format,(legacy),NAVIGATE,2675:6412,,,300.0,EASE_OUT,,,
🔵 UI_Phase 1,I3139:9972;2675:6468,Format,SKU - Mobile/Mb_SKU - Mobile/Section 3/Frame 2147224798/Card SKU/Format,ON_HOVER,NODE,2675:6412,CHANGE_TO,SMART_ANIMATE,300.0,EASE_OUT,,,
🔵 UI_Phase 1,2933:8768,Component 11,SKU - Mobile/Mb_SKU - Mobile/Section 3/Frame 2147224797/Component 11,(legacy),NAVIGATE,2633:5704,,,300.0,EASE_OUT,,,
🔵 UI_Phase 1,2933:8768,Component 11,SKU - Mobile/Mb_SKU - Mobile/Section 3/Frame 2147224797/Component 11,ON_HOVER,NODE,2633:5704,CHANGE_TO,SMART_ANIMATE,300.0,EASE_OUT,,,
🔵 UI_Phase 1,2933:8771,Badge & Chip,SKU - Mobile/Mb_SKU - Mobile/Section 3/Frame 2147224797/Frame 2147224798/Badge & Chip,(legacy),NAVIGATE,2675:7812,,,300.0,EASE_OUT,,,
🔵 UI_Phase 1,2933:8771,Badge & Chip,SKU - Mobile/Mb_SKU - Mobile/Section 3/Frame 2147224797/Frame 2147224798/Badge & Chip,ON_CLICK,NODE,2675:7812,NAVIGATE,,,,,,
🔵 UI_Phase 1,I2933:8771;2675:6832,nav-arrow,SKU - Mobile/Mb_SKU - Mobile/Section 3/Frame 2147224797/Frame 2147224798/Badge & Chip/nav-arrow,ON_CLICK,NODE,,CHANGE_TO,,,,,,
🔵 UI_Phase 1,I2821:7308;2531:9882,Button of Nav Heading,SKU - Mobile/Mb_SKU - Mobile/Footer Desk/Frame 92/Frame 2147224758/Button of Nav Heading,(legacy),NAVIGATE,2445:2781,,,300.0,EASE_OUT,,,
🔵 UI_Phase 1,I2821:7308;2531:9882,Button of Nav Heading,SKU - Mobile/Mb_SKU - Mobile/Footer Desk/Frame 92/Frame 2147224758/Button of Nav Heading,ON_HOVER,NODE,2445:2781,CHANGE_TO,SMART_ANIMATE,300.0,EASE_OUT,,,
🔵 UI_Phase 1,I2821:7308;2531:9883,Button of Nav Heading,SKU - Mobile/Mb_SKU - Mobile/Footer Desk/Frame 92/Frame 2147224758/Button of Nav Heading,(legacy),NAVIGATE,2445:2781,,,300.0,EASE_OUT,,,
🔵 UI_Phase 1,I2821:7308;2531:9883,Button of Nav Heading,SKU - Mobile/Mb_SKU - Mobile/Footer Desk/Frame 92/Frame 2147224758/Button of Nav Heading,ON_HOVER,NODE,2445:2781,CHANGE_TO,SMART_ANIMATE,300.0,EASE_OUT,,,
🔵 UI_Phase 1,I2821:7308;2531:9884,Button of Nav Heading,SKU - Mobile/Mb_SKU - Mobile/Footer Desk/Frame 92/Frame 2147224758/Button of Nav Heading,(legacy),NAVIGATE,2445:2781,,,300.0,EASE_OUT,,,
🔵 UI_Phase 1,I2821:7308;2531:9884,Button of Nav Heading,SKU - Mobile/Mb_SKU - Mobile/Footer Desk/Frame 92/Frame 2147224758/Button of Nav Heading,ON_HOVER,NODE,2445:2781,CHANGE_TO,SMART_ANIMATE,300.0,EASE_OUT,,,
🔵 UI_Phase 1,I2821:7308;2531:9885,Button of Nav Heading,SKU - Mobile/Mb_SKU - Mobile/Footer Desk/Frame 92/Frame 2147224758/Button of Nav Heading,(legacy),NAVIGATE,2531:6500,,,300.0,EASE_OUT,,,
🔵 UI_Phase 1,I2821:7308;2531:9885,Button of Nav Heading,SKU - Mobile/Mb_SKU - Mobile/Footer Desk/Frame 92/Frame 2147224758/Button of Nav Heading,ON_CLICK,NODE,2531:6500,CHANGE_TO,SMART_ANIMATE,300.0,EASE_OUT,,,
🔵 UI_Phase 1,I2821:7308;2531:10029,Back Button,SKU - Mobile/Mb_SKU - Mobile/Footer Desk/Frame 2087326390/Back Button,(legacy),NAVIGATE,2445:2488,,,100.0,LINEAR,,,
🔵 UI_Phase 1,I2821:7308;2531:10029,Back Button,SKU - Mobile/Mb_SKU - Mobile/Footer Desk/Frame 2087326390/Back Button,ON_HOVER,NODE,2445:2488,CHANGE_TO,SMART_ANIMATE,100.0,LINEAR,,,
🔵 UI_Phase 1,I2821:7308;2531:10029,Back Button,SKU - Mobile/Mb_SKU - Mobile/Footer Desk/Frame 2087326390/Back Button,ON_CLICK,NODE,2821:7254,SCROLL_TO,SCROLL_ANIMATE,300.0,EASE_OUT,,,
🔵 UI_Phase 1,2769:6121,Device Button,SKU - Mobile/segmented-control/Device Button,(legacy),NAVIGATE,2769:6061,,,300.0,EASE_OUT,,,
🔵 UI_Phase 1,2769:6121,Device Button,SKU - Mobile/segmented-control/Device Button,ON_CLICK,NODE,2769:6061,CHANGE_TO,SMART_ANIMATE,300.0,EASE_OUT,,,
🔵 UI_Phase 1,I2769:6121;2769:6033,Device Icon,SKU - Mobile/segmented-control/Device Button/Device Icon,(legacy),NAVIGATE,2769:5946,,,300.0,EASE_OUT,,,
🔵 UI_Phase 1,I2769:6121;2769:6033,Device Icon,SKU - Mobile/segmented-control/Device Button/Device Icon,ON_HOVER,NODE,2769:5946,CHANGE_TO,SMART_ANIMATE,300.0,EASE_OUT,,,
🔵 UI_Phase 1,2769:6127,Device Button,SKU - Mobile/segmented-control/Device Button,(legacy),NAVIGATE,2769:6026,,,300.0,EASE_OUT,,,
🔵 UI_Phase 1,2769:6127,Device Button,SKU - Mobile/segmented-control/Device Button,ON_CLICK,NODE,2769:6026,CHANGE_TO,SMART_ANIMATE,300.0,EASE_OUT,,,
🔵 UI_Phase 1,I2769:6127;2769:6048,Device Icon,SKU - Mobile/segmented-control/Device Button/Device Icon,ON_CLICK,,,,,,,,,
🔵 UI_Phase 1,2769:6133,Device Button,SKU - Mobile/segmented-control/Device Button,(legacy),NAVIGATE,2769:6026,,,300.0,EASE_OUT,,,
🔵 UI_Phase 1,2769:6133,Device Button,SKU - Mobile/segmented-control/Device Button,ON_CLICK,NODE,2769:6026,CHANGE_TO,SMART_ANIMATE,300.0,EASE_OUT,,,
🔵 UI_Phase 1,I2769:6133;2769:6048,Device Icon,SKU - Mobile/segmented-control/Device Button/Device Icon,ON_CLICK,,,,,,,,,
🔵 UI_Phase 1,2769:6074,Device Button,SKU - Mobile/Device Button,(legacy),NAVIGATE,2769:6061,,,300.0,EASE_OUT,,,
🔵 UI_Phase 1,2769:6074,Device Button,SKU - Mobile/Device Button,ON_CLICK,NODE,2769:6061,CHANGE_TO,SMART_ANIMATE,300.0,EASE_OUT,,,
🔵 UI_Phase 1,I2769:6074;2769:6033,Device Icon,SKU - Mobile/Device Button/Device Icon,(legacy),NAVIGATE,2769:5946,,,300.0,EASE_OUT,,,
🔵 UI_Phase 1,I2769:6074;2769:6033,Device Icon,SKU - Mobile/Device Button/Device Icon,ON_HOVER,NODE,2769:5946,CHANGE_TO,SMART_ANIMATE,300.0,EASE_OUT,,,
🔵 UI_Phase 1,2769:6084,Device Button,SKU - Mobile/Device Button,(legacy),NAVIGATE,2769:6061,,,300.0,EASE_OUT,,,
🔵 UI_Phase 1,2769:6084,Device Button,SKU - Mobile/Device Button,ON_CLICK,NODE,2769:6061,CHANGE_TO,SMART_ANIMATE,300.0,EASE_OUT,,,
🔵 UI_Phase 1,I2769:6084;2769:6033,Device Icon,SKU - Mobile/Device Button/Device Icon,(legacy),NAVIGATE,2769:5946,,,300.0,EASE_OUT,,,
🔵 UI_Phase 1,I2769:6084;2769:6033,Device Icon,SKU - Mobile/Device Button/Device Icon,ON_HOVER,NODE,2769:5946,CHANGE_TO,SMART_ANIMATE,300.0,EASE_OUT,,,
🔵 UI_Phase 1,2769:6089,Device Button,SKU - Mobile/Device Button,(legacy),NAVIGATE,2769:6061,,,300.0,EASE_OUT,,,
🔵 UI_Phase 1,2769:6089,Device Button,SKU - Mobile/Device Button,ON_CLICK,NODE,2769:6061,CHANGE_TO,SMART_ANIMATE,300.0,EASE_OUT,,,
🔵 UI_Phase 1,I2769:6089;2769:6033,Device Icon,SKU - Mobile/Device Button/Device Icon,(legacy),NAVIGATE,2769:5946,,,300.0,EASE_OUT,,,
🔵 UI_Phase 1,I2769:6089;2769:6033,Device Icon,SKU - Mobile/Device Button/Device Icon,ON_HOVER,NODE,2769:5946,CHANGE_TO,SMART_ANIMATE,300.0,EASE_OUT,,,
🔵 UI_Phase 1,2769:6094,Device Button,SKU - Mobile/Device Button,(legacy),NAVIGATE,2769:6026,,,300.0,EASE_OUT,,,
🔵 UI_Phase 1,2769:6094,Device Button,SKU - Mobile/Device Button,ON_CLICK,NODE,2769:6026,CHANGE_TO,SMART_ANIMATE,300.0,EASE_OUT,,,
🔵 UI_Phase 1,I2769:6094;2769:6048,Device Icon,SKU - Mobile/Device Button/Device Icon,ON_CLICK,,,,,,,,,
🔵 UI_Phase 1,2769:6095,Device Button,SKU - Mobile/Device Button,(legacy),NAVIGATE,2769:6026,,,300.0,EASE_OUT,,,
🔵 UI_Phase 1,2769:6095,Device Button,SKU - Mobile/Device Button,ON_CLICK,NODE,2769:6026,CHANGE_TO,SMART_ANIMATE,300.0,EASE_OUT,,,
🔵 UI_Phase 1,I2769:6095;2769:6048,Device Icon,SKU - Mobile/Device Button/Device Icon,ON_CLICK,,,,,,,,,
🔵 UI_Phase 1,2769:6096,Device Button,SKU - Mobile/Device Button,(legacy),NAVIGATE,2769:6026,,,300.0,EASE_OUT,,,
🔵 UI_Phase 1,2769:6096,Device Button,SKU - Mobile/Device Button,ON_CLICK,NODE,2769:6026,CHANGE_TO,SMART_ANIMATE,300.0,EASE_OUT,,,
🔵 UI_Phase 1,I2769:6096;2769:6048,Device Icon,SKU - Mobile/Device Button/Device Icon,ON_CLICK,,,,,,,,,
🔵 UI_Phase 1,I2856:8353;2445:2808,Button of Nav Heading,SKU - Mobile/Tb_SKU - Mobile/Frame 2147224759/Frame 2147224758/Button of Nav Heading,(legacy),NAVIGATE,2445:2781,,,300.0,EASE_OUT,,,
🔵 UI_Phase 1,I2856:8353;2445:2808,Button of Nav Heading,SKU - Mobile/Tb_SKU - Mobile/Frame 2147224759/Frame 2147224758/Button of Nav Heading,ON_HOVER,NODE,2445:2781,CHANGE_TO,SMART_ANIMATE,300.0,EASE_OUT,,,
🔵 UI_Phase 1,I2856:8353;2445:2811,Button of Nav Heading,SKU - Mobile/Tb_SKU - Mobile/Frame 2147224759/Frame 2147224758/Button of Nav Heading,(legacy),NAVIGATE,2445:2781,,,300.0,EASE_OUT,,,
🔵 UI_Phase 1,I2856:8353;2445:2811,Button of Nav Heading,SKU - Mobile/Tb_SKU - Mobile/Frame 2147224759/Frame 2147224758/Button of Nav Heading,ON_HOVER,NODE,2445:2781,CHANGE_TO,SMART_ANIMATE,300.0,EASE_OUT,,,
🔵 UI_Phase 1,I2856:8353;2445:2814,Button of Nav Heading,SKU - Mobile/Tb_SKU - Mobile/Frame 2147224759/Frame 2147224758/Button of Nav Heading,(legacy),NAVIGATE,2445:2781,,,300.0,EASE_OUT,,,
🔵 UI_Phase 1,I2856:8353;2445:2814,Button of Nav Heading,SKU - Mobile/Tb_SKU - Mobile/Frame 2147224759/Frame 2147224758/Button of Nav Heading,ON_HOVER,NODE,2445:2781,CHANGE_TO,SMART_ANIMATE,300.0,EASE_OUT,,,
🔵 UI_Phase 1,I2856:8353;2531:6542,Button of Nav Heading,SKU - Mobile/Tb_SKU - Mobile/Frame 2147224759/Frame 2147224758/Button of Nav Heading,(legacy),NAVIGATE,2531:6498,,,300.0,EASE_OUT,,,
🔵 UI_Phase 1,I2856:8353;2531:6542,Button of Nav Heading,SKU - Mobile/Tb_SKU - Mobile/Frame 2147224759/Frame 2147224758/Button of Nav Heading,ON_HOVER,NODE,2531:6498,CHANGE_TO,SMART_ANIMATE,300.0,EASE_OUT,,,
🔵 UI_Phase 1,2995:10149,Button,SKU - Mobile/Tb_SKU - Mobile/Frame 2147224830/Frame 2147224834/Pride/Button,(legacy),NAVIGATE,2633:2693,,,300.0,EASE_OUT,,,
🔵 UI_Phase 1,2995:10149,Button,SKU - Mobile/Tb_SKU - Mobile/Frame 2147224830/Frame 2147224834/Pride/Button,ON_CLICK,NODE,2633:2693,NAVIGATE,SMART_ANIMATE,300.0,EASE_OUT,,,
🔵 UI_Phase 1,2995:10160,Button,SKU - Mobile/Tb_SKU - Mobile/Frame 2147224830/Frame 2147224834/Pride/Button,(legacy),NAVIGATE,36:781,,,300.0,EASE_OUT,,,
🔵 UI_Phase 1,2995:10160,Button,SKU - Mobile/Tb_SKU - Mobile/Frame 2147224830/Frame 2147224834/Pride/Button,ON_HOVER,NODE,36:781,CHANGE_TO,SMART_ANIMATE,300.0,EASE_OUT,,,
🔵 UI_Phase 1,2995:10160,Button,SKU - Mobile/Tb_SKU - Mobile/Frame 2147224830/Frame 2147224834/Pride/Button,ON_CLICK,NODE,2448:7642,NAVIGATE,SMART_ANIMATE,300.0,EASE_OUT,,,
🔵 UI_Phase 1,2856:8375,Device Button,SKU - Mobile/Tb_SKU - Mobile/Frame 2147224830/Frame 2147224833/segmented-control/Device Button,(legacy),NAVIGATE,2769:6061,,,300.0,EASE_OUT,,,
🔵 UI_Phase 1,2856:8375,Device Button,SKU - Mobile/Tb_SKU - Mobile/Frame 2147224830/Frame 2147224833/segmented-control/Device Button,ON_CLICK,NODE,2769:6061,CHANGE_TO,SMART_ANIMATE,300.0,EASE_OUT,,,
🔵 UI_Phase 1,I2856:8375;2769:6033,Device Icon,SKU - Mobile/Tb_SKU - Mobile/Frame 2147224830/Frame 2147224833/segmented-control/Device Button/Device Icon,(legacy),NAVIGATE,2769:5946,,,300.0,EASE_OUT,,,
🔵 UI_Phase 1,I2856:8375;2769:6033,Device Icon,SKU - Mobile/Tb_SKU - Mobile/Frame 2147224830/Frame 2147224833/segmented-control/Device Button/Device Icon,ON_HOVER,NODE,2769:5946,CHANGE_TO,SMART_ANIMATE,300.0,EASE_OUT,,,
🔵 UI_Phase 1,2856:8376,Device Button,SKU - Mobile/Tb_SKU - Mobile/Frame 2147224830/Frame 2147224833/segmented-control/Device Button,(legacy),NAVIGATE,2769:6026,,,300.0,EASE_OUT,,,
🔵 UI_Phase 1,2856:8376,Device Button,SKU - Mobile/Tb_SKU - Mobile/Frame 2147224830/Frame 2147224833/segmented-control/Device Button,ON_CLICK,NODE,2769:6026,CHANGE_TO,SMART_ANIMATE,300.0,EASE_OUT,,,
🔵 UI_Phase 1,I2856:8376;2769:6048,Device Icon,SKU - Mobile/Tb_SKU - Mobile/Frame 2147224830/Frame 2147224833/segmented-control/Device Button/Device Icon,ON_CLICK,,,,,,,,,
🔵 UI_Phase 1,2856:8377,Device Button,SKU - Mobile/Tb_SKU - Mobile/Frame 2147224830/Frame 2147224833/segmented-control/Device Button,(legacy),NAVIGATE,2769:6026,,,300.0,EASE_OUT,,,
🔵 UI_Phase 1,2856:8377,Device Button,SKU - Mobile/Tb_SKU - Mobile/Frame 2147224830/Frame 2147224833/segmented-control/Device Button,ON_CLICK,NODE,2769:6026,CHANGE_TO,SMART_ANIMATE,300.0,EASE_OUT,,,
🔵 UI_Phase 1,I2856:8377;2769:6048,Device Icon,SKU - Mobile/Tb_SKU - Mobile/Frame 2147224830/Frame 2147224833/segmented-control/Device Button/Device Icon,ON_CLICK,,,,,,,,,
🔵 UI_Phase 1,3139:8775,Card SKU,SKU - Mobile/Tb_SKU - Mobile/Section 3/Frame 2147224798/Card SKU,(legacy),NAVIGATE,2675:6204,,,300.0,EASE_OUT,,,
🔵 UI_Phase 1,3139:8775,Card SKU,SKU - Mobile/Tb_SKU - Mobile/Section 3/Frame 2147224798/Card SKU,ON_HOVER,NODE,2675:6204,CHANGE_TO,SMART_ANIMATE,300.0,EASE_OUT,,,
🔵 UI_Phase 1,3139:8775,Card SKU,SKU - Mobile/Tb_SKU - Mobile/Section 3/Frame 2147224798/Card SKU,ON_CLICK,NODE,2856:8352,NAVIGATE,SMART_ANIMATE,300.0,EASE_OUT,,,
🔵 UI_Phase 1,I3139:8775;2675:6468,Component 12,SKU - Mobile/Tb_SKU - Mobile/Section 3/Frame 2147224798/Card SKU/Component 12,(legacy),NAVIGATE,2675:6348,,,300.0,EASE_OUT,,,
🔵 UI_Phase 1,I3139:8775;2675:6468,Component 12,SKU - Mobile/Tb_SKU - Mobile/Section 3/Frame 2147224798/Card SKU/Component 12,ON_HOVER,NODE,2675:6348,CHANGE_TO,SMART_ANIMATE,300.0,EASE_OUT,,,
🔵 UI_Phase 1,3139:8776,Card SKU,SKU - Mobile/Tb_SKU - Mobile/Section 3/Frame 2147224798/Card SKU,(legacy),NAVIGATE,2675:6204,,,300.0,EASE_OUT,,,
🔵 UI_Phase 1,3139:8776,Card SKU,SKU - Mobile/Tb_SKU - Mobile/Section 3/Frame 2147224798/Card SKU,ON_HOVER,NODE,2675:6204,CHANGE_TO,SMART_ANIMATE,300.0,EASE_OUT,,,
🔵 UI_Phase 1,I3139:8776;2675:6468,Format,SKU - Mobile/Tb_SKU - Mobile/Section 3/Frame 2147224798/Card SKU/Format,(legacy),NAVIGATE,2675:6355,,,300.0,EASE_OUT,,,
🔵 UI_Phase 1,I3139:8776;2675:6468,Format,SKU - Mobile/Tb_SKU - Mobile/Section 3/Frame 2147224798/Card SKU/Format,ON_HOVER,NODE,2675:6355,CHANGE_TO,SMART_ANIMATE,300.0,EASE_OUT,,,
🔵 UI_Phase 1,3139:8777,Card SKU,SKU - Mobile/Tb_SKU - Mobile/Section 3/Frame 2147224798/Card SKU,(legacy),NAVIGATE,2675:6204,,,300.0,EASE_OUT,,,
🔵 UI_Phase 1,3139:8777,Card SKU,SKU - Mobile/Tb_SKU - Mobile/Section 3/Frame 2147224798/Card SKU,ON_HOVER,NODE,2675:6204,CHANGE_TO,SMART_ANIMATE,300.0,EASE_OUT,,,
🔵 UI_Phase 1,I3139:8777;2675:6468,Format,SKU - Mobile/Tb_SKU - Mobile/Section 3/Frame 2147224798/Card SKU/Format,(legacy),NAVIGATE,2675:6366,,,300.0,EASE_OUT,,,
🔵 UI_Phase 1,I3139:8777;2675:6468,Format,SKU - Mobile/Tb_SKU - Mobile/Section 3/Frame 2147224798/Card SKU/Format,ON_HOVER,NODE,2675:6366,CHANGE_TO,SMART_ANIMATE,300.0,EASE_OUT,,,
🔵 UI_Phase 1,3139:8778,Card SKU,SKU - Mobile/Tb_SKU - Mobile/Section 3/Frame 2147224798/Card SKU,(legacy),NAVIGATE,2675:6204,,,300.0,EASE_OUT,,,
🔵 UI_Phase 1,3139:8778,Card SKU,SKU - Mobile/Tb_SKU - Mobile/Section 3/Frame 2147224798/Card SKU,ON_HOVER,NODE,2675:6204,CHANGE_TO,SMART_ANIMATE,300.0,EASE_OUT,,,
🔵 UI_Phase 1,I3139:8778;2675:6468,Format,SKU - Mobile/Tb_SKU - Mobile/Section 3/Frame 2147224798/Card SKU/Format,(legacy),NAVIGATE,2675:6380,,,300.0,EASE_OUT,,,
🔵 UI_Phase 1,I3139:8778;2675:6468,Format,SKU - Mobile/Tb_SKU - Mobile/Section 3/Frame 2147224798/Card SKU/Format,ON_HOVER,NODE,2675:6380,CHANGE_TO,SMART_ANIMATE,300.0,EASE_OUT,,,
🔵 UI_Phase 1,3139:8779,Card SKU,SKU - Mobile/Tb_SKU - Mobile/Section 3/Frame 2147224798/Card SKU,(legacy),NAVIGATE,2675:6204,,,300.0,EASE_OUT,,,
🔵 UI_Phase 1,3139:8779,Card SKU,SKU - Mobile/Tb_SKU - Mobile/Section 3/Frame 2147224798/Card SKU,ON_HOVER,NODE,2675:6204,CHANGE_TO,SMART_ANIMATE,300.0,EASE_OUT,,,
🔵 UI_Phase 1,I3139:8779;2675:6468,Format,SKU - Mobile/Tb_SKU - Mobile/Section 3/Frame 2147224798/Card SKU/Format,(legacy),NAVIGATE,2675:6390,,,300.0,EASE_OUT,,,
🔵 UI_Phase 1,I3139:8779;2675:6468,Format,SKU - Mobile/Tb_SKU - Mobile/Section 3/Frame 2147224798/Card SKU/Format,ON_HOVER,NODE,2675:6390,CHANGE_TO,SMART_ANIMATE,300.0,EASE_OUT,,,
🔵 UI_Phase 1,3139:8780,Card SKU,SKU - Mobile/Tb_SKU - Mobile/Section 3/Frame 2147224798/Card SKU,(legacy),NAVIGATE,2675:6204,,,300.0,EASE_OUT,,,
🔵 UI_Phase 1,3139:8780,Card SKU,SKU - Mobile/Tb_SKU - Mobile/Section 3/Frame 2147224798/Card SKU,ON_HOVER,NODE,2675:6204,CHANGE_TO,SMART_ANIMATE,300.0,EASE_OUT,,,
🔵 UI_Phase 1,I3139:8780;2675:6468,Format,SKU - Mobile/Tb_SKU - Mobile/Section 3/Frame 2147224798/Card SKU/Format,(legacy),NAVIGATE,2675:6400,,,300.0,EASE_OUT,,,
🔵 UI_Phase 1,I3139:8780;2675:6468,Format,SKU - Mobile/Tb_SKU - Mobile/Section 3/Frame 2147224798/Card SKU/Format,ON_HOVER,NODE,2675:6400,CHANGE_TO,SMART_ANIMATE,300.0,EASE_OUT,,,
🔵 UI_Phase 1,3139:8781,Card SKU,SKU - Mobile/Tb_SKU - Mobile/Section 3/Frame 2147224798/Card SKU,(legacy),NAVIGATE,2675:6204,,,300.0,EASE_OUT,,,
🔵 UI_Phase 1,3139:8781,Card SKU,SKU - Mobile/Tb_SKU - Mobile/Section 3/Frame 2147224798/Card SKU,ON_HOVER,NODE,2675:6204,CHANGE_TO,SMART_ANIMATE,300.0,EASE_OUT,,,
🔵 UI_Phase 1,I3139:8781;2675:6468,Format,SKU - Mobile/Tb_SKU - Mobile/Section 3/Frame 2147224798/Card SKU/Format,(legacy),NAVIGATE,2675:6428,,,300.0,EASE_OUT,,,
🔵 UI_Phase 1,I3139:8781;2675:6468,Format,SKU - Mobile/Tb_SKU - Mobile/Section 3/Frame 2147224798/Card SKU/Format,ON_HOVER,NODE,2675:6428,CHANGE_TO,SMART_ANIMATE,300.0,EASE_OUT,,,
🔵 UI_Phase 1,3139:8782,Card SKU,SKU - Mobile/Tb_SKU - Mobile/Section 3/Frame 2147224798/Card SKU,(legacy),NAVIGATE,2675:6204,,,300.0,EASE_OUT,,,
🔵 UI_Phase 1,3139:8782,Card SKU,SKU - Mobile/Tb_SKU - Mobile/Section 3/Frame 2147224798/Card SKU,ON_HOVER,NODE,2675:6204,CHANGE_TO,SMART_ANIMATE,300.0,EASE_OUT,,,
🔵 UI_Phase 1,I3139:8782;2675:6468,Format,SKU - Mobile/Tb_SKU - Mobile/Section 3/Frame 2147224798/Card SKU/Format,(legacy),NAVIGATE,2675:6444,,,300.0,EASE_OUT,,,
🔵 UI_Phase 1,I3139:8782;2675:6468,Format,SKU - Mobile/Tb_SKU - Mobile/Section 3/Frame 2147224798/Card SKU/Format,ON_HOVER,NODE,2675:6444,CHANGE_TO,SMART_ANIMATE,300.0,EASE_OUT,,,
🔵 UI_Phase 1,3139:8783,Card SKU,SKU - Mobile/Tb_SKU - Mobile/Section 3/Frame 2147224798/Card SKU,(legacy),NAVIGATE,2675:6204,,,300.0,EASE_OUT,,,
🔵 UI_Phase 1,3139:8783,Card SKU,SKU - Mobile/Tb_SKU - Mobile/Section 3/Frame 2147224798/Card SKU,ON_HOVER,NODE,2675:6204,CHANGE_TO,SMART_ANIMATE,300.0,EASE_OUT,,,
🔵 UI_Phase 1,I3139:8783;2675:6468,Format,SKU - Mobile/Tb_SKU - Mobile/Section 3/Frame 2147224798/Card SKU/Format,(legacy),NAVIGATE,2675:6412,,,300.0,EASE_OUT,,,
🔵 UI_Phase 1,I3139:8783;2675:6468,Format,SKU - Mobile/Tb_SKU - Mobile/Section 3/Frame 2147224798/Card SKU/Format,ON_HOVER,NODE,2675:6412,CHANGE_TO,SMART_ANIMATE,300.0,EASE_OUT,,,
🔵 UI_Phase 1,I2933:9950;2675:6832,nav-arrow,SKU - Mobile/Tb_SKU - Mobile/Section 3/Frame 2147224797/Frame 2147224795/Frame 2147224798/Badge & Chip/nav-arrow,ON_CLICK,NODE,,CHANGE_TO,,,,,,
🔵 UI_Phase 1,2933:9953,Component 11,SKU - Mobile/Tb_SKU - Mobile/Section 3/Frame 2147224797/Frame 2147224795/Component 11,(legacy),NAVIGATE,2633:5704,,,300.0,EASE_OUT,,,
🔵 UI_Phase 1,2933:9953,Component 11,SKU - Mobile/Tb_SKU - Mobile/Section 3/Frame 2147224797/Frame 2147224795/Component 11,ON_HOVER,NODE,2633:5704,CHANGE_TO,SMART_ANIMATE,300.0,EASE_OUT,,,
🔵 UI_Phase 1,I2856:8399;2531:9855,Button of Nav Heading,SKU - Mobile/Tb_SKU - Mobile/Footer Desk/Frame 2087326389/Frame 92/Frame 2147224758/Button of Nav Heading,(legacy),NAVIGATE,2445:2781,,,300.0,EASE_OUT,,,
🔵 UI_Phase 1,I2856:8399;2531:9855,Button of Nav Heading,SKU - Mobile/Tb_SKU - Mobile/Footer Desk/Frame 2087326389/Frame 92/Frame 2147224758/Button of Nav Heading,ON_HOVER,NODE,2445:2781,CHANGE_TO,SMART_ANIMATE,300.0,EASE_OUT,,,
🔵 UI_Phase 1,I2856:8399;2531:9856,Button of Nav Heading,SKU - Mobile/Tb_SKU - Mobile/Footer Desk/Frame 2087326389/Frame 92/Frame 2147224758/Button of Nav Heading,(legacy),NAVIGATE,2445:2781,,,300.0,EASE_OUT,,,
🔵 UI_Phase 1,I2856:8399;2531:9856,Button of Nav Heading,SKU - Mobile/Tb_SKU - Mobile/Footer Desk/Frame 2087326389/Frame 92/Frame 2147224758/Button of Nav Heading,ON_HOVER,NODE,2445:2781,CHANGE_TO,SMART_ANIMATE,300.0,EASE_OUT,,,
🔵 UI_Phase 1,I2856:8399;2531:9857,Button of Nav Heading,SKU - Mobile/Tb_SKU - Mobile/Footer Desk/Frame 2087326389/Frame 92/Frame 2147224758/Button of Nav Heading,(legacy),NAVIGATE,2445:2781,,,300.0,EASE_OUT,,,
🔵 UI_Phase 1,I2856:8399;2531:9857,Button of Nav Heading,SKU - Mobile/Tb_SKU - Mobile/Footer Desk/Frame 2087326389/Frame 92/Frame 2147224758/Button of Nav Heading,ON_HOVER,NODE,2445:2781,CHANGE_TO,SMART_ANIMATE,300.0,EASE_OUT,,,
🔵 UI_Phase 1,I2856:8399;2531:9858,Button of Nav Heading,SKU - Mobile/Tb_SKU - Mobile/Footer Desk/Frame 2087326389/Frame 92/Frame 2147224758/Button of Nav Heading,(legacy),NAVIGATE,2531:6498,,,300.0,EASE_OUT,,,
🔵 UI_Phase 1,I2856:8399;2531:9858,Button of Nav Heading,SKU - Mobile/Tb_SKU - Mobile/Footer Desk/Frame 2087326389/Frame 92/Frame 2147224758/Button of Nav Heading,ON_HOVER,NODE,2531:6498,CHANGE_TO,SMART_ANIMATE,300.0,EASE_OUT,,,
🔵 UI_Phase 1,I2856:8399;2531:10025,Back Button,SKU - Mobile/Tb_SKU - Mobile/Footer Desk/Frame 1527/Back Button,(legacy),NAVIGATE,2445:2488,,,100.0,LINEAR,,,
🔵 UI_Phase 1,I2856:8399;2531:10025,Back Button,SKU - Mobile/Tb_SKU - Mobile/Footer Desk/Frame 1527/Back Button,ON_HOVER,NODE,2445:2488,CHANGE_TO,SMART_ANIMATE,100.0,LINEAR,,,
🔵 UI_Phase 1,I2856:8399;2531:10025,Back Button,SKU - Mobile/Tb_SKU - Mobile/Footer Desk/Frame 1527/Back Button,ON_CLICK,NODE,2856:8353,SCROLL_TO,SCROLL_ANIMATE,300.0,EASE_OUT,,,
🔵 UI_Phase 1,I2769:6279;2445:2787,Button of Nav Heading,SKU - Smart TV/Desk_SKU - TV/Frame 2147224759/Frame 2147224758/Button of Nav Heading,(legacy),NAVIGATE,2445:2781,,,300.0,EASE_OUT,,,
🔵 UI_Phase 1,I2769:6279;2445:2787,Button of Nav Heading,SKU - Smart TV/Desk_SKU - TV/Frame 2147224759/Frame 2147224758/Button of Nav Heading,ON_HOVER,NODE,2445:2781,CHANGE_TO,SMART_ANIMATE,300.0,EASE_OUT,,,
🔵 UI_Phase 1,I2769:6279;2445:2794,Button of Nav Heading,SKU - Smart TV/Desk_SKU - TV/Frame 2147224759/Frame 2147224758/Button of Nav Heading,(legacy),NAVIGATE,2445:2781,,,300.0,EASE_OUT,,,
🔵 UI_Phase 1,I2769:6279;2445:2794,Button of Nav Heading,SKU - Smart TV/Desk_SKU - TV/Frame 2147224759/Frame 2147224758/Button of Nav Heading,ON_HOVER,NODE,2445:2781,CHANGE_TO,SMART_ANIMATE,300.0,EASE_OUT,,,
🔵 UI_Phase 1,I2769:6279;2445:2801,Button of Nav Heading,SKU - Smart TV/Desk_SKU - TV/Frame 2147224759/Frame 2147224758/Button of Nav Heading,(legacy),NAVIGATE,2445:2781,,,300.0,EASE_OUT,,,
🔵 UI_Phase 1,I2769:6279;2445:2801,Button of Nav Heading,SKU - Smart TV/Desk_SKU - TV/Frame 2147224759/Frame 2147224758/Button of Nav Heading,ON_HOVER,NODE,2445:2781,CHANGE_TO,SMART_ANIMATE,300.0,EASE_OUT,,,
🔵 UI_Phase 1,I2769:6279;2531:6521,Button of Nav Heading,SKU - Smart TV/Desk_SKU - TV/Frame 2147224759/Frame 2147224758/Button of Nav Heading,(legacy),NAVIGATE,2531:6498,,,300.0,EASE_OUT,,,
🔵 UI_Phase 1,I2769:6279;2531:6521,Button of Nav Heading,SKU - Smart TV/Desk_SKU - TV/Frame 2147224759/Frame 2147224758/Button of Nav Heading,ON_HOVER,NODE,2531:6498,CHANGE_TO,SMART_ANIMATE,300.0,EASE_OUT,,,
🔵 UI_Phase 1,2995:10029,Button,SKU - Smart TV/Desk_SKU - TV/Frame 2147224830/Frame 2147224835/Pride/Button,(legacy),NAVIGATE,2633:2693,,,300.0,EASE_OUT,,,
🔵 UI_Phase 1,2995:10029,Button,SKU - Smart TV/Desk_SKU - TV/Frame 2147224830/Frame 2147224835/Pride/Button,ON_CLICK,NODE,2633:2693,NAVIGATE,SMART_ANIMATE,300.0,EASE_OUT,,,
🔵 UI_Phase 1,2995:10040,Button,SKU - Smart TV/Desk_SKU - TV/Frame 2147224830/Frame 2147224835/Pride/Button,(legacy),NAVIGATE,36:781,,,300.0,EASE_OUT,,,
🔵 UI_Phase 1,2995:10040,Button,SKU - Smart TV/Desk_SKU - TV/Frame 2147224830/Frame 2147224835/Pride/Button,ON_HOVER,NODE,36:781,CHANGE_TO,SMART_ANIMATE,300.0,EASE_OUT,,,
🔵 UI_Phase 1,2995:10040,Button,SKU - Smart TV/Desk_SKU - TV/Frame 2147224830/Frame 2147224835/Pride/Button,ON_CLICK,NODE,2448:7642,NAVIGATE,SMART_ANIMATE,300.0,EASE_OUT,,,
🔵 UI_Phase 1,2769:6309,Device Button,SKU - Smart TV/Desk_SKU - TV/Frame 2147224830/Frame 2147224833/segmented-control/Device Button,(legacy),NAVIGATE,2769:6026,,,300.0,EASE_OUT,,,
🔵 UI_Phase 1,2769:6309,Device Button,SKU - Smart TV/Desk_SKU - TV/Frame 2147224830/Frame 2147224833/segmented-control/Device Button,ON_CLICK,NODE,2769:6026,CHANGE_TO,SMART_ANIMATE,300.0,EASE_OUT,,,
🔵 UI_Phase 1,2769:6309,Device Button,SKU - Smart TV/Desk_SKU - TV/Frame 2147224830/Frame 2147224833/segmented-control/Device Button,ON_CLICK,NODE,2675:13396,NAVIGATE,SMART_ANIMATE,300.0,LINEAR,,,
🔵 UI_Phase 1,I2769:6309;2769:6048,Device Icon,SKU - Smart TV/Desk_SKU - TV/Frame 2147224830/Frame 2147224833/segmented-control/Device Button/Device Icon,ON_CLICK,,,,,,,,,
🔵 UI_Phase 1,2769:6310,Device Button,SKU - Smart TV/Desk_SKU - TV/Frame 2147224830/Frame 2147224833/segmented-control/Device Button,(legacy),NAVIGATE,2769:6026,,,300.0,EASE_OUT,,,
🔵 UI_Phase 1,2769:6310,Device Button,SKU - Smart TV/Desk_SKU - TV/Frame 2147224830/Frame 2147224833/segmented-control/Device Button,ON_CLICK,NODE,2769:6026,CHANGE_TO,SMART_ANIMATE,300.0,EASE_OUT,,,
🔵 UI_Phase 1,2769:6310,Device Button,SKU - Smart TV/Desk_SKU - TV/Frame 2147224830/Frame 2147224833/segmented-control/Device Button,ON_CLICK,NODE,2769:6612,NAVIGATE,SMART_ANIMATE,300.0,LINEAR,,,
🔵 UI_Phase 1,I2769:6310;2769:6048,Device Icon,SKU - Smart TV/Desk_SKU - TV/Frame 2147224830/Frame 2147224833/segmented-control/Device Button/Device Icon,ON_CLICK,,,,,,,,,
🔵 UI_Phase 1,2769:6311,Device Button,SKU - Smart TV/Desk_SKU - TV/Frame 2147224830/Frame 2147224833/segmented-control/Device Button,(legacy),NAVIGATE,2769:6061,,,300.0,EASE_OUT,,,
🔵 UI_Phase 1,2769:6311,Device Button,SKU - Smart TV/Desk_SKU - TV/Frame 2147224830/Frame 2147224833/segmented-control/Device Button,ON_CLICK,NODE,2769:6061,CHANGE_TO,SMART_ANIMATE,300.0,EASE_OUT,,,
🔵 UI_Phase 1,I2769:6311;2769:6033,Device Icon,SKU - Smart TV/Desk_SKU - TV/Frame 2147224830/Frame 2147224833/segmented-control/Device Button/Device Icon,(legacy),NAVIGATE,2769:5946,,,300.0,EASE_OUT,,,
🔵 UI_Phase 1,I2769:6311;2769:6033,Device Icon,SKU - Smart TV/Desk_SKU - TV/Frame 2147224830/Frame 2147224833/segmented-control/Device Button/Device Icon,ON_HOVER,NODE,2769:5946,CHANGE_TO,SMART_ANIMATE,300.0,EASE_OUT,,,
🔵 UI_Phase 1,3139:9225,Card SKU,SKU - Smart TV/Desk_SKU - TV/Section 4/Frame 2147224799/Card SKU,(legacy),NAVIGATE,2675:6204,,,300.0,EASE_OUT,,,
🔵 UI_Phase 1,3139:9225,Card SKU,SKU - Smart TV/Desk_SKU - TV/Section 4/Frame 2147224799/Card SKU,ON_HOVER,NODE,2675:6204,CHANGE_TO,SMART_ANIMATE,300.0,EASE_OUT,,,
🔵 UI_Phase 1,3139:9225,Card SKU,SKU - Smart TV/Desk_SKU - TV/Section 4/Frame 2147224799/Card SKU,ON_CLICK,NODE,2856:8352,NAVIGATE,SMART_ANIMATE,300.0,EASE_OUT,,,
🔵 UI_Phase 1,I3139:9225;2675:6468,Component 12,SKU - Smart TV/Desk_SKU - TV/Section 4/Frame 2147224799/Card SKU/Component 12,(legacy),NAVIGATE,2675:6348,,,300.0,EASE_OUT,,,
🔵 UI_Phase 1,I3139:9225;2675:6468,Component 12,SKU - Smart TV/Desk_SKU - TV/Section 4/Frame 2147224799/Card SKU/Component 12,ON_HOVER,NODE,2675:6348,CHANGE_TO,SMART_ANIMATE,300.0,EASE_OUT,,,
🔵 UI_Phase 1,3139:9226,Card SKU,SKU - Smart TV/Desk_SKU - TV/Section 4/Frame 2147224799/Card SKU,(legacy),NAVIGATE,2675:6204,,,300.0,EASE_OUT,,,
🔵 UI_Phase 1,3139:9226,Card SKU,SKU - Smart TV/Desk_SKU - TV/Section 4/Frame 2147224799/Card SKU,ON_HOVER,NODE,2675:6204,CHANGE_TO,SMART_ANIMATE,300.0,EASE_OUT,,,
🔵 UI_Phase 1,I3139:9226;2675:6468,Format,SKU - Smart TV/Desk_SKU - TV/Section 4/Frame 2147224799/Card SKU/Format,(legacy),NAVIGATE,2675:6355,,,300.0,EASE_OUT,,,
🔵 UI_Phase 1,I3139:9226;2675:6468,Format,SKU - Smart TV/Desk_SKU - TV/Section 4/Frame 2147224799/Card SKU/Format,ON_HOVER,NODE,2675:6355,CHANGE_TO,SMART_ANIMATE,300.0,EASE_OUT,,,
🔵 UI_Phase 1,3139:9227,Card SKU,SKU - Smart TV/Desk_SKU - TV/Section 4/Frame 2147224799/Card SKU,(legacy),NAVIGATE,2675:6204,,,300.0,EASE_OUT,,,
🔵 UI_Phase 1,3139:9227,Card SKU,SKU - Smart TV/Desk_SKU - TV/Section 4/Frame 2147224799/Card SKU,ON_HOVER,NODE,2675:6204,CHANGE_TO,SMART_ANIMATE,300.0,EASE_OUT,,,
🔵 UI_Phase 1,I3139:9227;2675:6468,Format,SKU - Smart TV/Desk_SKU - TV/Section 4/Frame 2147224799/Card SKU/Format,(legacy),NAVIGATE,2675:6366,,,300.0,EASE_OUT,,,
🔵 UI_Phase 1,I3139:9227;2675:6468,Format,SKU - Smart TV/Desk_SKU - TV/Section 4/Frame 2147224799/Card SKU/Format,ON_HOVER,NODE,2675:6366,CHANGE_TO,SMART_ANIMATE,300.0,EASE_OUT,,,
🔵 UI_Phase 1,3139:9228,Card SKU,SKU - Smart TV/Desk_SKU - TV/Section 4/Frame 2147224799/Card SKU,(legacy),NAVIGATE,2675:6204,,,300.0,EASE_OUT,,,
🔵 UI_Phase 1,3139:9228,Card SKU,SKU - Smart TV/Desk_SKU - TV/Section 4/Frame 2147224799/Card SKU,ON_HOVER,NODE,2675:6204,CHANGE_TO,SMART_ANIMATE,300.0,EASE_OUT,,,
🔵 UI_Phase 1,I3139:9228;2675:6468,Format,SKU - Smart TV/Desk_SKU - TV/Section 4/Frame 2147224799/Card SKU/Format,(legacy),NAVIGATE,2675:6380,,,300.0,EASE_OUT,,,
🔵 UI_Phase 1,I3139:9228;2675:6468,Format,SKU - Smart TV/Desk_SKU - TV/Section 4/Frame 2147224799/Card SKU/Format,ON_HOVER,NODE,2675:6380,CHANGE_TO,SMART_ANIMATE,300.0,EASE_OUT,,,
🔵 UI_Phase 1,3139:9229,Card SKU,SKU - Smart TV/Desk_SKU - TV/Section 4/Frame 2147224799/Card SKU,(legacy),NAVIGATE,2675:6204,,,300.0,EASE_OUT,,,
🔵 UI_Phase 1,3139:9229,Card SKU,SKU - Smart TV/Desk_SKU - TV/Section 4/Frame 2147224799/Card SKU,ON_HOVER,NODE,2675:6204,CHANGE_TO,SMART_ANIMATE,300.0,EASE_OUT,,,
🔵 UI_Phase 1,I3139:9229;2675:6468,Format,SKU - Smart TV/Desk_SKU - TV/Section 4/Frame 2147224799/Card SKU/Format,(legacy),NAVIGATE,2675:6390,,,300.0,EASE_OUT,,,
🔵 UI_Phase 1,I3139:9229;2675:6468,Format,SKU - Smart TV/Desk_SKU - TV/Section 4/Frame 2147224799/Card SKU/Format,ON_HOVER,NODE,2675:6390,CHANGE_TO,SMART_ANIMATE,300.0,EASE_OUT,,,
🔵 UI_Phase 1,3139:9230,Card SKU,SKU - Smart TV/Desk_SKU - TV/Section 4/Frame 2147224799/Card SKU,(legacy),NAVIGATE,2675:6204,,,300.0,EASE_OUT,,,
🔵 UI_Phase 1,3139:9230,Card SKU,SKU - Smart TV/Desk_SKU - TV/Section 4/Frame 2147224799/Card SKU,ON_HOVER,NODE,2675:6204,CHANGE_TO,SMART_ANIMATE,300.0,EASE_OUT,,,
🔵 UI_Phase 1,I3139:9230;2675:6468,Format,SKU - Smart TV/Desk_SKU - TV/Section 4/Frame 2147224799/Card SKU/Format,(legacy),NAVIGATE,2675:6400,,,300.0,EASE_OUT,,,
🔵 UI_Phase 1,I3139:9230;2675:6468,Format,SKU - Smart TV/Desk_SKU - TV/Section 4/Frame 2147224799/Card SKU/Format,ON_HOVER,NODE,2675:6400,CHANGE_TO,SMART_ANIMATE,300.0,EASE_OUT,,,
🔵 UI_Phase 1,3139:9231,Card SKU,SKU - Smart TV/Desk_SKU - TV/Section 4/Frame 2147224799/Card SKU,(legacy),NAVIGATE,2675:6204,,,300.0,EASE_OUT,,,
🔵 UI_Phase 1,3139:9231,Card SKU,SKU - Smart TV/Desk_SKU - TV/Section 4/Frame 2147224799/Card SKU,ON_HOVER,NODE,2675:6204,CHANGE_TO,SMART_ANIMATE,300.0,EASE_OUT,,,
🔵 UI_Phase 1,I3139:9231;2675:6468,Format,SKU - Smart TV/Desk_SKU - TV/Section 4/Frame 2147224799/Card SKU/Format,(legacy),NAVIGATE,2675:6428,,,300.0,EASE_OUT,,,
🔵 UI_Phase 1,I3139:9231;2675:6468,Format,SKU - Smart TV/Desk_SKU - TV/Section 4/Frame 2147224799/Card SKU/Format,ON_HOVER,NODE,2675:6428,CHANGE_TO,SMART_ANIMATE,300.0,EASE_OUT,,,
🔵 UI_Phase 1,3139:9232,Card SKU,SKU - Smart TV/Desk_SKU - TV/Section 4/Frame 2147224799/Card SKU,(legacy),NAVIGATE,2675:6204,,,300.0,EASE_OUT,,,
🔵 UI_Phase 1,3139:9232,Card SKU,SKU - Smart TV/Desk_SKU - TV/Section 4/Frame 2147224799/Card SKU,ON_HOVER,NODE,2675:6204,CHANGE_TO,SMART_ANIMATE,300.0,EASE_OUT,,,
🔵 UI_Phase 1,I3139:9232;2675:6468,Format,SKU - Smart TV/Desk_SKU - TV/Section 4/Frame 2147224799/Card SKU/Format,(legacy),NAVIGATE,2675:6444,,,300.0,EASE_OUT,,,
🔵 UI_Phase 1,I3139:9232;2675:6468,Format,SKU - Smart TV/Desk_SKU - TV/Section 4/Frame 2147224799/Card SKU/Format,ON_HOVER,NODE,2675:6444,CHANGE_TO,SMART_ANIMATE,300.0,EASE_OUT,,,
🔵 UI_Phase 1,3139:9233,Card SKU,SKU - Smart TV/Desk_SKU - TV/Section 4/Frame 2147224799/Card SKU,(legacy),NAVIGATE,2675:6204,,,300.0,EASE_OUT,,,
🔵 UI_Phase 1,3139:9233,Card SKU,SKU - Smart TV/Desk_SKU - TV/Section 4/Frame 2147224799/Card SKU,ON_HOVER,NODE,2675:6204,CHANGE_TO,SMART_ANIMATE,300.0,EASE_OUT,,,
🔵 UI_Phase 1,I3139:9233;2675:6468,Format,SKU - Smart TV/Desk_SKU - TV/Section 4/Frame 2147224799/Card SKU/Format,(legacy),NAVIGATE,2675:6412,,,300.0,EASE_OUT,,,
🔵 UI_Phase 1,I3139:9233;2675:6468,Format,SKU - Smart TV/Desk_SKU - TV/Section 4/Frame 2147224799/Card SKU/Format,ON_HOVER,NODE,2675:6412,CHANGE_TO,SMART_ANIMATE,300.0,EASE_OUT,,,
🔵 UI_Phase 1,2933:9753,Badge & Chip,SKU - Smart TV/Desk_SKU - TV/Section 4/Frame 2147224797/Frame 2147224795/Frame 2147224798/Badge & Chip,(legacy),NAVIGATE,2675:7812,,,300.0,EASE_OUT,,,
🔵 UI_Phase 1,2933:9753,Badge & Chip,SKU - Smart TV/Desk_SKU - TV/Section 4/Frame 2147224797/Frame 2147224795/Frame 2147224798/Badge & Chip,ON_CLICK,NODE,2675:7812,NAVIGATE,,,,,,
🔵 UI_Phase 1,I2933:9753;2675:6832,nav-arrow,SKU - Smart TV/Desk_SKU - TV/Section 4/Frame 2147224797/Frame 2147224795/Frame 2147224798/Badge & Chip/nav-arrow,ON_CLICK,NODE,,CHANGE_TO,,,,,,
🔵 UI_Phase 1,2933:9756,Component 11,SKU - Smart TV/Desk_SKU - TV/Section 4/Frame 2147224797/Frame 2147224795/Component 11,(legacy),NAVIGATE,2633:5704,,,300.0,EASE_OUT,,,
🔵 UI_Phase 1,2933:9756,Component 11,SKU - Smart TV/Desk_SKU - TV/Section 4/Frame 2147224797/Frame 2147224795/Component 11,ON_HOVER,NODE,2633:5704,CHANGE_TO,SMART_ANIMATE,300.0,EASE_OUT,,,
🔵 UI_Phase 1,I2769:6333;2531:9826,Button of Nav Heading,SKU - Smart TV/Desk_SKU - TV/Footer Desk/Frame 5/Frame 5/Frame 92/Frame 2147224758/Button of Nav Heading,(legacy),NAVIGATE,2445:2781,,,300.0,EASE_OUT,,,
🔵 UI_Phase 1,I2769:6333;2531:9826,Button of Nav Heading,SKU - Smart TV/Desk_SKU - TV/Footer Desk/Frame 5/Frame 5/Frame 92/Frame 2147224758/Button of Nav Heading,ON_HOVER,NODE,2445:2781,CHANGE_TO,SMART_ANIMATE,300.0,EASE_OUT,,,
🔵 UI_Phase 1,I2769:6333;2531:9827,Button of Nav Heading,SKU - Smart TV/Desk_SKU - TV/Footer Desk/Frame 5/Frame 5/Frame 92/Frame 2147224758/Button of Nav Heading,(legacy),NAVIGATE,2445:2781,,,300.0,EASE_OUT,,,
🔵 UI_Phase 1,I2769:6333;2531:9827,Button of Nav Heading,SKU - Smart TV/Desk_SKU - TV/Footer Desk/Frame 5/Frame 5/Frame 92/Frame 2147224758/Button of Nav Heading,ON_HOVER,NODE,2445:2781,CHANGE_TO,SMART_ANIMATE,300.0,EASE_OUT,,,
🔵 UI_Phase 1,I2769:6333;2531:9828,Button of Nav Heading,SKU - Smart TV/Desk_SKU - TV/Footer Desk/Frame 5/Frame 5/Frame 92/Frame 2147224758/Button of Nav Heading,(legacy),NAVIGATE,2445:2781,,,300.0,EASE_OUT,,,
🔵 UI_Phase 1,I2769:6333;2531:9828,Button of Nav Heading,SKU - Smart TV/Desk_SKU - TV/Footer Desk/Frame 5/Frame 5/Frame 92/Frame 2147224758/Button of Nav Heading,ON_HOVER,NODE,2445:2781,CHANGE_TO,SMART_ANIMATE,300.0,EASE_OUT,,,
🔵 UI_Phase 1,I2769:6333;2531:9829,Button of Nav Heading,SKU - Smart TV/Desk_SKU - TV/Footer Desk/Frame 5/Frame 5/Frame 92/Frame 2147224758/Button of Nav Heading,(legacy),NAVIGATE,2531:6498,,,300.0,EASE_OUT,,,
🔵 UI_Phase 1,I2769:6333;2531:9829,Button of Nav Heading,SKU - Smart TV/Desk_SKU - TV/Footer Desk/Frame 5/Frame 5/Frame 92/Frame 2147224758/Button of Nav Heading,ON_HOVER,NODE,2531:6498,CHANGE_TO,SMART_ANIMATE,300.0,EASE_OUT,,,
🔵 UI_Phase 1,I2769:6333;2531:10059,Back Button,SKU - Smart TV/Desk_SKU - TV/Footer Desk/Frame 1527/Back Button,(legacy),NAVIGATE,2445:2488,,,100.0,LINEAR,,,
🔵 UI_Phase 1,I2769:6333;2531:10059,Back Button,SKU - Smart TV/Desk_SKU - TV/Footer Desk/Frame 1527/Back Button,ON_HOVER,NODE,2445:2488,CHANGE_TO,SMART_ANIMATE,100.0,LINEAR,,,
🔵 UI_Phase 1,I2769:6333;2531:10059,Back Button,SKU - Smart TV/Desk_SKU - TV/Footer Desk/Frame 1527/Back Button,ON_CLICK,NODE,2769:6279,SCROLL_TO,SCROLL_ANIMATE,300.0,EASE_OUT,,,
🔵 UI_Phase 1,2821:7942,Device Button,SKU - Smart TV/Mb_SKU - TV/Frame 2147224830/Frame 2147224833/segmented-control/Device Button,(legacy),NAVIGATE,2769:6028,,,300.0,EASE_OUT,,,
🔵 UI_Phase 1,2821:7942,Device Button,SKU - Smart TV/Mb_SKU - TV/Frame 2147224830/Frame 2147224833/segmented-control/Device Button,ON_CLICK,NODE,2769:6028,CHANGE_TO,SMART_ANIMATE,300.0,EASE_OUT,,,
🔵 UI_Phase 1,I2821:7942;2769:6054,Device Icon,SKU - Smart TV/Mb_SKU - TV/Frame 2147224830/Frame 2147224833/segmented-control/Device Button/Device Icon,ON_CLICK,,,,,,,,,
🔵 UI_Phase 1,2821:7943,Device Button,SKU - Smart TV/Mb_SKU - TV/Frame 2147224830/Frame 2147224833/segmented-control/Device Button,(legacy),NAVIGATE,2769:6028,,,300.0,EASE_OUT,,,
🔵 UI_Phase 1,2821:7943,Device Button,SKU - Smart TV/Mb_SKU - TV/Frame 2147224830/Frame 2147224833/segmented-control/Device Button,ON_CLICK,NODE,2769:6028,CHANGE_TO,SMART_ANIMATE,300.0,EASE_OUT,,,
🔵 UI_Phase 1,I2821:7943;2769:6054,Device Icon,SKU - Smart TV/Mb_SKU - TV/Frame 2147224830/Frame 2147224833/segmented-control/Device Button/Device Icon,ON_CLICK,,,,,,,,,
🔵 UI_Phase 1,2821:7944,Device Button,SKU - Smart TV/Mb_SKU - TV/Frame 2147224830/Frame 2147224833/segmented-control/Device Button,(legacy),NAVIGATE,2769:6063,,,300.0,EASE_OUT,,,
🔵 UI_Phase 1,2821:7944,Device Button,SKU - Smart TV/Mb_SKU - TV/Frame 2147224830/Frame 2147224833/segmented-control/Device Button,ON_CLICK,NODE,2769:6063,CHANGE_TO,SMART_ANIMATE,300.0,EASE_OUT,,,
🔵 UI_Phase 1,I2821:7944;2769:6039,Device Icon,SKU - Smart TV/Mb_SKU - TV/Frame 2147224830/Frame 2147224833/segmented-control/Device Button/Device Icon,(legacy),NAVIGATE,2769:5946,,,300.0,EASE_OUT,,,
🔵 UI_Phase 1,I2821:7944;2769:6039,Device Icon,SKU - Smart TV/Mb_SKU - TV/Frame 2147224830/Frame 2147224833/segmented-control/Device Button/Device Icon,ON_HOVER,NODE,2769:5946,CHANGE_TO,SMART_ANIMATE,300.0,EASE_OUT,,,
🔵 UI_Phase 1,2995:10298,Button,SKU - Smart TV/Mb_SKU - TV/Frame 2147224830/Frame 2147224835/Button,(legacy),NAVIGATE,2811:6782,,,300.0,EASE_OUT,,,
🔵 UI_Phase 1,2995:10298,Button,SKU - Smart TV/Mb_SKU - TV/Frame 2147224830/Frame 2147224835/Button,ON_CLICK,NODE,2811:6782,NAVIGATE,SMART_ANIMATE,300.0,EASE_OUT,,,
🔵 UI_Phase 1,2995:10310,Button,SKU - Smart TV/Mb_SKU - TV/Frame 2147224830/Frame 2147224835/Button,(legacy),NAVIGATE,36:781,,,300.0,EASE_OUT,,,
🔵 UI_Phase 1,2995:10310,Button,SKU - Smart TV/Mb_SKU - TV/Frame 2147224830/Frame 2147224835/Button,ON_HOVER,NODE,36:781,CHANGE_TO,SMART_ANIMATE,300.0,EASE_OUT,,,
🔵 UI_Phase 1,2995:10310,Button,SKU - Smart TV/Mb_SKU - TV/Frame 2147224830/Frame 2147224835/Button,ON_CLICK,NODE,2753:5405,NAVIGATE,SMART_ANIMATE,300.0,EASE_OUT,,,
🔵 UI_Phase 1,3139:10264,Card SKU,SKU - Smart TV/Mb_SKU - TV/Section 4/Frame 2147224798/Card SKU,(legacy),NAVIGATE,2675:6204,,,300.0,EASE_OUT,,,
🔵 UI_Phase 1,3139:10264,Card SKU,SKU - Smart TV/Mb_SKU - TV/Section 4/Frame 2147224798/Card SKU,ON_HOVER,NODE,2675:6204,CHANGE_TO,SMART_ANIMATE,300.0,EASE_OUT,,,
🔵 UI_Phase 1,3139:10264,Card SKU,SKU - Smart TV/Mb_SKU - TV/Section 4/Frame 2147224798/Card SKU,ON_CLICK,NODE,2856:8352,NAVIGATE,SMART_ANIMATE,300.0,EASE_OUT,,,
🔵 UI_Phase 1,I3139:10264;2675:6468,Component 12,SKU - Smart TV/Mb_SKU - TV/Section 4/Frame 2147224798/Card SKU/Component 12,(legacy),NAVIGATE,2675:6348,,,300.0,EASE_OUT,,,
🔵 UI_Phase 1,I3139:10264;2675:6468,Component 12,SKU - Smart TV/Mb_SKU - TV/Section 4/Frame 2147224798/Card SKU/Component 12,ON_HOVER,NODE,2675:6348,CHANGE_TO,SMART_ANIMATE,300.0,EASE_OUT,,,
🔵 UI_Phase 1,3139:10265,Card SKU,SKU - Smart TV/Mb_SKU - TV/Section 4/Frame 2147224798/Card SKU,(legacy),NAVIGATE,2675:6204,,,300.0,EASE_OUT,,,
🔵 UI_Phase 1,3139:10265,Card SKU,SKU - Smart TV/Mb_SKU - TV/Section 4/Frame 2147224798/Card SKU,ON_HOVER,NODE,2675:6204,CHANGE_TO,SMART_ANIMATE,300.0,EASE_OUT,,,
🔵 UI_Phase 1,I3139:10265;2675:6468,Format,SKU - Smart TV/Mb_SKU - TV/Section 4/Frame 2147224798/Card SKU/Format,(legacy),NAVIGATE,2675:6355,,,300.0,EASE_OUT,,,
🔵 UI_Phase 1,I3139:10265;2675:6468,Format,SKU - Smart TV/Mb_SKU - TV/Section 4/Frame 2147224798/Card SKU/Format,ON_HOVER,NODE,2675:6355,CHANGE_TO,SMART_ANIMATE,300.0,EASE_OUT,,,
🔵 UI_Phase 1,3139:10266,Card SKU,SKU - Smart TV/Mb_SKU - TV/Section 4/Frame 2147224798/Card SKU,(legacy),NAVIGATE,2675:6204,,,300.0,EASE_OUT,,,
🔵 UI_Phase 1,3139:10266,Card SKU,SKU - Smart TV/Mb_SKU - TV/Section 4/Frame 2147224798/Card SKU,ON_HOVER,NODE,2675:6204,CHANGE_TO,SMART_ANIMATE,300.0,EASE_OUT,,,
🔵 UI_Phase 1,I3139:10266;2675:6468,Format,SKU - Smart TV/Mb_SKU - TV/Section 4/Frame 2147224798/Card SKU/Format,(legacy),NAVIGATE,2675:6366,,,300.0,EASE_OUT,,,
🔵 UI_Phase 1,I3139:10266;2675:6468,Format,SKU - Smart TV/Mb_SKU - TV/Section 4/Frame 2147224798/Card SKU/Format,ON_HOVER,NODE,2675:6366,CHANGE_TO,SMART_ANIMATE,300.0,EASE_OUT,,,
🔵 UI_Phase 1,3139:10267,Card SKU,SKU - Smart TV/Mb_SKU - TV/Section 4/Frame 2147224798/Card SKU,(legacy),NAVIGATE,2675:6204,,,300.0,EASE_OUT,,,
🔵 UI_Phase 1,3139:10267,Card SKU,SKU - Smart TV/Mb_SKU - TV/Section 4/Frame 2147224798/Card SKU,ON_HOVER,NODE,2675:6204,CHANGE_TO,SMART_ANIMATE,300.0,EASE_OUT,,,
🔵 UI_Phase 1,I3139:10267;2675:6468,Format,SKU - Smart TV/Mb_SKU - TV/Section 4/Frame 2147224798/Card SKU/Format,(legacy),NAVIGATE,2675:6380,,,300.0,EASE_OUT,,,
🔵 UI_Phase 1,I3139:10267;2675:6468,Format,SKU - Smart TV/Mb_SKU - TV/Section 4/Frame 2147224798/Card SKU/Format,ON_HOVER,NODE,2675:6380,CHANGE_TO,SMART_ANIMATE,300.0,EASE_OUT,,,
🔵 UI_Phase 1,3139:10268,Card SKU,SKU - Smart TV/Mb_SKU - TV/Section 4/Frame 2147224798/Card SKU,(legacy),NAVIGATE,2675:6204,,,300.0,EASE_OUT,,,
🔵 UI_Phase 1,3139:10268,Card SKU,SKU - Smart TV/Mb_SKU - TV/Section 4/Frame 2147224798/Card SKU,ON_HOVER,NODE,2675:6204,CHANGE_TO,SMART_ANIMATE,300.0,EASE_OUT,,,
🔵 UI_Phase 1,I3139:10268;2675:6468,Format,SKU - Smart TV/Mb_SKU - TV/Section 4/Frame 2147224798/Card SKU/Format,(legacy),NAVIGATE,2675:6390,,,300.0,EASE_OUT,,,
🔵 UI_Phase 1,I3139:10268;2675:6468,Format,SKU - Smart TV/Mb_SKU - TV/Section 4/Frame 2147224798/Card SKU/Format,ON_HOVER,NODE,2675:6390,CHANGE_TO,SMART_ANIMATE,300.0,EASE_OUT,,,
🔵 UI_Phase 1,3139:10269,Card SKU,SKU - Smart TV/Mb_SKU - TV/Section 4/Frame 2147224798/Card SKU,(legacy),NAVIGATE,2675:6204,,,300.0,EASE_OUT,,,
🔵 UI_Phase 1,3139:10269,Card SKU,SKU - Smart TV/Mb_SKU - TV/Section 4/Frame 2147224798/Card SKU,ON_HOVER,NODE,2675:6204,CHANGE_TO,SMART_ANIMATE,300.0,EASE_OUT,,,
🔵 UI_Phase 1,I3139:10269;2675:6468,Format,SKU - Smart TV/Mb_SKU - TV/Section 4/Frame 2147224798/Card SKU/Format,(legacy),NAVIGATE,2675:6400,,,300.0,EASE_OUT,,,
🔵 UI_Phase 1,I3139:10269;2675:6468,Format,SKU - Smart TV/Mb_SKU - TV/Section 4/Frame 2147224798/Card SKU/Format,ON_HOVER,NODE,2675:6400,CHANGE_TO,SMART_ANIMATE,300.0,EASE_OUT,,,
🔵 UI_Phase 1,3139:10270,Card SKU,SKU - Smart TV/Mb_SKU - TV/Section 4/Frame 2147224798/Card SKU,(legacy),NAVIGATE,2675:6204,,,300.0,EASE_OUT,,,
🔵 UI_Phase 1,3139:10270,Card SKU,SKU - Smart TV/Mb_SKU - TV/Section 4/Frame 2147224798/Card SKU,ON_HOVER,NODE,2675:6204,CHANGE_TO,SMART_ANIMATE,300.0,EASE_OUT,,,
🔵 UI_Phase 1,I3139:10270;2675:6468,Format,SKU - Smart TV/Mb_SKU - TV/Section 4/Frame 2147224798/Card SKU/Format,(legacy),NAVIGATE,2675:6428,,,300.0,EASE_OUT,,,
🔵 UI_Phase 1,I3139:10270;2675:6468,Format,SKU - Smart TV/Mb_SKU - TV/Section 4/Frame 2147224798/Card SKU/Format,ON_HOVER,NODE,2675:6428,CHANGE_TO,SMART_ANIMATE,300.0,EASE_OUT,,,
🔵 UI_Phase 1,3139:10271,Card SKU,SKU - Smart TV/Mb_SKU - TV/Section 4/Frame 2147224798/Card SKU,(legacy),NAVIGATE,2675:6204,,,300.0,EASE_OUT,,,
🔵 UI_Phase 1,3139:10271,Card SKU,SKU - Smart TV/Mb_SKU - TV/Section 4/Frame 2147224798/Card SKU,ON_HOVER,NODE,2675:6204,CHANGE_TO,SMART_ANIMATE,300.0,EASE_OUT,,,
🔵 UI_Phase 1,I3139:10271;2675:6468,Format,SKU - Smart TV/Mb_SKU - TV/Section 4/Frame 2147224798/Card SKU/Format,(legacy),NAVIGATE,2675:6444,,,300.0,EASE_OUT,,,
🔵 UI_Phase 1,I3139:10271;2675:6468,Format,SKU - Smart TV/Mb_SKU - TV/Section 4/Frame 2147224798/Card SKU/Format,ON_HOVER,NODE,2675:6444,CHANGE_TO,SMART_ANIMATE,300.0,EASE_OUT,,,
🔵 UI_Phase 1,3139:10272,Card SKU,SKU - Smart TV/Mb_SKU - TV/Section 4/Frame 2147224798/Card SKU,(legacy),NAVIGATE,2675:6204,,,300.0,EASE_OUT,,,
🔵 UI_Phase 1,3139:10272,Card SKU,SKU - Smart TV/Mb_SKU - TV/Section 4/Frame 2147224798/Card SKU,ON_HOVER,NODE,2675:6204,CHANGE_TO,SMART_ANIMATE,300.0,EASE_OUT,,,
🔵 UI_Phase 1,I3139:10272;2675:6468,Format,SKU - Smart TV/Mb_SKU - TV/Section 4/Frame 2147224798/Card SKU/Format,(legacy),NAVIGATE,2675:6412,,,300.0,EASE_OUT,,,
🔵 UI_Phase 1,I3139:10272;2675:6468,Format,SKU - Smart TV/Mb_SKU - TV/Section 4/Frame 2147224798/Card SKU/Format,ON_HOVER,NODE,2675:6412,CHANGE_TO,SMART_ANIMATE,300.0,EASE_OUT,,,
🔵 UI_Phase 1,2933:9160,Component 11,SKU - Smart TV/Mb_SKU - TV/Section 4/Frame 2147224797/Component 11,(legacy),NAVIGATE,2633:5704,,,300.0,EASE_OUT,,,
🔵 UI_Phase 1,2933:9160,Component 11,SKU - Smart TV/Mb_SKU - TV/Section 4/Frame 2147224797/Component 11,ON_HOVER,NODE,2633:5704,CHANGE_TO,SMART_ANIMATE,300.0,EASE_OUT,,,
🔵 UI_Phase 1,2933:9163,Badge & Chip,SKU - Smart TV/Mb_SKU - TV/Section 4/Frame 2147224797/Frame 2147224798/Badge & Chip,(legacy),NAVIGATE,2675:7812,,,300.0,EASE_OUT,,,
🔵 UI_Phase 1,2933:9163,Badge & Chip,SKU - Smart TV/Mb_SKU - TV/Section 4/Frame 2147224797/Frame 2147224798/Badge & Chip,ON_CLICK,NODE,2675:7812,NAVIGATE,,,,,,
🔵 UI_Phase 1,I2933:9163;2675:6832,nav-arrow,SKU - Smart TV/Mb_SKU - TV/Section 4/Frame 2147224797/Frame 2147224798/Badge & Chip/nav-arrow,ON_CLICK,NODE,,CHANGE_TO,,,,,,
🔵 UI_Phase 1,I2821:7978;2531:9882,Button of Nav Heading,SKU - Smart TV/Mb_SKU - TV/Footer Desk/Frame 92/Frame 2147224758/Button of Nav Heading,(legacy),NAVIGATE,2445:2781,,,300.0,EASE_OUT,,,
🔵 UI_Phase 1,I2821:7978;2531:9882,Button of Nav Heading,SKU - Smart TV/Mb_SKU - TV/Footer Desk/Frame 92/Frame 2147224758/Button of Nav Heading,ON_HOVER,NODE,2445:2781,CHANGE_TO,SMART_ANIMATE,300.0,EASE_OUT,,,
🔵 UI_Phase 1,I2821:7978;2531:9883,Button of Nav Heading,SKU - Smart TV/Mb_SKU - TV/Footer Desk/Frame 92/Frame 2147224758/Button of Nav Heading,(legacy),NAVIGATE,2445:2781,,,300.0,EASE_OUT,,,
🔵 UI_Phase 1,I2821:7978;2531:9883,Button of Nav Heading,SKU - Smart TV/Mb_SKU - TV/Footer Desk/Frame 92/Frame 2147224758/Button of Nav Heading,ON_HOVER,NODE,2445:2781,CHANGE_TO,SMART_ANIMATE,300.0,EASE_OUT,,,
🔵 UI_Phase 1,I2821:7978;2531:9884,Button of Nav Heading,SKU - Smart TV/Mb_SKU - TV/Footer Desk/Frame 92/Frame 2147224758/Button of Nav Heading,(legacy),NAVIGATE,2445:2781,,,300.0,EASE_OUT,,,
🔵 UI_Phase 1,I2821:7978;2531:9884,Button of Nav Heading,SKU - Smart TV/Mb_SKU - TV/Footer Desk/Frame 92/Frame 2147224758/Button of Nav Heading,ON_HOVER,NODE,2445:2781,CHANGE_TO,SMART_ANIMATE,300.0,EASE_OUT,,,
🔵 UI_Phase 1,I2821:7978;2531:9885,Button of Nav Heading,SKU - Smart TV/Mb_SKU - TV/Footer Desk/Frame 92/Frame 2147224758/Button of Nav Heading,(legacy),NAVIGATE,2531:6500,,,300.0,EASE_OUT,,,
🔵 UI_Phase 1,I2821:7978;2531:9885,Button of Nav Heading,SKU - Smart TV/Mb_SKU - TV/Footer Desk/Frame 92/Frame 2147224758/Button of Nav Heading,ON_CLICK,NODE,2531:6500,CHANGE_TO,SMART_ANIMATE,300.0,EASE_OUT,,,
🔵 UI_Phase 1,I2821:7978;2531:10029,Back Button,SKU - Smart TV/Mb_SKU - TV/Footer Desk/Frame 2087326390/Back Button,(legacy),NAVIGATE,2445:2488,,,100.0,LINEAR,,,
🔵 UI_Phase 1,I2821:7978;2531:10029,Back Button,SKU - Smart TV/Mb_SKU - TV/Footer Desk/Frame 2087326390/Back Button,ON_HOVER,NODE,2445:2488,CHANGE_TO,SMART_ANIMATE,100.0,LINEAR,,,
🔵 UI_Phase 1,I2821:7978;2531:10029,Back Button,SKU - Smart TV/Mb_SKU - TV/Footer Desk/Frame 2087326390/Back Button,ON_CLICK,NODE,2821:7925,SCROLL_TO,SCROLL_ANIMATE,300.0,EASE_OUT,,,
🔵 UI_Phase 1,I2856:8031;2445:2808,Button of Nav Heading,SKU - Smart TV/Tb_SKU - TV/Frame 2147224759/Frame 2147224758/Button of Nav Heading,(legacy),NAVIGATE,2445:2781,,,300.0,EASE_OUT,,,
🔵 UI_Phase 1,I2856:8031;2445:2808,Button of Nav Heading,SKU - Smart TV/Tb_SKU - TV/Frame 2147224759/Frame 2147224758/Button of Nav Heading,ON_HOVER,NODE,2445:2781,CHANGE_TO,SMART_ANIMATE,300.0,EASE_OUT,,,
🔵 UI_Phase 1,I2856:8031;2445:2811,Button of Nav Heading,SKU - Smart TV/Tb_SKU - TV/Frame 2147224759/Frame 2147224758/Button of Nav Heading,(legacy),NAVIGATE,2445:2781,,,300.0,EASE_OUT,,,
🔵 UI_Phase 1,I2856:8031;2445:2811,Button of Nav Heading,SKU - Smart TV/Tb_SKU - TV/Frame 2147224759/Frame 2147224758/Button of Nav Heading,ON_HOVER,NODE,2445:2781,CHANGE_TO,SMART_ANIMATE,300.0,EASE_OUT,,,
🔵 UI_Phase 1,I2856:8031;2445:2814,Button of Nav Heading,SKU - Smart TV/Tb_SKU - TV/Frame 2147224759/Frame 2147224758/Button of Nav Heading,(legacy),NAVIGATE,2445:2781,,,300.0,EASE_OUT,,,
🔵 UI_Phase 1,I2856:8031;2445:2814,Button of Nav Heading,SKU - Smart TV/Tb_SKU - TV/Frame 2147224759/Frame 2147224758/Button of Nav Heading,ON_HOVER,NODE,2445:2781,CHANGE_TO,SMART_ANIMATE,300.0,EASE_OUT,,,
🔵 UI_Phase 1,I2856:8031;2531:6542,Button of Nav Heading,SKU - Smart TV/Tb_SKU - TV/Frame 2147224759/Frame 2147224758/Button of Nav Heading,(legacy),NAVIGATE,2531:6498,,,300.0,EASE_OUT,,,
🔵 UI_Phase 1,I2856:8031;2531:6542,Button of Nav Heading,SKU - Smart TV/Tb_SKU - TV/Frame 2147224759/Frame 2147224758/Button of Nav Heading,ON_HOVER,NODE,2531:6498,CHANGE_TO,SMART_ANIMATE,300.0,EASE_OUT,,,
🔵 UI_Phase 1,2865:9372,Button,SKU - Smart TV/Tb_SKU - TV/Frame 2147224830/Frame 2147224835/Button,(legacy),NAVIGATE,2856:8694,,,300.0,EASE_OUT,,,
🔵 UI_Phase 1,2865:9372,Button,SKU - Smart TV/Tb_SKU - TV/Frame 2147224830/Frame 2147224835/Button,ON_CLICK,NODE,2856:8694,NAVIGATE,SMART_ANIMATE,300.0,EASE_OUT,,,
🔵 UI_Phase 1,2865:9384,Button,SKU - Smart TV/Tb_SKU - TV/Frame 2147224830/Frame 2147224835/Button,(legacy),NAVIGATE,36:781,,,300.0,EASE_OUT,,,
🔵 UI_Phase 1,2865:9384,Button,SKU - Smart TV/Tb_SKU - TV/Frame 2147224830/Frame 2147224835/Button,ON_HOVER,NODE,36:781,CHANGE_TO,SMART_ANIMATE,300.0,EASE_OUT,,,
🔵 UI_Phase 1,2865:9384,Button,SKU - Smart TV/Tb_SKU - TV/Frame 2147224830/Frame 2147224835/Button,ON_CLICK,NODE,2849:4336,NAVIGATE,SMART_ANIMATE,300.0,EASE_OUT,,,
🔵 UI_Phase 1,2856:8053,Device Button,SKU - Smart TV/Tb_SKU - TV/Frame 2147224830/Frame 2147224833/segmented-control/Device Button,(legacy),NAVIGATE,2769:6026,,,300.0,EASE_OUT,,,
🔵 UI_Phase 1,2856:8053,Device Button,SKU - Smart TV/Tb_SKU - TV/Frame 2147224830/Frame 2147224833/segmented-control/Device Button,ON_CLICK,NODE,2769:6026,CHANGE_TO,SMART_ANIMATE,300.0,EASE_OUT,,,
🔵 UI_Phase 1,I2856:8053;2769:6048,Device Icon,SKU - Smart TV/Tb_SKU - TV/Frame 2147224830/Frame 2147224833/segmented-control/Device Button/Device Icon,ON_CLICK,,,,,,,,,
🔵 UI_Phase 1,2856:8054,Device Button,SKU - Smart TV/Tb_SKU - TV/Frame 2147224830/Frame 2147224833/segmented-control/Device Button,(legacy),NAVIGATE,2769:6026,,,300.0,EASE_OUT,,,
🔵 UI_Phase 1,2856:8054,Device Button,SKU - Smart TV/Tb_SKU - TV/Frame 2147224830/Frame 2147224833/segmented-control/Device Button,ON_CLICK,NODE,2769:6026,CHANGE_TO,SMART_ANIMATE,300.0,EASE_OUT,,,
🔵 UI_Phase 1,I2856:8054;2769:6048,Device Icon,SKU - Smart TV/Tb_SKU - TV/Frame 2147224830/Frame 2147224833/segmented-control/Device Button/Device Icon,ON_CLICK,,,,,,,,,
🔵 UI_Phase 1,2856:8055,Device Button,SKU - Smart TV/Tb_SKU - TV/Frame 2147224830/Frame 2147224833/segmented-control/Device Button,(legacy),NAVIGATE,2769:6061,,,300.0,EASE_OUT,,,
🔵 UI_Phase 1,2856:8055,Device Button,SKU - Smart TV/Tb_SKU - TV/Frame 2147224830/Frame 2147224833/segmented-control/Device Button,ON_CLICK,NODE,2769:6061,CHANGE_TO,SMART_ANIMATE,300.0,EASE_OUT,,,
🔵 UI_Phase 1,I2856:8055;2769:6033,Device Icon,SKU - Smart TV/Tb_SKU - TV/Frame 2147224830/Frame 2147224833/segmented-control/Device Button/Device Icon,(legacy),NAVIGATE,2769:5946,,,300.0,EASE_OUT,,,
🔵 UI_Phase 1,I2856:8055;2769:6033,Device Icon,SKU - Smart TV/Tb_SKU - TV/Frame 2147224830/Frame 2147224833/segmented-control/Device Button/Device Icon,ON_HOVER,NODE,2769:5946,CHANGE_TO,SMART_ANIMATE,300.0,EASE_OUT,,,
🔵 UI_Phase 1,3139:9375,Card SKU,SKU - Smart TV/Tb_SKU - TV/Section 3/Frame 2147224798/Card SKU,(legacy),NAVIGATE,2675:6204,,,300.0,EASE_OUT,,,
🔵 UI_Phase 1,3139:9375,Card SKU,SKU - Smart TV/Tb_SKU - TV/Section 3/Frame 2147224798/Card SKU,ON_HOVER,NODE,2675:6204,CHANGE_TO,SMART_ANIMATE,300.0,EASE_OUT,,,
🔵 UI_Phase 1,3139:9375,Card SKU,SKU - Smart TV/Tb_SKU - TV/Section 3/Frame 2147224798/Card SKU,ON_CLICK,NODE,2856:8352,NAVIGATE,SMART_ANIMATE,300.0,EASE_OUT,,,
🔵 UI_Phase 1,I3139:9375;2675:6468,Component 12,SKU - Smart TV/Tb_SKU - TV/Section 3/Frame 2147224798/Card SKU/Component 12,(legacy),NAVIGATE,2675:6348,,,300.0,EASE_OUT,,,
🔵 UI_Phase 1,I3139:9375;2675:6468,Component 12,SKU - Smart TV/Tb_SKU - TV/Section 3/Frame 2147224798/Card SKU/Component 12,ON_HOVER,NODE,2675:6348,CHANGE_TO,SMART_ANIMATE,300.0,EASE_OUT,,,
🔵 UI_Phase 1,3139:9376,Card SKU,SKU - Smart TV/Tb_SKU - TV/Section 3/Frame 2147224798/Card SKU,(legacy),NAVIGATE,2675:6204,,,300.0,EASE_OUT,,,
🔵 UI_Phase 1,3139:9376,Card SKU,SKU - Smart TV/Tb_SKU - TV/Section 3/Frame 2147224798/Card SKU,ON_HOVER,NODE,2675:6204,CHANGE_TO,SMART_ANIMATE,300.0,EASE_OUT,,,
🔵 UI_Phase 1,I3139:9376;2675:6468,Format,SKU - Smart TV/Tb_SKU - TV/Section 3/Frame 2147224798/Card SKU/Format,(legacy),NAVIGATE,2675:6355,,,300.0,EASE_OUT,,,
🔵 UI_Phase 1,I3139:9376;2675:6468,Format,SKU - Smart TV/Tb_SKU - TV/Section 3/Frame 2147224798/Card SKU/Format,ON_HOVER,NODE,2675:6355,CHANGE_TO,SMART_ANIMATE,300.0,EASE_OUT,,,
🔵 UI_Phase 1,3139:9377,Card SKU,SKU - Smart TV/Tb_SKU - TV/Section 3/Frame 2147224798/Card SKU,(legacy),NAVIGATE,2675:6204,,,300.0,EASE_OUT,,,
🔵 UI_Phase 1,3139:9377,Card SKU,SKU - Smart TV/Tb_SKU - TV/Section 3/Frame 2147224798/Card SKU,ON_HOVER,NODE,2675:6204,CHANGE_TO,SMART_ANIMATE,300.0,EASE_OUT,,,
🔵 UI_Phase 1,I3139:9377;2675:6468,Format,SKU - Smart TV/Tb_SKU - TV/Section 3/Frame 2147224798/Card SKU/Format,(legacy),NAVIGATE,2675:6366,,,300.0,EASE_OUT,,,
🔵 UI_Phase 1,I3139:9377;2675:6468,Format,SKU - Smart TV/Tb_SKU - TV/Section 3/Frame 2147224798/Card SKU/Format,ON_HOVER,NODE,2675:6366,CHANGE_TO,SMART_ANIMATE,300.0,EASE_OUT,,,
🔵 UI_Phase 1,3139:9378,Card SKU,SKU - Smart TV/Tb_SKU - TV/Section 3/Frame 2147224798/Card SKU,(legacy),NAVIGATE,2675:6204,,,300.0,EASE_OUT,,,
🔵 UI_Phase 1,3139:9378,Card SKU,SKU - Smart TV/Tb_SKU - TV/Section 3/Frame 2147224798/Card SKU,ON_HOVER,NODE,2675:6204,CHANGE_TO,SMART_ANIMATE,300.0,EASE_OUT,,,
🔵 UI_Phase 1,I3139:9378;2675:6468,Format,SKU - Smart TV/Tb_SKU - TV/Section 3/Frame 2147224798/Card SKU/Format,(legacy),NAVIGATE,2675:6380,,,300.0,EASE_OUT,,,
🔵 UI_Phase 1,I3139:9378;2675:6468,Format,SKU - Smart TV/Tb_SKU - TV/Section 3/Frame 2147224798/Card SKU/Format,ON_HOVER,NODE,2675:6380,CHANGE_TO,SMART_ANIMATE,300.0,EASE_OUT,,,
🔵 UI_Phase 1,3139:9379,Card SKU,SKU - Smart TV/Tb_SKU - TV/Section 3/Frame 2147224798/Card SKU,(legacy),NAVIGATE,2675:6204,,,300.0,EASE_OUT,,,
🔵 UI_Phase 1,3139:9379,Card SKU,SKU - Smart TV/Tb_SKU - TV/Section 3/Frame 2147224798/Card SKU,ON_HOVER,NODE,2675:6204,CHANGE_TO,SMART_ANIMATE,300.0,EASE_OUT,,,
🔵 UI_Phase 1,I3139:9379;2675:6468,Format,SKU - Smart TV/Tb_SKU - TV/Section 3/Frame 2147224798/Card SKU/Format,(legacy),NAVIGATE,2675:6390,,,300.0,EASE_OUT,,,
🔵 UI_Phase 1,I3139:9379;2675:6468,Format,SKU - Smart TV/Tb_SKU - TV/Section 3/Frame 2147224798/Card SKU/Format,ON_HOVER,NODE,2675:6390,CHANGE_TO,SMART_ANIMATE,300.0,EASE_OUT,,,
🔵 UI_Phase 1,3139:9380,Card SKU,SKU - Smart TV/Tb_SKU - TV/Section 3/Frame 2147224798/Card SKU,(legacy),NAVIGATE,2675:6204,,,300.0,EASE_OUT,,,
🔵 UI_Phase 1,3139:9380,Card SKU,SKU - Smart TV/Tb_SKU - TV/Section 3/Frame 2147224798/Card SKU,ON_HOVER,NODE,2675:6204,CHANGE_TO,SMART_ANIMATE,300.0,EASE_OUT,,,
🔵 UI_Phase 1,I3139:9380;2675:6468,Format,SKU - Smart TV/Tb_SKU - TV/Section 3/Frame 2147224798/Card SKU/Format,(legacy),NAVIGATE,2675:6400,,,300.0,EASE_OUT,,,
🔵 UI_Phase 1,I3139:9380;2675:6468,Format,SKU - Smart TV/Tb_SKU - TV/Section 3/Frame 2147224798/Card SKU/Format,ON_HOVER,NODE,2675:6400,CHANGE_TO,SMART_ANIMATE,300.0,EASE_OUT,,,
🔵 UI_Phase 1,3139:9381,Card SKU,SKU - Smart TV/Tb_SKU - TV/Section 3/Frame 2147224798/Card SKU,(legacy),NAVIGATE,2675:6204,,,300.0,EASE_OUT,,,
🔵 UI_Phase 1,3139:9381,Card SKU,SKU - Smart TV/Tb_SKU - TV/Section 3/Frame 2147224798/Card SKU,ON_HOVER,NODE,2675:6204,CHANGE_TO,SMART_ANIMATE,300.0,EASE_OUT,,,
🔵 UI_Phase 1,I3139:9381;2675:6468,Format,SKU - Smart TV/Tb_SKU - TV/Section 3/Frame 2147224798/Card SKU/Format,(legacy),NAVIGATE,2675:6428,,,300.0,EASE_OUT,,,
🔵 UI_Phase 1,I3139:9381;2675:6468,Format,SKU - Smart TV/Tb_SKU - TV/Section 3/Frame 2147224798/Card SKU/Format,ON_HOVER,NODE,2675:6428,CHANGE_TO,SMART_ANIMATE,300.0,EASE_OUT,,,
🔵 UI_Phase 1,3139:9382,Card SKU,SKU - Smart TV/Tb_SKU - TV/Section 3/Frame 2147224798/Card SKU,(legacy),NAVIGATE,2675:6204,,,300.0,EASE_OUT,,,
🔵 UI_Phase 1,3139:9382,Card SKU,SKU - Smart TV/Tb_SKU - TV/Section 3/Frame 2147224798/Card SKU,ON_HOVER,NODE,2675:6204,CHANGE_TO,SMART_ANIMATE,300.0,EASE_OUT,,,
🔵 UI_Phase 1,I3139:9382;2675:6468,Format,SKU - Smart TV/Tb_SKU - TV/Section 3/Frame 2147224798/Card SKU/Format,(legacy),NAVIGATE,2675:6444,,,300.0,EASE_OUT,,,
🔵 UI_Phase 1,I3139:9382;2675:6468,Format,SKU - Smart TV/Tb_SKU - TV/Section 3/Frame 2147224798/Card SKU/Format,ON_HOVER,NODE,2675:6444,CHANGE_TO,SMART_ANIMATE,300.0,EASE_OUT,,,
🔵 UI_Phase 1,3139:9383,Card SKU,SKU - Smart TV/Tb_SKU - TV/Section 3/Frame 2147224798/Card SKU,(legacy),NAVIGATE,2675:6204,,,300.0,EASE_OUT,,,
🔵 UI_Phase 1,3139:9383,Card SKU,SKU - Smart TV/Tb_SKU - TV/Section 3/Frame 2147224798/Card SKU,ON_HOVER,NODE,2675:6204,CHANGE_TO,SMART_ANIMATE,300.0,EASE_OUT,,,
🔵 UI_Phase 1,I3139:9383;2675:6468,Format,SKU - Smart TV/Tb_SKU - TV/Section 3/Frame 2147224798/Card SKU/Format,(legacy),NAVIGATE,2675:6412,,,300.0,EASE_OUT,,,
🔵 UI_Phase 1,I3139:9383;2675:6468,Format,SKU - Smart TV/Tb_SKU - TV/Section 3/Frame 2147224798/Card SKU/Format,ON_HOVER,NODE,2675:6412,CHANGE_TO,SMART_ANIMATE,300.0,EASE_OUT,,,
🔵 UI_Phase 1,I2933:10344;2675:6832,nav-arrow,SKU - Smart TV/Tb_SKU - TV/Section 3/Frame 2147224797/Frame 2147224795/Frame 2147224798/Badge & Chip/nav-arrow,ON_CLICK,NODE,,CHANGE_TO,,,,,,
🔵 UI_Phase 1,2933:10347,Component 11,SKU - Smart TV/Tb_SKU - TV/Section 3/Frame 2147224797/Frame 2147224795/Component 11,(legacy),NAVIGATE,2633:5704,,,300.0,EASE_OUT,,,
🔵 UI_Phase 1,2933:10347,Component 11,SKU - Smart TV/Tb_SKU - TV/Section 3/Frame 2147224797/Frame 2147224795/Component 11,ON_HOVER,NODE,2633:5704,CHANGE_TO,SMART_ANIMATE,300.0,EASE_OUT,,,
🔵 UI_Phase 1,I2856:8077;2531:9855,Button of Nav Heading,SKU - Smart TV/Tb_SKU - TV/Footer Desk/Frame 2087326389/Frame 92/Frame 2147224758/Button of Nav Heading,(legacy),NAVIGATE,2445:2781,,,300.0,EASE_OUT,,,
🔵 UI_Phase 1,I2856:8077;2531:9855,Button of Nav Heading,SKU - Smart TV/Tb_SKU - TV/Footer Desk/Frame 2087326389/Frame 92/Frame 2147224758/Button of Nav Heading,ON_HOVER,NODE,2445:2781,CHANGE_TO,SMART_ANIMATE,300.0,EASE_OUT,,,
🔵 UI_Phase 1,I2856:8077;2531:9856,Button of Nav Heading,SKU - Smart TV/Tb_SKU - TV/Footer Desk/Frame 2087326389/Frame 92/Frame 2147224758/Button of Nav Heading,(legacy),NAVIGATE,2445:2781,,,300.0,EASE_OUT,,,
🔵 UI_Phase 1,I2856:8077;2531:9856,Button of Nav Heading,SKU - Smart TV/Tb_SKU - TV/Footer Desk/Frame 2087326389/Frame 92/Frame 2147224758/Button of Nav Heading,ON_HOVER,NODE,2445:2781,CHANGE_TO,SMART_ANIMATE,300.0,EASE_OUT,,,
🔵 UI_Phase 1,I2856:8077;2531:9857,Button of Nav Heading,SKU - Smart TV/Tb_SKU - TV/Footer Desk/Frame 2087326389/Frame 92/Frame 2147224758/Button of Nav Heading,(legacy),NAVIGATE,2445:2781,,,300.0,EASE_OUT,,,
🔵 UI_Phase 1,I2856:8077;2531:9857,Button of Nav Heading,SKU - Smart TV/Tb_SKU - TV/Footer Desk/Frame 2087326389/Frame 92/Frame 2147224758/Button of Nav Heading,ON_HOVER,NODE,2445:2781,CHANGE_TO,SMART_ANIMATE,300.0,EASE_OUT,,,
🔵 UI_Phase 1,I2856:8077;2531:9858,Button of Nav Heading,SKU - Smart TV/Tb_SKU - TV/Footer Desk/Frame 2087326389/Frame 92/Frame 2147224758/Button of Nav Heading,(legacy),NAVIGATE,2531:6498,,,300.0,EASE_OUT,,,
🔵 UI_Phase 1,I2856:8077;2531:9858,Button of Nav Heading,SKU - Smart TV/Tb_SKU - TV/Footer Desk/Frame 2087326389/Frame 92/Frame 2147224758/Button of Nav Heading,ON_HOVER,NODE,2531:6498,CHANGE_TO,SMART_ANIMATE,300.0,EASE_OUT,,,
🔵 UI_Phase 1,I2856:8077;2531:10025,Back Button,SKU - Smart TV/Tb_SKU - TV/Footer Desk/Frame 1527/Back Button,(legacy),NAVIGATE,2445:2488,,,100.0,LINEAR,,,
🔵 UI_Phase 1,I2856:8077;2531:10025,Back Button,SKU - Smart TV/Tb_SKU - TV/Footer Desk/Frame 1527/Back Button,ON_HOVER,NODE,2445:2488,CHANGE_TO,SMART_ANIMATE,100.0,LINEAR,,,
🔵 UI_Phase 1,I2856:8077;2531:10025,Back Button,SKU - Smart TV/Tb_SKU - TV/Footer Desk/Frame 1527/Back Button,ON_CLICK,NODE,2856:8031,SCROLL_TO,SCROLL_ANIMATE,300.0,EASE_OUT,,,
🔵 UI_Phase 1,I2633:2694;2445:2787,Button of Nav Heading,SKU Product (Demo)/Desk_SKU/Frame 2147224759/Frame 2147224758/Button of Nav Heading,(legacy),NAVIGATE,2445:2781,,,300.0,EASE_OUT,,,
🔵 UI_Phase 1,I2633:2694;2445:2787,Button of Nav Heading,SKU Product (Demo)/Desk_SKU/Frame 2147224759/Frame 2147224758/Button of Nav Heading,ON_HOVER,NODE,2445:2781,CHANGE_TO,SMART_ANIMATE,300.0,EASE_OUT,,,
🔵 UI_Phase 1,I2633:2694;2445:2794,Button of Nav Heading,SKU Product (Demo)/Desk_SKU/Frame 2147224759/Frame 2147224758/Button of Nav Heading,(legacy),NAVIGATE,2445:2781,,,300.0,EASE_OUT,,,
🔵 UI_Phase 1,I2633:2694;2445:2794,Button of Nav Heading,SKU Product (Demo)/Desk_SKU/Frame 2147224759/Frame 2147224758/Button of Nav Heading,ON_HOVER,NODE,2445:2781,CHANGE_TO,SMART_ANIMATE,300.0,EASE_OUT,,,
🔵 UI_Phase 1,I2633:2694;2445:2801,Button of Nav Heading,SKU Product (Demo)/Desk_SKU/Frame 2147224759/Frame 2147224758/Button of Nav Heading,(legacy),NAVIGATE,2445:2781,,,300.0,EASE_OUT,,,
🔵 UI_Phase 1,I2633:2694;2445:2801,Button of Nav Heading,SKU Product (Demo)/Desk_SKU/Frame 2147224759/Frame 2147224758/Button of Nav Heading,ON_HOVER,NODE,2445:2781,CHANGE_TO,SMART_ANIMATE,300.0,EASE_OUT,,,
🔵 UI_Phase 1,I2633:2694;2531:6521,Button of Nav Heading,SKU Product (Demo)/Desk_SKU/Frame 2147224759/Frame 2147224758/Button of Nav Heading,(legacy),NAVIGATE,2531:6498,,,300.0,EASE_OUT,,,
🔵 UI_Phase 1,I2633:2694;2531:6521,Button of Nav Heading,SKU Product (Demo)/Desk_SKU/Frame 2147224759/Frame 2147224758/Button of Nav Heading,ON_HOVER,NODE,2531:6498,CHANGE_TO,SMART_ANIMATE,300.0,EASE_OUT,,,
🔵 UI_Phase 1,2865:11867,Card SKU,SKU Product (Demo)/Desk_SKU/Section 4/Frame 2147224798/Card SKU,(legacy),NAVIGATE,2675:6204,,,300.0,EASE_OUT,,,
🔵 UI_Phase 1,2865:11867,Card SKU,SKU Product (Demo)/Desk_SKU/Section 4/Frame 2147224798/Card SKU,ON_HOVER,NODE,2675:6204,CHANGE_TO,SMART_ANIMATE,300.0,EASE_OUT,,,
🔵 UI_Phase 1,2865:11867,Card SKU,SKU Product (Demo)/Desk_SKU/Section 4/Frame 2147224798/Card SKU,ON_CLICK,NODE,2856:8352,NAVIGATE,SMART_ANIMATE,300.0,EASE_OUT,,,
🔵 UI_Phase 1,I2865:11867;2675:6468,Component 12,SKU Product (Demo)/Desk_SKU/Section 4/Frame 2147224798/Card SKU/Component 12,(legacy),NAVIGATE,2675:6348,,,300.0,EASE_OUT,,,
🔵 UI_Phase 1,I2865:11867;2675:6468,Component 12,SKU Product (Demo)/Desk_SKU/Section 4/Frame 2147224798/Card SKU/Component 12,ON_HOVER,NODE,2675:6348,CHANGE_TO,SMART_ANIMATE,300.0,EASE_OUT,,,
🔵 UI_Phase 1,2865:11868,Card SKU,SKU Product (Demo)/Desk_SKU/Section 4/Frame 2147224798/Card SKU,(legacy),NAVIGATE,2675:6204,,,300.0,EASE_OUT,,,
🔵 UI_Phase 1,2865:11868,Card SKU,SKU Product (Demo)/Desk_SKU/Section 4/Frame 2147224798/Card SKU,ON_HOVER,NODE,2675:6204,CHANGE_TO,SMART_ANIMATE,300.0,EASE_OUT,,,
🔵 UI_Phase 1,I2865:11868;2675:6468,Format,SKU Product (Demo)/Desk_SKU/Section 4/Frame 2147224798/Card SKU/Format,(legacy),NAVIGATE,2675:6355,,,300.0,EASE_OUT,,,
🔵 UI_Phase 1,I2865:11868;2675:6468,Format,SKU Product (Demo)/Desk_SKU/Section 4/Frame 2147224798/Card SKU/Format,ON_HOVER,NODE,2675:6355,CHANGE_TO,SMART_ANIMATE,300.0,EASE_OUT,,,
🔵 UI_Phase 1,2865:11869,Card SKU,SKU Product (Demo)/Desk_SKU/Section 4/Frame 2147224798/Card SKU,(legacy),NAVIGATE,2675:6204,,,300.0,EASE_OUT,,,
🔵 UI_Phase 1,2865:11869,Card SKU,SKU Product (Demo)/Desk_SKU/Section 4/Frame 2147224798/Card SKU,ON_HOVER,NODE,2675:6204,CHANGE_TO,SMART_ANIMATE,300.0,EASE_OUT,,,
🔵 UI_Phase 1,I2865:11869;2675:6468,Format,SKU Product (Demo)/Desk_SKU/Section 4/Frame 2147224798/Card SKU/Format,(legacy),NAVIGATE,2675:6366,,,300.0,EASE_OUT,,,
🔵 UI_Phase 1,I2865:11869;2675:6468,Format,SKU Product (Demo)/Desk_SKU/Section 4/Frame 2147224798/Card SKU/Format,ON_HOVER,NODE,2675:6366,CHANGE_TO,SMART_ANIMATE,300.0,EASE_OUT,,,
🔵 UI_Phase 1,2865:11870,Card SKU,SKU Product (Demo)/Desk_SKU/Section 4/Frame 2147224798/Card SKU,(legacy),NAVIGATE,2675:6204,,,300.0,EASE_OUT,,,
🔵 UI_Phase 1,2865:11870,Card SKU,SKU Product (Demo)/Desk_SKU/Section 4/Frame 2147224798/Card SKU,ON_HOVER,NODE,2675:6204,CHANGE_TO,SMART_ANIMATE,300.0,EASE_OUT,,,
🔵 UI_Phase 1,I2865:11870;2675:6468,Format,SKU Product (Demo)/Desk_SKU/Section 4/Frame 2147224798/Card SKU/Format,(legacy),NAVIGATE,2675:6380,,,300.0,EASE_OUT,,,
🔵 UI_Phase 1,I2865:11870;2675:6468,Format,SKU Product (Demo)/Desk_SKU/Section 4/Frame 2147224798/Card SKU/Format,ON_HOVER,NODE,2675:6380,CHANGE_TO,SMART_ANIMATE,300.0,EASE_OUT,,,
🔵 UI_Phase 1,2865:11871,Card SKU,SKU Product (Demo)/Desk_SKU/Section 4/Frame 2147224798/Card SKU,(legacy),NAVIGATE,2675:6204,,,300.0,EASE_OUT,,,
🔵 UI_Phase 1,2865:11871,Card SKU,SKU Product (Demo)/Desk_SKU/Section 4/Frame 2147224798/Card SKU,ON_HOVER,NODE,2675:6204,CHANGE_TO,SMART_ANIMATE,300.0,EASE_OUT,,,
🔵 UI_Phase 1,I2865:11871;2675:6468,Format,SKU Product (Demo)/Desk_SKU/Section 4/Frame 2147224798/Card SKU/Format,(legacy),NAVIGATE,2675:6390,,,300.0,EASE_OUT,,,
🔵 UI_Phase 1,I2865:11871;2675:6468,Format,SKU Product (Demo)/Desk_SKU/Section 4/Frame 2147224798/Card SKU/Format,ON_HOVER,NODE,2675:6390,CHANGE_TO,SMART_ANIMATE,300.0,EASE_OUT,,,
🔵 UI_Phase 1,2865:11872,Card SKU,SKU Product (Demo)/Desk_SKU/Section 4/Frame 2147224798/Card SKU,(legacy),NAVIGATE,2675:6204,,,300.0,EASE_OUT,,,
🔵 UI_Phase 1,2865:11872,Card SKU,SKU Product (Demo)/Desk_SKU/Section 4/Frame 2147224798/Card SKU,ON_HOVER,NODE,2675:6204,CHANGE_TO,SMART_ANIMATE,300.0,EASE_OUT,,,
🔵 UI_Phase 1,I2865:11872;2675:6468,Format,SKU Product (Demo)/Desk_SKU/Section 4/Frame 2147224798/Card SKU/Format,(legacy),NAVIGATE,2675:6400,,,300.0,EASE_OUT,,,
🔵 UI_Phase 1,I2865:11872;2675:6468,Format,SKU Product (Demo)/Desk_SKU/Section 4/Frame 2147224798/Card SKU/Format,ON_HOVER,NODE,2675:6400,CHANGE_TO,SMART_ANIMATE,300.0,EASE_OUT,,,
🔵 UI_Phase 1,2865:11874,Card SKU,SKU Product (Demo)/Desk_SKU/Section 4/Frame 2147224798/Card SKU,(legacy),NAVIGATE,2675:6204,,,300.0,EASE_OUT,,,
🔵 UI_Phase 1,2865:11874,Card SKU,SKU Product (Demo)/Desk_SKU/Section 4/Frame 2147224798/Card SKU,ON_HOVER,NODE,2675:6204,CHANGE_TO,SMART_ANIMATE,300.0,EASE_OUT,,,
🔵 UI_Phase 1,I2865:11874;2675:6468,Format,SKU Product (Demo)/Desk_SKU/Section 4/Frame 2147224798/Card SKU/Format,(legacy),NAVIGATE,2675:6428,,,300.0,EASE_OUT,,,
🔵 UI_Phase 1,I2865:11874;2675:6468,Format,SKU Product (Demo)/Desk_SKU/Section 4/Frame 2147224798/Card SKU/Format,ON_HOVER,NODE,2675:6428,CHANGE_TO,SMART_ANIMATE,300.0,EASE_OUT,,,
🔵 UI_Phase 1,2865:11875,Card SKU,SKU Product (Demo)/Desk_SKU/Section 4/Frame 2147224798/Card SKU,(legacy),NAVIGATE,2675:6204,,,300.0,EASE_OUT,,,
🔵 UI_Phase 1,2865:11875,Card SKU,SKU Product (Demo)/Desk_SKU/Section 4/Frame 2147224798/Card SKU,ON_HOVER,NODE,2675:6204,CHANGE_TO,SMART_ANIMATE,300.0,EASE_OUT,,,
🔵 UI_Phase 1,I2865:11875;2675:6468,Format,SKU Product (Demo)/Desk_SKU/Section 4/Frame 2147224798/Card SKU/Format,(legacy),NAVIGATE,2675:6444,,,300.0,EASE_OUT,,,
🔵 UI_Phase 1,I2865:11875;2675:6468,Format,SKU Product (Demo)/Desk_SKU/Section 4/Frame 2147224798/Card SKU/Format,ON_HOVER,NODE,2675:6444,CHANGE_TO,SMART_ANIMATE,300.0,EASE_OUT,,,
🔵 UI_Phase 1,2865:11873,Card SKU,SKU Product (Demo)/Desk_SKU/Section 4/Frame 2147224798/Card SKU,(legacy),NAVIGATE,2675:6204,,,300.0,EASE_OUT,,,
🔵 UI_Phase 1,2865:11873,Card SKU,SKU Product (Demo)/Desk_SKU/Section 4/Frame 2147224798/Card SKU,ON_HOVER,NODE,2675:6204,CHANGE_TO,SMART_ANIMATE,300.0,EASE_OUT,,,
🔵 UI_Phase 1,I2865:11873;2675:6468,Format,SKU Product (Demo)/Desk_SKU/Section 4/Frame 2147224798/Card SKU/Format,(legacy),NAVIGATE,2675:6412,,,300.0,EASE_OUT,,,
🔵 UI_Phase 1,I2865:11873;2675:6468,Format,SKU Product (Demo)/Desk_SKU/Section 4/Frame 2147224798/Card SKU/Format,ON_HOVER,NODE,2675:6412,CHANGE_TO,SMART_ANIMATE,300.0,EASE_OUT,,,
🔵 UI_Phase 1,2865:11882,Badge & Chip,SKU Product (Demo)/Desk_SKU/Section 4/Frame 2147224797/Frame 2147224795/Frame 2147224798/Badge & Chip,(legacy),NAVIGATE,2675:7812,,,300.0,EASE_OUT,,,
🔵 UI_Phase 1,2865:11882,Badge & Chip,SKU Product (Demo)/Desk_SKU/Section 4/Frame 2147224797/Frame 2147224795/Frame 2147224798/Badge & Chip,ON_CLICK,NODE,2675:7812,NAVIGATE,,,,,,
🔵 UI_Phase 1,I2865:11882;2675:6832,nav-arrow,SKU Product (Demo)/Desk_SKU/Section 4/Frame 2147224797/Frame 2147224795/Frame 2147224798/Badge & Chip/nav-arrow,ON_CLICK,NODE,,CHANGE_TO,,,,,,
🔵 UI_Phase 1,2865:11885,Component 11,SKU Product (Demo)/Desk_SKU/Section 4/Frame 2147224797/Frame 2147224795/Component 11,(legacy),NAVIGATE,2633:5704,,,300.0,EASE_OUT,,,
🔵 UI_Phase 1,2865:11885,Component 11,SKU Product (Demo)/Desk_SKU/Section 4/Frame 2147224797/Frame 2147224795/Component 11,ON_HOVER,NODE,2633:5704,CHANGE_TO,SMART_ANIMATE,300.0,EASE_OUT,,,
🔵 UI_Phase 1,I2633:2751;2531:9826,Button of Nav Heading,SKU Product (Demo)/Desk_SKU/Footer Desk/Frame 5/Frame 5/Frame 92/Frame 2147224758/Button of Nav Heading,(legacy),NAVIGATE,2445:2781,,,300.0,EASE_OUT,,,
🔵 UI_Phase 1,I2633:2751;2531:9826,Button of Nav Heading,SKU Product (Demo)/Desk_SKU/Footer Desk/Frame 5/Frame 5/Frame 92/Frame 2147224758/Button of Nav Heading,ON_HOVER,NODE,2445:2781,CHANGE_TO,SMART_ANIMATE,300.0,EASE_OUT,,,
🔵 UI_Phase 1,I2633:2751;2531:9827,Button of Nav Heading,SKU Product (Demo)/Desk_SKU/Footer Desk/Frame 5/Frame 5/Frame 92/Frame 2147224758/Button of Nav Heading,(legacy),NAVIGATE,2445:2781,,,300.0,EASE_OUT,,,
🔵 UI_Phase 1,I2633:2751;2531:9827,Button of Nav Heading,SKU Product (Demo)/Desk_SKU/Footer Desk/Frame 5/Frame 5/Frame 92/Frame 2147224758/Button of Nav Heading,ON_HOVER,NODE,2445:2781,CHANGE_TO,SMART_ANIMATE,300.0,EASE_OUT,,,
🔵 UI_Phase 1,I2633:2751;2531:9828,Button of Nav Heading,SKU Product (Demo)/Desk_SKU/Footer Desk/Frame 5/Frame 5/Frame 92/Frame 2147224758/Button of Nav Heading,(legacy),NAVIGATE,2445:2781,,,300.0,EASE_OUT,,,
🔵 UI_Phase 1,I2633:2751;2531:9828,Button of Nav Heading,SKU Product (Demo)/Desk_SKU/Footer Desk/Frame 5/Frame 5/Frame 92/Frame 2147224758/Button of Nav Heading,ON_HOVER,NODE,2445:2781,CHANGE_TO,SMART_ANIMATE,300.0,EASE_OUT,,,
🔵 UI_Phase 1,I2633:2751;2531:9829,Button of Nav Heading,SKU Product (Demo)/Desk_SKU/Footer Desk/Frame 5/Frame 5/Frame 92/Frame 2147224758/Button of Nav Heading,(legacy),NAVIGATE,2531:6498,,,300.0,EASE_OUT,,,
🔵 UI_Phase 1,I2633:2751;2531:9829,Button of Nav Heading,SKU Product (Demo)/Desk_SKU/Footer Desk/Frame 5/Frame 5/Frame 92/Frame 2147224758/Button of Nav Heading,ON_HOVER,NODE,2531:6498,CHANGE_TO,SMART_ANIMATE,300.0,EASE_OUT,,,
🔵 UI_Phase 1,I2633:2751;2531:10059,Back Button,SKU Product (Demo)/Desk_SKU/Footer Desk/Frame 1527/Back Button,(legacy),NAVIGATE,2445:2488,,,100.0,LINEAR,,,
🔵 UI_Phase 1,I2633:2751;2531:10059,Back Button,SKU Product (Demo)/Desk_SKU/Footer Desk/Frame 1527/Back Button,ON_HOVER,NODE,2445:2488,CHANGE_TO,SMART_ANIMATE,100.0,LINEAR,,,
🔵 UI_Phase 1,I2633:2751;2531:10059,Back Button,SKU Product (Demo)/Desk_SKU/Footer Desk/Frame 1527/Back Button,ON_CLICK,NODE,2633:2694,SCROLL_TO,SCROLL_ANIMATE,300.0,EASE_OUT,,,
🔵 UI_Phase 1,3139:9525,Card SKU,SKU Product (Demo)/Mb_SKU/Section 3/Frame 2147224798/Card SKU,(legacy),NAVIGATE,2675:6204,,,300.0,EASE_OUT,,,
🔵 UI_Phase 1,3139:9525,Card SKU,SKU Product (Demo)/Mb_SKU/Section 3/Frame 2147224798/Card SKU,ON_HOVER,NODE,2675:6204,CHANGE_TO,SMART_ANIMATE,300.0,EASE_OUT,,,
🔵 UI_Phase 1,3139:9525,Card SKU,SKU Product (Demo)/Mb_SKU/Section 3/Frame 2147224798/Card SKU,ON_CLICK,NODE,2856:8352,NAVIGATE,SMART_ANIMATE,300.0,EASE_OUT,,,
🔵 UI_Phase 1,I3139:9525;2675:6468,Component 12,SKU Product (Demo)/Mb_SKU/Section 3/Frame 2147224798/Card SKU/Component 12,(legacy),NAVIGATE,2675:6348,,,300.0,EASE_OUT,,,
🔵 UI_Phase 1,I3139:9525;2675:6468,Component 12,SKU Product (Demo)/Mb_SKU/Section 3/Frame 2147224798/Card SKU/Component 12,ON_HOVER,NODE,2675:6348,CHANGE_TO,SMART_ANIMATE,300.0,EASE_OUT,,,
🔵 UI_Phase 1,3139:9526,Card SKU,SKU Product (Demo)/Mb_SKU/Section 3/Frame 2147224798/Card SKU,(legacy),NAVIGATE,2675:6204,,,300.0,EASE_OUT,,,
🔵 UI_Phase 1,3139:9526,Card SKU,SKU Product (Demo)/Mb_SKU/Section 3/Frame 2147224798/Card SKU,ON_HOVER,NODE,2675:6204,CHANGE_TO,SMART_ANIMATE,300.0,EASE_OUT,,,
🔵 UI_Phase 1,I3139:9526;2675:6468,Format,SKU Product (Demo)/Mb_SKU/Section 3/Frame 2147224798/Card SKU/Format,(legacy),NAVIGATE,2675:6355,,,300.0,EASE_OUT,,,
🔵 UI_Phase 1,I3139:9526;2675:6468,Format,SKU Product (Demo)/Mb_SKU/Section 3/Frame 2147224798/Card SKU/Format,ON_HOVER,NODE,2675:6355,CHANGE_TO,SMART_ANIMATE,300.0,EASE_OUT,,,
🔵 UI_Phase 1,3139:9527,Card SKU,SKU Product (Demo)/Mb_SKU/Section 3/Frame 2147224798/Card SKU,(legacy),NAVIGATE,2675:6204,,,300.0,EASE_OUT,,,
🔵 UI_Phase 1,3139:9527,Card SKU,SKU Product (Demo)/Mb_SKU/Section 3/Frame 2147224798/Card SKU,ON_HOVER,NODE,2675:6204,CHANGE_TO,SMART_ANIMATE,300.0,EASE_OUT,,,
🔵 UI_Phase 1,I3139:9527;2675:6468,Format,SKU Product (Demo)/Mb_SKU/Section 3/Frame 2147224798/Card SKU/Format,(legacy),NAVIGATE,2675:6366,,,300.0,EASE_OUT,,,
🔵 UI_Phase 1,I3139:9527;2675:6468,Format,SKU Product (Demo)/Mb_SKU/Section 3/Frame 2147224798/Card SKU/Format,ON_HOVER,NODE,2675:6366,CHANGE_TO,SMART_ANIMATE,300.0,EASE_OUT,,,
🔵 UI_Phase 1,3139:9528,Card SKU,SKU Product (Demo)/Mb_SKU/Section 3/Frame 2147224798/Card SKU,(legacy),NAVIGATE,2675:6204,,,300.0,EASE_OUT,,,
🔵 UI_Phase 1,3139:9528,Card SKU,SKU Product (Demo)/Mb_SKU/Section 3/Frame 2147224798/Card SKU,ON_HOVER,NODE,2675:6204,CHANGE_TO,SMART_ANIMATE,300.0,EASE_OUT,,,
🔵 UI_Phase 1,I3139:9528;2675:6468,Format,SKU Product (Demo)/Mb_SKU/Section 3/Frame 2147224798/Card SKU/Format,(legacy),NAVIGATE,2675:6380,,,300.0,EASE_OUT,,,
🔵 UI_Phase 1,I3139:9528;2675:6468,Format,SKU Product (Demo)/Mb_SKU/Section 3/Frame 2147224798/Card SKU/Format,ON_HOVER,NODE,2675:6380,CHANGE_TO,SMART_ANIMATE,300.0,EASE_OUT,,,
🔵 UI_Phase 1,3139:9529,Card SKU,SKU Product (Demo)/Mb_SKU/Section 3/Frame 2147224798/Card SKU,(legacy),NAVIGATE,2675:6204,,,300.0,EASE_OUT,,,
🔵 UI_Phase 1,3139:9529,Card SKU,SKU Product (Demo)/Mb_SKU/Section 3/Frame 2147224798/Card SKU,ON_HOVER,NODE,2675:6204,CHANGE_TO,SMART_ANIMATE,300.0,EASE_OUT,,,
🔵 UI_Phase 1,I3139:9529;2675:6468,Format,SKU Product (Demo)/Mb_SKU/Section 3/Frame 2147224798/Card SKU/Format,(legacy),NAVIGATE,2675:6390,,,300.0,EASE_OUT,,,
🔵 UI_Phase 1,I3139:9529;2675:6468,Format,SKU Product (Demo)/Mb_SKU/Section 3/Frame 2147224798/Card SKU/Format,ON_HOVER,NODE,2675:6390,CHANGE_TO,SMART_ANIMATE,300.0,EASE_OUT,,,
🔵 UI_Phase 1,3139:9530,Card SKU,SKU Product (Demo)/Mb_SKU/Section 3/Frame 2147224798/Card SKU,(legacy),NAVIGATE,2675:6204,,,300.0,EASE_OUT,,,
🔵 UI_Phase 1,3139:9530,Card SKU,SKU Product (Demo)/Mb_SKU/Section 3/Frame 2147224798/Card SKU,ON_HOVER,NODE,2675:6204,CHANGE_TO,SMART_ANIMATE,300.0,EASE_OUT,,,
🔵 UI_Phase 1,I3139:9530;2675:6468,Format,SKU Product (Demo)/Mb_SKU/Section 3/Frame 2147224798/Card SKU/Format,(legacy),NAVIGATE,2675:6400,,,300.0,EASE_OUT,,,
🔵 UI_Phase 1,I3139:9530;2675:6468,Format,SKU Product (Demo)/Mb_SKU/Section 3/Frame 2147224798/Card SKU/Format,ON_HOVER,NODE,2675:6400,CHANGE_TO,SMART_ANIMATE,300.0,EASE_OUT,,,
🔵 UI_Phase 1,3139:9531,Card SKU,SKU Product (Demo)/Mb_SKU/Section 3/Frame 2147224798/Card SKU,(legacy),NAVIGATE,2675:6204,,,300.0,EASE_OUT,,,
🔵 UI_Phase 1,3139:9531,Card SKU,SKU Product (Demo)/Mb_SKU/Section 3/Frame 2147224798/Card SKU,ON_HOVER,NODE,2675:6204,CHANGE_TO,SMART_ANIMATE,300.0,EASE_OUT,,,
🔵 UI_Phase 1,I3139:9531;2675:6468,Format,SKU Product (Demo)/Mb_SKU/Section 3/Frame 2147224798/Card SKU/Format,(legacy),NAVIGATE,2675:6428,,,300.0,EASE_OUT,,,
🔵 UI_Phase 1,I3139:9531;2675:6468,Format,SKU Product (Demo)/Mb_SKU/Section 3/Frame 2147224798/Card SKU/Format,ON_HOVER,NODE,2675:6428,CHANGE_TO,SMART_ANIMATE,300.0,EASE_OUT,,,
🔵 UI_Phase 1,3139:9532,Card SKU,SKU Product (Demo)/Mb_SKU/Section 3/Frame 2147224798/Card SKU,(legacy),NAVIGATE,2675:6204,,,300.0,EASE_OUT,,,
🔵 UI_Phase 1,3139:9532,Card SKU,SKU Product (Demo)/Mb_SKU/Section 3/Frame 2147224798/Card SKU,ON_HOVER,NODE,2675:6204,CHANGE_TO,SMART_ANIMATE,300.0,EASE_OUT,,,
🔵 UI_Phase 1,I3139:9532;2675:6468,Format,SKU Product (Demo)/Mb_SKU/Section 3/Frame 2147224798/Card SKU/Format,(legacy),NAVIGATE,2675:6444,,,300.0,EASE_OUT,,,
🔵 UI_Phase 1,I3139:9532;2675:6468,Format,SKU Product (Demo)/Mb_SKU/Section 3/Frame 2147224798/Card SKU/Format,ON_HOVER,NODE,2675:6444,CHANGE_TO,SMART_ANIMATE,300.0,EASE_OUT,,,
🔵 UI_Phase 1,3139:9533,Card SKU,SKU Product (Demo)/Mb_SKU/Section 3/Frame 2147224798/Card SKU,(legacy),NAVIGATE,2675:6204,,,300.0,EASE_OUT,,,
🔵 UI_Phase 1,3139:9533,Card SKU,SKU Product (Demo)/Mb_SKU/Section 3/Frame 2147224798/Card SKU,ON_HOVER,NODE,2675:6204,CHANGE_TO,SMART_ANIMATE,300.0,EASE_OUT,,,
🔵 UI_Phase 1,I3139:9533;2675:6468,Format,SKU Product (Demo)/Mb_SKU/Section 3/Frame 2147224798/Card SKU/Format,(legacy),NAVIGATE,2675:6412,,,300.0,EASE_OUT,,,
🔵 UI_Phase 1,I3139:9533;2675:6468,Format,SKU Product (Demo)/Mb_SKU/Section 3/Frame 2147224798/Card SKU/Format,ON_HOVER,NODE,2675:6412,CHANGE_TO,SMART_ANIMATE,300.0,EASE_OUT,,,
🔵 UI_Phase 1,2811:6829,Component 11,SKU Product (Demo)/Mb_SKU/Section 3/Frame 2147224797/Component 11,(legacy),NAVIGATE,2633:5704,,,300.0,EASE_OUT,,,
🔵 UI_Phase 1,2811:6829,Component 11,SKU Product (Demo)/Mb_SKU/Section 3/Frame 2147224797/Component 11,ON_HOVER,NODE,2633:5704,CHANGE_TO,SMART_ANIMATE,300.0,EASE_OUT,,,
🔵 UI_Phase 1,2811:7217,Badge & Chip,SKU Product (Demo)/Mb_SKU/Section 3/Frame 2147224797/Frame 2147224798/Badge & Chip,(legacy),NAVIGATE,2675:7812,,,300.0,EASE_OUT,,,
🔵 UI_Phase 1,2811:7217,Badge & Chip,SKU Product (Demo)/Mb_SKU/Section 3/Frame 2147224797/Frame 2147224798/Badge & Chip,ON_CLICK,NODE,2675:7812,NAVIGATE,,,,,,
🔵 UI_Phase 1,I2811:7217;2675:6832,nav-arrow,SKU Product (Demo)/Mb_SKU/Section 3/Frame 2147224797/Frame 2147224798/Badge & Chip/nav-arrow,ON_CLICK,NODE,,CHANGE_TO,,,,,,
🔵 UI_Phase 1,I2811:6830;2531:9882,Button of Nav Heading,SKU Product (Demo)/Mb_SKU/Footer Desk/Frame 92/Frame 2147224758/Button of Nav Heading,(legacy),NAVIGATE,2445:2781,,,300.0,EASE_OUT,,,
🔵 UI_Phase 1,I2811:6830;2531:9882,Button of Nav Heading,SKU Product (Demo)/Mb_SKU/Footer Desk/Frame 92/Frame 2147224758/Button of Nav Heading,ON_HOVER,NODE,2445:2781,CHANGE_TO,SMART_ANIMATE,300.0,EASE_OUT,,,
🔵 UI_Phase 1,I2811:6830;2531:9883,Button of Nav Heading,SKU Product (Demo)/Mb_SKU/Footer Desk/Frame 92/Frame 2147224758/Button of Nav Heading,(legacy),NAVIGATE,2445:2781,,,300.0,EASE_OUT,,,
🔵 UI_Phase 1,I2811:6830;2531:9883,Button of Nav Heading,SKU Product (Demo)/Mb_SKU/Footer Desk/Frame 92/Frame 2147224758/Button of Nav Heading,ON_HOVER,NODE,2445:2781,CHANGE_TO,SMART_ANIMATE,300.0,EASE_OUT,,,
🔵 UI_Phase 1,I2811:6830;2531:9884,Button of Nav Heading,SKU Product (Demo)/Mb_SKU/Footer Desk/Frame 92/Frame 2147224758/Button of Nav Heading,(legacy),NAVIGATE,2445:2781,,,300.0,EASE_OUT,,,
🔵 UI_Phase 1,I2811:6830;2531:9884,Button of Nav Heading,SKU Product (Demo)/Mb_SKU/Footer Desk/Frame 92/Frame 2147224758/Button of Nav Heading,ON_HOVER,NODE,2445:2781,CHANGE_TO,SMART_ANIMATE,300.0,EASE_OUT,,,
🔵 UI_Phase 1,I2811:6830;2531:9885,Button of Nav Heading,SKU Product (Demo)/Mb_SKU/Footer Desk/Frame 92/Frame 2147224758/Button of Nav Heading,(legacy),NAVIGATE,2531:6500,,,300.0,EASE_OUT,,,
🔵 UI_Phase 1,I2811:6830;2531:9885,Button of Nav Heading,SKU Product (Demo)/Mb_SKU/Footer Desk/Frame 92/Frame 2147224758/Button of Nav Heading,ON_CLICK,NODE,2531:6500,CHANGE_TO,SMART_ANIMATE,300.0,EASE_OUT,,,
🔵 UI_Phase 1,I2811:6830;2531:10029,Back Button,SKU Product (Demo)/Mb_SKU/Footer Desk/Frame 2087326390/Back Button,(legacy),NAVIGATE,2445:2488,,,100.0,LINEAR,,,
🔵 UI_Phase 1,I2811:6830;2531:10029,Back Button,SKU Product (Demo)/Mb_SKU/Footer Desk/Frame 2087326390/Back Button,ON_HOVER,NODE,2445:2488,CHANGE_TO,SMART_ANIMATE,100.0,LINEAR,,,
🔵 UI_Phase 1,I2811:6830;2531:10029,Back Button,SKU Product (Demo)/Mb_SKU/Footer Desk/Frame 2087326390/Back Button,ON_CLICK,NODE,2811:6783,SCROLL_TO,SCROLL_ANIMATE,300.0,EASE_OUT,,,
🔵 UI_Phase 1,I2675:7813;2445:2787,Button of Nav Heading,SKU Product (Demo)/SKU - Dropdown/Frame 2147224759/Frame 2147224758/Button of Nav Heading,(legacy),NAVIGATE,2445:2781,,,300.0,EASE_OUT,,,
🔵 UI_Phase 1,I2675:7813;2445:2787,Button of Nav Heading,SKU Product (Demo)/SKU - Dropdown/Frame 2147224759/Frame 2147224758/Button of Nav Heading,ON_HOVER,NODE,2445:2781,CHANGE_TO,SMART_ANIMATE,300.0,EASE_OUT,,,
🔵 UI_Phase 1,I2675:7813;2445:2794,Button of Nav Heading,SKU Product (Demo)/SKU - Dropdown/Frame 2147224759/Frame 2147224758/Button of Nav Heading,(legacy),NAVIGATE,2445:2781,,,300.0,EASE_OUT,,,
🔵 UI_Phase 1,I2675:7813;2445:2794,Button of Nav Heading,SKU Product (Demo)/SKU - Dropdown/Frame 2147224759/Frame 2147224758/Button of Nav Heading,ON_HOVER,NODE,2445:2781,CHANGE_TO,SMART_ANIMATE,300.0,EASE_OUT,,,
🔵 UI_Phase 1,I2675:7813;2445:2801,Button of Nav Heading,SKU Product (Demo)/SKU - Dropdown/Frame 2147224759/Frame 2147224758/Button of Nav Heading,(legacy),NAVIGATE,2445:2781,,,300.0,EASE_OUT,,,
🔵 UI_Phase 1,I2675:7813;2445:2801,Button of Nav Heading,SKU Product (Demo)/SKU - Dropdown/Frame 2147224759/Frame 2147224758/Button of Nav Heading,ON_HOVER,NODE,2445:2781,CHANGE_TO,SMART_ANIMATE,300.0,EASE_OUT,,,
🔵 UI_Phase 1,I2675:7813;2531:6521,Button of Nav Heading,SKU Product (Demo)/SKU - Dropdown/Frame 2147224759/Frame 2147224758/Button of Nav Heading,(legacy),NAVIGATE,2531:6498,,,300.0,EASE_OUT,,,
🔵 UI_Phase 1,I2675:7813;2531:6521,Button of Nav Heading,SKU Product (Demo)/SKU - Dropdown/Frame 2147224759/Frame 2147224758/Button of Nav Heading,ON_HOVER,NODE,2531:6498,CHANGE_TO,SMART_ANIMATE,300.0,EASE_OUT,,,
🔵 UI_Phase 1,3139:8475,Card SKU,SKU Product (Demo)/SKU - Dropdown/Section 3/Frame 2147224799/Card SKU,(legacy),NAVIGATE,2675:6204,,,300.0,EASE_OUT,,,
🔵 UI_Phase 1,3139:8475,Card SKU,SKU Product (Demo)/SKU - Dropdown/Section 3/Frame 2147224799/Card SKU,ON_HOVER,NODE,2675:6204,CHANGE_TO,SMART_ANIMATE,300.0,EASE_OUT,,,
🔵 UI_Phase 1,3139:8475,Card SKU,SKU Product (Demo)/SKU - Dropdown/Section 3/Frame 2147224799/Card SKU,ON_CLICK,NODE,2856:8352,NAVIGATE,SMART_ANIMATE,300.0,EASE_OUT,,,
🔵 UI_Phase 1,I3139:8475;2675:6468,Component 12,SKU Product (Demo)/SKU - Dropdown/Section 3/Frame 2147224799/Card SKU/Component 12,(legacy),NAVIGATE,2675:6348,,,300.0,EASE_OUT,,,
🔵 UI_Phase 1,I3139:8475;2675:6468,Component 12,SKU Product (Demo)/SKU - Dropdown/Section 3/Frame 2147224799/Card SKU/Component 12,ON_HOVER,NODE,2675:6348,CHANGE_TO,SMART_ANIMATE,300.0,EASE_OUT,,,
🔵 UI_Phase 1,3139:8476,Card SKU,SKU Product (Demo)/SKU - Dropdown/Section 3/Frame 2147224799/Card SKU,(legacy),NAVIGATE,2675:6204,,,300.0,EASE_OUT,,,
🔵 UI_Phase 1,3139:8476,Card SKU,SKU Product (Demo)/SKU - Dropdown/Section 3/Frame 2147224799/Card SKU,ON_HOVER,NODE,2675:6204,CHANGE_TO,SMART_ANIMATE,300.0,EASE_OUT,,,
🔵 UI_Phase 1,I3139:8476;2675:6468,Format,SKU Product (Demo)/SKU - Dropdown/Section 3/Frame 2147224799/Card SKU/Format,(legacy),NAVIGATE,2675:6355,,,300.0,EASE_OUT,,,
🔵 UI_Phase 1,I3139:8476;2675:6468,Format,SKU Product (Demo)/SKU - Dropdown/Section 3/Frame 2147224799/Card SKU/Format,ON_HOVER,NODE,2675:6355,CHANGE_TO,SMART_ANIMATE,300.0,EASE_OUT,,,
🔵 UI_Phase 1,3139:8477,Card SKU,SKU Product (Demo)/SKU - Dropdown/Section 3/Frame 2147224799/Card SKU,(legacy),NAVIGATE,2675:6204,,,300.0,EASE_OUT,,,
🔵 UI_Phase 1,3139:8477,Card SKU,SKU Product (Demo)/SKU - Dropdown/Section 3/Frame 2147224799/Card SKU,ON_HOVER,NODE,2675:6204,CHANGE_TO,SMART_ANIMATE,300.0,EASE_OUT,,,
🔵 UI_Phase 1,I3139:8477;2675:6468,Format,SKU Product (Demo)/SKU - Dropdown/Section 3/Frame 2147224799/Card SKU/Format,(legacy),NAVIGATE,2675:6366,,,300.0,EASE_OUT,,,
🔵 UI_Phase 1,I3139:8477;2675:6468,Format,SKU Product (Demo)/SKU - Dropdown/Section 3/Frame 2147224799/Card SKU/Format,ON_HOVER,NODE,2675:6366,CHANGE_TO,SMART_ANIMATE,300.0,EASE_OUT,,,
🔵 UI_Phase 1,3139:8478,Card SKU,SKU Product (Demo)/SKU - Dropdown/Section 3/Frame 2147224799/Card SKU,(legacy),NAVIGATE,2675:6204,,,300.0,EASE_OUT,,,
🔵 UI_Phase 1,3139:8478,Card SKU,SKU Product (Demo)/SKU - Dropdown/Section 3/Frame 2147224799/Card SKU,ON_HOVER,NODE,2675:6204,CHANGE_TO,SMART_ANIMATE,300.0,EASE_OUT,,,
🔵 UI_Phase 1,I3139:8478;2675:6468,Format,SKU Product (Demo)/SKU - Dropdown/Section 3/Frame 2147224799/Card SKU/Format,(legacy),NAVIGATE,2675:6380,,,300.0,EASE_OUT,,,
🔵 UI_Phase 1,I3139:8478;2675:6468,Format,SKU Product (Demo)/SKU - Dropdown/Section 3/Frame 2147224799/Card SKU/Format,ON_HOVER,NODE,2675:6380,CHANGE_TO,SMART_ANIMATE,300.0,EASE_OUT,,,
🔵 UI_Phase 1,3139:8479,Card SKU,SKU Product (Demo)/SKU - Dropdown/Section 3/Frame 2147224799/Card SKU,(legacy),NAVIGATE,2675:6204,,,300.0,EASE_OUT,,,
🔵 UI_Phase 1,3139:8479,Card SKU,SKU Product (Demo)/SKU - Dropdown/Section 3/Frame 2147224799/Card SKU,ON_HOVER,NODE,2675:6204,CHANGE_TO,SMART_ANIMATE,300.0,EASE_OUT,,,
🔵 UI_Phase 1,I3139:8479;2675:6468,Format,SKU Product (Demo)/SKU - Dropdown/Section 3/Frame 2147224799/Card SKU/Format,(legacy),NAVIGATE,2675:6390,,,300.0,EASE_OUT,,,
🔵 UI_Phase 1,I3139:8479;2675:6468,Format,SKU Product (Demo)/SKU - Dropdown/Section 3/Frame 2147224799/Card SKU/Format,ON_HOVER,NODE,2675:6390,CHANGE_TO,SMART_ANIMATE,300.0,EASE_OUT,,,
🔵 UI_Phase 1,3139:8480,Card SKU,SKU Product (Demo)/SKU - Dropdown/Section 3/Frame 2147224799/Card SKU,(legacy),NAVIGATE,2675:6204,,,300.0,EASE_OUT,,,
🔵 UI_Phase 1,3139:8480,Card SKU,SKU Product (Demo)/SKU - Dropdown/Section 3/Frame 2147224799/Card SKU,ON_HOVER,NODE,2675:6204,CHANGE_TO,SMART_ANIMATE,300.0,EASE_OUT,,,
🔵 UI_Phase 1,I3139:8480;2675:6468,Format,SKU Product (Demo)/SKU - Dropdown/Section 3/Frame 2147224799/Card SKU/Format,(legacy),NAVIGATE,2675:6400,,,300.0,EASE_OUT,,,
🔵 UI_Phase 1,I3139:8480;2675:6468,Format,SKU Product (Demo)/SKU - Dropdown/Section 3/Frame 2147224799/Card SKU/Format,ON_HOVER,NODE,2675:6400,CHANGE_TO,SMART_ANIMATE,300.0,EASE_OUT,,,
🔵 UI_Phase 1,3139:8481,Card SKU,SKU Product (Demo)/SKU - Dropdown/Section 3/Frame 2147224799/Card SKU,(legacy),NAVIGATE,2675:6204,,,300.0,EASE_OUT,,,
🔵 UI_Phase 1,3139:8481,Card SKU,SKU Product (Demo)/SKU - Dropdown/Section 3/Frame 2147224799/Card SKU,ON_HOVER,NODE,2675:6204,CHANGE_TO,SMART_ANIMATE,300.0,EASE_OUT,,,
🔵 UI_Phase 1,I3139:8481;2675:6468,Format,SKU Product (Demo)/SKU - Dropdown/Section 3/Frame 2147224799/Card SKU/Format,(legacy),NAVIGATE,2675:6428,,,300.0,EASE_OUT,,,
🔵 UI_Phase 1,I3139:8481;2675:6468,Format,SKU Product (Demo)/SKU - Dropdown/Section 3/Frame 2147224799/Card SKU/Format,ON_HOVER,NODE,2675:6428,CHANGE_TO,SMART_ANIMATE,300.0,EASE_OUT,,,
🔵 UI_Phase 1,3139:8482,Card SKU,SKU Product (Demo)/SKU - Dropdown/Section 3/Frame 2147224799/Card SKU,(legacy),NAVIGATE,2675:6204,,,300.0,EASE_OUT,,,
🔵 UI_Phase 1,3139:8482,Card SKU,SKU Product (Demo)/SKU - Dropdown/Section 3/Frame 2147224799/Card SKU,ON_HOVER,NODE,2675:6204,CHANGE_TO,SMART_ANIMATE,300.0,EASE_OUT,,,
🔵 UI_Phase 1,I3139:8482;2675:6468,Format,SKU Product (Demo)/SKU - Dropdown/Section 3/Frame 2147224799/Card SKU/Format,(legacy),NAVIGATE,2675:6444,,,300.0,EASE_OUT,,,
🔵 UI_Phase 1,I3139:8482;2675:6468,Format,SKU Product (Demo)/SKU - Dropdown/Section 3/Frame 2147224799/Card SKU/Format,ON_HOVER,NODE,2675:6444,CHANGE_TO,SMART_ANIMATE,300.0,EASE_OUT,,,
🔵 UI_Phase 1,3139:8483,Card SKU,SKU Product (Demo)/SKU - Dropdown/Section 3/Frame 2147224799/Card SKU,(legacy),NAVIGATE,2675:6204,,,300.0,EASE_OUT,,,
🔵 UI_Phase 1,3139:8483,Card SKU,SKU Product (Demo)/SKU - Dropdown/Section 3/Frame 2147224799/Card SKU,ON_HOVER,NODE,2675:6204,CHANGE_TO,SMART_ANIMATE,300.0,EASE_OUT,,,
🔵 UI_Phase 1,I3139:8483;2675:6468,Format,SKU Product (Demo)/SKU - Dropdown/Section 3/Frame 2147224799/Card SKU/Format,(legacy),NAVIGATE,2675:6412,,,300.0,EASE_OUT,,,
🔵 UI_Phase 1,I3139:8483;2675:6468,Format,SKU Product (Demo)/SKU - Dropdown/Section 3/Frame 2147224799/Card SKU/Format,ON_HOVER,NODE,2675:6412,CHANGE_TO,SMART_ANIMATE,300.0,EASE_OUT,,,
🔵 UI_Phase 1,2811:6363,Component 11,SKU Product (Demo)/SKU - Dropdown/Section 3/Frame 2147224798/Frame 2147224795/Component 11,(legacy),NAVIGATE,2633:5704,,,300.0,EASE_OUT,,,
🔵 UI_Phase 1,2811:6363,Component 11,SKU Product (Demo)/SKU - Dropdown/Section 3/Frame 2147224798/Frame 2147224795/Component 11,ON_HOVER,NODE,2633:5704,CHANGE_TO,SMART_ANIMATE,300.0,EASE_OUT,,,
🔵 UI_Phase 1,I2811:6364;2856:7093,Collapse,SKU Product (Demo)/SKU - Dropdown/Section 3/Frame 2147224798/Dropdown Option/Dropdown Option/Collapse,(legacy),NAVIGATE,2633:2693,,,300.0,LINEAR,,,
🔵 UI_Phase 1,I2811:6364;2856:7093,Collapse,SKU Product (Demo)/SKU - Dropdown/Section 3/Frame 2147224798/Dropdown Option/Dropdown Option/Collapse,ON_CLICK,NODE,2633:2693,NAVIGATE,SMART_ANIMATE,300.0,LINEAR,,,
🔵 UI_Phase 1,I2811:6364;2849:4655,Dropdown Menu,SKU Product (Demo)/SKU - Dropdown/Section 3/Frame 2147224798/Dropdown Option/Dropdown Menu,(legacy),NAVIGATE,2675:6862,,,300.0,EASE_OUT,,,
🔵 UI_Phase 1,I2811:6364;2849:4655,Dropdown Menu,SKU Product (Demo)/SKU - Dropdown/Section 3/Frame 2147224798/Dropdown Option/Dropdown Menu,ON_CLICK,NODE,2675:6862,CHANGE_TO,SMART_ANIMATE,300.0,EASE_OUT,,,
🔵 UI_Phase 1,I2811:6364;2675:6884,Dropdown Menu,SKU Product (Demo)/SKU - Dropdown/Section 3/Frame 2147224798/Dropdown Option/Dropdown Menu,(legacy),NAVIGATE,2675:6871,,,300.0,EASE_OUT,,,
🔵 UI_Phase 1,I2811:6364;2675:6884,Dropdown Menu,SKU Product (Demo)/SKU - Dropdown/Section 3/Frame 2147224798/Dropdown Option/Dropdown Menu,ON_HOVER,NODE,2675:6871,CHANGE_TO,SMART_ANIMATE,300.0,EASE_OUT,,,
🔵 UI_Phase 1,I2811:6364;3139:8273,Dropdown Menu,SKU Product (Demo)/SKU - Dropdown/Section 3/Frame 2147224798/Dropdown Option/Dropdown Menu,(legacy),NAVIGATE,2675:6871,,,300.0,EASE_OUT,,,
🔵 UI_Phase 1,I2811:6364;3139:8273,Dropdown Menu,SKU Product (Demo)/SKU - Dropdown/Section 3/Frame 2147224798/Dropdown Option/Dropdown Menu,ON_HOVER,NODE,2675:6871,CHANGE_TO,SMART_ANIMATE,300.0,EASE_OUT,,,
🔵 UI_Phase 1,I2811:6364;2675:6885,Dropdown Menu,SKU Product (Demo)/SKU - Dropdown/Section 3/Frame 2147224798/Dropdown Option/Dropdown Menu,(legacy),NAVIGATE,2675:6871,,,300.0,EASE_OUT,,,
🔵 UI_Phase 1,I2811:6364;2675:6885,Dropdown Menu,SKU Product (Demo)/SKU - Dropdown/Section 3/Frame 2147224798/Dropdown Option/Dropdown Menu,ON_HOVER,NODE,2675:6871,CHANGE_TO,SMART_ANIMATE,300.0,EASE_OUT,,,
🔵 UI_Phase 1,I2675:7850;2531:9826,Button of Nav Heading,SKU Product (Demo)/SKU - Dropdown/Footer Desk/Frame 5/Frame 5/Frame 92/Frame 2147224758/Button of Nav Heading,(legacy),NAVIGATE,2445:2781,,,300.0,EASE_OUT,,,
🔵 UI_Phase 1,I2675:7850;2531:9826,Button of Nav Heading,SKU Product (Demo)/SKU - Dropdown/Footer Desk/Frame 5/Frame 5/Frame 92/Frame 2147224758/Button of Nav Heading,ON_HOVER,NODE,2445:2781,CHANGE_TO,SMART_ANIMATE,300.0,EASE_OUT,,,
🔵 UI_Phase 1,I2675:7850;2531:9827,Button of Nav Heading,SKU Product (Demo)/SKU - Dropdown/Footer Desk/Frame 5/Frame 5/Frame 92/Frame 2147224758/Button of Nav Heading,(legacy),NAVIGATE,2445:2781,,,300.0,EASE_OUT,,,
🔵 UI_Phase 1,I2675:7850;2531:9827,Button of Nav Heading,SKU Product (Demo)/SKU - Dropdown/Footer Desk/Frame 5/Frame 5/Frame 92/Frame 2147224758/Button of Nav Heading,ON_HOVER,NODE,2445:2781,CHANGE_TO,SMART_ANIMATE,300.0,EASE_OUT,,,
🔵 UI_Phase 1,I2675:7850;2531:9828,Button of Nav Heading,SKU Product (Demo)/SKU - Dropdown/Footer Desk/Frame 5/Frame 5/Frame 92/Frame 2147224758/Button of Nav Heading,(legacy),NAVIGATE,2445:2781,,,300.0,EASE_OUT,,,
🔵 UI_Phase 1,I2675:7850;2531:9828,Button of Nav Heading,SKU Product (Demo)/SKU - Dropdown/Footer Desk/Frame 5/Frame 5/Frame 92/Frame 2147224758/Button of Nav Heading,ON_HOVER,NODE,2445:2781,CHANGE_TO,SMART_ANIMATE,300.0,EASE_OUT,,,
🔵 UI_Phase 1,I2675:7850;2531:9829,Button of Nav Heading,SKU Product (Demo)/SKU - Dropdown/Footer Desk/Frame 5/Frame 5/Frame 92/Frame 2147224758/Button of Nav Heading,(legacy),NAVIGATE,2531:6498,,,300.0,EASE_OUT,,,
🔵 UI_Phase 1,I2675:7850;2531:9829,Button of Nav Heading,SKU Product (Demo)/SKU - Dropdown/Footer Desk/Frame 5/Frame 5/Frame 92/Frame 2147224758/Button of Nav Heading,ON_HOVER,NODE,2531:6498,CHANGE_TO,SMART_ANIMATE,300.0,EASE_OUT,,,
🔵 UI_Phase 1,I2675:7850;2531:10059,Back Button,SKU Product (Demo)/SKU - Dropdown/Footer Desk/Frame 1527/Back Button,(legacy),NAVIGATE,2445:2488,,,100.0,LINEAR,,,
🔵 UI_Phase 1,I2675:7850;2531:10059,Back Button,SKU Product (Demo)/SKU - Dropdown/Footer Desk/Frame 1527/Back Button,ON_HOVER,NODE,2445:2488,CHANGE_TO,SMART_ANIMATE,100.0,LINEAR,,,
🔵 UI_Phase 1,I2675:7850;2531:10059,Back Button,SKU Product (Demo)/SKU - Dropdown/Footer Desk/Frame 1527/Back Button,ON_CLICK,NODE,2675:7813,SCROLL_TO,SCROLL_ANIMATE,300.0,EASE_OUT,,,
🔵 UI_Phase 1,I2675:10596;2856:7093,Collapse,SKU Product (Demo)/Dropdown Option/Dropdown Option/Collapse,(legacy),NAVIGATE,2633:2693,,,300.0,LINEAR,,,
🔵 UI_Phase 1,I2675:10596;2856:7093,Collapse,SKU Product (Demo)/Dropdown Option/Dropdown Option/Collapse,ON_CLICK,NODE,2633:2693,NAVIGATE,SMART_ANIMATE,300.0,LINEAR,,,
🔵 UI_Phase 1,I2675:10596;2849:4655,Dropdown Menu,SKU Product (Demo)/Dropdown Option/Dropdown Menu,(legacy),NAVIGATE,2675:6862,,,300.0,EASE_OUT,,,
🔵 UI_Phase 1,I2675:10596;2849:4655,Dropdown Menu,SKU Product (Demo)/Dropdown Option/Dropdown Menu,ON_CLICK,NODE,2675:6862,CHANGE_TO,SMART_ANIMATE,300.0,EASE_OUT,,,
🔵 UI_Phase 1,I2675:10596;2675:6884,Dropdown Menu,SKU Product (Demo)/Dropdown Option/Dropdown Menu,(legacy),NAVIGATE,2675:6871,,,300.0,EASE_OUT,,,
🔵 UI_Phase 1,I2675:10596;2675:6884,Dropdown Menu,SKU Product (Demo)/Dropdown Option/Dropdown Menu,ON_HOVER,NODE,2675:6871,CHANGE_TO,SMART_ANIMATE,300.0,EASE_OUT,,,
🔵 UI_Phase 1,I2675:10596;3139:8273,Dropdown Menu,SKU Product (Demo)/Dropdown Option/Dropdown Menu,(legacy),NAVIGATE,2675:6871,,,300.0,EASE_OUT,,,
🔵 UI_Phase 1,I2675:10596;3139:8273,Dropdown Menu,SKU Product (Demo)/Dropdown Option/Dropdown Menu,ON_HOVER,NODE,2675:6871,CHANGE_TO,SMART_ANIMATE,300.0,EASE_OUT,,,
🔵 UI_Phase 1,I2675:10596;2675:6885,Dropdown Menu,SKU Product (Demo)/Dropdown Option/Dropdown Menu,(legacy),NAVIGATE,2675:6871,,,300.0,EASE_OUT,,,
🔵 UI_Phase 1,I2675:10596;2675:6885,Dropdown Menu,SKU Product (Demo)/Dropdown Option/Dropdown Menu,ON_HOVER,NODE,2675:6871,CHANGE_TO,SMART_ANIMATE,300.0,EASE_OUT,,,
🔵 UI_Phase 1,I2856:7128;2856:7093,Collapse,SKU Product (Demo)/Dropdown Option/Dropdown Option/Collapse,(legacy),NAVIGATE,2633:2693,,,300.0,LINEAR,,,
🔵 UI_Phase 1,I2856:7128;2856:7093,Collapse,SKU Product (Demo)/Dropdown Option/Dropdown Option/Collapse,ON_CLICK,NODE,2633:2693,NAVIGATE,SMART_ANIMATE,300.0,LINEAR,,,
🔵 UI_Phase 1,I2856:7128;2849:4655,Dropdown Menu,SKU Product (Demo)/Dropdown Option/Dropdown Menu,(legacy),NAVIGATE,2675:6862,,,300.0,EASE_OUT,,,
🔵 UI_Phase 1,I2856:7128;2849:4655,Dropdown Menu,SKU Product (Demo)/Dropdown Option/Dropdown Menu,ON_CLICK,NODE,2675:6862,CHANGE_TO,SMART_ANIMATE,300.0,EASE_OUT,,,
🔵 UI_Phase 1,I2856:7128;2675:6884,Dropdown Menu,SKU Product (Demo)/Dropdown Option/Dropdown Menu,(legacy),NAVIGATE,2675:6871,,,300.0,EASE_OUT,,,
🔵 UI_Phase 1,I2856:7128;2675:6884,Dropdown Menu,SKU Product (Demo)/Dropdown Option/Dropdown Menu,ON_HOVER,NODE,2675:6871,CHANGE_TO,SMART_ANIMATE,300.0,EASE_OUT,,,
🔵 UI_Phase 1,I2856:7128;3139:8273,Dropdown Menu,SKU Product (Demo)/Dropdown Option/Dropdown Menu,(legacy),NAVIGATE,2675:6871,,,300.0,EASE_OUT,,,
🔵 UI_Phase 1,I2856:7128;3139:8273,Dropdown Menu,SKU Product (Demo)/Dropdown Option/Dropdown Menu,ON_HOVER,NODE,2675:6871,CHANGE_TO,SMART_ANIMATE,300.0,EASE_OUT,,,
🔵 UI_Phase 1,I2856:7128;2675:6885,Dropdown Menu,SKU Product (Demo)/Dropdown Option/Dropdown Menu,(legacy),NAVIGATE,2675:6871,,,300.0,EASE_OUT,,,
🔵 UI_Phase 1,I2856:7128;2675:6885,Dropdown Menu,SKU Product (Demo)/Dropdown Option/Dropdown Menu,ON_HOVER,NODE,2675:6871,CHANGE_TO,SMART_ANIMATE,300.0,EASE_OUT,,,
🔵 UI_Phase 1,I2856:7151;2856:7093,Collapse,SKU Product (Demo)/Dropdown Option/Dropdown Option/Collapse,(legacy),NAVIGATE,2633:2693,,,300.0,LINEAR,,,
🔵 UI_Phase 1,I2856:7151;2856:7093,Collapse,SKU Product (Demo)/Dropdown Option/Dropdown Option/Collapse,ON_CLICK,NODE,2633:2693,NAVIGATE,SMART_ANIMATE,300.0,LINEAR,,,
🔵 UI_Phase 1,I2856:7151;2849:4655,Dropdown Menu,SKU Product (Demo)/Dropdown Option/Dropdown Menu,(legacy),NAVIGATE,2675:6862,,,300.0,EASE_OUT,,,
🔵 UI_Phase 1,I2856:7151;2849:4655,Dropdown Menu,SKU Product (Demo)/Dropdown Option/Dropdown Menu,ON_CLICK,NODE,2675:6862,CHANGE_TO,SMART_ANIMATE,300.0,EASE_OUT,,,
🔵 UI_Phase 1,I2856:7151;2675:6884,Dropdown Menu,SKU Product (Demo)/Dropdown Option/Dropdown Menu,(legacy),NAVIGATE,2675:6871,,,300.0,EASE_OUT,,,
🔵 UI_Phase 1,I2856:7151;2675:6884,Dropdown Menu,SKU Product (Demo)/Dropdown Option/Dropdown Menu,ON_HOVER,NODE,2675:6871,CHANGE_TO,SMART_ANIMATE,300.0,EASE_OUT,,,
🔵 UI_Phase 1,I2856:7151;3139:8273,Dropdown Menu,SKU Product (Demo)/Dropdown Option/Dropdown Menu,(legacy),NAVIGATE,2675:6871,,,300.0,EASE_OUT,,,
🔵 UI_Phase 1,I2856:7151;3139:8273,Dropdown Menu,SKU Product (Demo)/Dropdown Option/Dropdown Menu,ON_HOVER,NODE,2675:6871,CHANGE_TO,SMART_ANIMATE,300.0,EASE_OUT,,,
🔵 UI_Phase 1,I2856:7151;2675:6885,Dropdown Menu,SKU Product (Demo)/Dropdown Option/Dropdown Menu,(legacy),NAVIGATE,2675:6871,,,300.0,EASE_OUT,,,
🔵 UI_Phase 1,I2856:7151;2675:6885,Dropdown Menu,SKU Product (Demo)/Dropdown Option/Dropdown Menu,ON_HOVER,NODE,2675:6871,CHANGE_TO,SMART_ANIMATE,300.0,EASE_OUT,,,
🔵 UI_Phase 1,2675:7721,Component 11,SKU Product (Demo)/Frame 2147224797/Frame 2147224795/Component 11,(legacy),NAVIGATE,2633:5704,,,300.0,EASE_OUT,,,
🔵 UI_Phase 1,2675:7721,Component 11,SKU Product (Demo)/Frame 2147224797/Frame 2147224795/Component 11,ON_HOVER,NODE,2633:5704,CHANGE_TO,SMART_ANIMATE,300.0,EASE_OUT,,,
🔵 UI_Phase 1,I2675:7791;2856:7093,Collapse,SKU Product (Demo)/Frame 2147224797/Dropdown Option/Dropdown Option/Collapse,(legacy),NAVIGATE,2633:2693,,,300.0,LINEAR,,,
🔵 UI_Phase 1,I2675:7791;2856:7093,Collapse,SKU Product (Demo)/Frame 2147224797/Dropdown Option/Dropdown Option/Collapse,ON_CLICK,NODE,2633:2693,NAVIGATE,SMART_ANIMATE,300.0,LINEAR,,,
🔵 UI_Phase 1,I2675:7791;2849:4655,Dropdown Menu,SKU Product (Demo)/Frame 2147224797/Dropdown Option/Dropdown Menu,(legacy),NAVIGATE,2675:6862,,,300.0,EASE_OUT,,,
🔵 UI_Phase 1,I2675:7791;2849:4655,Dropdown Menu,SKU Product (Demo)/Frame 2147224797/Dropdown Option/Dropdown Menu,ON_CLICK,NODE,2675:6862,CHANGE_TO,SMART_ANIMATE,300.0,EASE_OUT,,,
🔵 UI_Phase 1,I2675:7791;2675:6884,Dropdown Menu,SKU Product (Demo)/Frame 2147224797/Dropdown Option/Dropdown Menu,(legacy),NAVIGATE,2675:6871,,,300.0,EASE_OUT,,,
🔵 UI_Phase 1,I2675:7791;2675:6884,Dropdown Menu,SKU Product (Demo)/Frame 2147224797/Dropdown Option/Dropdown Menu,ON_HOVER,NODE,2675:6871,CHANGE_TO,SMART_ANIMATE,300.0,EASE_OUT,,,
🔵 UI_Phase 1,I2675:7791;3139:8273,Dropdown Menu,SKU Product (Demo)/Frame 2147224797/Dropdown Option/Dropdown Menu,(legacy),NAVIGATE,2675:6871,,,300.0,EASE_OUT,,,
🔵 UI_Phase 1,I2675:7791;3139:8273,Dropdown Menu,SKU Product (Demo)/Frame 2147224797/Dropdown Option/Dropdown Menu,ON_HOVER,NODE,2675:6871,CHANGE_TO,SMART_ANIMATE,300.0,EASE_OUT,,,
🔵 UI_Phase 1,I2675:7791;2675:6885,Dropdown Menu,SKU Product (Demo)/Frame 2147224797/Dropdown Option/Dropdown Menu,(legacy),NAVIGATE,2675:6871,,,300.0,EASE_OUT,,,
🔵 UI_Phase 1,I2675:7791;2675:6885,Dropdown Menu,SKU Product (Demo)/Frame 2147224797/Dropdown Option/Dropdown Menu,ON_HOVER,NODE,2675:6871,CHANGE_TO,SMART_ANIMATE,300.0,EASE_OUT,,,
🔵 UI_Phase 1,2675:6862,Property 1=Default,SKU Product (Demo)/Dropdown Menu/Dropdown Menu/Property 1=Default,(legacy),NAVIGATE,2675:6871,,,300.0,EASE_OUT,,,
🔵 UI_Phase 1,2675:6862,Property 1=Default,SKU Product (Demo)/Dropdown Menu/Dropdown Menu/Property 1=Default,ON_HOVER,NODE,2675:6871,CHANGE_TO,SMART_ANIMATE,300.0,EASE_OUT,,,
🔵 UI_Phase 1,2675:6866,Property 1=Choose,SKU Product (Demo)/Dropdown Menu/Dropdown Menu/Property 1=Choose,(legacy),NAVIGATE,2675:6862,,,300.0,EASE_OUT,,,
🔵 UI_Phase 1,2675:6866,Property 1=Choose,SKU Product (Demo)/Dropdown Menu/Dropdown Menu/Property 1=Choose,ON_CLICK,NODE,2675:6862,CHANGE_TO,SMART_ANIMATE,300.0,EASE_OUT,,,
🔵 UI_Phase 1,2675:6871,Property 1=Hover,SKU Product (Demo)/Dropdown Menu/Dropdown Menu/Property 1=Hover,(legacy),NAVIGATE,2675:6866,,,300.0,EASE_OUT,,,
🔵 UI_Phase 1,2675:6871,Property 1=Hover,SKU Product (Demo)/Dropdown Menu/Dropdown Menu/Property 1=Hover,ON_CLICK,NODE,2675:6866,CHANGE_TO,SMART_ANIMATE,300.0,EASE_OUT,,,
🔵 UI_Phase 1,2856:7093,Collapse,SKU Product (Demo)/Dropdown Menu/Dropdown Option/Size=Big/Dropdown Option/Collapse,(legacy),NAVIGATE,2633:2693,,,300.0,LINEAR,,,
🔵 UI_Phase 1,2856:7093,Collapse,SKU Product (Demo)/Dropdown Menu/Dropdown Option/Size=Big/Dropdown Option/Collapse,ON_CLICK,NODE,2633:2693,NAVIGATE,SMART_ANIMATE,300.0,LINEAR,,,
🔵 UI_Phase 1,2849:4655,Dropdown Menu,SKU Product (Demo)/Dropdown Menu/Dropdown Option/Size=Big/Dropdown Menu,(legacy),NAVIGATE,2675:6862,,,300.0,EASE_OUT,,,
🔵 UI_Phase 1,2849:4655,Dropdown Menu,SKU Product (Demo)/Dropdown Menu/Dropdown Option/Size=Big/Dropdown Menu,ON_CLICK,NODE,2675:6862,CHANGE_TO,SMART_ANIMATE,300.0,EASE_OUT,,,
🔵 UI_Phase 1,2675:6884,Dropdown Menu,SKU Product (Demo)/Dropdown Menu/Dropdown Option/Size=Big/Dropdown Menu,(legacy),NAVIGATE,2675:6871,,,300.0,EASE_OUT,,,
🔵 UI_Phase 1,2675:6884,Dropdown Menu,SKU Product (Demo)/Dropdown Menu/Dropdown Option/Size=Big/Dropdown Menu,ON_HOVER,NODE,2675:6871,CHANGE_TO,SMART_ANIMATE,300.0,EASE_OUT,,,
🔵 UI_Phase 1,3139:8273,Dropdown Menu,SKU Product (Demo)/Dropdown Menu/Dropdown Option/Size=Big/Dropdown Menu,(legacy),NAVIGATE,2675:6871,,,300.0,EASE_OUT,,,
🔵 UI_Phase 1,3139:8273,Dropdown Menu,SKU Product (Demo)/Dropdown Menu/Dropdown Option/Size=Big/Dropdown Menu,ON_HOVER,NODE,2675:6871,CHANGE_TO,SMART_ANIMATE,300.0,EASE_OUT,,,
🔵 UI_Phase 1,2675:6885,Dropdown Menu,SKU Product (Demo)/Dropdown Menu/Dropdown Option/Size=Big/Dropdown Menu,(legacy),NAVIGATE,2675:6871,,,300.0,EASE_OUT,,,
🔵 UI_Phase 1,2675:6885,Dropdown Menu,SKU Product (Demo)/Dropdown Menu/Dropdown Option/Size=Big/Dropdown Menu,ON_HOVER,NODE,2675:6871,CHANGE_TO,SMART_ANIMATE,300.0,EASE_OUT,,,
🔵 UI_Phase 1,2856:7123,Collapse,SKU Product (Demo)/Dropdown Menu/Dropdown Option/Size=Small/Dropdown Option/Collapse,(legacy),NAVIGATE,2633:2693,,,300.0,LINEAR,,,
🔵 UI_Phase 1,2856:7123,Collapse,SKU Product (Demo)/Dropdown Menu/Dropdown Option/Size=Small/Dropdown Option/Collapse,ON_CLICK,NODE,2633:2693,NAVIGATE,SMART_ANIMATE,300.0,LINEAR,,,
🔵 UI_Phase 1,2675:6887,Dropdown Menu,SKU Product (Demo)/Dropdown Menu/Dropdown Option/Size=Small/Dropdown Menu,(legacy),NAVIGATE,2675:6862,,,300.0,EASE_OUT,,,
🔵 UI_Phase 1,2675:6887,Dropdown Menu,SKU Product (Demo)/Dropdown Menu/Dropdown Option/Size=Small/Dropdown Menu,ON_CLICK,NODE,2675:6862,CHANGE_TO,SMART_ANIMATE,300.0,EASE_OUT,,,
🔵 UI_Phase 1,2675:6888,Dropdown Menu,SKU Product (Demo)/Dropdown Menu/Dropdown Option/Size=Small/Dropdown Menu,(legacy),NAVIGATE,2675:6871,,,300.0,EASE_OUT,,,
🔵 UI_Phase 1,2675:6888,Dropdown Menu,SKU Product (Demo)/Dropdown Menu/Dropdown Option/Size=Small/Dropdown Menu,ON_HOVER,NODE,2675:6871,CHANGE_TO,SMART_ANIMATE,300.0,EASE_OUT,,,
🔵 UI_Phase 1,3139:8302,Dropdown Menu,SKU Product (Demo)/Dropdown Menu/Dropdown Option/Size=Small/Dropdown Menu,(legacy),NAVIGATE,2675:6871,,,300.0,EASE_OUT,,,
🔵 UI_Phase 1,3139:8302,Dropdown Menu,SKU Product (Demo)/Dropdown Menu/Dropdown Option/Size=Small/Dropdown Menu,ON_HOVER,NODE,2675:6871,CHANGE_TO,SMART_ANIMATE,300.0,EASE_OUT,,,
🔵 UI_Phase 1,2675:6889,Dropdown Menu,SKU Product (Demo)/Dropdown Menu/Dropdown Option/Size=Small/Dropdown Menu,(legacy),NAVIGATE,2675:6871,,,300.0,EASE_OUT,,,
🔵 UI_Phase 1,2675:6889,Dropdown Menu,SKU Product (Demo)/Dropdown Menu/Dropdown Option/Size=Small/Dropdown Menu,ON_HOVER,NODE,2675:6871,CHANGE_TO,SMART_ANIMATE,300.0,EASE_OUT,,,
🔵 UI_Phase 1,I2865:23872;2856:7093,Collapse,SKU Product (Demo)/Dropdown Option/Dropdown Option/Collapse,(legacy),NAVIGATE,2633:2693,,,300.0,LINEAR,,,
🔵 UI_Phase 1,I2865:23872;2856:7093,Collapse,SKU Product (Demo)/Dropdown Option/Dropdown Option/Collapse,ON_CLICK,NODE,2633:2693,NAVIGATE,SMART_ANIMATE,300.0,LINEAR,,,
🔵 UI_Phase 1,I2865:23872;2849:4655,Dropdown Menu,SKU Product (Demo)/Dropdown Option/Dropdown Menu,(legacy),NAVIGATE,2675:6862,,,300.0,EASE_OUT,,,
🔵 UI_Phase 1,I2865:23872;2849:4655,Dropdown Menu,SKU Product (Demo)/Dropdown Option/Dropdown Menu,ON_CLICK,NODE,2675:6862,CHANGE_TO,SMART_ANIMATE,300.0,EASE_OUT,,,
🔵 UI_Phase 1,I2865:23872;2675:6884,Dropdown Menu,SKU Product (Demo)/Dropdown Option/Dropdown Menu,(legacy),NAVIGATE,2675:6871,,,300.0,EASE_OUT,,,
🔵 UI_Phase 1,I2865:23872;2675:6884,Dropdown Menu,SKU Product (Demo)/Dropdown Option/Dropdown Menu,ON_HOVER,NODE,2675:6871,CHANGE_TO,SMART_ANIMATE,300.0,EASE_OUT,,,
🔵 UI_Phase 1,I2865:23872;3139:8273,Dropdown Menu,SKU Product (Demo)/Dropdown Option/Dropdown Menu,(legacy),NAVIGATE,2675:6871,,,300.0,EASE_OUT,,,
🔵 UI_Phase 1,I2865:23872;3139:8273,Dropdown Menu,SKU Product (Demo)/Dropdown Option/Dropdown Menu,ON_HOVER,NODE,2675:6871,CHANGE_TO,SMART_ANIMATE,300.0,EASE_OUT,,,
🔵 UI_Phase 1,I2865:23872;2675:6885,Dropdown Menu,SKU Product (Demo)/Dropdown Option/Dropdown Menu,(legacy),NAVIGATE,2675:6871,,,300.0,EASE_OUT,,,
🔵 UI_Phase 1,I2865:23872;2675:6885,Dropdown Menu,SKU Product (Demo)/Dropdown Option/Dropdown Menu,ON_HOVER,NODE,2675:6871,CHANGE_TO,SMART_ANIMATE,300.0,EASE_OUT,,,
🔵 UI_Phase 1,I2856:8695;2445:2808,Button of Nav Heading,SKU Product (Demo)/Tb_SKU/Frame 2147224759/Frame 2147224758/Button of Nav Heading,(legacy),NAVIGATE,2445:2781,,,300.0,EASE_OUT,,,
🔵 UI_Phase 1,I2856:8695;2445:2808,Button of Nav Heading,SKU Product (Demo)/Tb_SKU/Frame 2147224759/Frame 2147224758/Button of Nav Heading,ON_HOVER,NODE,2445:2781,CHANGE_TO,SMART_ANIMATE,300.0,EASE_OUT,,,
🔵 UI_Phase 1,I2856:8695;2445:2811,Button of Nav Heading,SKU Product (Demo)/Tb_SKU/Frame 2147224759/Frame 2147224758/Button of Nav Heading,(legacy),NAVIGATE,2445:2781,,,300.0,EASE_OUT,,,
🔵 UI_Phase 1,I2856:8695;2445:2811,Button of Nav Heading,SKU Product (Demo)/Tb_SKU/Frame 2147224759/Frame 2147224758/Button of Nav Heading,ON_HOVER,NODE,2445:2781,CHANGE_TO,SMART_ANIMATE,300.0,EASE_OUT,,,
🔵 UI_Phase 1,I2856:8695;2445:2814,Button of Nav Heading,SKU Product (Demo)/Tb_SKU/Frame 2147224759/Frame 2147224758/Button of Nav Heading,(legacy),NAVIGATE,2445:2781,,,300.0,EASE_OUT,,,
🔵 UI_Phase 1,I2856:8695;2445:2814,Button of Nav Heading,SKU Product (Demo)/Tb_SKU/Frame 2147224759/Frame 2147224758/Button of Nav Heading,ON_HOVER,NODE,2445:2781,CHANGE_TO,SMART_ANIMATE,300.0,EASE_OUT,,,
🔵 UI_Phase 1,I2856:8695;2531:6542,Button of Nav Heading,SKU Product (Demo)/Tb_SKU/Frame 2147224759/Frame 2147224758/Button of Nav Heading,(legacy),NAVIGATE,2531:6498,,,300.0,EASE_OUT,,,
🔵 UI_Phase 1,I2856:8695;2531:6542,Button of Nav Heading,SKU Product (Demo)/Tb_SKU/Frame 2147224759/Frame 2147224758/Button of Nav Heading,ON_HOVER,NODE,2531:6498,CHANGE_TO,SMART_ANIMATE,300.0,EASE_OUT,,,
🔵 UI_Phase 1,3139:8325,Card SKU,SKU Product (Demo)/Tb_SKU/Section 2/Frame 2147224798/Card SKU,(legacy),NAVIGATE,2675:6204,,,300.0,EASE_OUT,,,
🔵 UI_Phase 1,3139:8325,Card SKU,SKU Product (Demo)/Tb_SKU/Section 2/Frame 2147224798/Card SKU,ON_HOVER,NODE,2675:6204,CHANGE_TO,SMART_ANIMATE,300.0,EASE_OUT,,,
🔵 UI_Phase 1,3139:8325,Card SKU,SKU Product (Demo)/Tb_SKU/Section 2/Frame 2147224798/Card SKU,ON_CLICK,NODE,2856:8352,NAVIGATE,SMART_ANIMATE,300.0,EASE_OUT,,,
🔵 UI_Phase 1,I3139:8325;2675:6468,Component 12,SKU Product (Demo)/Tb_SKU/Section 2/Frame 2147224798/Card SKU/Component 12,(legacy),NAVIGATE,2675:6348,,,300.0,EASE_OUT,,,
🔵 UI_Phase 1,I3139:8325;2675:6468,Component 12,SKU Product (Demo)/Tb_SKU/Section 2/Frame 2147224798/Card SKU/Component 12,ON_HOVER,NODE,2675:6348,CHANGE_TO,SMART_ANIMATE,300.0,EASE_OUT,,,
🔵 UI_Phase 1,3139:8326,Card SKU,SKU Product (Demo)/Tb_SKU/Section 2/Frame 2147224798/Card SKU,(legacy),NAVIGATE,2675:6204,,,300.0,EASE_OUT,,,
🔵 UI_Phase 1,3139:8326,Card SKU,SKU Product (Demo)/Tb_SKU/Section 2/Frame 2147224798/Card SKU,ON_HOVER,NODE,2675:6204,CHANGE_TO,SMART_ANIMATE,300.0,EASE_OUT,,,
🔵 UI_Phase 1,I3139:8326;2675:6468,Format,SKU Product (Demo)/Tb_SKU/Section 2/Frame 2147224798/Card SKU/Format,(legacy),NAVIGATE,2675:6355,,,300.0,EASE_OUT,,,
🔵 UI_Phase 1,I3139:8326;2675:6468,Format,SKU Product (Demo)/Tb_SKU/Section 2/Frame 2147224798/Card SKU/Format,ON_HOVER,NODE,2675:6355,CHANGE_TO,SMART_ANIMATE,300.0,EASE_OUT,,,
🔵 UI_Phase 1,3139:8327,Card SKU,SKU Product (Demo)/Tb_SKU/Section 2/Frame 2147224798/Card SKU,(legacy),NAVIGATE,2675:6204,,,300.0,EASE_OUT,,,
🔵 UI_Phase 1,3139:8327,Card SKU,SKU Product (Demo)/Tb_SKU/Section 2/Frame 2147224798/Card SKU,ON_HOVER,NODE,2675:6204,CHANGE_TO,SMART_ANIMATE,300.0,EASE_OUT,,,
🔵 UI_Phase 1,I3139:8327;2675:6468,Format,SKU Product (Demo)/Tb_SKU/Section 2/Frame 2147224798/Card SKU/Format,(legacy),NAVIGATE,2675:6366,,,300.0,EASE_OUT,,,
🔵 UI_Phase 1,I3139:8327;2675:6468,Format,SKU Product (Demo)/Tb_SKU/Section 2/Frame 2147224798/Card SKU/Format,ON_HOVER,NODE,2675:6366,CHANGE_TO,SMART_ANIMATE,300.0,EASE_OUT,,,
🔵 UI_Phase 1,3139:8328,Card SKU,SKU Product (Demo)/Tb_SKU/Section 2/Frame 2147224798/Card SKU,(legacy),NAVIGATE,2675:6204,,,300.0,EASE_OUT,,,
🔵 UI_Phase 1,3139:8328,Card SKU,SKU Product (Demo)/Tb_SKU/Section 2/Frame 2147224798/Card SKU,ON_HOVER,NODE,2675:6204,CHANGE_TO,SMART_ANIMATE,300.0,EASE_OUT,,,
🔵 UI_Phase 1,I3139:8328;2675:6468,Format,SKU Product (Demo)/Tb_SKU/Section 2/Frame 2147224798/Card SKU/Format,(legacy),NAVIGATE,2675:6380,,,300.0,EASE_OUT,,,
🔵 UI_Phase 1,I3139:8328;2675:6468,Format,SKU Product (Demo)/Tb_SKU/Section 2/Frame 2147224798/Card SKU/Format,ON_HOVER,NODE,2675:6380,CHANGE_TO,SMART_ANIMATE,300.0,EASE_OUT,,,
🔵 UI_Phase 1,3139:8329,Card SKU,SKU Product (Demo)/Tb_SKU/Section 2/Frame 2147224798/Card SKU,(legacy),NAVIGATE,2675:6204,,,300.0,EASE_OUT,,,
🔵 UI_Phase 1,3139:8329,Card SKU,SKU Product (Demo)/Tb_SKU/Section 2/Frame 2147224798/Card SKU,ON_HOVER,NODE,2675:6204,CHANGE_TO,SMART_ANIMATE,300.0,EASE_OUT,,,
🔵 UI_Phase 1,I3139:8329;2675:6468,Format,SKU Product (Demo)/Tb_SKU/Section 2/Frame 2147224798/Card SKU/Format,(legacy),NAVIGATE,2675:6390,,,300.0,EASE_OUT,,,
🔵 UI_Phase 1,I3139:8329;2675:6468,Format,SKU Product (Demo)/Tb_SKU/Section 2/Frame 2147224798/Card SKU/Format,ON_HOVER,NODE,2675:6390,CHANGE_TO,SMART_ANIMATE,300.0,EASE_OUT,,,
🔵 UI_Phase 1,3139:8330,Card SKU,SKU Product (Demo)/Tb_SKU/Section 2/Frame 2147224798/Card SKU,(legacy),NAVIGATE,2675:6204,,,300.0,EASE_OUT,,,
🔵 UI_Phase 1,3139:8330,Card SKU,SKU Product (Demo)/Tb_SKU/Section 2/Frame 2147224798/Card SKU,ON_HOVER,NODE,2675:6204,CHANGE_TO,SMART_ANIMATE,300.0,EASE_OUT,,,
🔵 UI_Phase 1,I3139:8330;2675:6468,Format,SKU Product (Demo)/Tb_SKU/Section 2/Frame 2147224798/Card SKU/Format,(legacy),NAVIGATE,2675:6400,,,300.0,EASE_OUT,,,
🔵 UI_Phase 1,I3139:8330;2675:6468,Format,SKU Product (Demo)/Tb_SKU/Section 2/Frame 2147224798/Card SKU/Format,ON_HOVER,NODE,2675:6400,CHANGE_TO,SMART_ANIMATE,300.0,EASE_OUT,,,
🔵 UI_Phase 1,3139:8331,Card SKU,SKU Product (Demo)/Tb_SKU/Section 2/Frame 2147224798/Card SKU,(legacy),NAVIGATE,2675:6204,,,300.0,EASE_OUT,,,
🔵 UI_Phase 1,3139:8331,Card SKU,SKU Product (Demo)/Tb_SKU/Section 2/Frame 2147224798/Card SKU,ON_HOVER,NODE,2675:6204,CHANGE_TO,SMART_ANIMATE,300.0,EASE_OUT,,,
🔵 UI_Phase 1,I3139:8331;2675:6468,Format,SKU Product (Demo)/Tb_SKU/Section 2/Frame 2147224798/Card SKU/Format,(legacy),NAVIGATE,2675:6428,,,300.0,EASE_OUT,,,
🔵 UI_Phase 1,I3139:8331;2675:6468,Format,SKU Product (Demo)/Tb_SKU/Section 2/Frame 2147224798/Card SKU/Format,ON_HOVER,NODE,2675:6428,CHANGE_TO,SMART_ANIMATE,300.0,EASE_OUT,,,
🔵 UI_Phase 1,3139:8332,Card SKU,SKU Product (Demo)/Tb_SKU/Section 2/Frame 2147224798/Card SKU,(legacy),NAVIGATE,2675:6204,,,300.0,EASE_OUT,,,
🔵 UI_Phase 1,3139:8332,Card SKU,SKU Product (Demo)/Tb_SKU/Section 2/Frame 2147224798/Card SKU,ON_HOVER,NODE,2675:6204,CHANGE_TO,SMART_ANIMATE,300.0,EASE_OUT,,,
🔵 UI_Phase 1,I3139:8332;2675:6468,Format,SKU Product (Demo)/Tb_SKU/Section 2/Frame 2147224798/Card SKU/Format,(legacy),NAVIGATE,2675:6444,,,300.0,EASE_OUT,,,
🔵 UI_Phase 1,I3139:8332;2675:6468,Format,SKU Product (Demo)/Tb_SKU/Section 2/Frame 2147224798/Card SKU/Format,ON_HOVER,NODE,2675:6444,CHANGE_TO,SMART_ANIMATE,300.0,EASE_OUT,,,
🔵 UI_Phase 1,3139:8333,Card SKU,SKU Product (Demo)/Tb_SKU/Section 2/Frame 2147224798/Card SKU,(legacy),NAVIGATE,2675:6204,,,300.0,EASE_OUT,,,
🔵 UI_Phase 1,3139:8333,Card SKU,SKU Product (Demo)/Tb_SKU/Section 2/Frame 2147224798/Card SKU,ON_HOVER,NODE,2675:6204,CHANGE_TO,SMART_ANIMATE,300.0,EASE_OUT,,,
🔵 UI_Phase 1,I3139:8333;2675:6468,Format,SKU Product (Demo)/Tb_SKU/Section 2/Frame 2147224798/Card SKU/Format,(legacy),NAVIGATE,2675:6412,,,300.0,EASE_OUT,,,
🔵 UI_Phase 1,I3139:8333;2675:6468,Format,SKU Product (Demo)/Tb_SKU/Section 2/Frame 2147224798/Card SKU/Format,ON_HOVER,NODE,2675:6412,CHANGE_TO,SMART_ANIMATE,300.0,EASE_OUT,,,
🔵 UI_Phase 1,I2856:8745;2675:6832,nav-arrow,SKU Product (Demo)/Tb_SKU/Section 2/Frame 2147224797/Frame 2147224795/Frame 2147224798/Badge & Chip/nav-arrow,ON_CLICK,NODE,,CHANGE_TO,,,,,,
🔵 UI_Phase 1,2856:8748,Component 11,SKU Product (Demo)/Tb_SKU/Section 2/Frame 2147224797/Frame 2147224795/Component 11,(legacy),NAVIGATE,2633:5704,,,300.0,EASE_OUT,,,
🔵 UI_Phase 1,2856:8748,Component 11,SKU Product (Demo)/Tb_SKU/Section 2/Frame 2147224797/Frame 2147224795/Component 11,ON_HOVER,NODE,2633:5704,CHANGE_TO,SMART_ANIMATE,300.0,EASE_OUT,,,
🔵 UI_Phase 1,I2856:8749;2531:9855,Button of Nav Heading,SKU Product (Demo)/Tb_SKU/Footer Desk/Frame 2087326389/Frame 92/Frame 2147224758/Button of Nav Heading,(legacy),NAVIGATE,2445:2781,,,300.0,EASE_OUT,,,
🔵 UI_Phase 1,I2856:8749;2531:9855,Button of Nav Heading,SKU Product (Demo)/Tb_SKU/Footer Desk/Frame 2087326389/Frame 92/Frame 2147224758/Button of Nav Heading,ON_HOVER,NODE,2445:2781,CHANGE_TO,SMART_ANIMATE,300.0,EASE_OUT,,,
🔵 UI_Phase 1,I2856:8749;2531:9856,Button of Nav Heading,SKU Product (Demo)/Tb_SKU/Footer Desk/Frame 2087326389/Frame 92/Frame 2147224758/Button of Nav Heading,(legacy),NAVIGATE,2445:2781,,,300.0,EASE_OUT,,,
🔵 UI_Phase 1,I2856:8749;2531:9856,Button of Nav Heading,SKU Product (Demo)/Tb_SKU/Footer Desk/Frame 2087326389/Frame 92/Frame 2147224758/Button of Nav Heading,ON_HOVER,NODE,2445:2781,CHANGE_TO,SMART_ANIMATE,300.0,EASE_OUT,,,
🔵 UI_Phase 1,I2856:8749;2531:9857,Button of Nav Heading,SKU Product (Demo)/Tb_SKU/Footer Desk/Frame 2087326389/Frame 92/Frame 2147224758/Button of Nav Heading,(legacy),NAVIGATE,2445:2781,,,300.0,EASE_OUT,,,
🔵 UI_Phase 1,I2856:8749;2531:9857,Button of Nav Heading,SKU Product (Demo)/Tb_SKU/Footer Desk/Frame 2087326389/Frame 92/Frame 2147224758/Button of Nav Heading,ON_HOVER,NODE,2445:2781,CHANGE_TO,SMART_ANIMATE,300.0,EASE_OUT,,,
🔵 UI_Phase 1,I2856:8749;2531:9858,Button of Nav Heading,SKU Product (Demo)/Tb_SKU/Footer Desk/Frame 2087326389/Frame 92/Frame 2147224758/Button of Nav Heading,(legacy),NAVIGATE,2531:6498,,,300.0,EASE_OUT,,,
🔵 UI_Phase 1,I2856:8749;2531:9858,Button of Nav Heading,SKU Product (Demo)/Tb_SKU/Footer Desk/Frame 2087326389/Frame 92/Frame 2147224758/Button of Nav Heading,ON_HOVER,NODE,2531:6498,CHANGE_TO,SMART_ANIMATE,300.0,EASE_OUT,,,
🔵 UI_Phase 1,I2856:8749;2531:10025,Back Button,SKU Product (Demo)/Tb_SKU/Footer Desk/Frame 1527/Back Button,(legacy),NAVIGATE,2445:2488,,,100.0,LINEAR,,,
🔵 UI_Phase 1,I2856:8749;2531:10025,Back Button,SKU Product (Demo)/Tb_SKU/Footer Desk/Frame 1527/Back Button,ON_HOVER,NODE,2445:2488,CHANGE_TO,SMART_ANIMATE,100.0,LINEAR,,,
🔵 UI_Phase 1,I2856:8749;2531:10025,Back Button,SKU Product (Demo)/Tb_SKU/Footer Desk/Frame 1527/Back Button,ON_CLICK,NODE,2856:8695,SCROLL_TO,SCROLL_ANIMATE,300.0,EASE_OUT,,,
🔵 UI_Phase 1,I2769:6613;2445:2787,Button of Nav Heading,SKU - PC/Desk_SKU - Tablte/Frame 2147224759/Frame 2147224758/Button of Nav Heading,(legacy),NAVIGATE,2445:2781,,,300.0,EASE_OUT,,,
🔵 UI_Phase 1,I2769:6613;2445:2787,Button of Nav Heading,SKU - PC/Desk_SKU - Tablte/Frame 2147224759/Frame 2147224758/Button of Nav Heading,ON_HOVER,NODE,2445:2781,CHANGE_TO,SMART_ANIMATE,300.0,EASE_OUT,,,
🔵 UI_Phase 1,I2769:6613;2445:2794,Button of Nav Heading,SKU - PC/Desk_SKU - Tablte/Frame 2147224759/Frame 2147224758/Button of Nav Heading,(legacy),NAVIGATE,2445:2781,,,300.0,EASE_OUT,,,
🔵 UI_Phase 1,I2769:6613;2445:2794,Button of Nav Heading,SKU - PC/Desk_SKU - Tablte/Frame 2147224759/Frame 2147224758/Button of Nav Heading,ON_HOVER,NODE,2445:2781,CHANGE_TO,SMART_ANIMATE,300.0,EASE_OUT,,,
🔵 UI_Phase 1,I2769:6613;2445:2801,Button of Nav Heading,SKU - PC/Desk_SKU - Tablte/Frame 2147224759/Frame 2147224758/Button of Nav Heading,(legacy),NAVIGATE,2445:2781,,,300.0,EASE_OUT,,,
🔵 UI_Phase 1,I2769:6613;2445:2801,Button of Nav Heading,SKU - PC/Desk_SKU - Tablte/Frame 2147224759/Frame 2147224758/Button of Nav Heading,ON_HOVER,NODE,2445:2781,CHANGE_TO,SMART_ANIMATE,300.0,EASE_OUT,,,
🔵 UI_Phase 1,I2769:6613;2531:6521,Button of Nav Heading,SKU - PC/Desk_SKU - Tablte/Frame 2147224759/Frame 2147224758/Button of Nav Heading,(legacy),NAVIGATE,2531:6498,,,300.0,EASE_OUT,,,
🔵 UI_Phase 1,I2769:6613;2531:6521,Button of Nav Heading,SKU - PC/Desk_SKU - Tablte/Frame 2147224759/Frame 2147224758/Button of Nav Heading,ON_HOVER,NODE,2531:6498,CHANGE_TO,SMART_ANIMATE,300.0,EASE_OUT,,,
🔵 UI_Phase 1,2995:10174,Button,SKU - PC/Desk_SKU - Tablte/Frame 2147224830/Frame 2147224834/Pride/Button,(legacy),NAVIGATE,2633:2693,,,300.0,EASE_OUT,,,
🔵 UI_Phase 1,2995:10174,Button,SKU - PC/Desk_SKU - Tablte/Frame 2147224830/Frame 2147224834/Pride/Button,ON_CLICK,NODE,2633:2693,NAVIGATE,SMART_ANIMATE,300.0,EASE_OUT,,,
🔵 UI_Phase 1,2995:10185,Button,SKU - PC/Desk_SKU - Tablte/Frame 2147224830/Frame 2147224834/Pride/Button,(legacy),NAVIGATE,36:781,,,300.0,EASE_OUT,,,
🔵 UI_Phase 1,2995:10185,Button,SKU - PC/Desk_SKU - Tablte/Frame 2147224830/Frame 2147224834/Pride/Button,ON_HOVER,NODE,36:781,CHANGE_TO,SMART_ANIMATE,300.0,EASE_OUT,,,
🔵 UI_Phase 1,2995:10185,Button,SKU - PC/Desk_SKU - Tablte/Frame 2147224830/Frame 2147224834/Pride/Button,ON_CLICK,NODE,2448:7642,NAVIGATE,SMART_ANIMATE,300.0,EASE_OUT,,,
🔵 UI_Phase 1,2769:6643,Device Button,SKU - PC/Desk_SKU - Tablte/Frame 2147224830/Frame 2147224833/segmented-control/Device Button,(legacy),NAVIGATE,2769:6026,,,300.0,EASE_OUT,,,
🔵 UI_Phase 1,2769:6643,Device Button,SKU - PC/Desk_SKU - Tablte/Frame 2147224830/Frame 2147224833/segmented-control/Device Button,ON_CLICK,NODE,2769:6026,CHANGE_TO,SMART_ANIMATE,300.0,EASE_OUT,,,
🔵 UI_Phase 1,2769:6643,Device Button,SKU - PC/Desk_SKU - Tablte/Frame 2147224830/Frame 2147224833/segmented-control/Device Button,ON_CLICK,NODE,2675:13396,NAVIGATE,SMART_ANIMATE,300.0,LINEAR,,,
🔵 UI_Phase 1,I2769:6643;2769:6048,Device Icon,SKU - PC/Desk_SKU - Tablte/Frame 2147224830/Frame 2147224833/segmented-control/Device Button/Device Icon,ON_CLICK,,,,,,,,,
🔵 UI_Phase 1,2769:6644,Device Button,SKU - PC/Desk_SKU - Tablte/Frame 2147224830/Frame 2147224833/segmented-control/Device Button,(legacy),NAVIGATE,2769:6061,,,300.0,EASE_OUT,,,
🔵 UI_Phase 1,2769:6644,Device Button,SKU - PC/Desk_SKU - Tablte/Frame 2147224830/Frame 2147224833/segmented-control/Device Button,ON_CLICK,NODE,2769:6061,CHANGE_TO,SMART_ANIMATE,300.0,EASE_OUT,,,
🔵 UI_Phase 1,I2769:6644;2769:6033,Device Icon,SKU - PC/Desk_SKU - Tablte/Frame 2147224830/Frame 2147224833/segmented-control/Device Button/Device Icon,(legacy),NAVIGATE,2769:5946,,,300.0,EASE_OUT,,,
🔵 UI_Phase 1,I2769:6644;2769:6033,Device Icon,SKU - PC/Desk_SKU - Tablte/Frame 2147224830/Frame 2147224833/segmented-control/Device Button/Device Icon,ON_HOVER,NODE,2769:5946,CHANGE_TO,SMART_ANIMATE,300.0,EASE_OUT,,,
🔵 UI_Phase 1,2769:6645,Device Button,SKU - PC/Desk_SKU - Tablte/Frame 2147224830/Frame 2147224833/segmented-control/Device Button,(legacy),NAVIGATE,2769:6026,,,300.0,EASE_OUT,,,
🔵 UI_Phase 1,2769:6645,Device Button,SKU - PC/Desk_SKU - Tablte/Frame 2147224830/Frame 2147224833/segmented-control/Device Button,ON_CLICK,NODE,2769:6026,CHANGE_TO,SMART_ANIMATE,300.0,EASE_OUT,,,
🔵 UI_Phase 1,I2769:6645;2769:6048,Device Icon,SKU - PC/Desk_SKU - Tablte/Frame 2147224830/Frame 2147224833/segmented-control/Device Button/Device Icon,ON_CLICK,,,,,,,,,
🔵 UI_Phase 1,3139:8925,Card SKU,SKU - PC/Desk_SKU - Tablte/Section 4/Frame 2147224799/Card SKU,(legacy),NAVIGATE,2675:6204,,,300.0,EASE_OUT,,,
🔵 UI_Phase 1,3139:8925,Card SKU,SKU - PC/Desk_SKU - Tablte/Section 4/Frame 2147224799/Card SKU,ON_HOVER,NODE,2675:6204,CHANGE_TO,SMART_ANIMATE,300.0,EASE_OUT,,,
🔵 UI_Phase 1,3139:8925,Card SKU,SKU - PC/Desk_SKU - Tablte/Section 4/Frame 2147224799/Card SKU,ON_CLICK,NODE,2856:8352,NAVIGATE,SMART_ANIMATE,300.0,EASE_OUT,,,
🔵 UI_Phase 1,I3139:8925;2675:6468,Component 12,SKU - PC/Desk_SKU - Tablte/Section 4/Frame 2147224799/Card SKU/Component 12,(legacy),NAVIGATE,2675:6348,,,300.0,EASE_OUT,,,
🔵 UI_Phase 1,I3139:8925;2675:6468,Component 12,SKU - PC/Desk_SKU - Tablte/Section 4/Frame 2147224799/Card SKU/Component 12,ON_HOVER,NODE,2675:6348,CHANGE_TO,SMART_ANIMATE,300.0,EASE_OUT,,,
🔵 UI_Phase 1,3139:8926,Card SKU,SKU - PC/Desk_SKU - Tablte/Section 4/Frame 2147224799/Card SKU,(legacy),NAVIGATE,2675:6204,,,300.0,EASE_OUT,,,
🔵 UI_Phase 1,3139:8926,Card SKU,SKU - PC/Desk_SKU - Tablte/Section 4/Frame 2147224799/Card SKU,ON_HOVER,NODE,2675:6204,CHANGE_TO,SMART_ANIMATE,300.0,EASE_OUT,,,
🔵 UI_Phase 1,I3139:8926;2675:6468,Format,SKU - PC/Desk_SKU - Tablte/Section 4/Frame 2147224799/Card SKU/Format,(legacy),NAVIGATE,2675:6355,,,300.0,EASE_OUT,,,
🔵 UI_Phase 1,I3139:8926;2675:6468,Format,SKU - PC/Desk_SKU - Tablte/Section 4/Frame 2147224799/Card SKU/Format,ON_HOVER,NODE,2675:6355,CHANGE_TO,SMART_ANIMATE,300.0,EASE_OUT,,,
🔵 UI_Phase 1,3139:8927,Card SKU,SKU - PC/Desk_SKU - Tablte/Section 4/Frame 2147224799/Card SKU,(legacy),NAVIGATE,2675:6204,,,300.0,EASE_OUT,,,
🔵 UI_Phase 1,3139:8927,Card SKU,SKU - PC/Desk_SKU - Tablte/Section 4/Frame 2147224799/Card SKU,ON_HOVER,NODE,2675:6204,CHANGE_TO,SMART_ANIMATE,300.0,EASE_OUT,,,
🔵 UI_Phase 1,I3139:8927;2675:6468,Format,SKU - PC/Desk_SKU - Tablte/Section 4/Frame 2147224799/Card SKU/Format,(legacy),NAVIGATE,2675:6366,,,300.0,EASE_OUT,,,
🔵 UI_Phase 1,I3139:8927;2675:6468,Format,SKU - PC/Desk_SKU - Tablte/Section 4/Frame 2147224799/Card SKU/Format,ON_HOVER,NODE,2675:6366,CHANGE_TO,SMART_ANIMATE,300.0,EASE_OUT,,,
🔵 UI_Phase 1,3139:8928,Card SKU,SKU - PC/Desk_SKU - Tablte/Section 4/Frame 2147224799/Card SKU,(legacy),NAVIGATE,2675:6204,,,300.0,EASE_OUT,,,
🔵 UI_Phase 1,3139:8928,Card SKU,SKU - PC/Desk_SKU - Tablte/Section 4/Frame 2147224799/Card SKU,ON_HOVER,NODE,2675:6204,CHANGE_TO,SMART_ANIMATE,300.0,EASE_OUT,,,
🔵 UI_Phase 1,I3139:8928;2675:6468,Format,SKU - PC/Desk_SKU - Tablte/Section 4/Frame 2147224799/Card SKU/Format,(legacy),NAVIGATE,2675:6380,,,300.0,EASE_OUT,,,
🔵 UI_Phase 1,I3139:8928;2675:6468,Format,SKU - PC/Desk_SKU - Tablte/Section 4/Frame 2147224799/Card SKU/Format,ON_HOVER,NODE,2675:6380,CHANGE_TO,SMART_ANIMATE,300.0,EASE_OUT,,,
🔵 UI_Phase 1,3139:8929,Card SKU,SKU - PC/Desk_SKU - Tablte/Section 4/Frame 2147224799/Card SKU,(legacy),NAVIGATE,2675:6204,,,300.0,EASE_OUT,,,
🔵 UI_Phase 1,3139:8929,Card SKU,SKU - PC/Desk_SKU - Tablte/Section 4/Frame 2147224799/Card SKU,ON_HOVER,NODE,2675:6204,CHANGE_TO,SMART_ANIMATE,300.0,EASE_OUT,,,
🔵 UI_Phase 1,I3139:8929;2675:6468,Format,SKU - PC/Desk_SKU - Tablte/Section 4/Frame 2147224799/Card SKU/Format,(legacy),NAVIGATE,2675:6390,,,300.0,EASE_OUT,,,
🔵 UI_Phase 1,I3139:8929;2675:6468,Format,SKU - PC/Desk_SKU - Tablte/Section 4/Frame 2147224799/Card SKU/Format,ON_HOVER,NODE,2675:6390,CHANGE_TO,SMART_ANIMATE,300.0,EASE_OUT,,,
🔵 UI_Phase 1,3139:8930,Card SKU,SKU - PC/Desk_SKU - Tablte/Section 4/Frame 2147224799/Card SKU,(legacy),NAVIGATE,2675:6204,,,300.0,EASE_OUT,,,
🔵 UI_Phase 1,3139:8930,Card SKU,SKU - PC/Desk_SKU - Tablte/Section 4/Frame 2147224799/Card SKU,ON_HOVER,NODE,2675:6204,CHANGE_TO,SMART_ANIMATE,300.0,EASE_OUT,,,
🔵 UI_Phase 1,I3139:8930;2675:6468,Format,SKU - PC/Desk_SKU - Tablte/Section 4/Frame 2147224799/Card SKU/Format,(legacy),NAVIGATE,2675:6400,,,300.0,EASE_OUT,,,
🔵 UI_Phase 1,I3139:8930;2675:6468,Format,SKU - PC/Desk_SKU - Tablte/Section 4/Frame 2147224799/Card SKU/Format,ON_HOVER,NODE,2675:6400,CHANGE_TO,SMART_ANIMATE,300.0,EASE_OUT,,,
🔵 UI_Phase 1,3139:8931,Card SKU,SKU - PC/Desk_SKU - Tablte/Section 4/Frame 2147224799/Card SKU,(legacy),NAVIGATE,2675:6204,,,300.0,EASE_OUT,,,
🔵 UI_Phase 1,3139:8931,Card SKU,SKU - PC/Desk_SKU - Tablte/Section 4/Frame 2147224799/Card SKU,ON_HOVER,NODE,2675:6204,CHANGE_TO,SMART_ANIMATE,300.0,EASE_OUT,,,
🔵 UI_Phase 1,I3139:8931;2675:6468,Format,SKU - PC/Desk_SKU - Tablte/Section 4/Frame 2147224799/Card SKU/Format,(legacy),NAVIGATE,2675:6428,,,300.0,EASE_OUT,,,
🔵 UI_Phase 1,I3139:8931;2675:6468,Format,SKU - PC/Desk_SKU - Tablte/Section 4/Frame 2147224799/Card SKU/Format,ON_HOVER,NODE,2675:6428,CHANGE_TO,SMART_ANIMATE,300.0,EASE_OUT,,,
🔵 UI_Phase 1,3139:8932,Card SKU,SKU - PC/Desk_SKU - Tablte/Section 4/Frame 2147224799/Card SKU,(legacy),NAVIGATE,2675:6204,,,300.0,EASE_OUT,,,
🔵 UI_Phase 1,3139:8932,Card SKU,SKU - PC/Desk_SKU - Tablte/Section 4/Frame 2147224799/Card SKU,ON_HOVER,NODE,2675:6204,CHANGE_TO,SMART_ANIMATE,300.0,EASE_OUT,,,
🔵 UI_Phase 1,I3139:8932;2675:6468,Format,SKU - PC/Desk_SKU - Tablte/Section 4/Frame 2147224799/Card SKU/Format,(legacy),NAVIGATE,2675:6444,,,300.0,EASE_OUT,,,
🔵 UI_Phase 1,I3139:8932;2675:6468,Format,SKU - PC/Desk_SKU - Tablte/Section 4/Frame 2147224799/Card SKU/Format,ON_HOVER,NODE,2675:6444,CHANGE_TO,SMART_ANIMATE,300.0,EASE_OUT,,,
🔵 UI_Phase 1,3139:8933,Card SKU,SKU - PC/Desk_SKU - Tablte/Section 4/Frame 2147224799/Card SKU,(legacy),NAVIGATE,2675:6204,,,300.0,EASE_OUT,,,
🔵 UI_Phase 1,3139:8933,Card SKU,SKU - PC/Desk_SKU - Tablte/Section 4/Frame 2147224799/Card SKU,ON_HOVER,NODE,2675:6204,CHANGE_TO,SMART_ANIMATE,300.0,EASE_OUT,,,
🔵 UI_Phase 1,I3139:8933;2675:6468,Format,SKU - PC/Desk_SKU - Tablte/Section 4/Frame 2147224799/Card SKU/Format,(legacy),NAVIGATE,2675:6412,,,300.0,EASE_OUT,,,
🔵 UI_Phase 1,I3139:8933;2675:6468,Format,SKU - PC/Desk_SKU - Tablte/Section 4/Frame 2147224799/Card SKU/Format,ON_HOVER,NODE,2675:6412,CHANGE_TO,SMART_ANIMATE,300.0,EASE_OUT,,,
🔵 UI_Phase 1,2933:9556,Badge & Chip,SKU - PC/Desk_SKU - Tablte/Section 4/Frame 2147224797/Frame 2147224795/Frame 2147224798/Badge & Chip,(legacy),NAVIGATE,2675:7812,,,300.0,EASE_OUT,,,
🔵 UI_Phase 1,2933:9556,Badge & Chip,SKU - PC/Desk_SKU - Tablte/Section 4/Frame 2147224797/Frame 2147224795/Frame 2147224798/Badge & Chip,ON_CLICK,NODE,2675:7812,NAVIGATE,,,,,,
🔵 UI_Phase 1,I2933:9556;2675:6832,nav-arrow,SKU - PC/Desk_SKU - Tablte/Section 4/Frame 2147224797/Frame 2147224795/Frame 2147224798/Badge & Chip/nav-arrow,ON_CLICK,NODE,,CHANGE_TO,,,,,,
🔵 UI_Phase 1,2933:9559,Component 11,SKU - PC/Desk_SKU - Tablte/Section 4/Frame 2147224797/Frame 2147224795/Component 11,(legacy),NAVIGATE,2633:5704,,,300.0,EASE_OUT,,,
🔵 UI_Phase 1,2933:9559,Component 11,SKU - PC/Desk_SKU - Tablte/Section 4/Frame 2147224797/Frame 2147224795/Component 11,ON_HOVER,NODE,2633:5704,CHANGE_TO,SMART_ANIMATE,300.0,EASE_OUT,,,
🔵 UI_Phase 1,I2769:6667;2531:9826,Button of Nav Heading,SKU - PC/Desk_SKU - Tablte/Footer Desk/Frame 5/Frame 5/Frame 92/Frame 2147224758/Button of Nav Heading,(legacy),NAVIGATE,2445:2781,,,300.0,EASE_OUT,,,
🔵 UI_Phase 1,I2769:6667;2531:9826,Button of Nav Heading,SKU - PC/Desk_SKU - Tablte/Footer Desk/Frame 5/Frame 5/Frame 92/Frame 2147224758/Button of Nav Heading,ON_HOVER,NODE,2445:2781,CHANGE_TO,SMART_ANIMATE,300.0,EASE_OUT,,,
🔵 UI_Phase 1,I2769:6667;2531:9827,Button of Nav Heading,SKU - PC/Desk_SKU - Tablte/Footer Desk/Frame 5/Frame 5/Frame 92/Frame 2147224758/Button of Nav Heading,(legacy),NAVIGATE,2445:2781,,,300.0,EASE_OUT,,,
🔵 UI_Phase 1,I2769:6667;2531:9827,Button of Nav Heading,SKU - PC/Desk_SKU - Tablte/Footer Desk/Frame 5/Frame 5/Frame 92/Frame 2147224758/Button of Nav Heading,ON_HOVER,NODE,2445:2781,CHANGE_TO,SMART_ANIMATE,300.0,EASE_OUT,,,
🔵 UI_Phase 1,I2769:6667;2531:9828,Button of Nav Heading,SKU - PC/Desk_SKU - Tablte/Footer Desk/Frame 5/Frame 5/Frame 92/Frame 2147224758/Button of Nav Heading,(legacy),NAVIGATE,2445:2781,,,300.0,EASE_OUT,,,
🔵 UI_Phase 1,I2769:6667;2531:9828,Button of Nav Heading,SKU - PC/Desk_SKU - Tablte/Footer Desk/Frame 5/Frame 5/Frame 92/Frame 2147224758/Button of Nav Heading,ON_HOVER,NODE,2445:2781,CHANGE_TO,SMART_ANIMATE,300.0,EASE_OUT,,,
🔵 UI_Phase 1,I2769:6667;2531:9829,Button of Nav Heading,SKU - PC/Desk_SKU - Tablte/Footer Desk/Frame 5/Frame 5/Frame 92/Frame 2147224758/Button of Nav Heading,(legacy),NAVIGATE,2531:6498,,,300.0,EASE_OUT,,,
🔵 UI_Phase 1,I2769:6667;2531:9829,Button of Nav Heading,SKU - PC/Desk_SKU - Tablte/Footer Desk/Frame 5/Frame 5/Frame 92/Frame 2147224758/Button of Nav Heading,ON_HOVER,NODE,2531:6498,CHANGE_TO,SMART_ANIMATE,300.0,EASE_OUT,,,
🔵 UI_Phase 1,I2769:6667;2531:10059,Back Button,SKU - PC/Desk_SKU - Tablte/Footer Desk/Frame 1527/Back Button,(legacy),NAVIGATE,2445:2488,,,100.0,LINEAR,,,
🔵 UI_Phase 1,I2769:6667;2531:10059,Back Button,SKU - PC/Desk_SKU - Tablte/Footer Desk/Frame 1527/Back Button,ON_HOVER,NODE,2445:2488,CHANGE_TO,SMART_ANIMATE,100.0,LINEAR,,,
🔵 UI_Phase 1,I2769:6667;2531:10059,Back Button,SKU - PC/Desk_SKU - Tablte/Footer Desk/Frame 1527/Back Button,ON_CLICK,NODE,2769:6613,SCROLL_TO,SCROLL_ANIMATE,300.0,EASE_OUT,,,
🔵 UI_Phase 1,I2856:7190;2445:2808,Button of Nav Heading,SKU - PC/Tb_SKU - Tablte/Frame 2147224759/Frame 2147224758/Button of Nav Heading,(legacy),NAVIGATE,2445:2781,,,300.0,EASE_OUT,,,
🔵 UI_Phase 1,I2856:7190;2445:2808,Button of Nav Heading,SKU - PC/Tb_SKU - Tablte/Frame 2147224759/Frame 2147224758/Button of Nav Heading,ON_HOVER,NODE,2445:2781,CHANGE_TO,SMART_ANIMATE,300.0,EASE_OUT,,,
🔵 UI_Phase 1,I2856:7190;2445:2811,Button of Nav Heading,SKU - PC/Tb_SKU - Tablte/Frame 2147224759/Frame 2147224758/Button of Nav Heading,(legacy),NAVIGATE,2445:2781,,,300.0,EASE_OUT,,,
🔵 UI_Phase 1,I2856:7190;2445:2811,Button of Nav Heading,SKU - PC/Tb_SKU - Tablte/Frame 2147224759/Frame 2147224758/Button of Nav Heading,ON_HOVER,NODE,2445:2781,CHANGE_TO,SMART_ANIMATE,300.0,EASE_OUT,,,
🔵 UI_Phase 1,I2856:7190;2445:2814,Button of Nav Heading,SKU - PC/Tb_SKU - Tablte/Frame 2147224759/Frame 2147224758/Button of Nav Heading,(legacy),NAVIGATE,2445:2781,,,300.0,EASE_OUT,,,
🔵 UI_Phase 1,I2856:7190;2445:2814,Button of Nav Heading,SKU - PC/Tb_SKU - Tablte/Frame 2147224759/Frame 2147224758/Button of Nav Heading,ON_HOVER,NODE,2445:2781,CHANGE_TO,SMART_ANIMATE,300.0,EASE_OUT,,,
🔵 UI_Phase 1,I2856:7190;2531:6542,Button of Nav Heading,SKU - PC/Tb_SKU - Tablte/Frame 2147224759/Frame 2147224758/Button of Nav Heading,(legacy),NAVIGATE,2531:6498,,,300.0,EASE_OUT,,,
🔵 UI_Phase 1,I2856:7190;2531:6542,Button of Nav Heading,SKU - PC/Tb_SKU - Tablte/Frame 2147224759/Frame 2147224758/Button of Nav Heading,ON_HOVER,NODE,2531:6498,CHANGE_TO,SMART_ANIMATE,300.0,EASE_OUT,,,
🔵 UI_Phase 1,2995:10199,Button,SKU - PC/Tb_SKU - Tablte/Frame 2147224830/Frame 2147224834/Pride/Button,(legacy),NAVIGATE,2633:2693,,,300.0,EASE_OUT,,,
🔵 UI_Phase 1,2995:10199,Button,SKU - PC/Tb_SKU - Tablte/Frame 2147224830/Frame 2147224834/Pride/Button,ON_CLICK,NODE,2633:2693,NAVIGATE,SMART_ANIMATE,300.0,EASE_OUT,,,
🔵 UI_Phase 1,2995:10210,Button,SKU - PC/Tb_SKU - Tablte/Frame 2147224830/Frame 2147224834/Pride/Button,(legacy),NAVIGATE,36:781,,,300.0,EASE_OUT,,,
🔵 UI_Phase 1,2995:10210,Button,SKU - PC/Tb_SKU - Tablte/Frame 2147224830/Frame 2147224834/Pride/Button,ON_HOVER,NODE,36:781,CHANGE_TO,SMART_ANIMATE,300.0,EASE_OUT,,,
🔵 UI_Phase 1,2995:10210,Button,SKU - PC/Tb_SKU - Tablte/Frame 2147224830/Frame 2147224834/Pride/Button,ON_CLICK,NODE,2448:7642,NAVIGATE,SMART_ANIMATE,300.0,EASE_OUT,,,
🔵 UI_Phase 1,2856:7212,Device Button,SKU - PC/Tb_SKU - Tablte/Frame 2147224830/Frame 2147224833/segmented-control/Device Button,(legacy),NAVIGATE,2769:6026,,,300.0,EASE_OUT,,,
🔵 UI_Phase 1,2856:7212,Device Button,SKU - PC/Tb_SKU - Tablte/Frame 2147224830/Frame 2147224833/segmented-control/Device Button,ON_CLICK,NODE,2769:6026,CHANGE_TO,SMART_ANIMATE,300.0,EASE_OUT,,,
🔵 UI_Phase 1,I2856:7212;2769:6048,Device Icon,SKU - PC/Tb_SKU - Tablte/Frame 2147224830/Frame 2147224833/segmented-control/Device Button/Device Icon,ON_CLICK,,,,,,,,,
🔵 UI_Phase 1,2856:7213,Device Button,SKU - PC/Tb_SKU - Tablte/Frame 2147224830/Frame 2147224833/segmented-control/Device Button,(legacy),NAVIGATE,2769:6061,,,300.0,EASE_OUT,,,
🔵 UI_Phase 1,2856:7213,Device Button,SKU - PC/Tb_SKU - Tablte/Frame 2147224830/Frame 2147224833/segmented-control/Device Button,ON_CLICK,NODE,2769:6061,CHANGE_TO,SMART_ANIMATE,300.0,EASE_OUT,,,
🔵 UI_Phase 1,I2856:7213;2769:6033,Device Icon,SKU - PC/Tb_SKU - Tablte/Frame 2147224830/Frame 2147224833/segmented-control/Device Button/Device Icon,(legacy),NAVIGATE,2769:5946,,,300.0,EASE_OUT,,,
🔵 UI_Phase 1,I2856:7213;2769:6033,Device Icon,SKU - PC/Tb_SKU - Tablte/Frame 2147224830/Frame 2147224833/segmented-control/Device Button/Device Icon,ON_HOVER,NODE,2769:5946,CHANGE_TO,SMART_ANIMATE,300.0,EASE_OUT,,,
🔵 UI_Phase 1,2856:7214,Device Button,SKU - PC/Tb_SKU - Tablte/Frame 2147224830/Frame 2147224833/segmented-control/Device Button,(legacy),NAVIGATE,2769:6026,,,300.0,EASE_OUT,,,
🔵 UI_Phase 1,2856:7214,Device Button,SKU - PC/Tb_SKU - Tablte/Frame 2147224830/Frame 2147224833/segmented-control/Device Button,ON_CLICK,NODE,2769:6026,CHANGE_TO,SMART_ANIMATE,300.0,EASE_OUT,,,
🔵 UI_Phase 1,I2856:7214;2769:6048,Device Icon,SKU - PC/Tb_SKU - Tablte/Frame 2147224830/Frame 2147224833/segmented-control/Device Button/Device Icon,ON_CLICK,,,,,,,,,
🔵 UI_Phase 1,3139:9075,Card SKU,SKU - PC/Tb_SKU - Tablte/Section 3/Frame 2147224798/Card SKU,(legacy),NAVIGATE,2675:6204,,,300.0,EASE_OUT,,,
🔵 UI_Phase 1,3139:9075,Card SKU,SKU - PC/Tb_SKU - Tablte/Section 3/Frame 2147224798/Card SKU,ON_HOVER,NODE,2675:6204,CHANGE_TO,SMART_ANIMATE,300.0,EASE_OUT,,,
🔵 UI_Phase 1,3139:9075,Card SKU,SKU - PC/Tb_SKU - Tablte/Section 3/Frame 2147224798/Card SKU,ON_CLICK,NODE,2856:8352,NAVIGATE,SMART_ANIMATE,300.0,EASE_OUT,,,
🔵 UI_Phase 1,I3139:9075;2675:6468,Component 12,SKU - PC/Tb_SKU - Tablte/Section 3/Frame 2147224798/Card SKU/Component 12,(legacy),NAVIGATE,2675:6348,,,300.0,EASE_OUT,,,
🔵 UI_Phase 1,I3139:9075;2675:6468,Component 12,SKU - PC/Tb_SKU - Tablte/Section 3/Frame 2147224798/Card SKU/Component 12,ON_HOVER,NODE,2675:6348,CHANGE_TO,SMART_ANIMATE,300.0,EASE_OUT,,,
🔵 UI_Phase 1,3139:9076,Card SKU,SKU - PC/Tb_SKU - Tablte/Section 3/Frame 2147224798/Card SKU,(legacy),NAVIGATE,2675:6204,,,300.0,EASE_OUT,,,
🔵 UI_Phase 1,3139:9076,Card SKU,SKU - PC/Tb_SKU - Tablte/Section 3/Frame 2147224798/Card SKU,ON_HOVER,NODE,2675:6204,CHANGE_TO,SMART_ANIMATE,300.0,EASE_OUT,,,
🔵 UI_Phase 1,I3139:9076;2675:6468,Format,SKU - PC/Tb_SKU - Tablte/Section 3/Frame 2147224798/Card SKU/Format,(legacy),NAVIGATE,2675:6355,,,300.0,EASE_OUT,,,
🔵 UI_Phase 1,I3139:9076;2675:6468,Format,SKU - PC/Tb_SKU - Tablte/Section 3/Frame 2147224798/Card SKU/Format,ON_HOVER,NODE,2675:6355,CHANGE_TO,SMART_ANIMATE,300.0,EASE_OUT,,,
🔵 UI_Phase 1,3139:9077,Card SKU,SKU - PC/Tb_SKU - Tablte/Section 3/Frame 2147224798/Card SKU,(legacy),NAVIGATE,2675:6204,,,300.0,EASE_OUT,,,
🔵 UI_Phase 1,3139:9077,Card SKU,SKU - PC/Tb_SKU - Tablte/Section 3/Frame 2147224798/Card SKU,ON_HOVER,NODE,2675:6204,CHANGE_TO,SMART_ANIMATE,300.0,EASE_OUT,,,
🔵 UI_Phase 1,I3139:9077;2675:6468,Format,SKU - PC/Tb_SKU - Tablte/Section 3/Frame 2147224798/Card SKU/Format,(legacy),NAVIGATE,2675:6366,,,300.0,EASE_OUT,,,
🔵 UI_Phase 1,I3139:9077;2675:6468,Format,SKU - PC/Tb_SKU - Tablte/Section 3/Frame 2147224798/Card SKU/Format,ON_HOVER,NODE,2675:6366,CHANGE_TO,SMART_ANIMATE,300.0,EASE_OUT,,,
🔵 UI_Phase 1,3139:9078,Card SKU,SKU - PC/Tb_SKU - Tablte/Section 3/Frame 2147224798/Card SKU,(legacy),NAVIGATE,2675:6204,,,300.0,EASE_OUT,,,
🔵 UI_Phase 1,3139:9078,Card SKU,SKU - PC/Tb_SKU - Tablte/Section 3/Frame 2147224798/Card SKU,ON_HOVER,NODE,2675:6204,CHANGE_TO,SMART_ANIMATE,300.0,EASE_OUT,,,
🔵 UI_Phase 1,I3139:9078;2675:6468,Format,SKU - PC/Tb_SKU - Tablte/Section 3/Frame 2147224798/Card SKU/Format,(legacy),NAVIGATE,2675:6380,,,300.0,EASE_OUT,,,
🔵 UI_Phase 1,I3139:9078;2675:6468,Format,SKU - PC/Tb_SKU - Tablte/Section 3/Frame 2147224798/Card SKU/Format,ON_HOVER,NODE,2675:6380,CHANGE_TO,SMART_ANIMATE,300.0,EASE_OUT,,,
🔵 UI_Phase 1,3139:9079,Card SKU,SKU - PC/Tb_SKU - Tablte/Section 3/Frame 2147224798/Card SKU,(legacy),NAVIGATE,2675:6204,,,300.0,EASE_OUT,,,
🔵 UI_Phase 1,3139:9079,Card SKU,SKU - PC/Tb_SKU - Tablte/Section 3/Frame 2147224798/Card SKU,ON_HOVER,NODE,2675:6204,CHANGE_TO,SMART_ANIMATE,300.0,EASE_OUT,,,
🔵 UI_Phase 1,I3139:9079;2675:6468,Format,SKU - PC/Tb_SKU - Tablte/Section 3/Frame 2147224798/Card SKU/Format,(legacy),NAVIGATE,2675:6390,,,300.0,EASE_OUT,,,
🔵 UI_Phase 1,I3139:9079;2675:6468,Format,SKU - PC/Tb_SKU - Tablte/Section 3/Frame 2147224798/Card SKU/Format,ON_HOVER,NODE,2675:6390,CHANGE_TO,SMART_ANIMATE,300.0,EASE_OUT,,,
🔵 UI_Phase 1,3139:9080,Card SKU,SKU - PC/Tb_SKU - Tablte/Section 3/Frame 2147224798/Card SKU,(legacy),NAVIGATE,2675:6204,,,300.0,EASE_OUT,,,
🔵 UI_Phase 1,3139:9080,Card SKU,SKU - PC/Tb_SKU - Tablte/Section 3/Frame 2147224798/Card SKU,ON_HOVER,NODE,2675:6204,CHANGE_TO,SMART_ANIMATE,300.0,EASE_OUT,,,
🔵 UI_Phase 1,I3139:9080;2675:6468,Format,SKU - PC/Tb_SKU - Tablte/Section 3/Frame 2147224798/Card SKU/Format,(legacy),NAVIGATE,2675:6400,,,300.0,EASE_OUT,,,
🔵 UI_Phase 1,I3139:9080;2675:6468,Format,SKU - PC/Tb_SKU - Tablte/Section 3/Frame 2147224798/Card SKU/Format,ON_HOVER,NODE,2675:6400,CHANGE_TO,SMART_ANIMATE,300.0,EASE_OUT,,,
🔵 UI_Phase 1,3139:9081,Card SKU,SKU - PC/Tb_SKU - Tablte/Section 3/Frame 2147224798/Card SKU,(legacy),NAVIGATE,2675:6204,,,300.0,EASE_OUT,,,
🔵 UI_Phase 1,3139:9081,Card SKU,SKU - PC/Tb_SKU - Tablte/Section 3/Frame 2147224798/Card SKU,ON_HOVER,NODE,2675:6204,CHANGE_TO,SMART_ANIMATE,300.0,EASE_OUT,,,
🔵 UI_Phase 1,I3139:9081;2675:6468,Format,SKU - PC/Tb_SKU - Tablte/Section 3/Frame 2147224798/Card SKU/Format,(legacy),NAVIGATE,2675:6428,,,300.0,EASE_OUT,,,
🔵 UI_Phase 1,I3139:9081;2675:6468,Format,SKU - PC/Tb_SKU - Tablte/Section 3/Frame 2147224798/Card SKU/Format,ON_HOVER,NODE,2675:6428,CHANGE_TO,SMART_ANIMATE,300.0,EASE_OUT,,,
🔵 UI_Phase 1,3139:9082,Card SKU,SKU - PC/Tb_SKU - Tablte/Section 3/Frame 2147224798/Card SKU,(legacy),NAVIGATE,2675:6204,,,300.0,EASE_OUT,,,
🔵 UI_Phase 1,3139:9082,Card SKU,SKU - PC/Tb_SKU - Tablte/Section 3/Frame 2147224798/Card SKU,ON_HOVER,NODE,2675:6204,CHANGE_TO,SMART_ANIMATE,300.0,EASE_OUT,,,
🔵 UI_Phase 1,I3139:9082;2675:6468,Format,SKU - PC/Tb_SKU - Tablte/Section 3/Frame 2147224798/Card SKU/Format,(legacy),NAVIGATE,2675:6444,,,300.0,EASE_OUT,,,
🔵 UI_Phase 1,I3139:9082;2675:6468,Format,SKU - PC/Tb_SKU - Tablte/Section 3/Frame 2147224798/Card SKU/Format,ON_HOVER,NODE,2675:6444,CHANGE_TO,SMART_ANIMATE,300.0,EASE_OUT,,,
🔵 UI_Phase 1,3139:9083,Card SKU,SKU - PC/Tb_SKU - Tablte/Section 3/Frame 2147224798/Card SKU,(legacy),NAVIGATE,2675:6204,,,300.0,EASE_OUT,,,
🔵 UI_Phase 1,3139:9083,Card SKU,SKU - PC/Tb_SKU - Tablte/Section 3/Frame 2147224798/Card SKU,ON_HOVER,NODE,2675:6204,CHANGE_TO,SMART_ANIMATE,300.0,EASE_OUT,,,
🔵 UI_Phase 1,I3139:9083;2675:6468,Format,SKU - PC/Tb_SKU - Tablte/Section 3/Frame 2147224798/Card SKU/Format,(legacy),NAVIGATE,2675:6412,,,300.0,EASE_OUT,,,
🔵 UI_Phase 1,I3139:9083;2675:6468,Format,SKU - PC/Tb_SKU - Tablte/Section 3/Frame 2147224798/Card SKU/Format,ON_HOVER,NODE,2675:6412,CHANGE_TO,SMART_ANIMATE,300.0,EASE_OUT,,,
🔵 UI_Phase 1,I2933:10147;2675:6832,nav-arrow,SKU - PC/Tb_SKU - Tablte/Section 3/Frame 2147224797/Frame 2147224795/Frame 2147224798/Badge & Chip/nav-arrow,ON_CLICK,NODE,,CHANGE_TO,,,,,,
🔵 UI_Phase 1,2933:10150,Component 11,SKU - PC/Tb_SKU - Tablte/Section 3/Frame 2147224797/Frame 2147224795/Component 11,(legacy),NAVIGATE,2633:5704,,,300.0,EASE_OUT,,,
🔵 UI_Phase 1,2933:10150,Component 11,SKU - PC/Tb_SKU - Tablte/Section 3/Frame 2147224797/Frame 2147224795/Component 11,ON_HOVER,NODE,2633:5704,CHANGE_TO,SMART_ANIMATE,300.0,EASE_OUT,,,
🔵 UI_Phase 1,I2856:7236;2531:9855,Button of Nav Heading,SKU - PC/Tb_SKU - Tablte/Footer Desk/Frame 2087326389/Frame 92/Frame 2147224758/Button of Nav Heading,(legacy),NAVIGATE,2445:2781,,,300.0,EASE_OUT,,,
🔵 UI_Phase 1,I2856:7236;2531:9855,Button of Nav Heading,SKU - PC/Tb_SKU - Tablte/Footer Desk/Frame 2087326389/Frame 92/Frame 2147224758/Button of Nav Heading,ON_HOVER,NODE,2445:2781,CHANGE_TO,SMART_ANIMATE,300.0,EASE_OUT,,,
🔵 UI_Phase 1,I2856:7236;2531:9856,Button of Nav Heading,SKU - PC/Tb_SKU - Tablte/Footer Desk/Frame 2087326389/Frame 92/Frame 2147224758/Button of Nav Heading,(legacy),NAVIGATE,2445:2781,,,300.0,EASE_OUT,,,
🔵 UI_Phase 1,I2856:7236;2531:9856,Button of Nav Heading,SKU - PC/Tb_SKU - Tablte/Footer Desk/Frame 2087326389/Frame 92/Frame 2147224758/Button of Nav Heading,ON_HOVER,NODE,2445:2781,CHANGE_TO,SMART_ANIMATE,300.0,EASE_OUT,,,
🔵 UI_Phase 1,I2856:7236;2531:9857,Button of Nav Heading,SKU - PC/Tb_SKU - Tablte/Footer Desk/Frame 2087326389/Frame 92/Frame 2147224758/Button of Nav Heading,(legacy),NAVIGATE,2445:2781,,,300.0,EASE_OUT,,,
🔵 UI_Phase 1,I2856:7236;2531:9857,Button of Nav Heading,SKU - PC/Tb_SKU - Tablte/Footer Desk/Frame 2087326389/Frame 92/Frame 2147224758/Button of Nav Heading,ON_HOVER,NODE,2445:2781,CHANGE_TO,SMART_ANIMATE,300.0,EASE_OUT,,,
🔵 UI_Phase 1,I2856:7236;2531:9858,Button of Nav Heading,SKU - PC/Tb_SKU - Tablte/Footer Desk/Frame 2087326389/Frame 92/Frame 2147224758/Button of Nav Heading,(legacy),NAVIGATE,2531:6498,,,300.0,EASE_OUT,,,
🔵 UI_Phase 1,I2856:7236;2531:9858,Button of Nav Heading,SKU - PC/Tb_SKU - Tablte/Footer Desk/Frame 2087326389/Frame 92/Frame 2147224758/Button of Nav Heading,ON_HOVER,NODE,2531:6498,CHANGE_TO,SMART_ANIMATE,300.0,EASE_OUT,,,
🔵 UI_Phase 1,I2856:7236;2531:10025,Back Button,SKU - PC/Tb_SKU - Tablte/Footer Desk/Frame 1527/Back Button,(legacy),NAVIGATE,2445:2488,,,100.0,LINEAR,,,
🔵 UI_Phase 1,I2856:7236;2531:10025,Back Button,SKU - PC/Tb_SKU - Tablte/Footer Desk/Frame 1527/Back Button,ON_HOVER,NODE,2445:2488,CHANGE_TO,SMART_ANIMATE,100.0,LINEAR,,,
🔵 UI_Phase 1,I2856:7236;2531:10025,Back Button,SKU - PC/Tb_SKU - Tablte/Footer Desk/Frame 1527/Back Button,ON_CLICK,NODE,2856:7190,SCROLL_TO,SCROLL_ANIMATE,300.0,EASE_OUT,,,
🔵 UI_Phase 1,2825:8285,Device Button,SKU - PC/Mb_SKU - PC/Frame 2147224830/Frame 2147224833/segmented-control/Device Button,(legacy),NAVIGATE,2769:6028,,,300.0,EASE_OUT,,,
🔵 UI_Phase 1,2825:8285,Device Button,SKU - PC/Mb_SKU - PC/Frame 2147224830/Frame 2147224833/segmented-control/Device Button,ON_CLICK,NODE,2769:6028,CHANGE_TO,SMART_ANIMATE,300.0,EASE_OUT,,,
🔵 UI_Phase 1,I2825:8285;2769:6054,Device Icon,SKU - PC/Mb_SKU - PC/Frame 2147224830/Frame 2147224833/segmented-control/Device Button/Device Icon,ON_CLICK,,,,,,,,,
🔵 UI_Phase 1,2825:8286,Device Button,SKU - PC/Mb_SKU - PC/Frame 2147224830/Frame 2147224833/segmented-control/Device Button,(legacy),NAVIGATE,2769:6028,,,300.0,EASE_OUT,,,
🔵 UI_Phase 1,2825:8286,Device Button,SKU - PC/Mb_SKU - PC/Frame 2147224830/Frame 2147224833/segmented-control/Device Button,ON_CLICK,NODE,2769:6028,CHANGE_TO,SMART_ANIMATE,300.0,EASE_OUT,,,
🔵 UI_Phase 1,I2825:8286;2769:6054,Device Icon,SKU - PC/Mb_SKU - PC/Frame 2147224830/Frame 2147224833/segmented-control/Device Button/Device Icon,ON_CLICK,,,,,,,,,
🔵 UI_Phase 1,2825:8287,Device Button,SKU - PC/Mb_SKU - PC/Frame 2147224830/Frame 2147224833/segmented-control/Device Button,(legacy),NAVIGATE,2769:6028,,,300.0,EASE_OUT,,,
🔵 UI_Phase 1,2825:8287,Device Button,SKU - PC/Mb_SKU - PC/Frame 2147224830/Frame 2147224833/segmented-control/Device Button,ON_CLICK,NODE,2769:6028,CHANGE_TO,SMART_ANIMATE,300.0,EASE_OUT,,,
🔵 UI_Phase 1,I2825:8287;2769:6054,Device Icon,SKU - PC/Mb_SKU - PC/Frame 2147224830/Frame 2147224833/segmented-control/Device Button/Device Icon,ON_CLICK,,,,,,,,,
🔵 UI_Phase 1,2995:10323,Button,SKU - PC/Mb_SKU - PC/Frame 2147224830/Frame 2147224835/Button,(legacy),NAVIGATE,2811:6782,,,300.0,EASE_OUT,,,
🔵 UI_Phase 1,2995:10323,Button,SKU - PC/Mb_SKU - PC/Frame 2147224830/Frame 2147224835/Button,ON_CLICK,NODE,2811:6782,NAVIGATE,SMART_ANIMATE,300.0,EASE_OUT,,,
🔵 UI_Phase 1,2995:10335,Button,SKU - PC/Mb_SKU - PC/Frame 2147224830/Frame 2147224835/Button,(legacy),NAVIGATE,36:781,,,300.0,EASE_OUT,,,
🔵 UI_Phase 1,2995:10335,Button,SKU - PC/Mb_SKU - PC/Frame 2147224830/Frame 2147224835/Button,ON_HOVER,NODE,36:781,CHANGE_TO,SMART_ANIMATE,300.0,EASE_OUT,,,
🔵 UI_Phase 1,2995:10335,Button,SKU - PC/Mb_SKU - PC/Frame 2147224830/Frame 2147224835/Button,ON_CLICK,NODE,2753:5405,NAVIGATE,SMART_ANIMATE,300.0,EASE_OUT,,,
🔵 UI_Phase 1,3139:10114,Card SKU,SKU - PC/Mb_SKU - PC/Section 3/Frame 2147224798/Card SKU,(legacy),NAVIGATE,2675:6204,,,300.0,EASE_OUT,,,
🔵 UI_Phase 1,3139:10114,Card SKU,SKU - PC/Mb_SKU - PC/Section 3/Frame 2147224798/Card SKU,ON_HOVER,NODE,2675:6204,CHANGE_TO,SMART_ANIMATE,300.0,EASE_OUT,,,
🔵 UI_Phase 1,3139:10114,Card SKU,SKU - PC/Mb_SKU - PC/Section 3/Frame 2147224798/Card SKU,ON_CLICK,NODE,2856:8352,NAVIGATE,SMART_ANIMATE,300.0,EASE_OUT,,,
🔵 UI_Phase 1,I3139:10114;2675:6468,Component 12,SKU - PC/Mb_SKU - PC/Section 3/Frame 2147224798/Card SKU/Component 12,(legacy),NAVIGATE,2675:6348,,,300.0,EASE_OUT,,,
🔵 UI_Phase 1,I3139:10114;2675:6468,Component 12,SKU - PC/Mb_SKU - PC/Section 3/Frame 2147224798/Card SKU/Component 12,ON_HOVER,NODE,2675:6348,CHANGE_TO,SMART_ANIMATE,300.0,EASE_OUT,,,
🔵 UI_Phase 1,3139:10115,Card SKU,SKU - PC/Mb_SKU - PC/Section 3/Frame 2147224798/Card SKU,(legacy),NAVIGATE,2675:6204,,,300.0,EASE_OUT,,,
🔵 UI_Phase 1,3139:10115,Card SKU,SKU - PC/Mb_SKU - PC/Section 3/Frame 2147224798/Card SKU,ON_HOVER,NODE,2675:6204,CHANGE_TO,SMART_ANIMATE,300.0,EASE_OUT,,,
🔵 UI_Phase 1,I3139:10115;2675:6468,Format,SKU - PC/Mb_SKU - PC/Section 3/Frame 2147224798/Card SKU/Format,(legacy),NAVIGATE,2675:6355,,,300.0,EASE_OUT,,,
🔵 UI_Phase 1,I3139:10115;2675:6468,Format,SKU - PC/Mb_SKU - PC/Section 3/Frame 2147224798/Card SKU/Format,ON_HOVER,NODE,2675:6355,CHANGE_TO,SMART_ANIMATE,300.0,EASE_OUT,,,
🔵 UI_Phase 1,3139:10116,Card SKU,SKU - PC/Mb_SKU - PC/Section 3/Frame 2147224798/Card SKU,(legacy),NAVIGATE,2675:6204,,,300.0,EASE_OUT,,,
🔵 UI_Phase 1,3139:10116,Card SKU,SKU - PC/Mb_SKU - PC/Section 3/Frame 2147224798/Card SKU,ON_HOVER,NODE,2675:6204,CHANGE_TO,SMART_ANIMATE,300.0,EASE_OUT,,,
🔵 UI_Phase 1,I3139:10116;2675:6468,Format,SKU - PC/Mb_SKU - PC/Section 3/Frame 2147224798/Card SKU/Format,(legacy),NAVIGATE,2675:6366,,,300.0,EASE_OUT,,,
🔵 UI_Phase 1,I3139:10116;2675:6468,Format,SKU - PC/Mb_SKU - PC/Section 3/Frame 2147224798/Card SKU/Format,ON_HOVER,NODE,2675:6366,CHANGE_TO,SMART_ANIMATE,300.0,EASE_OUT,,,
🔵 UI_Phase 1,3139:10117,Card SKU,SKU - PC/Mb_SKU - PC/Section 3/Frame 2147224798/Card SKU,(legacy),NAVIGATE,2675:6204,,,300.0,EASE_OUT,,,
🔵 UI_Phase 1,3139:10117,Card SKU,SKU - PC/Mb_SKU - PC/Section 3/Frame 2147224798/Card SKU,ON_HOVER,NODE,2675:6204,CHANGE_TO,SMART_ANIMATE,300.0,EASE_OUT,,,
🔵 UI_Phase 1,I3139:10117;2675:6468,Format,SKU - PC/Mb_SKU - PC/Section 3/Frame 2147224798/Card SKU/Format,(legacy),NAVIGATE,2675:6380,,,300.0,EASE_OUT,,,
🔵 UI_Phase 1,I3139:10117;2675:6468,Format,SKU - PC/Mb_SKU - PC/Section 3/Frame 2147224798/Card SKU/Format,ON_HOVER,NODE,2675:6380,CHANGE_TO,SMART_ANIMATE,300.0,EASE_OUT,,,
🔵 UI_Phase 1,3139:10118,Card SKU,SKU - PC/Mb_SKU - PC/Section 3/Frame 2147224798/Card SKU,(legacy),NAVIGATE,2675:6204,,,300.0,EASE_OUT,,,
🔵 UI_Phase 1,3139:10118,Card SKU,SKU - PC/Mb_SKU - PC/Section 3/Frame 2147224798/Card SKU,ON_HOVER,NODE,2675:6204,CHANGE_TO,SMART_ANIMATE,300.0,EASE_OUT,,,
🔵 UI_Phase 1,I3139:10118;2675:6468,Format,SKU - PC/Mb_SKU - PC/Section 3/Frame 2147224798/Card SKU/Format,(legacy),NAVIGATE,2675:6390,,,300.0,EASE_OUT,,,
🔵 UI_Phase 1,I3139:10118;2675:6468,Format,SKU - PC/Mb_SKU - PC/Section 3/Frame 2147224798/Card SKU/Format,ON_HOVER,NODE,2675:6390,CHANGE_TO,SMART_ANIMATE,300.0,EASE_OUT,,,
🔵 UI_Phase 1,3139:10119,Card SKU,SKU - PC/Mb_SKU - PC/Section 3/Frame 2147224798/Card SKU,(legacy),NAVIGATE,2675:6204,,,300.0,EASE_OUT,,,
🔵 UI_Phase 1,3139:10119,Card SKU,SKU - PC/Mb_SKU - PC/Section 3/Frame 2147224798/Card SKU,ON_HOVER,NODE,2675:6204,CHANGE_TO,SMART_ANIMATE,300.0,EASE_OUT,,,
🔵 UI_Phase 1,I3139:10119;2675:6468,Format,SKU - PC/Mb_SKU - PC/Section 3/Frame 2147224798/Card SKU/Format,(legacy),NAVIGATE,2675:6400,,,300.0,EASE_OUT,,,
🔵 UI_Phase 1,I3139:10119;2675:6468,Format,SKU - PC/Mb_SKU - PC/Section 3/Frame 2147224798/Card SKU/Format,ON_HOVER,NODE,2675:6400,CHANGE_TO,SMART_ANIMATE,300.0,EASE_OUT,,,
🔵 UI_Phase 1,3139:10120,Card SKU,SKU - PC/Mb_SKU - PC/Section 3/Frame 2147224798/Card SKU,(legacy),NAVIGATE,2675:6204,,,300.0,EASE_OUT,,,
🔵 UI_Phase 1,3139:10120,Card SKU,SKU - PC/Mb_SKU - PC/Section 3/Frame 2147224798/Card SKU,ON_HOVER,NODE,2675:6204,CHANGE_TO,SMART_ANIMATE,300.0,EASE_OUT,,,
🔵 UI_Phase 1,I3139:10120;2675:6468,Format,SKU - PC/Mb_SKU - PC/Section 3/Frame 2147224798/Card SKU/Format,(legacy),NAVIGATE,2675:6428,,,300.0,EASE_OUT,,,
🔵 UI_Phase 1,I3139:10120;2675:6468,Format,SKU - PC/Mb_SKU - PC/Section 3/Frame 2147224798/Card SKU/Format,ON_HOVER,NODE,2675:6428,CHANGE_TO,SMART_ANIMATE,300.0,EASE_OUT,,,
🔵 UI_Phase 1,3139:10121,Card SKU,SKU - PC/Mb_SKU - PC/Section 3/Frame 2147224798/Card SKU,(legacy),NAVIGATE,2675:6204,,,300.0,EASE_OUT,,,
🔵 UI_Phase 1,3139:10121,Card SKU,SKU - PC/Mb_SKU - PC/Section 3/Frame 2147224798/Card SKU,ON_HOVER,NODE,2675:6204,CHANGE_TO,SMART_ANIMATE,300.0,EASE_OUT,,,
🔵 UI_Phase 1,I3139:10121;2675:6468,Format,SKU - PC/Mb_SKU - PC/Section 3/Frame 2147224798/Card SKU/Format,(legacy),NAVIGATE,2675:6444,,,300.0,EASE_OUT,,,
🔵 UI_Phase 1,I3139:10121;2675:6468,Format,SKU - PC/Mb_SKU - PC/Section 3/Frame 2147224798/Card SKU/Format,ON_HOVER,NODE,2675:6444,CHANGE_TO,SMART_ANIMATE,300.0,EASE_OUT,,,
🔵 UI_Phase 1,3139:10122,Card SKU,SKU - PC/Mb_SKU - PC/Section 3/Frame 2147224798/Card SKU,(legacy),NAVIGATE,2675:6204,,,300.0,EASE_OUT,,,
🔵 UI_Phase 1,3139:10122,Card SKU,SKU - PC/Mb_SKU - PC/Section 3/Frame 2147224798/Card SKU,ON_HOVER,NODE,2675:6204,CHANGE_TO,SMART_ANIMATE,300.0,EASE_OUT,,,
🔵 UI_Phase 1,I3139:10122;2675:6468,Format,SKU - PC/Mb_SKU - PC/Section 3/Frame 2147224798/Card SKU/Format,(legacy),NAVIGATE,2675:6412,,,300.0,EASE_OUT,,,
🔵 UI_Phase 1,I3139:10122;2675:6468,Format,SKU - PC/Mb_SKU - PC/Section 3/Frame 2147224798/Card SKU/Format,ON_HOVER,NODE,2675:6412,CHANGE_TO,SMART_ANIMATE,300.0,EASE_OUT,,,
🔵 UI_Phase 1,2933:8964,Component 11,SKU - PC/Mb_SKU - PC/Section 3/Frame 2147224797/Component 11,(legacy),NAVIGATE,2633:5704,,,300.0,EASE_OUT,,,
🔵 UI_Phase 1,2933:8964,Component 11,SKU - PC/Mb_SKU - PC/Section 3/Frame 2147224797/Component 11,ON_HOVER,NODE,2633:5704,CHANGE_TO,SMART_ANIMATE,300.0,EASE_OUT,,,
🔵 UI_Phase 1,2933:8967,Badge & Chip,SKU - PC/Mb_SKU - PC/Section 3/Frame 2147224797/Frame 2147224798/Badge & Chip,(legacy),NAVIGATE,2675:7812,,,300.0,EASE_OUT,,,
🔵 UI_Phase 1,2933:8967,Badge & Chip,SKU - PC/Mb_SKU - PC/Section 3/Frame 2147224797/Frame 2147224798/Badge & Chip,ON_CLICK,NODE,2675:7812,NAVIGATE,,,,,,
🔵 UI_Phase 1,I2933:8967;2675:6832,nav-arrow,SKU - PC/Mb_SKU - PC/Section 3/Frame 2147224797/Frame 2147224798/Badge & Chip/nav-arrow,ON_CLICK,NODE,,CHANGE_TO,,,,,,
🔵 UI_Phase 1,I2825:8321;2531:9882,Button of Nav Heading,SKU - PC/Mb_SKU - PC/Footer Desk/Frame 92/Frame 2147224758/Button of Nav Heading,(legacy),NAVIGATE,2445:2781,,,300.0,EASE_OUT,,,
🔵 UI_Phase 1,I2825:8321;2531:9882,Button of Nav Heading,SKU - PC/Mb_SKU - PC/Footer Desk/Frame 92/Frame 2147224758/Button of Nav Heading,ON_HOVER,NODE,2445:2781,CHANGE_TO,SMART_ANIMATE,300.0,EASE_OUT,,,
🔵 UI_Phase 1,I2825:8321;2531:9883,Button of Nav Heading,SKU - PC/Mb_SKU - PC/Footer Desk/Frame 92/Frame 2147224758/Button of Nav Heading,(legacy),NAVIGATE,2445:2781,,,300.0,EASE_OUT,,,
🔵 UI_Phase 1,I2825:8321;2531:9883,Button of Nav Heading,SKU - PC/Mb_SKU - PC/Footer Desk/Frame 92/Frame 2147224758/Button of Nav Heading,ON_HOVER,NODE,2445:2781,CHANGE_TO,SMART_ANIMATE,300.0,EASE_OUT,,,
🔵 UI_Phase 1,I2825:8321;2531:9884,Button of Nav Heading,SKU - PC/Mb_SKU - PC/Footer Desk/Frame 92/Frame 2147224758/Button of Nav Heading,(legacy),NAVIGATE,2445:2781,,,300.0,EASE_OUT,,,
🔵 UI_Phase 1,I2825:8321;2531:9884,Button of Nav Heading,SKU - PC/Mb_SKU - PC/Footer Desk/Frame 92/Frame 2147224758/Button of Nav Heading,ON_HOVER,NODE,2445:2781,CHANGE_TO,SMART_ANIMATE,300.0,EASE_OUT,,,
🔵 UI_Phase 1,I2825:8321;2531:9885,Button of Nav Heading,SKU - PC/Mb_SKU - PC/Footer Desk/Frame 92/Frame 2147224758/Button of Nav Heading,(legacy),NAVIGATE,2531:6500,,,300.0,EASE_OUT,,,
🔵 UI_Phase 1,I2825:8321;2531:9885,Button of Nav Heading,SKU - PC/Mb_SKU - PC/Footer Desk/Frame 92/Frame 2147224758/Button of Nav Heading,ON_CLICK,NODE,2531:6500,CHANGE_TO,SMART_ANIMATE,300.0,EASE_OUT,,,
🔵 UI_Phase 1,I2825:8321;2531:10029,Back Button,SKU - PC/Mb_SKU - PC/Footer Desk/Frame 2087326390/Back Button,(legacy),NAVIGATE,2445:2488,,,100.0,LINEAR,,,
🔵 UI_Phase 1,I2825:8321;2531:10029,Back Button,SKU - PC/Mb_SKU - PC/Footer Desk/Frame 2087326390/Back Button,ON_HOVER,NODE,2445:2488,CHANGE_TO,SMART_ANIMATE,100.0,LINEAR,,,
🔵 UI_Phase 1,I2825:8321;2531:10029,Back Button,SKU - PC/Mb_SKU - PC/Footer Desk/Frame 2087326390/Back Button,ON_CLICK,NODE,2825:8262,SCROLL_TO,SCROLL_ANIMATE,300.0,EASE_OUT,,,
🔵 UI_Phase 1,2633:5705,Property 1=Default,Section 8/Component 11/Property 1=Default,(legacy),NAVIGATE,2633:5704,,,300.0,EASE_OUT,,,
🔵 UI_Phase 1,2633:5705,Property 1=Default,Section 8/Component 11/Property 1=Default,ON_HOVER,NODE,2633:5704,CHANGE_TO,SMART_ANIMATE,300.0,EASE_OUT,,,
🔵 UI_Phase 1,2633:5704,Property 1=Hover,Section 8/Component 11/Property 1=Hover,(legacy),NAVIGATE,2633:5702,,,300.0,EASE_OUT,,,
🔵 UI_Phase 1,2633:5704,Property 1=Hover,Section 8/Component 11/Property 1=Hover,ON_CLICK,NODE,2633:5702,CHANGE_TO,SMART_ANIMATE,300.0,EASE_OUT,,,
🔵 UI_Phase 1,2633:5702,Property 1=Typing,Section 8/Component 11/Property 1=Typing,(legacy),NAVIGATE,2633:5703,,,300.0,EASE_OUT,,,
🔵 UI_Phase 1,2633:5702,Property 1=Typing,Section 8/Component 11/Property 1=Typing,ON_CLICK,NODE,2633:5703,CHANGE_TO,SMART_ANIMATE,300.0,EASE_OUT,,,
🔵 UI_Phase 1,2633:5703,Property 1=Focus,Section 8/Component 11/Property 1=Focus,(legacy),NAVIGATE,2633:5705,,,300.0,EASE_OUT,,,
🔵 UI_Phase 1,2633:5703,Property 1=Focus,Section 8/Component 11/Property 1=Focus,ON_CLICK,NODE,2633:5705,CHANGE_TO,SMART_ANIMATE,300.0,EASE_OUT,,,
🔵 UI_Phase 1,2648:6171,Component 11,Frame 2147224796/Frame 2147224817/Component 11,(legacy),NAVIGATE,2633:5704,,,300.0,EASE_OUT,,,
🔵 UI_Phase 1,2648:6171,Component 11,Frame 2147224796/Frame 2147224817/Component 11,ON_HOVER,NODE,2633:5704,CHANGE_TO,SMART_ANIMATE,300.0,EASE_OUT,,,
🔵 UI_Phase 1,3043:5491,Button of Nav Heading,Section 6/Home_Desk/Frame 2147224759/Frame 2147224758/Button of Nav Heading,(legacy),NAVIGATE,2445:2781,,,300.0,EASE_OUT,,,
🔵 UI_Phase 1,3043:5491,Button of Nav Heading,Section 6/Home_Desk/Frame 2147224759/Frame 2147224758/Button of Nav Heading,ON_HOVER,NODE,2445:2781,CHANGE_TO,SMART_ANIMATE,300.0,EASE_OUT,,,
🔵 UI_Phase 1,3043:5492,Button of Nav Heading,Section 6/Home_Desk/Frame 2147224759/Frame 2147224758/Button of Nav Heading,(legacy),NAVIGATE,2445:2781,,,300.0,EASE_OUT,,,
🔵 UI_Phase 1,3043:5492,Button of Nav Heading,Section 6/Home_Desk/Frame 2147224759/Frame 2147224758/Button of Nav Heading,ON_HOVER,NODE,2445:2781,CHANGE_TO,SMART_ANIMATE,300.0,EASE_OUT,,,
🔵 UI_Phase 1,3043:5492,Button of Nav Heading,Section 6/Home_Desk/Frame 2147224759/Frame 2147224758/Button of Nav Heading,ON_CLICK,NODE,2633:2693,NAVIGATE,,,,,,
🔵 UI_Phase 1,3043:5493,Button of Nav Heading,Section 6/Home_Desk/Frame 2147224759/Frame 2147224758/Button of Nav Heading,(legacy),NAVIGATE,2445:2781,,,300.0,EASE_OUT,,,
🔵 UI_Phase 1,3043:5493,Button of Nav Heading,Section 6/Home_Desk/Frame 2147224759/Frame 2147224758/Button of Nav Heading,ON_HOVER,NODE,2445:2781,CHANGE_TO,SMART_ANIMATE,300.0,EASE_OUT,,,
🔵 UI_Phase 1,3043:5494,Button of Nav Heading,Section 6/Home_Desk/Frame 2147224759/Frame 2147224758/Button of Nav Heading,(legacy),NAVIGATE,2531:6498,,,300.0,EASE_OUT,,,
🔵 UI_Phase 1,3043:5494,Button of Nav Heading,Section 6/Home_Desk/Frame 2147224759/Frame 2147224758/Button of Nav Heading,ON_HOVER,NODE,2531:6498,CHANGE_TO,SMART_ANIMATE,300.0,EASE_OUT,,,
🔵 UI_Phase 1,2985:7987,Partten Tech 1,Section 6/Home_Desk/Hero/Partten Tech 1,(legacy),NAVIGATE,2985:7985,,,300.0,EASE_OUT,,,
🔵 UI_Phase 1,2985:7987,Partten Tech 1,Section 6/Home_Desk/Hero/Partten Tech 1,ON_HOVER,NODE,2985:7985,CHANGE_TO,SMART_ANIMATE,300.0,EASE_OUT,,,
🔵 UI_Phase 1,2903:5471,Button,Section 6/Home_Desk/Hero/Blog/Text/Frame 2147224768/Button,(legacy),NAVIGATE,36:184,,,300.0,EASE_OUT,,,
🔵 UI_Phase 1,2903:5471,Button,Section 6/Home_Desk/Hero/Blog/Text/Frame 2147224768/Button,ON_HOVER,NODE,36:184,CHANGE_TO,SMART_ANIMATE,300.0,EASE_OUT,,,
🔵 UI_Phase 1,2903:5471,Button,Section 6/Home_Desk/Hero/Blog/Text/Frame 2147224768/Button,ON_CLICK,NODE,2633:2693,NAVIGATE,SMART_ANIMATE,300.0,EASE_OUT,,,
🔵 UI_Phase 1,2903:5472,Button,Section 6/Home_Desk/Hero/Blog/Text/Frame 2147224768/Button,(legacy),NAVIGATE,2448:7642,,,300.0,EASE_OUT,,,
🔵 UI_Phase 1,2903:5472,Button,Section 6/Home_Desk/Hero/Blog/Text/Frame 2147224768/Button,ON_CLICK,NODE,2448:7642,NAVIGATE,SMART_ANIMATE,300.0,EASE_OUT,,,
🔵 UI_Phase 1,2903:5472,Button,Section 6/Home_Desk/Hero/Blog/Text/Frame 2147224768/Button,ON_HOVER,NODE,36:766,CHANGE_TO,SMART_ANIMATE,300.0,EASE_OUT,,,
🔵 UI_Phase 1,2995:8610,Content,Section 6/Home_Desk/Section 2/Frame 2147224765/Platform/Content,(legacy),NAVIGATE,2513:2450,,,300.0,EASE_OUT,,,
🔵 UI_Phase 1,2995:8610,Content,Section 6/Home_Desk/Section 2/Frame 2147224765/Platform/Content,ON_HOVER,NODE,2513:2450,CHANGE_TO,SMART_ANIMATE,300.0,EASE_OUT,,,
🔵 UI_Phase 1,I2995:8610;2675:6739,Platform Icon,Section 6/Home_Desk/Section 2/Frame 2147224765/Platform/Content/Platform Icon,(legacy),NAVIGATE,2513:2517,,,300.0,EASE_OUT,,,
🔵 UI_Phase 1,I2995:8610;2675:6739,Platform Icon,Section 6/Home_Desk/Section 2/Frame 2147224765/Platform/Content/Platform Icon,ON_HOVER,NODE,2513:2517,CHANGE_TO,SMART_ANIMATE,300.0,EASE_OUT,,,
🔵 UI_Phase 1,2995:8611,Content,Section 6/Home_Desk/Section 2/Frame 2147224765/Platform/Content,(legacy),NAVIGATE,2513:2450,,,300.0,EASE_OUT,,,
🔵 UI_Phase 1,2995:8611,Content,Section 6/Home_Desk/Section 2/Frame 2147224765/Platform/Content,ON_HOVER,NODE,2513:2450,CHANGE_TO,SMART_ANIMATE,300.0,EASE_OUT,,,
🔵 UI_Phase 1,I2995:8611;2675:6739,Platform Icon,Section 6/Home_Desk/Section 2/Frame 2147224765/Platform/Content/Platform Icon,(legacy),NAVIGATE,2513:2522,,,300.0,EASE_OUT,,,
🔵 UI_Phase 1,I2995:8611;2675:6739,Platform Icon,Section 6/Home_Desk/Section 2/Frame 2147224765/Platform/Content/Platform Icon,ON_HOVER,NODE,2513:2522,CHANGE_TO,SMART_ANIMATE,300.0,EASE_OUT,,,
🔵 UI_Phase 1,2995:8612,Content,Section 6/Home_Desk/Section 2/Frame 2147224765/Platform/Content,(legacy),NAVIGATE,2513:2450,,,300.0,EASE_OUT,,,
🔵 UI_Phase 1,2995:8612,Content,Section 6/Home_Desk/Section 2/Frame 2147224765/Platform/Content,ON_HOVER,NODE,2513:2450,CHANGE_TO,SMART_ANIMATE,300.0,EASE_OUT,,,
🔵 UI_Phase 1,I2995:8612;2675:6739,Platform Icon,Section 6/Home_Desk/Section 2/Frame 2147224765/Platform/Content/Platform Icon,(legacy),NAVIGATE,2519:5604,,,300.0,EASE_OUT,,,
🔵 UI_Phase 1,I2995:8612;2675:6739,Platform Icon,Section 6/Home_Desk/Section 2/Frame 2147224765/Platform/Content/Platform Icon,ON_HOVER,NODE,2519:5604,CHANGE_TO,SMART_ANIMATE,300.0,EASE_OUT,,,
🔵 UI_Phase 1,2995:8613,Content,Section 6/Home_Desk/Section 2/Frame 2147224765/Platform/Content,(legacy),NAVIGATE,2513:2450,,,300.0,EASE_OUT,,,
🔵 UI_Phase 1,2995:8613,Content,Section 6/Home_Desk/Section 2/Frame 2147224765/Platform/Content,ON_HOVER,NODE,2513:2450,CHANGE_TO,SMART_ANIMATE,300.0,EASE_OUT,,,
🔵 UI_Phase 1,I2995:8613;2675:6739,Platform Icon,Section 6/Home_Desk/Section 2/Frame 2147224765/Platform/Content/Platform Icon,(legacy),NAVIGATE,2531:6576,,,300.0,EASE_OUT,,,
🔵 UI_Phase 1,I2995:8613;2675:6739,Platform Icon,Section 6/Home_Desk/Section 2/Frame 2147224765/Platform/Content/Platform Icon,ON_HOVER,NODE,2531:6576,CHANGE_TO,SMART_ANIMATE,300.0,EASE_OUT,,,
🔵 UI_Phase 1,2995:8614,Content,Section 6/Home_Desk/Section 2/Frame 2147224765/Platform/Content,(legacy),NAVIGATE,2513:2450,,,300.0,EASE_OUT,,,
🔵 UI_Phase 1,2995:8614,Content,Section 6/Home_Desk/Section 2/Frame 2147224765/Platform/Content,ON_HOVER,NODE,2513:2450,CHANGE_TO,SMART_ANIMATE,300.0,EASE_OUT,,,
🔵 UI_Phase 1,I2995:8614;2675:6739,Platform Icon,Section 6/Home_Desk/Section 2/Frame 2147224765/Platform/Content/Platform Icon,(legacy),NAVIGATE,2675:6785,,,300.0,EASE_OUT,,,
🔵 UI_Phase 1,I2995:8614;2675:6739,Platform Icon,Section 6/Home_Desk/Section 2/Frame 2147224765/Platform/Content/Platform Icon,ON_HOVER,NODE,2675:6785,CHANGE_TO,SMART_ANIMATE,300.0,EASE_OUT,,,
🔵 UI_Phase 1,2531:6663,USO Card,Section 6/Home_Desk/Pride/Frame 1556/Pride/USO Card,(legacy),NAVIGATE,2531:6625,,,300.0,LINEAR,,,
🔵 UI_Phase 1,2531:6663,USO Card,Section 6/Home_Desk/Pride/Frame 1556/Pride/USO Card,ON_HOVER,NODE,2531:6625,CHANGE_TO,SMART_ANIMATE,300.0,LINEAR,,,
🔵 UI_Phase 1,2531:7870,Component 9,Section 6/Home_Desk/Pride/Frame 1556/Pride/Component 9,(legacy),NAVIGATE,2531:6625,,,300.0,LINEAR,,,
🔵 UI_Phase 1,2531:7870,Component 9,Section 6/Home_Desk/Pride/Frame 1556/Pride/Component 9,ON_HOVER,NODE,2531:6625,CHANGE_TO,SMART_ANIMATE,300.0,LINEAR,,,
🔵 UI_Phase 1,2531:7876,Component 10,Section 6/Home_Desk/Pride/Frame 1556/Pride/Component 10,(legacy),NAVIGATE,2531:6625,,,300.0,LINEAR,,,
🔵 UI_Phase 1,2531:7876,Component 10,Section 6/Home_Desk/Pride/Frame 1556/Pride/Component 10,ON_HOVER,NODE,2531:6625,CHANGE_TO,SMART_ANIMATE,300.0,LINEAR,,,
🔵 UI_Phase 1,2443:4369,Component 1,Section 6/Home_Desk/Section 4/Frame 2147224765/Frame 2147224771/Frame 2147224767/Component 1,(legacy),NAVIGATE,2405:2767,,,300.0,EASE_OUT,,,
🔵 UI_Phase 1,2443:4369,Component 1,Section 6/Home_Desk/Section 4/Frame 2147224765/Frame 2147224771/Frame 2147224767/Component 1,ON_CLICK,NODE,2405:2767,CHANGE_TO,SMART_ANIMATE,300.0,EASE_OUT,,,
🔵 UI_Phase 1,2443:4370,Component 1,Section 6/Home_Desk/Section 4/Frame 2147224765/Frame 2147224771/Frame 2147224767/Component 1,(legacy),NAVIGATE,2444:4545,,,300.0,EASE_OUT,,,
🔵 UI_Phase 1,2443:4370,Component 1,Section 6/Home_Desk/Section 4/Frame 2147224765/Frame 2147224771/Frame 2147224767/Component 1,ON_HOVER,NODE,2444:4545,CHANGE_TO,SMART_ANIMATE,300.0,EASE_OUT,,,
🔵 UI_Phase 1,2443:4371,Component 2,Section 6/Home_Desk/Section 4/Frame 2147224765/Frame 2147224771/Frame 2147224767/Component 2,(legacy),NAVIGATE,2444:4545,,,300.0,EASE_OUT,,,
🔵 UI_Phase 1,2443:4371,Component 2,Section 6/Home_Desk/Section 4/Frame 2147224765/Frame 2147224771/Frame 2147224767/Component 2,ON_HOVER,NODE,2444:4545,CHANGE_TO,SMART_ANIMATE,300.0,EASE_OUT,,,
🔵 UI_Phase 1,2443:4372,Component 3,Section 6/Home_Desk/Section 4/Frame 2147224765/Frame 2147224771/Frame 2147224767/Component 3,(legacy),NAVIGATE,2444:4545,,,300.0,EASE_OUT,,,
🔵 UI_Phase 1,2443:4372,Component 3,Section 6/Home_Desk/Section 4/Frame 2147224765/Frame 2147224771/Frame 2147224767/Component 3,ON_HOVER,NODE,2444:4545,CHANGE_TO,SMART_ANIMATE,300.0,EASE_OUT,,,
🔵 UI_Phase 1,2443:4373,Component 4,Section 6/Home_Desk/Section 4/Frame 2147224765/Frame 2147224771/Frame 2147224767/Component 4,(legacy),NAVIGATE,2444:4545,,,300.0,EASE_OUT,,,
🔵 UI_Phase 1,2443:4373,Component 4,Section 6/Home_Desk/Section 4/Frame 2147224765/Frame 2147224771/Frame 2147224767/Component 4,ON_HOVER,NODE,2444:4545,CHANGE_TO,SMART_ANIMATE,300.0,EASE_OUT,,,
🔵 UI_Phase 1,2443:4374,Component 5,Section 6/Home_Desk/Section 4/Frame 2147224765/Frame 2147224771/Frame 2147224767/Component 5,(legacy),NAVIGATE,2444:4545,,,300.0,EASE_OUT,,,
🔵 UI_Phase 1,2443:4374,Component 5,Section 6/Home_Desk/Section 4/Frame 2147224765/Frame 2147224771/Frame 2147224767/Component 5,ON_HOVER,NODE,2444:4545,CHANGE_TO,SMART_ANIMATE,300.0,EASE_OUT,,,
🔵 UI_Phase 1,2531:8241,Gear,Section 6/Home_Desk/Section 4/Frame 2147224765/Frame 2147224771/Chart1/Gear,AFTER_TIMEOUT(1.0ms),NODE,,CHANGE_TO,SMART_ANIMATE,5000.0,LINEAR,,,
🔵 UI_Phase 1,2531:8241,Gear,Section 6/Home_Desk/Section 4/Frame 2147224765/Frame 2147224771/Chart1/Gear,ON_HOVER,NODE,2531:8176,CHANGE_TO,SMART_ANIMATE,1022.1,GENTLE,,,
🔵 UI_Phase 1,I2531:9256;2531:9826,Button of Nav Heading,Section 6/Home_Desk/Footer Desk/Frame 5/Frame 5/Frame 92/Frame 2147224758/Button of Nav Heading,(legacy),NAVIGATE,2445:2781,,,300.0,EASE_OUT,,,
🔵 UI_Phase 1,I2531:9256;2531:9826,Button of Nav Heading,Section 6/Home_Desk/Footer Desk/Frame 5/Frame 5/Frame 92/Frame 2147224758/Button of Nav Heading,ON_HOVER,NODE,2445:2781,CHANGE_TO,SMART_ANIMATE,300.0,EASE_OUT,,,
🔵 UI_Phase 1,I2531:9256;2531:9827,Button of Nav Heading,Section 6/Home_Desk/Footer Desk/Frame 5/Frame 5/Frame 92/Frame 2147224758/Button of Nav Heading,(legacy),NAVIGATE,2445:2781,,,300.0,EASE_OUT,,,
🔵 UI_Phase 1,I2531:9256;2531:9827,Button of Nav Heading,Section 6/Home_Desk/Footer Desk/Frame 5/Frame 5/Frame 92/Frame 2147224758/Button of Nav Heading,ON_HOVER,NODE,2445:2781,CHANGE_TO,SMART_ANIMATE,300.0,EASE_OUT,,,
🔵 UI_Phase 1,I2531:9256;2531:9828,Button of Nav Heading,Section 6/Home_Desk/Footer Desk/Frame 5/Frame 5/Frame 92/Frame 2147224758/Button of Nav Heading,(legacy),NAVIGATE,2445:2781,,,300.0,EASE_OUT,,,
🔵 UI_Phase 1,I2531:9256;2531:9828,Button of Nav Heading,Section 6/Home_Desk/Footer Desk/Frame 5/Frame 5/Frame 92/Frame 2147224758/Button of Nav Heading,ON_HOVER,NODE,2445:2781,CHANGE_TO,SMART_ANIMATE,300.0,EASE_OUT,,,
🔵 UI_Phase 1,I2531:9256;2531:9829,Button of Nav Heading,Section 6/Home_Desk/Footer Desk/Frame 5/Frame 5/Frame 92/Frame 2147224758/Button of Nav Heading,(legacy),NAVIGATE,2531:6498,,,300.0,EASE_OUT,,,
🔵 UI_Phase 1,I2531:9256;2531:9829,Button of Nav Heading,Section 6/Home_Desk/Footer Desk/Frame 5/Frame 5/Frame 92/Frame 2147224758/Button of Nav Heading,ON_HOVER,NODE,2531:6498,CHANGE_TO,SMART_ANIMATE,300.0,EASE_OUT,,,
🔵 UI_Phase 1,I2531:9256;2531:10059,Back Button,Section 6/Home_Desk/Footer Desk/Frame 1527/Back Button,(legacy),NAVIGATE,2445:2488,,,100.0,LINEAR,,,
🔵 UI_Phase 1,I2531:9256;2531:10059,Back Button,Section 6/Home_Desk/Footer Desk/Frame 1527/Back Button,ON_HOVER,NODE,2445:2488,CHANGE_TO,SMART_ANIMATE,100.0,LINEAR,,,
🔵 UI_Phase 1,I2849:3552;2445:2808,Button of Nav Heading,Section 6/Home_Desk/Frame 2147224759/Frame 2147224758/Button of Nav Heading,(legacy),NAVIGATE,2445:2781,,,300.0,EASE_OUT,,,
🔵 UI_Phase 1,I2849:3552;2445:2808,Button of Nav Heading,Section 6/Home_Desk/Frame 2147224759/Frame 2147224758/Button of Nav Heading,ON_HOVER,NODE,2445:2781,CHANGE_TO,SMART_ANIMATE,300.0,EASE_OUT,,,
🔵 UI_Phase 1,I2849:3552;2445:2811,Button of Nav Heading,Section 6/Home_Desk/Frame 2147224759/Frame 2147224758/Button of Nav Heading,(legacy),NAVIGATE,2445:2781,,,300.0,EASE_OUT,,,
🔵 UI_Phase 1,I2849:3552;2445:2811,Button of Nav Heading,Section 6/Home_Desk/Frame 2147224759/Frame 2147224758/Button of Nav Heading,ON_HOVER,NODE,2445:2781,CHANGE_TO,SMART_ANIMATE,300.0,EASE_OUT,,,
🔵 UI_Phase 1,I2849:3552;2445:2814,Button of Nav Heading,Section 6/Home_Desk/Frame 2147224759/Frame 2147224758/Button of Nav Heading,(legacy),NAVIGATE,2445:2781,,,300.0,EASE_OUT,,,
🔵 UI_Phase 1,I2849:3552;2445:2814,Button of Nav Heading,Section 6/Home_Desk/Frame 2147224759/Frame 2147224758/Button of Nav Heading,ON_HOVER,NODE,2445:2781,CHANGE_TO,SMART_ANIMATE,300.0,EASE_OUT,,,
🔵 UI_Phase 1,I2849:3552;2531:6542,Button of Nav Heading,Section 6/Home_Desk/Frame 2147224759/Frame 2147224758/Button of Nav Heading,(legacy),NAVIGATE,2531:6498,,,300.0,EASE_OUT,,,
🔵 UI_Phase 1,I2849:3552;2531:6542,Button of Nav Heading,Section 6/Home_Desk/Frame 2147224759/Frame 2147224758/Button of Nav Heading,ON_HOVER,NODE,2531:6498,CHANGE_TO,SMART_ANIMATE,300.0,EASE_OUT,,,
🔵 UI_Phase 1,2903:5491,Button,Section 6/Home_Desk/Hero/Blog/Text/Frame 2147224768/Button,(legacy),NAVIGATE,36:184,,,300.0,EASE_OUT,,,
🔵 UI_Phase 1,2903:5491,Button,Section 6/Home_Desk/Hero/Blog/Text/Frame 2147224768/Button,ON_HOVER,NODE,36:184,CHANGE_TO,SMART_ANIMATE,300.0,EASE_OUT,,,
🔵 UI_Phase 1,2903:5492,Button,Section 6/Home_Desk/Hero/Blog/Text/Frame 2147224768/Button,(legacy),NAVIGATE,36:766,,,300.0,EASE_OUT,,,
🔵 UI_Phase 1,2903:5492,Button,Section 6/Home_Desk/Hero/Blog/Text/Frame 2147224768/Button,ON_HOVER,NODE,36:766,CHANGE_TO,SMART_ANIMATE,300.0,EASE_OUT,,,
🔵 UI_Phase 1,2985:7993,Partten Tech 1,Section 6/Home_Desk/Hero/Blog/Text/Partten Tech 1,(legacy),NAVIGATE,2985:7985,,,300.0,EASE_OUT,,,
🔵 UI_Phase 1,2985:7993,Partten Tech 1,Section 6/Home_Desk/Hero/Blog/Text/Partten Tech 1,ON_HOVER,NODE,2985:7985,CHANGE_TO,SMART_ANIMATE,300.0,EASE_OUT,,,
🔵 UI_Phase 1,2995:8994,Content,Section 6/Home_Desk/Section 2/Frame 2147224765/Platform/Content,(legacy),NAVIGATE,2513:2450,,,300.0,EASE_OUT,,,
🔵 UI_Phase 1,2995:8994,Content,Section 6/Home_Desk/Section 2/Frame 2147224765/Platform/Content,ON_HOVER,NODE,2513:2450,CHANGE_TO,SMART_ANIMATE,300.0,EASE_OUT,,,
🔵 UI_Phase 1,I2995:8994;2675:6739,Platform Icon,Section 6/Home_Desk/Section 2/Frame 2147224765/Platform/Content/Platform Icon,(legacy),NAVIGATE,2513:2517,,,300.0,EASE_OUT,,,
🔵 UI_Phase 1,I2995:8994;2675:6739,Platform Icon,Section 6/Home_Desk/Section 2/Frame 2147224765/Platform/Content/Platform Icon,ON_HOVER,NODE,2513:2517,CHANGE_TO,SMART_ANIMATE,300.0,EASE_OUT,,,
🔵 UI_Phase 1,2995:8995,Content,Section 6/Home_Desk/Section 2/Frame 2147224765/Platform/Content,(legacy),NAVIGATE,2513:2450,,,300.0,EASE_OUT,,,
🔵 UI_Phase 1,2995:8995,Content,Section 6/Home_Desk/Section 2/Frame 2147224765/Platform/Content,ON_HOVER,NODE,2513:2450,CHANGE_TO,SMART_ANIMATE,300.0,EASE_OUT,,,
🔵 UI_Phase 1,I2995:8995;2675:6739,Platform Icon,Section 6/Home_Desk/Section 2/Frame 2147224765/Platform/Content/Platform Icon,(legacy),NAVIGATE,2513:2522,,,300.0,EASE_OUT,,,
🔵 UI_Phase 1,I2995:8995;2675:6739,Platform Icon,Section 6/Home_Desk/Section 2/Frame 2147224765/Platform/Content/Platform Icon,ON_HOVER,NODE,2513:2522,CHANGE_TO,SMART_ANIMATE,300.0,EASE_OUT,,,
🔵 UI_Phase 1,2995:8996,Content,Section 6/Home_Desk/Section 2/Frame 2147224765/Platform/Content,(legacy),NAVIGATE,2513:2450,,,300.0,EASE_OUT,,,
🔵 UI_Phase 1,2995:8996,Content,Section 6/Home_Desk/Section 2/Frame 2147224765/Platform/Content,ON_HOVER,NODE,2513:2450,CHANGE_TO,SMART_ANIMATE,300.0,EASE_OUT,,,
🔵 UI_Phase 1,I2995:8996;2675:6739,Platform Icon,Section 6/Home_Desk/Section 2/Frame 2147224765/Platform/Content/Platform Icon,(legacy),NAVIGATE,2519:5604,,,300.0,EASE_OUT,,,
🔵 UI_Phase 1,I2995:8996;2675:6739,Platform Icon,Section 6/Home_Desk/Section 2/Frame 2147224765/Platform/Content/Platform Icon,ON_HOVER,NODE,2519:5604,CHANGE_TO,SMART_ANIMATE,300.0,EASE_OUT,,,
🔵 UI_Phase 1,2995:8997,Content,Section 6/Home_Desk/Section 2/Frame 2147224765/Platform/Content,(legacy),NAVIGATE,2513:2450,,,300.0,EASE_OUT,,,
🔵 UI_Phase 1,2995:8997,Content,Section 6/Home_Desk/Section 2/Frame 2147224765/Platform/Content,ON_HOVER,NODE,2513:2450,CHANGE_TO,SMART_ANIMATE,300.0,EASE_OUT,,,
🔵 UI_Phase 1,I2995:8997;2675:6739,Platform Icon,Section 6/Home_Desk/Section 2/Frame 2147224765/Platform/Content/Platform Icon,(legacy),NAVIGATE,2531:6576,,,300.0,EASE_OUT,,,
🔵 UI_Phase 1,I2995:8997;2675:6739,Platform Icon,Section 6/Home_Desk/Section 2/Frame 2147224765/Platform/Content/Platform Icon,ON_HOVER,NODE,2531:6576,CHANGE_TO,SMART_ANIMATE,300.0,EASE_OUT,,,
🔵 UI_Phase 1,2995:8998,Content,Section 6/Home_Desk/Section 2/Frame 2147224765/Platform/Content,(legacy),NAVIGATE,2513:2450,,,300.0,EASE_OUT,,,
🔵 UI_Phase 1,2995:8998,Content,Section 6/Home_Desk/Section 2/Frame 2147224765/Platform/Content,ON_HOVER,NODE,2513:2450,CHANGE_TO,SMART_ANIMATE,300.0,EASE_OUT,,,
🔵 UI_Phase 1,I2995:8998;2675:6739,Platform Icon,Section 6/Home_Desk/Section 2/Frame 2147224765/Platform/Content/Platform Icon,(legacy),NAVIGATE,2675:6785,,,300.0,EASE_OUT,,,
🔵 UI_Phase 1,I2995:8998;2675:6739,Platform Icon,Section 6/Home_Desk/Section 2/Frame 2147224765/Platform/Content/Platform Icon,ON_HOVER,NODE,2675:6785,CHANGE_TO,SMART_ANIMATE,300.0,EASE_OUT,,,
🔵 UI_Phase 1,2849:3568,USO Card,Section 6/Home_Desk/Pride/Frame 1556/Pride/USO Card,(legacy),NAVIGATE,2531:6625,,,300.0,LINEAR,,,
🔵 UI_Phase 1,2849:3568,USO Card,Section 6/Home_Desk/Pride/Frame 1556/Pride/USO Card,ON_HOVER,NODE,2531:6625,CHANGE_TO,SMART_ANIMATE,300.0,LINEAR,,,
🔵 UI_Phase 1,2849:3569,Component 9,Section 6/Home_Desk/Pride/Frame 1556/Pride/Component 9,(legacy),NAVIGATE,2531:6625,,,300.0,LINEAR,,,
🔵 UI_Phase 1,2849:3569,Component 9,Section 6/Home_Desk/Pride/Frame 1556/Pride/Component 9,ON_HOVER,NODE,2531:6625,CHANGE_TO,SMART_ANIMATE,300.0,LINEAR,,,
🔵 UI_Phase 1,2849:3570,Component 10,Section 6/Home_Desk/Pride/Frame 1556/Pride/Component 10,(legacy),NAVIGATE,2531:6625,,,300.0,LINEAR,,,
🔵 UI_Phase 1,2849:3570,Component 10,Section 6/Home_Desk/Pride/Frame 1556/Pride/Component 10,ON_HOVER,NODE,2531:6625,CHANGE_TO,SMART_ANIMATE,300.0,LINEAR,,,
🔵 UI_Phase 1,2849:3654,Component 1,Section 6/Home_Desk/Section 4/Frame 2147224765/Frame 2147224771/Frame 2147224767/Component 1,(legacy),NAVIGATE,2405:2767,,,300.0,EASE_OUT,,,
🔵 UI_Phase 1,2849:3654,Component 1,Section 6/Home_Desk/Section 4/Frame 2147224765/Frame 2147224771/Frame 2147224767/Component 1,ON_CLICK,NODE,2405:2767,CHANGE_TO,SMART_ANIMATE,300.0,EASE_OUT,,,
🔵 UI_Phase 1,2849:3655,Component 1,Section 6/Home_Desk/Section 4/Frame 2147224765/Frame 2147224771/Frame 2147224767/Component 1,(legacy),NAVIGATE,2444:4545,,,300.0,EASE_OUT,,,
🔵 UI_Phase 1,2849:3655,Component 1,Section 6/Home_Desk/Section 4/Frame 2147224765/Frame 2147224771/Frame 2147224767/Component 1,ON_HOVER,NODE,2444:4545,CHANGE_TO,SMART_ANIMATE,300.0,EASE_OUT,,,
🔵 UI_Phase 1,2849:3656,Component 2,Section 6/Home_Desk/Section 4/Frame 2147224765/Frame 2147224771/Frame 2147224767/Component 2,(legacy),NAVIGATE,2444:4545,,,300.0,EASE_OUT,,,
🔵 UI_Phase 1,2849:3656,Component 2,Section 6/Home_Desk/Section 4/Frame 2147224765/Frame 2147224771/Frame 2147224767/Component 2,ON_HOVER,NODE,2444:4545,CHANGE_TO,SMART_ANIMATE,300.0,EASE_OUT,,,
🔵 UI_Phase 1,2849:3657,Component 3,Section 6/Home_Desk/Section 4/Frame 2147224765/Frame 2147224771/Frame 2147224767/Component 3,(legacy),NAVIGATE,2444:4545,,,300.0,EASE_OUT,,,
🔵 UI_Phase 1,2849:3657,Component 3,Section 6/Home_Desk/Section 4/Frame 2147224765/Frame 2147224771/Frame 2147224767/Component 3,ON_HOVER,NODE,2444:4545,CHANGE_TO,SMART_ANIMATE,300.0,EASE_OUT,,,
🔵 UI_Phase 1,2849:3658,Component 4,Section 6/Home_Desk/Section 4/Frame 2147224765/Frame 2147224771/Frame 2147224767/Component 4,(legacy),NAVIGATE,2444:4545,,,300.0,EASE_OUT,,,
🔵 UI_Phase 1,2849:3658,Component 4,Section 6/Home_Desk/Section 4/Frame 2147224765/Frame 2147224771/Frame 2147224767/Component 4,ON_HOVER,NODE,2444:4545,CHANGE_TO,SMART_ANIMATE,300.0,EASE_OUT,,,
🔵 UI_Phase 1,2849:3659,Component 5,Section 6/Home_Desk/Section 4/Frame 2147224765/Frame 2147224771/Frame 2147224767/Component 5,(legacy),NAVIGATE,2444:4545,,,300.0,EASE_OUT,,,
🔵 UI_Phase 1,2849:3659,Component 5,Section 6/Home_Desk/Section 4/Frame 2147224765/Frame 2147224771/Frame 2147224767/Component 5,ON_HOVER,NODE,2444:4545,CHANGE_TO,SMART_ANIMATE,300.0,EASE_OUT,,,
🔵 UI_Phase 1,2849:3661,Gear,Section 6/Home_Desk/Section 4/Frame 2147224765/Frame 2147224771/Chart1/Gear,AFTER_TIMEOUT(1.0ms),NODE,,CHANGE_TO,SMART_ANIMATE,5000.0,LINEAR,,,
🔵 UI_Phase 1,2849:3661,Gear,Section 6/Home_Desk/Section 4/Frame 2147224765/Frame 2147224771/Chart1/Gear,ON_HOVER,NODE,2531:8176,CHANGE_TO,SMART_ANIMATE,1022.1,GENTLE,,,
🔵 UI_Phase 1,I2849:3708;2531:9855,Button of Nav Heading,Section 6/Home_Desk/Footer Desk/Frame 2087326389/Frame 92/Frame 2147224758/Button of Nav Heading,(legacy),NAVIGATE,2445:2781,,,300.0,EASE_OUT,,,
🔵 UI_Phase 1,I2849:3708;2531:9855,Button of Nav Heading,Section 6/Home_Desk/Footer Desk/Frame 2087326389/Frame 92/Frame 2147224758/Button of Nav Heading,ON_HOVER,NODE,2445:2781,CHANGE_TO,SMART_ANIMATE,300.0,EASE_OUT,,,
🔵 UI_Phase 1,I2849:3708;2531:9856,Button of Nav Heading,Section 6/Home_Desk/Footer Desk/Frame 2087326389/Frame 92/Frame 2147224758/Button of Nav Heading,(legacy),NAVIGATE,2445:2781,,,300.0,EASE_OUT,,,
🔵 UI_Phase 1,I2849:3708;2531:9856,Button of Nav Heading,Section 6/Home_Desk/Footer Desk/Frame 2087326389/Frame 92/Frame 2147224758/Button of Nav Heading,ON_HOVER,NODE,2445:2781,CHANGE_TO,SMART_ANIMATE,300.0,EASE_OUT,,,
🔵 UI_Phase 1,I2849:3708;2531:9857,Button of Nav Heading,Section 6/Home_Desk/Footer Desk/Frame 2087326389/Frame 92/Frame 2147224758/Button of Nav Heading,(legacy),NAVIGATE,2445:2781,,,300.0,EASE_OUT,,,
🔵 UI_Phase 1,I2849:3708;2531:9857,Button of Nav Heading,Section 6/Home_Desk/Footer Desk/Frame 2087326389/Frame 92/Frame 2147224758/Button of Nav Heading,ON_HOVER,NODE,2445:2781,CHANGE_TO,SMART_ANIMATE,300.0,EASE_OUT,,,
🔵 UI_Phase 1,I2849:3708;2531:9858,Button of Nav Heading,Section 6/Home_Desk/Footer Desk/Frame 2087326389/Frame 92/Frame 2147224758/Button of Nav Heading,(legacy),NAVIGATE,2531:6498,,,300.0,EASE_OUT,,,
🔵 UI_Phase 1,I2849:3708;2531:9858,Button of Nav Heading,Section 6/Home_Desk/Footer Desk/Frame 2087326389/Frame 92/Frame 2147224758/Button of Nav Heading,ON_HOVER,NODE,2531:6498,CHANGE_TO,SMART_ANIMATE,300.0,EASE_OUT,,,
🔵 UI_Phase 1,I2849:3708;2531:10025,Back Button,Section 6/Home_Desk/Footer Desk/Frame 1527/Back Button,(legacy),NAVIGATE,2445:2488,,,100.0,LINEAR,,,
🔵 UI_Phase 1,I2849:3708;2531:10025,Back Button,Section 6/Home_Desk/Footer Desk/Frame 1527/Back Button,ON_HOVER,NODE,2445:2488,CHANGE_TO,SMART_ANIMATE,100.0,LINEAR,,,
🔵 UI_Phase 1,I3139:11047;230:4040,List,Section 6/List (5 Rows)/List,(legacy),NAVIGATE,3139:10807,,,300.0,EASE_OUT,,,
🔵 UI_Phase 1,I3139:11047;230:4040,List,Section 6/List (5 Rows)/List,ON_HOVER,NODE,3139:10807,CHANGE_TO,SMART_ANIMATE,300.0,EASE_OUT,,,
🔵 UI_Phase 1,I3139:11047;230:4062,List,Section 6/List (5 Rows)/List,(legacy),NAVIGATE,3139:10807,,,300.0,EASE_OUT,,,
🔵 UI_Phase 1,I3139:11047;230:4062,List,Section 6/List (5 Rows)/List,ON_HOVER,NODE,3139:10807,CHANGE_TO,SMART_ANIMATE,300.0,EASE_OUT,,,
🔵 UI_Phase 1,I3139:11047;230:4073,List,Section 6/List (5 Rows)/List,(legacy),NAVIGATE,3139:10807,,,300.0,EASE_OUT,,,
🔵 UI_Phase 1,I3139:11047;230:4073,List,Section 6/List (5 Rows)/List,ON_HOVER,NODE,3139:10807,CHANGE_TO,SMART_ANIMATE,300.0,EASE_OUT,,,
🔵 UI_Phase 1,I3139:11047;230:4084,List,Section 6/List (5 Rows)/List,(legacy),NAVIGATE,3139:10807,,,300.0,EASE_OUT,,,
🔵 UI_Phase 1,I3139:11047;230:4084,List,Section 6/List (5 Rows)/List,ON_HOVER,NODE,3139:10807,CHANGE_TO,SMART_ANIMATE,300.0,EASE_OUT,,,
🔵 UI_Phase 1,2985:7997,Partten Tech 1,Section 6/Home_Mb/Hero/Partten Tech 1,(legacy),NAVIGATE,2985:7985,,,300.0,EASE_OUT,,,
🔵 UI_Phase 1,2985:7997,Partten Tech 1,Section 6/Home_Mb/Hero/Partten Tech 1,ON_HOVER,NODE,2985:7985,CHANGE_TO,SMART_ANIMATE,300.0,EASE_OUT,,,
🔵 UI_Phase 1,2903:5511,Button,Section 6/Home_Mb/Hero/Blog/Frame 2147224760/Frame 2147224768/Button,(legacy),NAVIGATE,36:199,,,300.0,EASE_OUT,,,
🔵 UI_Phase 1,2903:5511,Button,Section 6/Home_Mb/Hero/Blog/Frame 2147224760/Frame 2147224768/Button,ON_HOVER,NODE,36:199,CHANGE_TO,SMART_ANIMATE,300.0,EASE_OUT,,,
🔵 UI_Phase 1,2903:5512,Button,Section 6/Home_Mb/Hero/Blog/Frame 2147224760/Frame 2147224768/Button,(legacy),NAVIGATE,36:781,,,300.0,EASE_OUT,,,
🔵 UI_Phase 1,2903:5512,Button,Section 6/Home_Mb/Hero/Blog/Frame 2147224760/Frame 2147224768/Button,ON_HOVER,NODE,36:781,CHANGE_TO,SMART_ANIMATE,300.0,EASE_OUT,,,
🔵 UI_Phase 1,2995:9128,Platform,Section 6/Home_Mb/Section 2/Frame 2147224765/Platform,(legacy),NAVIGATE,2995:9076,,,300.0,EASE_OUT,,,
🔵 UI_Phase 1,2995:9128,Platform,Section 6/Home_Mb/Section 2/Frame 2147224765/Platform,DRAG,NODE,2995:9076,CHANGE_TO,SMART_ANIMATE,300.0,EASE_OUT,,,
🔵 UI_Phase 1,I2995:9128;2995:9043,Content,Section 6/Home_Mb/Section 2/Frame 2147224765/Platform/Content,(legacy),NAVIGATE,2513:2450,,,300.0,EASE_OUT,,,
🔵 UI_Phase 1,I2995:9128;2995:9043,Content,Section 6/Home_Mb/Section 2/Frame 2147224765/Platform/Content,ON_HOVER,NODE,2513:2450,CHANGE_TO,SMART_ANIMATE,300.0,EASE_OUT,,,
🔵 UI_Phase 1,I2995:9128;2995:9043;2675:6739,Platform Icon,Section 6/Home_Mb/Section 2/Frame 2147224765/Platform/Content/Platform Icon,(legacy),NAVIGATE,2513:2517,,,300.0,EASE_OUT,,,
🔵 UI_Phase 1,I2995:9128;2995:9043;2675:6739,Platform Icon,Section 6/Home_Mb/Section 2/Frame 2147224765/Platform/Content/Platform Icon,ON_HOVER,NODE,2513:2517,CHANGE_TO,SMART_ANIMATE,300.0,EASE_OUT,,,
🔵 UI_Phase 1,I2995:9128;2995:9044,Content,Section 6/Home_Mb/Section 2/Frame 2147224765/Platform/Content,(legacy),NAVIGATE,2513:2450,,,300.0,EASE_OUT,,,
🔵 UI_Phase 1,I2995:9128;2995:9044,Content,Section 6/Home_Mb/Section 2/Frame 2147224765/Platform/Content,ON_HOVER,NODE,2513:2450,CHANGE_TO,SMART_ANIMATE,300.0,EASE_OUT,,,
🔵 UI_Phase 1,I2995:9128;2995:9044;2675:6739,Platform Icon,Section 6/Home_Mb/Section 2/Frame 2147224765/Platform/Content/Platform Icon,(legacy),NAVIGATE,2513:2522,,,300.0,EASE_OUT,,,
🔵 UI_Phase 1,I2995:9128;2995:9044;2675:6739,Platform Icon,Section 6/Home_Mb/Section 2/Frame 2147224765/Platform/Content/Platform Icon,ON_HOVER,NODE,2513:2522,CHANGE_TO,SMART_ANIMATE,300.0,EASE_OUT,,,
🔵 UI_Phase 1,I2995:9128;2995:9045,Content,Section 6/Home_Mb/Section 2/Frame 2147224765/Platform/Content,(legacy),NAVIGATE,2513:2450,,,300.0,EASE_OUT,,,
🔵 UI_Phase 1,I2995:9128;2995:9045,Content,Section 6/Home_Mb/Section 2/Frame 2147224765/Platform/Content,ON_HOVER,NODE,2513:2450,CHANGE_TO,SMART_ANIMATE,300.0,EASE_OUT,,,
🔵 UI_Phase 1,I2995:9128;2995:9045;2675:6739,Platform Icon,Section 6/Home_Mb/Section 2/Frame 2147224765/Platform/Content/Platform Icon,(legacy),NAVIGATE,2519:5604,,,300.0,EASE_OUT,,,
🔵 UI_Phase 1,I2995:9128;2995:9045;2675:6739,Platform Icon,Section 6/Home_Mb/Section 2/Frame 2147224765/Platform/Content/Platform Icon,ON_HOVER,NODE,2519:5604,CHANGE_TO,SMART_ANIMATE,300.0,EASE_OUT,,,
🔵 UI_Phase 1,I2995:9128;2995:9046,Content,Section 6/Home_Mb/Section 2/Frame 2147224765/Platform/Content,(legacy),NAVIGATE,2513:2450,,,300.0,EASE_OUT,,,
🔵 UI_Phase 1,I2995:9128;2995:9046,Content,Section 6/Home_Mb/Section 2/Frame 2147224765/Platform/Content,ON_HOVER,NODE,2513:2450,CHANGE_TO,SMART_ANIMATE,300.0,EASE_OUT,,,
🔵 UI_Phase 1,I2995:9128;2995:9046;2675:6739,Platform Icon,Section 6/Home_Mb/Section 2/Frame 2147224765/Platform/Content/Platform Icon,(legacy),NAVIGATE,2531:6576,,,300.0,EASE_OUT,,,
🔵 UI_Phase 1,I2995:9128;2995:9046;2675:6739,Platform Icon,Section 6/Home_Mb/Section 2/Frame 2147224765/Platform/Content/Platform Icon,ON_HOVER,NODE,2531:6576,CHANGE_TO,SMART_ANIMATE,300.0,EASE_OUT,,,
🔵 UI_Phase 1,I2995:9128;2995:9047,Content,Section 6/Home_Mb/Section 2/Frame 2147224765/Platform/Content,(legacy),NAVIGATE,2513:2450,,,300.0,EASE_OUT,,,
🔵 UI_Phase 1,I2995:9128;2995:9047,Content,Section 6/Home_Mb/Section 2/Frame 2147224765/Platform/Content,ON_HOVER,NODE,2513:2450,CHANGE_TO,SMART_ANIMATE,300.0,EASE_OUT,,,
🔵 UI_Phase 1,I2995:9128;2995:9047;2675:6739,Platform Icon,Section 6/Home_Mb/Section 2/Frame 2147224765/Platform/Content/Platform Icon,(legacy),NAVIGATE,2675:6785,,,300.0,EASE_OUT,,,
🔵 UI_Phase 1,I2995:9128;2995:9047;2675:6739,Platform Icon,Section 6/Home_Mb/Section 2/Frame 2147224765/Platform/Content/Platform Icon,ON_HOVER,NODE,2675:6785,CHANGE_TO,SMART_ANIMATE,300.0,EASE_OUT,,,
🔵 UI_Phase 1,3162:8986,USO Card,Section 6/Home_Mb/Pride/Frame 1556/Pride/Frame 2147224842/USO Card,(legacy),NAVIGATE,2531:6625,,,300.0,LINEAR,,,
🔵 UI_Phase 1,3162:8986,USO Card,Section 6/Home_Mb/Pride/Frame 1556/Pride/Frame 2147224842/USO Card,ON_HOVER,NODE,2531:6625,CHANGE_TO,SMART_ANIMATE,300.0,LINEAR,,,
🔵 UI_Phase 1,3162:8987,Component 9,Section 6/Home_Mb/Pride/Frame 1556/Pride/Frame 2147224842/Component 9,(legacy),NAVIGATE,2531:6625,,,300.0,LINEAR,,,
🔵 UI_Phase 1,3162:8987,Component 9,Section 6/Home_Mb/Pride/Frame 1556/Pride/Frame 2147224842/Component 9,ON_HOVER,NODE,2531:6625,CHANGE_TO,SMART_ANIMATE,300.0,LINEAR,,,
🔵 UI_Phase 1,3162:8988,Component 10,Section 6/Home_Mb/Pride/Frame 1556/Pride/Frame 2147224842/Component 10,(legacy),NAVIGATE,2531:6625,,,300.0,LINEAR,,,
🔵 UI_Phase 1,3162:8988,Component 10,Section 6/Home_Mb/Pride/Frame 1556/Pride/Frame 2147224842/Component 10,ON_HOVER,NODE,2531:6625,CHANGE_TO,SMART_ANIMATE,300.0,LINEAR,,,
🔵 UI_Phase 1,3162:8990,USO Card,Section 6/Home_Mb/Pride/Frame 1556/Pride/Frame 2147224843/USO Card,(legacy),NAVIGATE,2531:6625,,,300.0,LINEAR,,,
🔵 UI_Phase 1,3162:8990,USO Card,Section 6/Home_Mb/Pride/Frame 1556/Pride/Frame 2147224843/USO Card,ON_HOVER,NODE,2531:6625,CHANGE_TO,SMART_ANIMATE,300.0,LINEAR,,,
🔵 UI_Phase 1,3162:8991,Component 9,Section 6/Home_Mb/Pride/Frame 1556/Pride/Frame 2147224843/Component 9,(legacy),NAVIGATE,2531:6625,,,300.0,LINEAR,,,
🔵 UI_Phase 1,3162:8991,Component 9,Section 6/Home_Mb/Pride/Frame 1556/Pride/Frame 2147224843/Component 9,ON_HOVER,NODE,2531:6625,CHANGE_TO,SMART_ANIMATE,300.0,LINEAR,,,
🔵 UI_Phase 1,3162:8992,Component 10,Section 6/Home_Mb/Pride/Frame 1556/Pride/Frame 2147224843/Component 10,(legacy),NAVIGATE,2531:6625,,,300.0,LINEAR,,,
🔵 UI_Phase 1,3162:8992,Component 10,Section 6/Home_Mb/Pride/Frame 1556/Pride/Frame 2147224843/Component 10,ON_HOVER,NODE,2531:6625,CHANGE_TO,SMART_ANIMATE,300.0,LINEAR,,,
🔵 UI_Phase 1,3162:8994,USO Card,Section 6/Home_Mb/Pride/Frame 1556/Pride/Frame 2147224844/USO Card,(legacy),NAVIGATE,2531:6625,,,300.0,LINEAR,,,
🔵 UI_Phase 1,3162:8994,USO Card,Section 6/Home_Mb/Pride/Frame 1556/Pride/Frame 2147224844/USO Card,ON_HOVER,NODE,2531:6625,CHANGE_TO,SMART_ANIMATE,300.0,LINEAR,,,
🔵 UI_Phase 1,3162:8995,Component 9,Section 6/Home_Mb/Pride/Frame 1556/Pride/Frame 2147224844/Component 9,(legacy),NAVIGATE,2531:6625,,,300.0,LINEAR,,,
🔵 UI_Phase 1,3162:8995,Component 9,Section 6/Home_Mb/Pride/Frame 1556/Pride/Frame 2147224844/Component 9,ON_HOVER,NODE,2531:6625,CHANGE_TO,SMART_ANIMATE,300.0,LINEAR,,,
🔵 UI_Phase 1,3162:8996,Component 10,Section 6/Home_Mb/Pride/Frame 1556/Pride/Frame 2147224844/Component 10,(legacy),NAVIGATE,2531:6625,,,300.0,LINEAR,,,
🔵 UI_Phase 1,3162:8996,Component 10,Section 6/Home_Mb/Pride/Frame 1556/Pride/Frame 2147224844/Component 10,ON_HOVER,NODE,2531:6625,CHANGE_TO,SMART_ANIMATE,300.0,LINEAR,,,
🔵 UI_Phase 1,2747:3290,Component 1,Section 6/Home_Mb/Section 4/Frame 2147224765/Frame 2147224771/Frame 2147224767/Component 1,(legacy),NAVIGATE,2405:2767,,,300.0,EASE_OUT,,,
🔵 UI_Phase 1,2747:3290,Component 1,Section 6/Home_Mb/Section 4/Frame 2147224765/Frame 2147224771/Frame 2147224767/Component 1,ON_CLICK,NODE,2405:2767,CHANGE_TO,SMART_ANIMATE,300.0,EASE_OUT,,,
🔵 UI_Phase 1,2747:3291,Component 1,Section 6/Home_Mb/Section 4/Frame 2147224765/Frame 2147224771/Frame 2147224767/Component 1,(legacy),NAVIGATE,2444:4545,,,300.0,EASE_OUT,,,
🔵 UI_Phase 1,2747:3291,Component 1,Section 6/Home_Mb/Section 4/Frame 2147224765/Frame 2147224771/Frame 2147224767/Component 1,ON_HOVER,NODE,2444:4545,CHANGE_TO,SMART_ANIMATE,300.0,EASE_OUT,,,
🔵 UI_Phase 1,2747:3292,Component 2,Section 6/Home_Mb/Section 4/Frame 2147224765/Frame 2147224771/Frame 2147224767/Component 2,(legacy),NAVIGATE,2444:4545,,,300.0,EASE_OUT,,,
🔵 UI_Phase 1,2747:3292,Component 2,Section 6/Home_Mb/Section 4/Frame 2147224765/Frame 2147224771/Frame 2147224767/Component 2,ON_HOVER,NODE,2444:4545,CHANGE_TO,SMART_ANIMATE,300.0,EASE_OUT,,,
🔵 UI_Phase 1,2747:3293,Component 3,Section 6/Home_Mb/Section 4/Frame 2147224765/Frame 2147224771/Frame 2147224767/Component 3,(legacy),NAVIGATE,2444:4545,,,300.0,EASE_OUT,,,
🔵 UI_Phase 1,2747:3293,Component 3,Section 6/Home_Mb/Section 4/Frame 2147224765/Frame 2147224771/Frame 2147224767/Component 3,ON_HOVER,NODE,2444:4545,CHANGE_TO,SMART_ANIMATE,300.0,EASE_OUT,,,
🔵 UI_Phase 1,2747:3294,Component 4,Section 6/Home_Mb/Section 4/Frame 2147224765/Frame 2147224771/Frame 2147224767/Component 4,(legacy),NAVIGATE,2444:4545,,,300.0,EASE_OUT,,,
🔵 UI_Phase 1,2747:3294,Component 4,Section 6/Home_Mb/Section 4/Frame 2147224765/Frame 2147224771/Frame 2147224767/Component 4,ON_HOVER,NODE,2444:4545,CHANGE_TO,SMART_ANIMATE,300.0,EASE_OUT,,,
🔵 UI_Phase 1,2747:3295,Component 5,Section 6/Home_Mb/Section 4/Frame 2147224765/Frame 2147224771/Frame 2147224767/Component 5,(legacy),NAVIGATE,2444:4545,,,300.0,EASE_OUT,,,
🔵 UI_Phase 1,2747:3295,Component 5,Section 6/Home_Mb/Section 4/Frame 2147224765/Frame 2147224771/Frame 2147224767/Component 5,ON_HOVER,NODE,2444:4545,CHANGE_TO,SMART_ANIMATE,300.0,EASE_OUT,,,
🔵 UI_Phase 1,2747:3297,Gear,Section 6/Home_Mb/Section 4/Frame 2147224765/Frame 2147224771/Chart1/Gear,AFTER_TIMEOUT(1.0ms),NODE,,CHANGE_TO,SMART_ANIMATE,5000.0,LINEAR,,,
🔵 UI_Phase 1,2747:3297,Gear,Section 6/Home_Mb/Section 4/Frame 2147224765/Frame 2147224771/Chart1/Gear,ON_HOVER,NODE,2531:8176,CHANGE_TO,SMART_ANIMATE,1022.1,GENTLE,,,
🔵 UI_Phase 1,I2747:3344;2531:9882,Button of Nav Heading,Section 6/Home_Mb/Footer Desk/Frame 92/Frame 2147224758/Button of Nav Heading,(legacy),NAVIGATE,2445:2781,,,300.0,EASE_OUT,,,
🔵 UI_Phase 1,I2747:3344;2531:9882,Button of Nav Heading,Section 6/Home_Mb/Footer Desk/Frame 92/Frame 2147224758/Button of Nav Heading,ON_HOVER,NODE,2445:2781,CHANGE_TO,SMART_ANIMATE,300.0,EASE_OUT,,,
🔵 UI_Phase 1,I2747:3344;2531:9883,Button of Nav Heading,Section 6/Home_Mb/Footer Desk/Frame 92/Frame 2147224758/Button of Nav Heading,(legacy),NAVIGATE,2445:2781,,,300.0,EASE_OUT,,,
🔵 UI_Phase 1,I2747:3344;2531:9883,Button of Nav Heading,Section 6/Home_Mb/Footer Desk/Frame 92/Frame 2147224758/Button of Nav Heading,ON_HOVER,NODE,2445:2781,CHANGE_TO,SMART_ANIMATE,300.0,EASE_OUT,,,
🔵 UI_Phase 1,I2747:3344;2531:9884,Button of Nav Heading,Section 6/Home_Mb/Footer Desk/Frame 92/Frame 2147224758/Button of Nav Heading,(legacy),NAVIGATE,2445:2781,,,300.0,EASE_OUT,,,
🔵 UI_Phase 1,I2747:3344;2531:9884,Button of Nav Heading,Section 6/Home_Mb/Footer Desk/Frame 92/Frame 2147224758/Button of Nav Heading,ON_HOVER,NODE,2445:2781,CHANGE_TO,SMART_ANIMATE,300.0,EASE_OUT,,,
🔵 UI_Phase 1,I2747:3344;2531:9885,Button of Nav Heading,Section 6/Home_Mb/Footer Desk/Frame 92/Frame 2147224758/Button of Nav Heading,(legacy),NAVIGATE,2531:6500,,,300.0,EASE_OUT,,,
🔵 UI_Phase 1,I2747:3344;2531:9885,Button of Nav Heading,Section 6/Home_Mb/Footer Desk/Frame 92/Frame 2147224758/Button of Nav Heading,ON_CLICK,NODE,2531:6500,CHANGE_TO,SMART_ANIMATE,300.0,EASE_OUT,,,
🔵 UI_Phase 1,I2747:3344;2531:10029,Back Button,Section 6/Home_Mb/Footer Desk/Frame 2087326390/Back Button,(legacy),NAVIGATE,2445:2488,,,100.0,LINEAR,,,
🔵 UI_Phase 1,I2747:3344;2531:10029,Back Button,Section 6/Home_Mb/Footer Desk/Frame 2087326390/Back Button,ON_HOVER,NODE,2445:2488,CHANGE_TO,SMART_ANIMATE,100.0,LINEAR,,,
🔵 UI_Phase 1,I2747:3344;2531:10029,Back Button,Section 6/Home_Mb/Footer Desk/Frame 2087326390/Back Button,ON_CLICK,NODE,2903:5504,SCROLL_TO,SCROLL_ANIMATE,300.0,EASE_OUT,,,
🔵 UI_Phase 1,2995:9108,Property 1=Default,Section 6/Pride/Property 1=Default,(legacy),NAVIGATE,2995:9110,,,5000.0,LINEAR,,,
🔵 UI_Phase 1,2995:9108,Property 1=Default,Section 6/Pride/Property 1=Default,AFTER_TIMEOUT(1.0ms),NODE,2995:9110,CHANGE_TO,,,,,,
🔵 UI_Phase 1,2995:9027,USO Card,Section 6/Pride/Property 1=Default/Frame 2147224842/USO Card,(legacy),NAVIGATE,2531:6625,,,300.0,LINEAR,,,
🔵 UI_Phase 1,2995:9027,USO Card,Section 6/Pride/Property 1=Default/Frame 2147224842/USO Card,ON_HOVER,NODE,2531:6625,CHANGE_TO,SMART_ANIMATE,300.0,LINEAR,,,
🔵 UI_Phase 1,2995:9028,Component 9,Section 6/Pride/Property 1=Default/Frame 2147224842/Component 9,(legacy),NAVIGATE,2531:6625,,,300.0,LINEAR,,,
🔵 UI_Phase 1,2995:9028,Component 9,Section 6/Pride/Property 1=Default/Frame 2147224842/Component 9,ON_HOVER,NODE,2531:6625,CHANGE_TO,SMART_ANIMATE,300.0,LINEAR,,,
🔵 UI_Phase 1,2995:9029,Component 10,Section 6/Pride/Property 1=Default/Frame 2147224842/Component 10,(legacy),NAVIGATE,2531:6625,,,300.0,LINEAR,,,
🔵 UI_Phase 1,2995:9029,Component 10,Section 6/Pride/Property 1=Default/Frame 2147224842/Component 10,ON_HOVER,NODE,2531:6625,CHANGE_TO,SMART_ANIMATE,300.0,LINEAR,,,
🔵 UI_Phase 1,3162:8366,USO Card,Section 6/Pride/Property 1=Default/Frame 2147224843/USO Card,(legacy),NAVIGATE,2531:6625,,,300.0,LINEAR,,,
🔵 UI_Phase 1,3162:8366,USO Card,Section 6/Pride/Property 1=Default/Frame 2147224843/USO Card,ON_HOVER,NODE,2531:6625,CHANGE_TO,SMART_ANIMATE,300.0,LINEAR,,,
🔵 UI_Phase 1,3162:8367,Component 9,Section 6/Pride/Property 1=Default/Frame 2147224843/Component 9,(legacy),NAVIGATE,2531:6625,,,300.0,LINEAR,,,
🔵 UI_Phase 1,3162:8367,Component 9,Section 6/Pride/Property 1=Default/Frame 2147224843/Component 9,ON_HOVER,NODE,2531:6625,CHANGE_TO,SMART_ANIMATE,300.0,LINEAR,,,
🔵 UI_Phase 1,3162:8368,Component 10,Section 6/Pride/Property 1=Default/Frame 2147224843/Component 10,(legacy),NAVIGATE,2531:6625,,,300.0,LINEAR,,,
🔵 UI_Phase 1,3162:8368,Component 10,Section 6/Pride/Property 1=Default/Frame 2147224843/Component 10,ON_HOVER,NODE,2531:6625,CHANGE_TO,SMART_ANIMATE,300.0,LINEAR,,,
🔵 UI_Phase 1,3162:8553,USO Card,Section 6/Pride/Property 1=Default/Frame 2147224844/USO Card,(legacy),NAVIGATE,2531:6625,,,300.0,LINEAR,,,
🔵 UI_Phase 1,3162:8553,USO Card,Section 6/Pride/Property 1=Default/Frame 2147224844/USO Card,ON_HOVER,NODE,2531:6625,CHANGE_TO,SMART_ANIMATE,300.0,LINEAR,,,
🔵 UI_Phase 1,3162:8554,Component 9,Section 6/Pride/Property 1=Default/Frame 2147224844/Component 9,(legacy),NAVIGATE,2531:6625,,,300.0,LINEAR,,,
🔵 UI_Phase 1,3162:8554,Component 9,Section 6/Pride/Property 1=Default/Frame 2147224844/Component 9,ON_HOVER,NODE,2531:6625,CHANGE_TO,SMART_ANIMATE,300.0,LINEAR,,,
🔵 UI_Phase 1,3162:8555,Component 10,Section 6/Pride/Property 1=Default/Frame 2147224844/Component 10,(legacy),NAVIGATE,2531:6625,,,300.0,LINEAR,,,
🔵 UI_Phase 1,3162:8555,Component 10,Section 6/Pride/Property 1=Default/Frame 2147224844/Component 10,ON_HOVER,NODE,2531:6625,CHANGE_TO,SMART_ANIMATE,300.0,LINEAR,,,
🔵 UI_Phase 1,2995:9110,Property 1=Variant2,Section 6/Pride/Property 1=Variant2,(legacy),NAVIGATE,2995:9108,,,5000.0,LINEAR,,,
🔵 UI_Phase 1,2995:9110,Property 1=Variant2,Section 6/Pride/Property 1=Variant2,AFTER_TIMEOUT(1.0ms),NODE,2995:9108,CHANGE_TO,,,,,,
🔵 UI_Phase 1,2995:9111,USO Card,Section 6/Pride/Property 1=Variant2/Frame 2147224844/USO Card,(legacy),NAVIGATE,2531:6625,,,300.0,LINEAR,,,
🔵 UI_Phase 1,2995:9111,USO Card,Section 6/Pride/Property 1=Variant2/Frame 2147224844/USO Card,ON_HOVER,NODE,2531:6625,CHANGE_TO,SMART_ANIMATE,300.0,LINEAR,,,
🔵 UI_Phase 1,2995:9112,Component 9,Section 6/Pride/Property 1=Variant2/Frame 2147224844/Component 9,(legacy),NAVIGATE,2531:6625,,,300.0,LINEAR,,,
🔵 UI_Phase 1,2995:9112,Component 9,Section 6/Pride/Property 1=Variant2/Frame 2147224844/Component 9,ON_HOVER,NODE,2531:6625,CHANGE_TO,SMART_ANIMATE,300.0,LINEAR,,,
🔵 UI_Phase 1,2995:9113,Component 10,Section 6/Pride/Property 1=Variant2/Frame 2147224844/Component 10,(legacy),NAVIGATE,2531:6625,,,300.0,LINEAR,,,
🔵 UI_Phase 1,2995:9113,Component 10,Section 6/Pride/Property 1=Variant2/Frame 2147224844/Component 10,ON_HOVER,NODE,2531:6625,CHANGE_TO,SMART_ANIMATE,300.0,LINEAR,,,
🔵 UI_Phase 1,3162:8384,USO Card,Section 6/Pride/Property 1=Variant2/Frame 2147224845/USO Card,(legacy),NAVIGATE,2531:6625,,,300.0,LINEAR,,,
🔵 UI_Phase 1,3162:8384,USO Card,Section 6/Pride/Property 1=Variant2/Frame 2147224845/USO Card,ON_HOVER,NODE,2531:6625,CHANGE_TO,SMART_ANIMATE,300.0,LINEAR,,,
🔵 UI_Phase 1,3162:8385,Component 9,Section 6/Pride/Property 1=Variant2/Frame 2147224845/Component 9,(legacy),NAVIGATE,2531:6625,,,300.0,LINEAR,,,
🔵 UI_Phase 1,3162:8385,Component 9,Section 6/Pride/Property 1=Variant2/Frame 2147224845/Component 9,ON_HOVER,NODE,2531:6625,CHANGE_TO,SMART_ANIMATE,300.0,LINEAR,,,
🔵 UI_Phase 1,3162:8386,Component 10,Section 6/Pride/Property 1=Variant2/Frame 2147224845/Component 10,(legacy),NAVIGATE,2531:6625,,,300.0,LINEAR,,,
🔵 UI_Phase 1,3162:8386,Component 10,Section 6/Pride/Property 1=Variant2/Frame 2147224845/Component 10,ON_HOVER,NODE,2531:6625,CHANGE_TO,SMART_ANIMATE,300.0,LINEAR,,,
🔵 UI_Phase 1,3162:8586,USO Card,Section 6/Pride/Property 1=Variant2/Frame 2147224846/USO Card,(legacy),NAVIGATE,2531:6625,,,300.0,LINEAR,,,
🔵 UI_Phase 1,3162:8586,USO Card,Section 6/Pride/Property 1=Variant2/Frame 2147224846/USO Card,ON_HOVER,NODE,2531:6625,CHANGE_TO,SMART_ANIMATE,300.0,LINEAR,,,
🔵 UI_Phase 1,3162:8587,Component 9,Section 6/Pride/Property 1=Variant2/Frame 2147224846/Component 9,(legacy),NAVIGATE,2531:6625,,,300.0,LINEAR,,,
🔵 UI_Phase 1,3162:8587,Component 9,Section 6/Pride/Property 1=Variant2/Frame 2147224846/Component 9,ON_HOVER,NODE,2531:6625,CHANGE_TO,SMART_ANIMATE,300.0,LINEAR,,,
🔵 UI_Phase 1,3162:8588,Component 10,Section 6/Pride/Property 1=Variant2/Frame 2147224846/Component 10,(legacy),NAVIGATE,2531:6625,,,300.0,LINEAR,,,
🔵 UI_Phase 1,3162:8588,Component 10,Section 6/Pride/Property 1=Variant2/Frame 2147224846/Component 10,ON_HOVER,NODE,2531:6625,CHANGE_TO,SMART_ANIMATE,300.0,LINEAR,,,
🔵 UI_Phase 1,2865:17525,Button of Nav Heading,Vertical Menu - Mobile/Home_Mb/Frame 13/Button of Nav Heading,(legacy),NAVIGATE,2531:6498,,,300.0,EASE_OUT,,,
🔵 UI_Phase 1,2865:17525,Button of Nav Heading,Vertical Menu - Mobile/Home_Mb/Frame 13/Button of Nav Heading,ON_HOVER,NODE,2531:6498,CHANGE_TO,SMART_ANIMATE,300.0,EASE_OUT,,,
🔵 UI_Phase 1,I2865:15309;2675:12042,Component 13,Vertical Menu - Mobile/Home_Mb/Frame 2147224759/Component 13,(legacy),NAVIGATE,2903:8251,,,127.76171875,GENTLE,,,
🔵 UI_Phase 1,I2865:15309;2675:12042,Component 13,Vertical Menu - Mobile/Home_Mb/Frame 2147224759/Component 13,ON_CLICK,NODE,2903:8251,NAVIGATE,SMART_ANIMATE,127.8,GENTLE,,,
🔵 UI_Phase 1,2995:8499,Partten Tech 1,Vertical Menu - Mobile/Home_Mb/Hero/Partten Tech 1,(legacy),NAVIGATE,2985:7985,,,300.0,EASE_OUT,,,
🔵 UI_Phase 1,2995:8499,Partten Tech 1,Vertical Menu - Mobile/Home_Mb/Hero/Partten Tech 1,ON_HOVER,NODE,2985:7985,CHANGE_TO,SMART_ANIMATE,300.0,EASE_OUT,,,
🔵 UI_Phase 1,2995:8506,Button,Vertical Menu - Mobile/Home_Mb/Hero/Blog/Frame 2147224760/Frame 2147224768/Button,(legacy),NAVIGATE,36:199,,,300.0,EASE_OUT,,,
🔵 UI_Phase 1,2995:8506,Button,Vertical Menu - Mobile/Home_Mb/Hero/Blog/Frame 2147224760/Frame 2147224768/Button,ON_HOVER,NODE,36:199,CHANGE_TO,SMART_ANIMATE,300.0,EASE_OUT,,,
🔵 UI_Phase 1,2995:8507,Button,Vertical Menu - Mobile/Home_Mb/Hero/Blog/Frame 2147224760/Frame 2147224768/Button,(legacy),NAVIGATE,36:781,,,300.0,EASE_OUT,,,
🔵 UI_Phase 1,2995:8507,Button,Vertical Menu - Mobile/Home_Mb/Hero/Blog/Frame 2147224760/Frame 2147224768/Button,ON_HOVER,NODE,36:781,CHANGE_TO,SMART_ANIMATE,300.0,EASE_OUT,,,
🔵 UI_Phase 1,2865:15316,Content,Vertical Menu - Mobile/Home_Mb/Section 2/Frame 2147224765/Group 48095671/Frame 2147224764/Content,(legacy),NAVIGATE,2513:2450,,,300.0,EASE_OUT,,,
🔵 UI_Phase 1,2865:15316,Content,Vertical Menu - Mobile/Home_Mb/Section 2/Frame 2147224765/Group 48095671/Frame 2147224764/Content,ON_HOVER,NODE,2513:2450,CHANGE_TO,SMART_ANIMATE,300.0,EASE_OUT,,,
🔵 UI_Phase 1,I2865:15316;2675:6739,Platform Icon,Vertical Menu - Mobile/Home_Mb/Section 2/Frame 2147224765/Group 48095671/Frame 2147224764/Content/Platform Icon,(legacy),NAVIGATE,2513:2517,,,300.0,EASE_OUT,,,
🔵 UI_Phase 1,I2865:15316;2675:6739,Platform Icon,Vertical Menu - Mobile/Home_Mb/Section 2/Frame 2147224765/Group 48095671/Frame 2147224764/Content/Platform Icon,ON_HOVER,NODE,2513:2517,CHANGE_TO,SMART_ANIMATE,300.0,EASE_OUT,,,
🔵 UI_Phase 1,2865:15317,Content,Vertical Menu - Mobile/Home_Mb/Section 2/Frame 2147224765/Group 48095671/Frame 2147224764/Content,(legacy),NAVIGATE,2513:2450,,,300.0,EASE_OUT,,,
🔵 UI_Phase 1,2865:15317,Content,Vertical Menu - Mobile/Home_Mb/Section 2/Frame 2147224765/Group 48095671/Frame 2147224764/Content,ON_HOVER,NODE,2513:2450,CHANGE_TO,SMART_ANIMATE,300.0,EASE_OUT,,,
🔵 UI_Phase 1,I2865:15317;2675:6739,Platform Icon,Vertical Menu - Mobile/Home_Mb/Section 2/Frame 2147224765/Group 48095671/Frame 2147224764/Content/Platform Icon,(legacy),NAVIGATE,2513:2522,,,300.0,EASE_OUT,,,
🔵 UI_Phase 1,I2865:15317;2675:6739,Platform Icon,Vertical Menu - Mobile/Home_Mb/Section 2/Frame 2147224765/Group 48095671/Frame 2147224764/Content/Platform Icon,ON_HOVER,NODE,2513:2522,CHANGE_TO,SMART_ANIMATE,300.0,EASE_OUT,,,
🔵 UI_Phase 1,2865:15318,Content,Vertical Menu - Mobile/Home_Mb/Section 2/Frame 2147224765/Group 48095671/Frame 2147224764/Content,(legacy),NAVIGATE,2513:2450,,,300.0,EASE_OUT,,,
🔵 UI_Phase 1,2865:15318,Content,Vertical Menu - Mobile/Home_Mb/Section 2/Frame 2147224765/Group 48095671/Frame 2147224764/Content,ON_HOVER,NODE,2513:2450,CHANGE_TO,SMART_ANIMATE,300.0,EASE_OUT,,,
🔵 UI_Phase 1,I2865:15318;2675:6739,Platform Icon,Vertical Menu - Mobile/Home_Mb/Section 2/Frame 2147224765/Group 48095671/Frame 2147224764/Content/Platform Icon,(legacy),NAVIGATE,2519:5604,,,300.0,EASE_OUT,,,
🔵 UI_Phase 1,I2865:15318;2675:6739,Platform Icon,Vertical Menu - Mobile/Home_Mb/Section 2/Frame 2147224765/Group 48095671/Frame 2147224764/Content/Platform Icon,ON_HOVER,NODE,2519:5604,CHANGE_TO,SMART_ANIMATE,300.0,EASE_OUT,,,
🔵 UI_Phase 1,2865:15319,Content,Vertical Menu - Mobile/Home_Mb/Section 2/Frame 2147224765/Group 48095671/Frame 2147224764/Content,(legacy),NAVIGATE,2513:2450,,,300.0,EASE_OUT,,,
🔵 UI_Phase 1,2865:15319,Content,Vertical Menu - Mobile/Home_Mb/Section 2/Frame 2147224765/Group 48095671/Frame 2147224764/Content,ON_HOVER,NODE,2513:2450,CHANGE_TO,SMART_ANIMATE,300.0,EASE_OUT,,,
🔵 UI_Phase 1,I2865:15319;2675:6739,Platform Icon,Vertical Menu - Mobile/Home_Mb/Section 2/Frame 2147224765/Group 48095671/Frame 2147224764/Content/Platform Icon,(legacy),NAVIGATE,2531:6576,,,300.0,EASE_OUT,,,
🔵 UI_Phase 1,I2865:15319;2675:6739,Platform Icon,Vertical Menu - Mobile/Home_Mb/Section 2/Frame 2147224765/Group 48095671/Frame 2147224764/Content/Platform Icon,ON_HOVER,NODE,2531:6576,CHANGE_TO,SMART_ANIMATE,300.0,EASE_OUT,,,
🔵 UI_Phase 1,2865:15320,Content,Vertical Menu - Mobile/Home_Mb/Section 2/Frame 2147224765/Group 48095671/Frame 2147224764/Content,(legacy),NAVIGATE,2513:2450,,,300.0,EASE_OUT,,,
🔵 UI_Phase 1,2865:15320,Content,Vertical Menu - Mobile/Home_Mb/Section 2/Frame 2147224765/Group 48095671/Frame 2147224764/Content,ON_HOVER,NODE,2513:2450,CHANGE_TO,SMART_ANIMATE,300.0,EASE_OUT,,,
🔵 UI_Phase 1,I2865:15320;2675:6739,Platform Icon,Vertical Menu - Mobile/Home_Mb/Section 2/Frame 2147224765/Group 48095671/Frame 2147224764/Content/Platform Icon,(legacy),NAVIGATE,2675:6785,,,300.0,EASE_OUT,,,
🔵 UI_Phase 1,I2865:15320;2675:6739,Platform Icon,Vertical Menu - Mobile/Home_Mb/Section 2/Frame 2147224765/Group 48095671/Frame 2147224764/Content/Platform Icon,ON_HOVER,NODE,2675:6785,CHANGE_TO,SMART_ANIMATE,300.0,EASE_OUT,,,
🔵 UI_Phase 1,2865:15325,USO Card,Vertical Menu - Mobile/Home_Mb/Pride/Frame 1556/Pride/USO Card,(legacy),NAVIGATE,2531:6625,,,300.0,LINEAR,,,
🔵 UI_Phase 1,2865:15325,USO Card,Vertical Menu - Mobile/Home_Mb/Pride/Frame 1556/Pride/USO Card,ON_HOVER,NODE,2531:6625,CHANGE_TO,SMART_ANIMATE,300.0,LINEAR,,,
🔵 UI_Phase 1,2865:15326,Component 9,Vertical Menu - Mobile/Home_Mb/Pride/Frame 1556/Pride/Component 9,(legacy),NAVIGATE,2531:6625,,,300.0,LINEAR,,,
🔵 UI_Phase 1,2865:15326,Component 9,Vertical Menu - Mobile/Home_Mb/Pride/Frame 1556/Pride/Component 9,ON_HOVER,NODE,2531:6625,CHANGE_TO,SMART_ANIMATE,300.0,LINEAR,,,
🔵 UI_Phase 1,2865:15327,Component 10,Vertical Menu - Mobile/Home_Mb/Pride/Frame 1556/Pride/Component 10,(legacy),NAVIGATE,2531:6625,,,300.0,LINEAR,,,
🔵 UI_Phase 1,2865:15327,Component 10,Vertical Menu - Mobile/Home_Mb/Pride/Frame 1556/Pride/Component 10,ON_HOVER,NODE,2531:6625,CHANGE_TO,SMART_ANIMATE,300.0,LINEAR,,,
🔵 UI_Phase 1,2995:8543,Partten Tech 1,Vertical Menu - Mobile/Home_Mb/Hero/Partten Tech 1,(legacy),NAVIGATE,2985:7985,,,300.0,EASE_OUT,,,
🔵 UI_Phase 1,2995:8543,Partten Tech 1,Vertical Menu - Mobile/Home_Mb/Hero/Partten Tech 1,ON_HOVER,NODE,2985:7985,CHANGE_TO,SMART_ANIMATE,300.0,EASE_OUT,,,
🔵 UI_Phase 1,2995:8550,Button,Vertical Menu - Mobile/Home_Mb/Hero/Blog/Frame 2147224760/Frame 2147224768/Button,(legacy),NAVIGATE,36:199,,,300.0,EASE_OUT,,,
🔵 UI_Phase 1,2995:8550,Button,Vertical Menu - Mobile/Home_Mb/Hero/Blog/Frame 2147224760/Frame 2147224768/Button,ON_HOVER,NODE,36:199,CHANGE_TO,SMART_ANIMATE,300.0,EASE_OUT,,,
🔵 UI_Phase 1,2995:8551,Button,Vertical Menu - Mobile/Home_Mb/Hero/Blog/Frame 2147224760/Frame 2147224768/Button,(legacy),NAVIGATE,36:781,,,300.0,EASE_OUT,,,
🔵 UI_Phase 1,2995:8551,Button,Vertical Menu - Mobile/Home_Mb/Hero/Blog/Frame 2147224760/Frame 2147224768/Button,ON_HOVER,NODE,36:781,CHANGE_TO,SMART_ANIMATE,300.0,EASE_OUT,,,
🔵 UI_Phase 1,2903:8273,Content,Vertical Menu - Mobile/Home_Mb/Section 2/Frame 2147224765/Group 48095671/Frame 2147224764/Content,(legacy),NAVIGATE,2513:2450,,,300.0,EASE_OUT,,,
🔵 UI_Phase 1,2903:8273,Content,Vertical Menu - Mobile/Home_Mb/Section 2/Frame 2147224765/Group 48095671/Frame 2147224764/Content,ON_HOVER,NODE,2513:2450,CHANGE_TO,SMART_ANIMATE,300.0,EASE_OUT,,,
🔵 UI_Phase 1,I2903:8273;2675:6739,Platform Icon,Vertical Menu - Mobile/Home_Mb/Section 2/Frame 2147224765/Group 48095671/Frame 2147224764/Content/Platform Icon,(legacy),NAVIGATE,2513:2517,,,300.0,EASE_OUT,,,
🔵 UI_Phase 1,I2903:8273;2675:6739,Platform Icon,Vertical Menu - Mobile/Home_Mb/Section 2/Frame 2147224765/Group 48095671/Frame 2147224764/Content/Platform Icon,ON_HOVER,NODE,2513:2517,CHANGE_TO,SMART_ANIMATE,300.0,EASE_OUT,,,
🔵 UI_Phase 1,2903:8274,Content,Vertical Menu - Mobile/Home_Mb/Section 2/Frame 2147224765/Group 48095671/Frame 2147224764/Content,(legacy),NAVIGATE,2513:2450,,,300.0,EASE_OUT,,,
🔵 UI_Phase 1,2903:8274,Content,Vertical Menu - Mobile/Home_Mb/Section 2/Frame 2147224765/Group 48095671/Frame 2147224764/Content,ON_HOVER,NODE,2513:2450,CHANGE_TO,SMART_ANIMATE,300.0,EASE_OUT,,,
🔵 UI_Phase 1,I2903:8274;2675:6739,Platform Icon,Vertical Menu - Mobile/Home_Mb/Section 2/Frame 2147224765/Group 48095671/Frame 2147224764/Content/Platform Icon,(legacy),NAVIGATE,2513:2522,,,300.0,EASE_OUT,,,
🔵 UI_Phase 1,I2903:8274;2675:6739,Platform Icon,Vertical Menu - Mobile/Home_Mb/Section 2/Frame 2147224765/Group 48095671/Frame 2147224764/Content/Platform Icon,ON_HOVER,NODE,2513:2522,CHANGE_TO,SMART_ANIMATE,300.0,EASE_OUT,,,
🔵 UI_Phase 1,2903:8275,Content,Vertical Menu - Mobile/Home_Mb/Section 2/Frame 2147224765/Group 48095671/Frame 2147224764/Content,(legacy),NAVIGATE,2513:2450,,,300.0,EASE_OUT,,,
🔵 UI_Phase 1,2903:8275,Content,Vertical Menu - Mobile/Home_Mb/Section 2/Frame 2147224765/Group 48095671/Frame 2147224764/Content,ON_HOVER,NODE,2513:2450,CHANGE_TO,SMART_ANIMATE,300.0,EASE_OUT,,,
🔵 UI_Phase 1,I2903:8275;2675:6739,Platform Icon,Vertical Menu - Mobile/Home_Mb/Section 2/Frame 2147224765/Group 48095671/Frame 2147224764/Content/Platform Icon,(legacy),NAVIGATE,2519:5604,,,300.0,EASE_OUT,,,
🔵 UI_Phase 1,I2903:8275;2675:6739,Platform Icon,Vertical Menu - Mobile/Home_Mb/Section 2/Frame 2147224765/Group 48095671/Frame 2147224764/Content/Platform Icon,ON_HOVER,NODE,2519:5604,CHANGE_TO,SMART_ANIMATE,300.0,EASE_OUT,,,
🔵 UI_Phase 1,2903:8276,Content,Vertical Menu - Mobile/Home_Mb/Section 2/Frame 2147224765/Group 48095671/Frame 2147224764/Content,(legacy),NAVIGATE,2513:2450,,,300.0,EASE_OUT,,,
🔵 UI_Phase 1,2903:8276,Content,Vertical Menu - Mobile/Home_Mb/Section 2/Frame 2147224765/Group 48095671/Frame 2147224764/Content,ON_HOVER,NODE,2513:2450,CHANGE_TO,SMART_ANIMATE,300.0,EASE_OUT,,,
🔵 UI_Phase 1,I2903:8276;2675:6739,Platform Icon,Vertical Menu - Mobile/Home_Mb/Section 2/Frame 2147224765/Group 48095671/Frame 2147224764/Content/Platform Icon,(legacy),NAVIGATE,2531:6576,,,300.0,EASE_OUT,,,
🔵 UI_Phase 1,I2903:8276;2675:6739,Platform Icon,Vertical Menu - Mobile/Home_Mb/Section 2/Frame 2147224765/Group 48095671/Frame 2147224764/Content/Platform Icon,ON_HOVER,NODE,2531:6576,CHANGE_TO,SMART_ANIMATE,300.0,EASE_OUT,,,
🔵 UI_Phase 1,2903:8277,Content,Vertical Menu - Mobile/Home_Mb/Section 2/Frame 2147224765/Group 48095671/Frame 2147224764/Content,(legacy),NAVIGATE,2513:2450,,,300.0,EASE_OUT,,,
🔵 UI_Phase 1,2903:8277,Content,Vertical Menu - Mobile/Home_Mb/Section 2/Frame 2147224765/Group 48095671/Frame 2147224764/Content,ON_HOVER,NODE,2513:2450,CHANGE_TO,SMART_ANIMATE,300.0,EASE_OUT,,,
🔵 UI_Phase 1,I2903:8277;2675:6739,Platform Icon,Vertical Menu - Mobile/Home_Mb/Section 2/Frame 2147224765/Group 48095671/Frame 2147224764/Content/Platform Icon,(legacy),NAVIGATE,2675:6785,,,300.0,EASE_OUT,,,
🔵 UI_Phase 1,I2903:8277;2675:6739,Platform Icon,Vertical Menu - Mobile/Home_Mb/Section 2/Frame 2147224765/Group 48095671/Frame 2147224764/Content/Platform Icon,ON_HOVER,NODE,2675:6785,CHANGE_TO,SMART_ANIMATE,300.0,EASE_OUT,,,
🔵 UI_Phase 1,I2903:8453;2903:8414,Menu,Vertical Menu - Mobile/Home_Mb/Menu/Frame 2147224841/Menu,(legacy),NAVIGATE,2865:15308,,,1250.1229248046875,SLOW,,,
🔵 UI_Phase 1,I2903:8453;2903:8414,Menu,Vertical Menu - Mobile/Home_Mb/Menu/Frame 2147224841/Menu,DRAG,NODE,2865:15308,NAVIGATE,SMART_ANIMATE,1250.1,SLOW,,,
🔵 UI_Phase 1,I2903:8453;2903:8415,cancel,Vertical Menu - Mobile/Home_Mb/Menu/Frame 2147224841/Menu/cancel,(legacy),NAVIGATE,2865:15308,,,1022.09375,GENTLE,,,
🔵 UI_Phase 1,I2903:8453;2903:8415,cancel,Vertical Menu - Mobile/Home_Mb/Menu/Frame 2147224841/Menu/cancel,ON_CLICK,NODE,2865:15308,NAVIGATE,SLIDE_OUT,1022.1,GENTLE,LEFT,,
🔵 UI_Phase 1,I2903:8453;2903:8417,Button of Nav Heading,Vertical Menu - Mobile/Home_Mb/Menu/Frame 2147224841/Menu/Frame 2147224839/Button of Nav Heading,(legacy),NAVIGATE,2445:2781,,,300.0,EASE_OUT,,,
🔵 UI_Phase 1,I2903:8453;2903:8417,Button of Nav Heading,Vertical Menu - Mobile/Home_Mb/Menu/Frame 2147224841/Menu/Frame 2147224839/Button of Nav Heading,ON_HOVER,NODE,2445:2781,CHANGE_TO,SMART_ANIMATE,300.0,EASE_OUT,,,
🔵 UI_Phase 1,I2903:8453;2903:8418,Button of Nav Heading,Vertical Menu - Mobile/Home_Mb/Menu/Frame 2147224841/Menu/Frame 2147224839/Button of Nav Heading,(legacy),NAVIGATE,2445:2781,,,300.0,EASE_OUT,,,
🔵 UI_Phase 1,I2903:8453;2903:8418,Button of Nav Heading,Vertical Menu - Mobile/Home_Mb/Menu/Frame 2147224841/Menu/Frame 2147224839/Button of Nav Heading,ON_HOVER,NODE,2445:2781,CHANGE_TO,SMART_ANIMATE,300.0,EASE_OUT,,,
🔵 UI_Phase 1,I2903:8453;2903:8419,Button of Nav Heading,Vertical Menu - Mobile/Home_Mb/Menu/Frame 2147224841/Menu/Frame 2147224839/Button of Nav Heading,(legacy),NAVIGATE,2445:2781,,,300.0,EASE_OUT,,,
🔵 UI_Phase 1,I2903:8453;2903:8419,Button of Nav Heading,Vertical Menu - Mobile/Home_Mb/Menu/Frame 2147224841/Menu/Frame 2147224839/Button of Nav Heading,ON_HOVER,NODE,2445:2781,CHANGE_TO,SMART_ANIMATE,300.0,EASE_OUT,,,
🔵 UI_Phase 1,I2903:8453;2903:8420,Button of Nav Heading,Vertical Menu - Mobile/Home_Mb/Menu/Frame 2147224841/Menu/Frame 2147224839/Button of Nav Heading,(legacy),NAVIGATE,2531:6498,,,300.0,EASE_OUT,,,
🔵 UI_Phase 1,I2903:8453;2903:8420,Button of Nav Heading,Vertical Menu - Mobile/Home_Mb/Menu/Frame 2147224841/Menu/Frame 2147224839/Button of Nav Heading,ON_HOVER,NODE,2531:6498,CHANGE_TO,SMART_ANIMATE,300.0,EASE_OUT,,,
🔵 UI_Phase 1,2903:8493,Frame 2147224840,Vertical Menu - Mobile/Home_Mb/Frame 2147224840,(legacy),NAVIGATE,2903:8434,,,300.0,EASE_OUT,,,
🔵 UI_Phase 1,2903:8493,Frame 2147224840,Vertical Menu - Mobile/Home_Mb/Frame 2147224840,AFTER_TIMEOUT(100.0ms),NODE,2903:8434,CHANGE_TO,SMART_ANIMATE,300.0,EASE_OUT,,,
🔵 UI_Phase 1,I2903:8493;2903:8484,Menu,Vertical Menu - Mobile/Home_Mb/Frame 2147224840/Frame 2147224841/Menu,(legacy),NAVIGATE,2865:15308,,,1250.1229248046875,SLOW,,,
🔵 UI_Phase 1,I2903:8493;2903:8484,Menu,Vertical Menu - Mobile/Home_Mb/Frame 2147224840/Frame 2147224841/Menu,DRAG,NODE,2865:15308,NAVIGATE,SMART_ANIMATE,1250.1,SLOW,,,
🔵 UI_Phase 1,I2903:8493;2903:8485,cancel,Vertical Menu - Mobile/Home_Mb/Frame 2147224840/Frame 2147224841/Menu/cancel,(legacy),NAVIGATE,2865:15308,,,1022.09375,GENTLE,,,
🔵 UI_Phase 1,I2903:8493;2903:8485,cancel,Vertical Menu - Mobile/Home_Mb/Frame 2147224840/Frame 2147224841/Menu/cancel,ON_CLICK,NODE,2865:15308,NAVIGATE,SLIDE_OUT,1022.1,GENTLE,LEFT,,
🔵 UI_Phase 1,I2903:8493;2903:8487,Button of Nav Heading,Vertical Menu - Mobile/Home_Mb/Frame 2147224840/Frame 2147224841/Menu/Frame 2147224839/Button of Nav Heading,(legacy),NAVIGATE,2445:2781,,,300.0,EASE_OUT,,,
🔵 UI_Phase 1,I2903:8493;2903:8487,Button of Nav Heading,Vertical Menu - Mobile/Home_Mb/Frame 2147224840/Frame 2147224841/Menu/Frame 2147224839/Button of Nav Heading,ON_HOVER,NODE,2445:2781,CHANGE_TO,SMART_ANIMATE,300.0,EASE_OUT,,,
🔵 UI_Phase 1,I2903:8493;2903:8488,Button of Nav Heading,Vertical Menu - Mobile/Home_Mb/Frame 2147224840/Frame 2147224841/Menu/Frame 2147224839/Button of Nav Heading,(legacy),NAVIGATE,2445:2781,,,300.0,EASE_OUT,,,
🔵 UI_Phase 1,I2903:8493;2903:8488,Button of Nav Heading,Vertical Menu - Mobile/Home_Mb/Frame 2147224840/Frame 2147224841/Menu/Frame 2147224839/Button of Nav Heading,ON_HOVER,NODE,2445:2781,CHANGE_TO,SMART_ANIMATE,300.0,EASE_OUT,,,
🔵 UI_Phase 1,I2903:8493;2903:8489,Button of Nav Heading,Vertical Menu - Mobile/Home_Mb/Frame 2147224840/Frame 2147224841/Menu/Frame 2147224839/Button of Nav Heading,(legacy),NAVIGATE,2445:2781,,,300.0,EASE_OUT,,,
🔵 UI_Phase 1,I2903:8493;2903:8489,Button of Nav Heading,Vertical Menu - Mobile/Home_Mb/Frame 2147224840/Frame 2147224841/Menu/Frame 2147224839/Button of Nav Heading,ON_HOVER,NODE,2445:2781,CHANGE_TO,SMART_ANIMATE,300.0,EASE_OUT,,,
🔵 UI_Phase 1,I2903:8493;2903:8490,Button of Nav Heading,Vertical Menu - Mobile/Home_Mb/Frame 2147224840/Frame 2147224841/Menu/Frame 2147224839/Button of Nav Heading,(legacy),NAVIGATE,2531:6498,,,300.0,EASE_OUT,,,
🔵 UI_Phase 1,I2903:8493;2903:8490,Button of Nav Heading,Vertical Menu - Mobile/Home_Mb/Frame 2147224840/Frame 2147224841/Menu/Frame 2147224839/Button of Nav Heading,ON_HOVER,NODE,2531:6498,CHANGE_TO,SMART_ANIMATE,300.0,EASE_OUT,,,
🔵 UI_Phase 1,2903:8481,Property 1=Menu Hide,Vertical Menu - Mobile/Frame 2147224840/Property 1=Menu Hide,(legacy),NAVIGATE,2903:8434,,,300.0,EASE_OUT,,,
🔵 UI_Phase 1,2903:8481,Property 1=Menu Hide,Vertical Menu - Mobile/Frame 2147224840/Property 1=Menu Hide,AFTER_TIMEOUT(100.0ms),NODE,2903:8434,CHANGE_TO,SMART_ANIMATE,300.0,EASE_OUT,,,
🔵 UI_Phase 1,2903:8484,Menu,Vertical Menu - Mobile/Frame 2147224840/Property 1=Menu Hide/Frame 2147224841/Menu,(legacy),NAVIGATE,2865:15308,,,1250.1229248046875,SLOW,,,
🔵 UI_Phase 1,2903:8484,Menu,Vertical Menu - Mobile/Frame 2147224840/Property 1=Menu Hide/Frame 2147224841/Menu,DRAG,NODE,2865:15308,NAVIGATE,SMART_ANIMATE,1250.1,SLOW,,,
🔵 UI_Phase 1,2903:8485,cancel,Vertical Menu - Mobile/Frame 2147224840/Property 1=Menu Hide/Frame 2147224841/Menu/cancel,(legacy),NAVIGATE,2865:15308,,,1022.09375,GENTLE,,,
🔵 UI_Phase 1,2903:8485,cancel,Vertical Menu - Mobile/Frame 2147224840/Property 1=Menu Hide/Frame 2147224841/Menu/cancel,ON_CLICK,NODE,2865:15308,NAVIGATE,SLIDE_OUT,1022.1,GENTLE,LEFT,,
🔵 UI_Phase 1,2903:8487,Button of Nav Heading,Vertical Menu - Mobile/Frame 2147224840/Property 1=Menu Hide/Frame 2147224841/Menu/Frame 2147224839/Button of Nav Heading,(legacy),NAVIGATE,2445:2781,,,300.0,EASE_OUT,,,
🔵 UI_Phase 1,2903:8487,Button of Nav Heading,Vertical Menu - Mobile/Frame 2147224840/Property 1=Menu Hide/Frame 2147224841/Menu/Frame 2147224839/Button of Nav Heading,ON_HOVER,NODE,2445:2781,CHANGE_TO,SMART_ANIMATE,300.0,EASE_OUT,,,
🔵 UI_Phase 1,2903:8488,Button of Nav Heading,Vertical Menu - Mobile/Frame 2147224840/Property 1=Menu Hide/Frame 2147224841/Menu/Frame 2147224839/Button of Nav Heading,(legacy),NAVIGATE,2445:2781,,,300.0,EASE_OUT,,,
🔵 UI_Phase 1,2903:8488,Button of Nav Heading,Vertical Menu - Mobile/Frame 2147224840/Property 1=Menu Hide/Frame 2147224841/Menu/Frame 2147224839/Button of Nav Heading,ON_HOVER,NODE,2445:2781,CHANGE_TO,SMART_ANIMATE,300.0,EASE_OUT,,,
🔵 UI_Phase 1,2903:8489,Button of Nav Heading,Vertical Menu - Mobile/Frame 2147224840/Property 1=Menu Hide/Frame 2147224841/Menu/Frame 2147224839/Button of Nav Heading,(legacy),NAVIGATE,2445:2781,,,300.0,EASE_OUT,,,
🔵 UI_Phase 1,2903:8489,Button of Nav Heading,Vertical Menu - Mobile/Frame 2147224840/Property 1=Menu Hide/Frame 2147224841/Menu/Frame 2147224839/Button of Nav Heading,ON_HOVER,NODE,2445:2781,CHANGE_TO,SMART_ANIMATE,300.0,EASE_OUT,,,
🔵 UI_Phase 1,2903:8490,Button of Nav Heading,Vertical Menu - Mobile/Frame 2147224840/Property 1=Menu Hide/Frame 2147224841/Menu/Frame 2147224839/Button of Nav Heading,(legacy),NAVIGATE,2531:6498,,,300.0,EASE_OUT,,,
🔵 UI_Phase 1,2903:8490,Button of Nav Heading,Vertical Menu - Mobile/Frame 2147224840/Property 1=Menu Hide/Frame 2147224841/Menu/Frame 2147224839/Button of Nav Heading,ON_HOVER,NODE,2531:6498,CHANGE_TO,SMART_ANIMATE,300.0,EASE_OUT,,,
🔵 UI_Phase 1,2903:8434,Property 1=MMenu Expand,Vertical Menu - Mobile/Frame 2147224840/Property 1=MMenu Expand,(legacy),NAVIGATE,2865:15308,,,300.0,EASE_OUT,,,
🔵 UI_Phase 1,2903:8434,Property 1=MMenu Expand,Vertical Menu - Mobile/Frame 2147224840/Property 1=MMenu Expand,DRAG,NODE,2865:15308,NAVIGATE,SMART_ANIMATE,300.0,EASE_OUT,,,
🔵 UI_Phase 1,2903:8438,cancel,Vertical Menu - Mobile/Frame 2147224840/Property 1=MMenu Expand/Frame 2147224841/Menu/cancel,(legacy),NAVIGATE,2865:15308,,,383.28564453125,GENTLE,,,
🔵 UI_Phase 1,2903:8438,cancel,Vertical Menu - Mobile/Frame 2147224840/Property 1=MMenu Expand/Frame 2147224841/Menu/cancel,ON_CLICK,NODE,2865:15308,NAVIGATE,SLIDE_OUT,383.3,GENTLE,LEFT,,
🔵 UI_Phase 1,2903:8440,Button of Nav Heading,Vertical Menu - Mobile/Frame 2147224840/Property 1=MMenu Expand/Frame 2147224841/Menu/Frame 2147224839/Button of Nav Heading,(legacy),NAVIGATE,2445:2781,,,300.0,EASE_OUT,,,
🔵 UI_Phase 1,2903:8440,Button of Nav Heading,Vertical Menu - Mobile/Frame 2147224840/Property 1=MMenu Expand/Frame 2147224841/Menu/Frame 2147224839/Button of Nav Heading,ON_HOVER,NODE,2445:2781,CHANGE_TO,SMART_ANIMATE,300.0,EASE_OUT,,,
🔵 UI_Phase 1,2903:8441,Button of Nav Heading,Vertical Menu - Mobile/Frame 2147224840/Property 1=MMenu Expand/Frame 2147224841/Menu/Frame 2147224839/Button of Nav Heading,(legacy),NAVIGATE,2445:2781,,,300.0,EASE_OUT,,,
🔵 UI_Phase 1,2903:8441,Button of Nav Heading,Vertical Menu - Mobile/Frame 2147224840/Property 1=MMenu Expand/Frame 2147224841/Menu/Frame 2147224839/Button of Nav Heading,ON_HOVER,NODE,2445:2781,CHANGE_TO,SMART_ANIMATE,300.0,EASE_OUT,,,
🔵 UI_Phase 1,2903:8442,Button of Nav Heading,Vertical Menu - Mobile/Frame 2147224840/Property 1=MMenu Expand/Frame 2147224841/Menu/Frame 2147224839/Button of Nav Heading,(legacy),NAVIGATE,2445:2781,,,300.0,EASE_OUT,,,
🔵 UI_Phase 1,2903:8442,Button of Nav Heading,Vertical Menu - Mobile/Frame 2147224840/Property 1=MMenu Expand/Frame 2147224841/Menu/Frame 2147224839/Button of Nav Heading,ON_HOVER,NODE,2445:2781,CHANGE_TO,SMART_ANIMATE,300.0,EASE_OUT,,,
🔵 UI_Phase 1,2903:8443,Button of Nav Heading,Vertical Menu - Mobile/Frame 2147224840/Property 1=MMenu Expand/Frame 2147224841/Menu/Frame 2147224839/Button of Nav Heading,(legacy),NAVIGATE,2531:6498,,,300.0,EASE_OUT,,,
🔵 UI_Phase 1,2903:8443,Button of Nav Heading,Vertical Menu - Mobile/Frame 2147224840/Property 1=MMenu Expand/Frame 2147224841/Menu/Frame 2147224839/Button of Nav Heading,ON_HOVER,NODE,2531:6498,CHANGE_TO,SMART_ANIMATE,300.0,EASE_OUT,,,
🔵 UI_Phase 1,I3043:8310;2445:2787,Button of Nav Heading,SDK/Desk_SDK/Frame 2147224760/Frame 2147224758/Button of Nav Heading,(legacy),NAVIGATE,2445:2781,,,300.0,EASE_OUT,,,
🔵 UI_Phase 1,I3043:8310;2445:2787,Button of Nav Heading,SDK/Desk_SDK/Frame 2147224760/Frame 2147224758/Button of Nav Heading,ON_HOVER,NODE,2445:2781,CHANGE_TO,SMART_ANIMATE,300.0,EASE_OUT,,,
🔵 UI_Phase 1,I3043:8310;2445:2794,Button of Nav Heading,SDK/Desk_SDK/Frame 2147224760/Frame 2147224758/Button of Nav Heading,(legacy),NAVIGATE,2445:2781,,,300.0,EASE_OUT,,,
🔵 UI_Phase 1,I3043:8310;2445:2794,Button of Nav Heading,SDK/Desk_SDK/Frame 2147224760/Frame 2147224758/Button of Nav Heading,ON_HOVER,NODE,2445:2781,CHANGE_TO,SMART_ANIMATE,300.0,EASE_OUT,,,
🔵 UI_Phase 1,I3043:8310;2445:2801,Button of Nav Heading,SDK/Desk_SDK/Frame 2147224760/Frame 2147224758/Button of Nav Heading,(legacy),NAVIGATE,2445:2781,,,300.0,EASE_OUT,,,
🔵 UI_Phase 1,I3043:8310;2445:2801,Button of Nav Heading,SDK/Desk_SDK/Frame 2147224760/Frame 2147224758/Button of Nav Heading,ON_HOVER,NODE,2445:2781,CHANGE_TO,SMART_ANIMATE,300.0,EASE_OUT,,,
🔵 UI_Phase 1,I3043:8310;2531:6521,Button of Nav Heading,SDK/Desk_SDK/Frame 2147224760/Frame 2147224758/Button of Nav Heading,(legacy),NAVIGATE,2531:6498,,,300.0,EASE_OUT,,,
🔵 UI_Phase 1,I3043:8310;2531:6521,Button of Nav Heading,SDK/Desk_SDK/Frame 2147224760/Frame 2147224758/Button of Nav Heading,ON_HOVER,NODE,2531:6498,CHANGE_TO,SMART_ANIMATE,300.0,EASE_OUT,,,
🔵 UI_Phase 1,3043:8409,Partten Tech 1,SDK/Desk_SDK/Hero/Partten Tech 1,(legacy),NAVIGATE,2985:7985,,,300.0,EASE_OUT,,,
🔵 UI_Phase 1,3043:8409,Partten Tech 1,SDK/Desk_SDK/Hero/Partten Tech 1,ON_HOVER,NODE,2985:7985,CHANGE_TO,SMART_ANIMATE,300.0,EASE_OUT,,,
🔵 UI_Phase 1,3043:8417,Button,SDK/Desk_SDK/Hero/Blog/Text/Frame 2147224768/Button,(legacy),NAVIGATE,36:766,,,300.0,EASE_OUT,,,
🔵 UI_Phase 1,3043:8417,Button,SDK/Desk_SDK/Hero/Blog/Text/Frame 2147224768/Button,ON_HOVER,NODE,36:766,CHANGE_TO,SMART_ANIMATE,300.0,EASE_OUT,,,
🔵 UI_Phase 1,3088:5628,Objectg,SDK/Desk_SDK/Hero/Blog/Img/Objectg,(legacy),NAVIGATE,3043:9725,,,300.0,EASE_OUT,,,
🔵 UI_Phase 1,3088:5628,Objectg,SDK/Desk_SDK/Hero/Blog/Img/Objectg,ON_HOVER,NODE,3043:9725,CHANGE_TO,SMART_ANIMATE,300.0,EASE_OUT,,,
🔵 UI_Phase 1,3055:10205,Frame 48095697,SDK/Desk_SDK/Cover/Frame 1557/Frame 48095697,(legacy),NAVIGATE,2626:10322,,,300.0,EASE_OUT,,,
🔵 UI_Phase 1,3055:10205,Frame 48095697,SDK/Desk_SDK/Cover/Frame 1557/Frame 48095697,ON_HOVER,NODE,2626:10322,CHANGE_TO,SMART_ANIMATE,300.0,EASE_OUT,,,
🔵 UI_Phase 1,3055:10206,Frame 48095698,SDK/Desk_SDK/Cover/Frame 1557/Frame 48095698,(legacy),NAVIGATE,2626:10322,,,300.0,EASE_OUT,,,
🔵 UI_Phase 1,3055:10206,Frame 48095698,SDK/Desk_SDK/Cover/Frame 1557/Frame 48095698,ON_HOVER,NODE,2626:10322,CHANGE_TO,SMART_ANIMATE,300.0,EASE_OUT,,,
🔵 UI_Phase 1,3055:10207,Frame 48095699,SDK/Desk_SDK/Cover/Frame 1557/Frame 48095699,(legacy),NAVIGATE,2626:10322,,,300.0,EASE_OUT,,,
🔵 UI_Phase 1,3055:10207,Frame 48095699,SDK/Desk_SDK/Cover/Frame 1557/Frame 48095699,ON_HOVER,NODE,2626:10322,CHANGE_TO,SMART_ANIMATE,300.0,EASE_OUT,,,
🔵 UI_Phase 1,3055:10208,Frame 48095700,SDK/Desk_SDK/Cover/Frame 1557/Frame 48095700,(legacy),NAVIGATE,2626:10322,,,300.0,EASE_OUT,,,
🔵 UI_Phase 1,3055:10208,Frame 48095700,SDK/Desk_SDK/Cover/Frame 1557/Frame 48095700,ON_HOVER,NODE,2626:10322,CHANGE_TO,SMART_ANIMATE,300.0,EASE_OUT,,,
🔵 UI_Phase 1,I3043:8338;2531:9826,Button of Nav Heading,SDK/Desk_SDK/Footer Desk/Frame 5/Frame 5/Frame 92/Frame 2147224758/Button of Nav Heading,(legacy),NAVIGATE,2445:2781,,,300.0,EASE_OUT,,,
🔵 UI_Phase 1,I3043:8338;2531:9826,Button of Nav Heading,SDK/Desk_SDK/Footer Desk/Frame 5/Frame 5/Frame 92/Frame 2147224758/Button of Nav Heading,ON_HOVER,NODE,2445:2781,CHANGE_TO,SMART_ANIMATE,300.0,EASE_OUT,,,
🔵 UI_Phase 1,I3043:8338;2531:9827,Button of Nav Heading,SDK/Desk_SDK/Footer Desk/Frame 5/Frame 5/Frame 92/Frame 2147224758/Button of Nav Heading,(legacy),NAVIGATE,2445:2781,,,300.0,EASE_OUT,,,
🔵 UI_Phase 1,I3043:8338;2531:9827,Button of Nav Heading,SDK/Desk_SDK/Footer Desk/Frame 5/Frame 5/Frame 92/Frame 2147224758/Button of Nav Heading,ON_HOVER,NODE,2445:2781,CHANGE_TO,SMART_ANIMATE,300.0,EASE_OUT,,,
🔵 UI_Phase 1,I3043:8338;2531:9828,Button of Nav Heading,SDK/Desk_SDK/Footer Desk/Frame 5/Frame 5/Frame 92/Frame 2147224758/Button of Nav Heading,(legacy),NAVIGATE,2445:2781,,,300.0,EASE_OUT,,,
🔵 UI_Phase 1,I3043:8338;2531:9828,Button of Nav Heading,SDK/Desk_SDK/Footer Desk/Frame 5/Frame 5/Frame 92/Frame 2147224758/Button of Nav Heading,ON_HOVER,NODE,2445:2781,CHANGE_TO,SMART_ANIMATE,300.0,EASE_OUT,,,
🔵 UI_Phase 1,I3043:8338;2531:9829,Button of Nav Heading,SDK/Desk_SDK/Footer Desk/Frame 5/Frame 5/Frame 92/Frame 2147224758/Button of Nav Heading,(legacy),NAVIGATE,2531:6498,,,300.0,EASE_OUT,,,
🔵 UI_Phase 1,I3043:8338;2531:9829,Button of Nav Heading,SDK/Desk_SDK/Footer Desk/Frame 5/Frame 5/Frame 92/Frame 2147224758/Button of Nav Heading,ON_HOVER,NODE,2531:6498,CHANGE_TO,SMART_ANIMATE,300.0,EASE_OUT,,,
🔵 UI_Phase 1,I3043:8338;2531:10059,Back Button,SDK/Desk_SDK/Footer Desk/Frame 1527/Back Button,(legacy),NAVIGATE,2445:2488,,,100.0,LINEAR,,,
🔵 UI_Phase 1,I3043:8338;2531:10059,Back Button,SDK/Desk_SDK/Footer Desk/Frame 1527/Back Button,ON_HOVER,NODE,2445:2488,CHANGE_TO,SMART_ANIMATE,100.0,LINEAR,,,
🔵 UI_Phase 1,I3043:8338;2531:10059,Back Button,SDK/Desk_SDK/Footer Desk/Frame 1527/Back Button,ON_CLICK,NODE,2769:6279,SCROLL_TO,SCROLL_ANIMATE,300.0,EASE_OUT,,,
🔵 UI_Phase 1,I3043:9731;2445:2808,Button of Nav Heading,SDK/Tb_SDK/Frame 2147224760/Frame 2147224758/Button of Nav Heading,(legacy),NAVIGATE,2445:2781,,,300.0,EASE_OUT,,,
🔵 UI_Phase 1,I3043:9731;2445:2808,Button of Nav Heading,SDK/Tb_SDK/Frame 2147224760/Frame 2147224758/Button of Nav Heading,ON_HOVER,NODE,2445:2781,CHANGE_TO,SMART_ANIMATE,300.0,EASE_OUT,,,
🔵 UI_Phase 1,I3043:9731;2445:2811,Button of Nav Heading,SDK/Tb_SDK/Frame 2147224760/Frame 2147224758/Button of Nav Heading,(legacy),NAVIGATE,2445:2781,,,300.0,EASE_OUT,,,
🔵 UI_Phase 1,I3043:9731;2445:2811,Button of Nav Heading,SDK/Tb_SDK/Frame 2147224760/Frame 2147224758/Button of Nav Heading,ON_HOVER,NODE,2445:2781,CHANGE_TO,SMART_ANIMATE,300.0,EASE_OUT,,,
🔵 UI_Phase 1,I3043:9731;2445:2814,Button of Nav Heading,SDK/Tb_SDK/Frame 2147224760/Frame 2147224758/Button of Nav Heading,(legacy),NAVIGATE,2445:2781,,,300.0,EASE_OUT,,,
🔵 UI_Phase 1,I3043:9731;2445:2814,Button of Nav Heading,SDK/Tb_SDK/Frame 2147224760/Frame 2147224758/Button of Nav Heading,ON_HOVER,NODE,2445:2781,CHANGE_TO,SMART_ANIMATE,300.0,EASE_OUT,,,
🔵 UI_Phase 1,I3043:9731;2531:6542,Button of Nav Heading,SDK/Tb_SDK/Frame 2147224760/Frame 2147224758/Button of Nav Heading,(legacy),NAVIGATE,2531:6498,,,300.0,EASE_OUT,,,
🔵 UI_Phase 1,I3043:9731;2531:6542,Button of Nav Heading,SDK/Tb_SDK/Frame 2147224760/Frame 2147224758/Button of Nav Heading,ON_HOVER,NODE,2531:6498,CHANGE_TO,SMART_ANIMATE,300.0,EASE_OUT,,,
🔵 UI_Phase 1,3043:9733,Partten Tech 1,SDK/Tb_SDK/Hero/Partten Tech 1,(legacy),NAVIGATE,2985:7985,,,300.0,EASE_OUT,,,
🔵 UI_Phase 1,3043:9733,Partten Tech 1,SDK/Tb_SDK/Hero/Partten Tech 1,ON_HOVER,NODE,2985:7985,CHANGE_TO,SMART_ANIMATE,300.0,EASE_OUT,,,
🔵 UI_Phase 1,3043:9740,Button,SDK/Tb_SDK/Hero/Blog/Text/Frame 2147224768/Button,(legacy),NAVIGATE,36:766,,,300.0,EASE_OUT,,,
🔵 UI_Phase 1,3043:9740,Button,SDK/Tb_SDK/Hero/Blog/Text/Frame 2147224768/Button,ON_HOVER,NODE,36:766,CHANGE_TO,SMART_ANIMATE,300.0,EASE_OUT,,,
🔵 UI_Phase 1,3088:5630,Objectg,SDK/Tb_SDK/Hero/Blog/Img/Objectg,(legacy),NAVIGATE,3043:9725,,,300.0,EASE_OUT,,,
🔵 UI_Phase 1,3088:5630,Objectg,SDK/Tb_SDK/Hero/Blog/Img/Objectg,ON_HOVER,NODE,3043:9725,CHANGE_TO,SMART_ANIMATE,300.0,EASE_OUT,,,
🔵 UI_Phase 1,3055:10149,Frame 48095697,SDK/Tb_SDK/Cover/Frame 1557/Frame 48095697,(legacy),NAVIGATE,2626:10322,,,300.0,EASE_OUT,,,
🔵 UI_Phase 1,3055:10149,Frame 48095697,SDK/Tb_SDK/Cover/Frame 1557/Frame 48095697,ON_HOVER,NODE,2626:10322,CHANGE_TO,SMART_ANIMATE,300.0,EASE_OUT,,,
🔵 UI_Phase 1,3055:10150,Frame 48095698,SDK/Tb_SDK/Cover/Frame 1557/Frame 48095698,(legacy),NAVIGATE,2626:10322,,,300.0,EASE_OUT,,,
🔵 UI_Phase 1,3055:10150,Frame 48095698,SDK/Tb_SDK/Cover/Frame 1557/Frame 48095698,ON_HOVER,NODE,2626:10322,CHANGE_TO,SMART_ANIMATE,300.0,EASE_OUT,,,
🔵 UI_Phase 1,3055:10151,Frame 48095699,SDK/Tb_SDK/Cover/Frame 1557/Frame 48095699,(legacy),NAVIGATE,2626:10322,,,300.0,EASE_OUT,,,
🔵 UI_Phase 1,3055:10151,Frame 48095699,SDK/Tb_SDK/Cover/Frame 1557/Frame 48095699,ON_HOVER,NODE,2626:10322,CHANGE_TO,SMART_ANIMATE,300.0,EASE_OUT,,,
🔵 UI_Phase 1,3055:10152,Frame 48095700,SDK/Tb_SDK/Cover/Frame 1557/Frame 48095700,(legacy),NAVIGATE,2626:10322,,,300.0,EASE_OUT,,,
🔵 UI_Phase 1,3055:10152,Frame 48095700,SDK/Tb_SDK/Cover/Frame 1557/Frame 48095700,ON_HOVER,NODE,2626:10322,CHANGE_TO,SMART_ANIMATE,300.0,EASE_OUT,,,
🔵 UI_Phase 1,I3043:9814;2531:9855,Button of Nav Heading,SDK/Tb_SDK/Footer Desk/Frame 2087326389/Frame 92/Frame 2147224758/Button of Nav Heading,(legacy),NAVIGATE,2445:2781,,,300.0,EASE_OUT,,,
🔵 UI_Phase 1,I3043:9814;2531:9855,Button of Nav Heading,SDK/Tb_SDK/Footer Desk/Frame 2087326389/Frame 92/Frame 2147224758/Button of Nav Heading,ON_HOVER,NODE,2445:2781,CHANGE_TO,SMART_ANIMATE,300.0,EASE_OUT,,,
🔵 UI_Phase 1,I3043:9814;2531:9856,Button of Nav Heading,SDK/Tb_SDK/Footer Desk/Frame 2087326389/Frame 92/Frame 2147224758/Button of Nav Heading,(legacy),NAVIGATE,2445:2781,,,300.0,EASE_OUT,,,
🔵 UI_Phase 1,I3043:9814;2531:9856,Button of Nav Heading,SDK/Tb_SDK/Footer Desk/Frame 2087326389/Frame 92/Frame 2147224758/Button of Nav Heading,ON_HOVER,NODE,2445:2781,CHANGE_TO,SMART_ANIMATE,300.0,EASE_OUT,,,
🔵 UI_Phase 1,I3043:9814;2531:9857,Button of Nav Heading,SDK/Tb_SDK/Footer Desk/Frame 2087326389/Frame 92/Frame 2147224758/Button of Nav Heading,(legacy),NAVIGATE,2445:2781,,,300.0,EASE_OUT,,,
🔵 UI_Phase 1,I3043:9814;2531:9857,Button of Nav Heading,SDK/Tb_SDK/Footer Desk/Frame 2087326389/Frame 92/Frame 2147224758/Button of Nav Heading,ON_HOVER,NODE,2445:2781,CHANGE_TO,SMART_ANIMATE,300.0,EASE_OUT,,,
🔵 UI_Phase 1,I3043:9814;2531:9858,Button of Nav Heading,SDK/Tb_SDK/Footer Desk/Frame 2087326389/Frame 92/Frame 2147224758/Button of Nav Heading,(legacy),NAVIGATE,2531:6498,,,300.0,EASE_OUT,,,
🔵 UI_Phase 1,I3043:9814;2531:9858,Button of Nav Heading,SDK/Tb_SDK/Footer Desk/Frame 2087326389/Frame 92/Frame 2147224758/Button of Nav Heading,ON_HOVER,NODE,2531:6498,CHANGE_TO,SMART_ANIMATE,300.0,EASE_OUT,,,
🔵 UI_Phase 1,I3043:9814;2531:10025,Back Button,SDK/Tb_SDK/Footer Desk/Frame 1527/Back Button,(legacy),NAVIGATE,2445:2488,,,100.0,LINEAR,,,
🔵 UI_Phase 1,I3043:9814;2531:10025,Back Button,SDK/Tb_SDK/Footer Desk/Frame 1527/Back Button,ON_HOVER,NODE,2445:2488,CHANGE_TO,SMART_ANIMATE,100.0,LINEAR,,,
🔵 UI_Phase 1,I3043:9814;2531:10025,Back Button,SDK/Tb_SDK/Footer Desk/Frame 1527/Back Button,ON_CLICK,NODE,2769:6279,SCROLL_TO,SCROLL_ANIMATE,300.0,EASE_OUT,,,
🔵 UI_Phase 1,3055:10263,Partten Tech 1,SDK/Tb_SDK/Hero/Partten Tech 1,(legacy),NAVIGATE,2985:7985,,,300.0,EASE_OUT,,,
🔵 UI_Phase 1,3055:10263,Partten Tech 1,SDK/Tb_SDK/Hero/Partten Tech 1,ON_HOVER,NODE,2985:7985,CHANGE_TO,SMART_ANIMATE,300.0,EASE_OUT,,,
🔵 UI_Phase 1,3055:10270,Button,SDK/Tb_SDK/Hero/Blog/Text/Frame 2147224768/Button,(legacy),NAVIGATE,36:781,,,300.0,EASE_OUT,,,
🔵 UI_Phase 1,3055:10270,Button,SDK/Tb_SDK/Hero/Blog/Text/Frame 2147224768/Button,ON_HOVER,NODE,36:781,CHANGE_TO,SMART_ANIMATE,300.0,EASE_OUT,,,
🔵 UI_Phase 1,3088:5632,Objectg,SDK/Tb_SDK/Hero/Blog/Img/Objectg,(legacy),NAVIGATE,3043:9725,,,300.0,EASE_OUT,,,
🔵 UI_Phase 1,3088:5632,Objectg,SDK/Tb_SDK/Hero/Blog/Img/Objectg,ON_HOVER,NODE,3043:9725,CHANGE_TO,SMART_ANIMATE,300.0,EASE_OUT,,,
🔵 UI_Phase 1,3055:10340,Frame 48095697,SDK/Tb_SDK/Cover/Frame 1557/Frame 48095697,(legacy),NAVIGATE,2626:10322,,,300.0,EASE_OUT,,,
🔵 UI_Phase 1,3055:10340,Frame 48095697,SDK/Tb_SDK/Cover/Frame 1557/Frame 48095697,ON_HOVER,NODE,2626:10322,CHANGE_TO,SMART_ANIMATE,300.0,EASE_OUT,,,
🔵 UI_Phase 1,3055:10341,Frame 48095698,SDK/Tb_SDK/Cover/Frame 1557/Frame 48095698,(legacy),NAVIGATE,2626:10322,,,300.0,EASE_OUT,,,
🔵 UI_Phase 1,3055:10341,Frame 48095698,SDK/Tb_SDK/Cover/Frame 1557/Frame 48095698,ON_HOVER,NODE,2626:10322,CHANGE_TO,SMART_ANIMATE,300.0,EASE_OUT,,,
🔵 UI_Phase 1,3055:10342,Frame 48095699,SDK/Tb_SDK/Cover/Frame 1557/Frame 48095699,(legacy),NAVIGATE,2626:10322,,,300.0,EASE_OUT,,,
🔵 UI_Phase 1,3055:10342,Frame 48095699,SDK/Tb_SDK/Cover/Frame 1557/Frame 48095699,ON_HOVER,NODE,2626:10322,CHANGE_TO,SMART_ANIMATE,300.0,EASE_OUT,,,
🔵 UI_Phase 1,3055:10343,Frame 48095700,SDK/Tb_SDK/Cover/Frame 1557/Frame 48095700,(legacy),NAVIGATE,2626:10322,,,300.0,EASE_OUT,,,
🔵 UI_Phase 1,3055:10343,Frame 48095700,SDK/Tb_SDK/Cover/Frame 1557/Frame 48095700,ON_HOVER,NODE,2626:10322,CHANGE_TO,SMART_ANIMATE,300.0,EASE_OUT,,,
🔵 UI_Phase 1,I3055:10344;2531:9882,Button of Nav Heading,SDK/Tb_SDK/Footer Desk/Frame 92/Frame 2147224758/Button of Nav Heading,(legacy),NAVIGATE,2445:2781,,,300.0,EASE_OUT,,,
🔵 UI_Phase 1,I3055:10344;2531:9882,Button of Nav Heading,SDK/Tb_SDK/Footer Desk/Frame 92/Frame 2147224758/Button of Nav Heading,ON_HOVER,NODE,2445:2781,CHANGE_TO,SMART_ANIMATE,300.0,EASE_OUT,,,
🔵 UI_Phase 1,I3055:10344;2531:9883,Button of Nav Heading,SDK/Tb_SDK/Footer Desk/Frame 92/Frame 2147224758/Button of Nav Heading,(legacy),NAVIGATE,2445:2781,,,300.0,EASE_OUT,,,
🔵 UI_Phase 1,I3055:10344;2531:9883,Button of Nav Heading,SDK/Tb_SDK/Footer Desk/Frame 92/Frame 2147224758/Button of Nav Heading,ON_HOVER,NODE,2445:2781,CHANGE_TO,SMART_ANIMATE,300.0,EASE_OUT,,,
🔵 UI_Phase 1,I3055:10344;2531:9884,Button of Nav Heading,SDK/Tb_SDK/Footer Desk/Frame 92/Frame 2147224758/Button of Nav Heading,(legacy),NAVIGATE,2445:2781,,,300.0,EASE_OUT,,,
🔵 UI_Phase 1,I3055:10344;2531:9884,Button of Nav Heading,SDK/Tb_SDK/Footer Desk/Frame 92/Frame 2147224758/Button of Nav Heading,ON_HOVER,NODE,2445:2781,CHANGE_TO,SMART_ANIMATE,300.0,EASE_OUT,,,
🔵 UI_Phase 1,I3055:10344;2531:9885,Button of Nav Heading,SDK/Tb_SDK/Footer Desk/Frame 92/Frame 2147224758/Button of Nav Heading,(legacy),NAVIGATE,2531:6500,,,300.0,EASE_OUT,,,
🔵 UI_Phase 1,I3055:10344;2531:9885,Button of Nav Heading,SDK/Tb_SDK/Footer Desk/Frame 92/Frame 2147224758/Button of Nav Heading,ON_CLICK,NODE,2531:6500,CHANGE_TO,SMART_ANIMATE,300.0,EASE_OUT,,,
🔵 UI_Phase 1,I3055:10344;2531:10029,Back Button,SDK/Tb_SDK/Footer Desk/Frame 2087326390/Back Button,(legacy),NAVIGATE,2445:2488,,,100.0,LINEAR,,,
🔵 UI_Phase 1,I3055:10344;2531:10029,Back Button,SDK/Tb_SDK/Footer Desk/Frame 2087326390/Back Button,ON_HOVER,NODE,2445:2488,CHANGE_TO,SMART_ANIMATE,100.0,LINEAR,,,
🔵 UI_Phase 1,I3055:10344;2531:10029,Back Button,SDK/Tb_SDK/Footer Desk/Frame 2087326390/Back Button,ON_CLICK,NODE,2769:6279,SCROLL_TO,SCROLL_ANIMATE,300.0,EASE_OUT,,,
🔵 Design System,I277:3165;277:3061,Button,Card/Card (Vertical)/Content/Buttons/Button,(legacy),NAVIGATE,36:189,,,300.0,EASE_OUT,,,
🔵 Design System,I277:3165;277:3061,Button,Card/Card (Vertical)/Content/Buttons/Button,ON_HOVER,NODE,36:189,CHANGE_TO,SMART_ANIMATE,300.0,EASE_OUT,,,
🔵 Design System,I277:3165;277:3062,Button,Card/Card (Vertical)/Content/Buttons/Button,(legacy),NAVIGATE,36:771,,,300.0,EASE_OUT,,,
🔵 Design System,I277:3165;277:3062,Button,Card/Card (Vertical)/Content/Buttons/Button,ON_HOVER,NODE,36:771,CHANGE_TO,SMART_ANIMATE,300.0,EASE_OUT,,,
🔵 Design System,I279:2817;277:3061,Button,Card/Card (Vertical)/Content/Buttons/Button,(legacy),NAVIGATE,36:189,,,300.0,EASE_OUT,,,
🔵 Design System,I279:2817;277:3061,Button,Card/Card (Vertical)/Content/Buttons/Button,ON_HOVER,NODE,36:189,CHANGE_TO,SMART_ANIMATE,300.0,EASE_OUT,,,
🔵 Design System,I279:2817;277:3062,Button,Card/Card (Vertical)/Content/Buttons/Button,(legacy),NAVIGATE,36:771,,,300.0,EASE_OUT,,,
🔵 Design System,I279:2817;277:3062,Button,Card/Card (Vertical)/Content/Buttons/Button,ON_HOVER,NODE,36:771,CHANGE_TO,SMART_ANIMATE,300.0,EASE_OUT,,,
🔵 Design System,I279:2834;277:3061,Button,Card/Card (Vertical)/Content/Buttons/Button,(legacy),NAVIGATE,36:189,,,300.0,EASE_OUT,,,
🔵 Design System,I279:2834;277:3061,Button,Card/Card (Vertical)/Content/Buttons/Button,ON_HOVER,NODE,36:189,CHANGE_TO,SMART_ANIMATE,300.0,EASE_OUT,,,
🔵 Design System,I279:2834;277:3062,Button,Card/Card (Vertical)/Content/Buttons/Button,(legacy),NAVIGATE,36:771,,,300.0,EASE_OUT,,,
🔵 Design System,I279:2834;277:3062,Button,Card/Card (Vertical)/Content/Buttons/Button,ON_HOVER,NODE,36:771,CHANGE_TO,SMART_ANIMATE,300.0,EASE_OUT,,,
🔵 Design System,277:3061,Button,"Card/Card (Vertical)/Size=Large, State=Default/Content/Buttons/Button",(legacy),NAVIGATE,36:189,,,300.0,EASE_OUT,,,
🔵 Design System,277:3061,Button,"Card/Card (Vertical)/Size=Large, State=Default/Content/Buttons/Button",ON_HOVER,NODE,36:189,CHANGE_TO,SMART_ANIMATE,300.0,EASE_OUT,,,
🔵 Design System,277:3062,Button,"Card/Card (Vertical)/Size=Large, State=Default/Content/Buttons/Button",(legacy),NAVIGATE,36:771,,,300.0,EASE_OUT,,,
🔵 Design System,277:3062,Button,"Card/Card (Vertical)/Size=Large, State=Default/Content/Buttons/Button",ON_HOVER,NODE,36:771,CHANGE_TO,SMART_ANIMATE,300.0,EASE_OUT,,,
🔵 Design System,2439:2855,Button,"Card/Card (Vertical)/Size=Large, State=Hover/Content/Buttons/Button",(legacy),NAVIGATE,36:189,,,300.0,EASE_OUT,,,
🔵 Design System,2439:2855,Button,"Card/Card (Vertical)/Size=Large, State=Hover/Content/Buttons/Button",ON_HOVER,NODE,36:189,CHANGE_TO,SMART_ANIMATE,300.0,EASE_OUT,,,
🔵 Design System,2439:2856,Button,"Card/Card (Vertical)/Size=Large, State=Hover/Content/Buttons/Button",(legacy),NAVIGATE,36:771,,,300.0,EASE_OUT,,,
🔵 Design System,2439:2856,Button,"Card/Card (Vertical)/Size=Large, State=Hover/Content/Buttons/Button",ON_HOVER,NODE,36:771,CHANGE_TO,SMART_ANIMATE,300.0,EASE_OUT,,,
🔵 Design System,2439:2820,Button,"Card/Card (Vertical)/Size=Medium, State=Default/Content/Buttons/Button",(legacy),NAVIGATE,36:189,,,300.0,EASE_OUT,,,
🔵 Design System,2439:2820,Button,"Card/Card (Vertical)/Size=Medium, State=Default/Content/Buttons/Button",ON_HOVER,NODE,36:189,CHANGE_TO,SMART_ANIMATE,300.0,EASE_OUT,,,
🔵 Design System,2439:2821,Button,"Card/Card (Vertical)/Size=Medium, State=Default/Content/Buttons/Button",(legacy),NAVIGATE,36:771,,,300.0,EASE_OUT,,,
🔵 Design System,2439:2821,Button,"Card/Card (Vertical)/Size=Medium, State=Default/Content/Buttons/Button",ON_HOVER,NODE,36:771,CHANGE_TO,SMART_ANIMATE,300.0,EASE_OUT,,,
🔵 Design System,2443:3807,"State=Default, Color=White, Size=Big","Card/Card _ Glass/State=Default, Color=White, Size=Big",(legacy),NAVIGATE,2443:3818,,,50.0,EASE_OUT,,,
🔵 Design System,2443:3807,"State=Default, Color=White, Size=Big","Card/Card _ Glass/State=Default, Color=White, Size=Big",ON_HOVER,NODE,2443:3818,CHANGE_TO,SMART_ANIMATE,50.0,EASE_OUT,,,
🔵 Design System,2443:3817,Button,"Card/Card _ Glass/State=Default, Color=White, Size=Big/Text/Frame 1410103912/Button",(legacy),NAVIGATE,2443:3507,,,625.0614624023438,SLOW,,,
🔵 Design System,2443:3817,Button,"Card/Card _ Glass/State=Default, Color=White, Size=Big/Text/Frame 1410103912/Button",ON_HOVER,NODE,2443:3507,CHANGE_TO,SMART_ANIMATE,625.1,SLOW,,,
🔵 Design System,2443:3828,Button,"Card/Card _ Glass/State=Hover, Color=White, Size=Big/Text/Frame 1410103917/Button",(legacy),NAVIGATE,2443:3507,,,625.0614624023438,SLOW,,,
🔵 Design System,2443:3828,Button,"Card/Card _ Glass/State=Hover, Color=White, Size=Big/Text/Frame 1410103917/Button",ON_HOVER,NODE,2443:3507,CHANGE_TO,SMART_ANIMATE,625.1,SLOW,,,
🔵 Design System,2443:3829,"State=Default, Color=Blue, Size=Big","Card/Card _ Glass/State=Default, Color=Blue, Size=Big",(legacy),NAVIGATE,2443:3840,,,50.0,EASE_OUT,,,
🔵 Design System,2443:3829,"State=Default, Color=Blue, Size=Big","Card/Card _ Glass/State=Default, Color=Blue, Size=Big",ON_HOVER,NODE,2443:3840,CHANGE_TO,SMART_ANIMATE,50.0,EASE_OUT,,,
🔵 Design System,2443:3839,Button,"Card/Card _ Glass/State=Default, Color=Blue, Size=Big/Text/Frame 1410103912/Button",(legacy),NAVIGATE,2443:3507,,,625.0614624023438,SLOW,,,
🔵 Design System,2443:3839,Button,"Card/Card _ Glass/State=Default, Color=Blue, Size=Big/Text/Frame 1410103912/Button",ON_HOVER,NODE,2443:3507,CHANGE_TO,SMART_ANIMATE,625.1,SLOW,,,
🔵 Design System,2443:3850,Button,"Card/Card _ Glass/State=Hover, Color=Blue, Size=Big/Text/Frame 1410103917/Button",(legacy),NAVIGATE,2443:3507,,,625.0614624023438,SLOW,,,
🔵 Design System,2443:3850,Button,"Card/Card _ Glass/State=Hover, Color=Blue, Size=Big/Text/Frame 1410103917/Button",ON_HOVER,NODE,2443:3507,CHANGE_TO,SMART_ANIMATE,625.1,SLOW,,,
🔵 Design System,2443:3851,"State=Default, Color=White, Size=Small","Card/Card _ Glass/State=Default, Color=White, Size=Small",(legacy),NAVIGATE,2443:3862,,,50.0,EASE_OUT,,,
🔵 Design System,2443:3851,"State=Default, Color=White, Size=Small","Card/Card _ Glass/State=Default, Color=White, Size=Small",ON_HOVER,NODE,2443:3862,CHANGE_TO,SMART_ANIMATE,50.0,EASE_OUT,,,
🔵 Design System,2443:3861,Button,"Card/Card _ Glass/State=Default, Color=White, Size=Small/Text/Frame 1410103912/Button",(legacy),NAVIGATE,2443:3507,,,625.0614624023438,SLOW,,,
🔵 Design System,2443:3861,Button,"Card/Card _ Glass/State=Default, Color=White, Size=Small/Text/Frame 1410103912/Button",ON_HOVER,NODE,2443:3507,CHANGE_TO,SMART_ANIMATE,625.1,SLOW,,,
🔵 Design System,2443:3872,Button,"Card/Card _ Glass/State=Hover, Color=White, Size=Small/Text/Frame 1410103917/Button",(legacy),NAVIGATE,2443:3507,,,625.0614624023438,SLOW,,,
🔵 Design System,2443:3872,Button,"Card/Card _ Glass/State=Hover, Color=White, Size=Small/Text/Frame 1410103917/Button",ON_HOVER,NODE,2443:3507,CHANGE_TO,SMART_ANIMATE,625.1,SLOW,,,
🔵 Design System,2443:3873,"State=Default, Color=Blue, Size=Small","Card/Card _ Glass/State=Default, Color=Blue, Size=Small",(legacy),NAVIGATE,2443:3884,,,50.0,EASE_OUT,,,
🔵 Design System,2443:3873,"State=Default, Color=Blue, Size=Small","Card/Card _ Glass/State=Default, Color=Blue, Size=Small",ON_HOVER,NODE,2443:3884,CHANGE_TO,SMART_ANIMATE,50.0,EASE_OUT,,,
🔵 Design System,2443:3883,Button,"Card/Card _ Glass/State=Default, Color=Blue, Size=Small/Text/Frame 1410103912/Button",(legacy),NAVIGATE,2443:3507,,,625.0614624023438,SLOW,,,
🔵 Design System,2443:3883,Button,"Card/Card _ Glass/State=Default, Color=Blue, Size=Small/Text/Frame 1410103912/Button",ON_HOVER,NODE,2443:3507,CHANGE_TO,SMART_ANIMATE,625.1,SLOW,,,
🔵 Design System,2443:3894,Button,"Card/Card _ Glass/State=Hover, Color=Blue, Size=Small/Text/Frame 1410103917/Button",(legacy),NAVIGATE,2443:3507,,,625.0614624023438,SLOW,,,
🔵 Design System,2443:3894,Button,"Card/Card _ Glass/State=Hover, Color=Blue, Size=Small/Text/Frame 1410103917/Button",ON_HOVER,NODE,2443:3507,CHANGE_TO,SMART_ANIMATE,625.1,SLOW,,,
🔵 Design System,2443:3896,"State=Default, Property 2=Big","Card/row/State=Default, Property 2=Big",(legacy),NAVIGATE,2443:3917,,,1022.09375,GENTLE,,,
🔵 Design System,2443:3896,"State=Default, Property 2=Big","Card/row/State=Default, Property 2=Big",ON_HOVER,NODE,2443:3917,CHANGE_TO,SMART_ANIMATE,1022.1,GENTLE,,,
🔵 Design System,2443:3902,Button,"Card/row/State=Default, Property 2=Big/Button",(legacy),NAVIGATE,2443:3467,,,300.0,EASE_OUT,,,
🔵 Design System,2443:3902,Button,"Card/row/State=Default, Property 2=Big/Button",ON_HOVER,NODE,2443:3467,CHANGE_TO,SMART_ANIMATE,300.0,EASE_OUT,,,
🔵 Design System,2443:3903,"State=Hover, Property 2=Big","Card/row/State=Hover, Property 2=Big",(legacy),NAVIGATE,2443:3910,,,1022.09375,GENTLE,,,
🔵 Design System,2443:3903,"State=Hover, Property 2=Big","Card/row/State=Hover, Property 2=Big",ON_HOVER,NODE,2443:3910,CHANGE_TO,SMART_ANIMATE,1022.1,GENTLE,,,
🔵 Design System,2443:3909,Button,"Card/row/State=Hover, Property 2=Big/Button",(legacy),NAVIGATE,2443:3467,,,300.0,EASE_OUT,,,
🔵 Design System,2443:3909,Button,"Card/row/State=Hover, Property 2=Big/Button",ON_HOVER,NODE,2443:3467,CHANGE_TO,SMART_ANIMATE,300.0,EASE_OUT,,,
🔵 Design System,2675:6205,State=Default,Card/Card SKU/State=Default,(legacy),NAVIGATE,2675:6204,,,300.0,EASE_OUT,,,
🔵 Design System,2675:6205,State=Default,Card/Card SKU/State=Default,ON_HOVER,NODE,2675:6204,CHANGE_TO,SMART_ANIMATE,300.0,EASE_OUT,,,
🔵 Design System,2675:6468,Component 12,Card/Card SKU/State=Default/Component 12,(legacy),NAVIGATE,2675:6348,,,300.0,EASE_OUT,,,
🔵 Design System,2675:6468,Component 12,Card/Card SKU/State=Default/Component 12,ON_HOVER,NODE,2675:6348,CHANGE_TO,SMART_ANIMATE,300.0,EASE_OUT,,,
🔵 Design System,2675:6460,Component 12,Card/Card SKU/State=Hover/Component 12,(legacy),NAVIGATE,2675:6348,,,300.0,EASE_OUT,,,
🔵 Design System,2675:6460,Component 12,Card/Card SKU/State=Hover/Component 12,ON_HOVER,NODE,2675:6348,CHANGE_TO,SMART_ANIMATE,300.0,EASE_OUT,,,
🔵 Design System,2675:5172,"State=Leaderboard Banner, Style=Default","Card/Format/State=Leaderboard Banner, Style=Default",(legacy),NAVIGATE,2675:6348,,,300.0,EASE_OUT,,,
🔵 Design System,2675:5172,"State=Leaderboard Banner, Style=Default","Card/Format/State=Leaderboard Banner, Style=Default",ON_HOVER,NODE,2675:6348,CHANGE_TO,SMART_ANIMATE,300.0,EASE_OUT,,,
🔵 Design System,2675:5173,"State=In-Page Banner, Style=Default","Card/Format/State=In-Page Banner, Style=Default",(legacy),NAVIGATE,2675:6355,,,300.0,EASE_OUT,,,
🔵 Design System,2675:5173,"State=In-Page Banner, Style=Default","Card/Format/State=In-Page Banner, Style=Default",ON_HOVER,NODE,2675:6355,CHANGE_TO,SMART_ANIMATE,300.0,EASE_OUT,,,
🔵 Design System,2675:5174,"State=Side Banner, Style=Default","Card/Format/State=Side Banner, Style=Default",(legacy),NAVIGATE,2675:6366,,,300.0,EASE_OUT,,,
🔵 Design System,2675:5174,"State=Side Banner, Style=Default","Card/Format/State=Side Banner, Style=Default",ON_HOVER,NODE,2675:6366,CHANGE_TO,SMART_ANIMATE,300.0,EASE_OUT,,,
🔵 Design System,2675:5175,"State=Pause Banner, Style=Default","Card/Format/State=Pause Banner, Style=Default",(legacy),NAVIGATE,2675:6380,,,300.0,EASE_OUT,,,
🔵 Design System,2675:5175,"State=Pause Banner, Style=Default","Card/Format/State=Pause Banner, Style=Default",ON_HOVER,NODE,2675:6380,CHANGE_TO,SMART_ANIMATE,300.0,EASE_OUT,,,
🔵 Design System,2675:5176,"State=Welcome Banner, Style=Default","Card/Format/State=Welcome Banner, Style=Default",(legacy),NAVIGATE,2675:6390,,,300.0,EASE_OUT,,,
🔵 Design System,2675:5176,"State=Welcome Banner, Style=Default","Card/Format/State=Welcome Banner, Style=Default",ON_HOVER,NODE,2675:6390,CHANGE_TO,SMART_ANIMATE,300.0,EASE_OUT,,,
🔵 Design System,2675:5177,"State=Welcome TVC, Style=Default","Card/Format/State=Welcome TVC, Style=Default",(legacy),NAVIGATE,2675:6400,,,300.0,EASE_OUT,,,
🔵 Design System,2675:5177,"State=Welcome TVC, Style=Default","Card/Format/State=Welcome TVC, Style=Default",ON_HOVER,NODE,2675:6400,CHANGE_TO,SMART_ANIMATE,300.0,EASE_OUT,,,
🔵 Design System,2675:5178,"State=Pre_roll Instream, Style=Default","Card/Format/State=Pre_roll Instream, Style=Default",(legacy),NAVIGATE,2675:6412,,,300.0,EASE_OUT,,,
🔵 Design System,2675:5178,"State=Pre_roll Instream, Style=Default","Card/Format/State=Pre_roll Instream, Style=Default",ON_HOVER,NODE,2675:6412,CHANGE_TO,SMART_ANIMATE,300.0,EASE_OUT,,,
🔵 Design System,2675:5179,"State=Mid_roll Instream, Style=Default","Card/Format/State=Mid_roll Instream, Style=Default",(legacy),NAVIGATE,2675:6428,,,300.0,EASE_OUT,,,
🔵 Design System,2675:5179,"State=Mid_roll Instream, Style=Default","Card/Format/State=Mid_roll Instream, Style=Default",ON_HOVER,NODE,2675:6428,CHANGE_TO,SMART_ANIMATE,300.0,EASE_OUT,,,
🔵 Design System,2675:5180,"State=Post_roll Instream, Style=Default","Card/Format/State=Post_roll Instream, Style=Default",(legacy),NAVIGATE,2675:6444,,,300.0,EASE_OUT,,,
🔵 Design System,2675:5180,"State=Post_roll Instream, Style=Default","Card/Format/State=Post_roll Instream, Style=Default",ON_HOVER,NODE,2675:6444,CHANGE_TO,SMART_ANIMATE,300.0,EASE_OUT,,,
🔵 Design System,2626:10317,Property 1=Default,Card/Glass Liquid_Card/Frame 48095697/Property 1=Default,(legacy),NAVIGATE,2626:10322,,,300.0,EASE_OUT,,,
🔵 Design System,2626:10317,Property 1=Default,Card/Glass Liquid_Card/Frame 48095697/Property 1=Default,ON_HOVER,NODE,2626:10322,CHANGE_TO,SMART_ANIMATE,300.0,EASE_OUT,,,
🔵 Design System,2497:7903,"Type=IOS, Color=Grey","Card/Platform Info/Platform Icon/Type=IOS, Color=Grey",(legacy),NAVIGATE,2513:2517,,,300.0,EASE_OUT,,,
🔵 Design System,2497:7903,"Type=IOS, Color=Grey","Card/Platform Info/Platform Icon/Type=IOS, Color=Grey",ON_HOVER,NODE,2513:2517,CHANGE_TO,SMART_ANIMATE,300.0,EASE_OUT,,,
🔵 Design System,2497:7905,"Type=Android, Color=Grey","Card/Platform Info/Platform Icon/Type=Android, Color=Grey",(legacy),NAVIGATE,2513:2522,,,300.0,EASE_OUT,,,
🔵 Design System,2497:7905,"Type=Android, Color=Grey","Card/Platform Info/Platform Icon/Type=Android, Color=Grey",ON_HOVER,NODE,2513:2522,CHANGE_TO,SMART_ANIMATE,300.0,EASE_OUT,,,
🔵 Design System,2519:5598,"Type=Smart TV, Color=Grey","Card/Platform Info/Platform Icon/Type=Smart TV, Color=Grey",(legacy),NAVIGATE,2519:5604,,,300.0,EASE_OUT,,,
🔵 Design System,2519:5598,"Type=Smart TV, Color=Grey","Card/Platform Info/Platform Icon/Type=Smart TV, Color=Grey",ON_HOVER,NODE,2519:5604,CHANGE_TO,SMART_ANIMATE,300.0,EASE_OUT,,,
🔵 Design System,2531:6580,"Type=TV Box, Color=Grey","Card/Platform Info/Platform Icon/Type=TV Box, Color=Grey",(legacy),NAVIGATE,2531:6576,,,300.0,EASE_OUT,,,
🔵 Design System,2531:6580,"Type=TV Box, Color=Grey","Card/Platform Info/Platform Icon/Type=TV Box, Color=Grey",ON_HOVER,NODE,2531:6576,CHANGE_TO,SMART_ANIMATE,300.0,EASE_OUT,,,
🔵 Design System,2675:6788,"Type=Web, Color=Grey","Card/Platform Info/Platform Icon/Type=Web, Color=Grey",(legacy),NAVIGATE,2675:6785,,,300.0,EASE_OUT,,,
🔵 Design System,2675:6788,"Type=Web, Color=Grey","Card/Platform Info/Platform Icon/Type=Web, Color=Grey",ON_HOVER,NODE,2675:6785,CHANGE_TO,SMART_ANIMATE,300.0,EASE_OUT,,,
🔵 Design System,2513:2448,Property 1=Default,Card/Platform Info/Content/Property 1=Default,(legacy),NAVIGATE,2513:2450,,,300.0,EASE_OUT,,,
🔵 Design System,2513:2448,Property 1=Default,Card/Platform Info/Content/Property 1=Default,ON_HOVER,NODE,2513:2450,CHANGE_TO,SMART_ANIMATE,300.0,EASE_OUT,,,
🔵 Design System,2675:6739,Platform Icon,Card/Platform Info/Content/Property 1=Default/Platform Icon,(legacy),NAVIGATE,2513:2517,,,300.0,EASE_OUT,,,
🔵 Design System,2675:6739,Platform Icon,Card/Platform Info/Content/Property 1=Default/Platform Icon,ON_HOVER,NODE,2513:2517,CHANGE_TO,SMART_ANIMATE,300.0,EASE_OUT,,,
🔵 Design System,3043:8454,USO Card,Card/USP Card/Pride/USO Card,(legacy),NAVIGATE,2496:2362,,,300.0,LINEAR,,,
🔵 Design System,3043:8454,USO Card,Card/USP Card/Pride/USO Card,ON_HOVER,NODE,2496:2362,CHANGE_TO,SMART_ANIMATE,300.0,LINEAR,,,
🔵 Design System,3043:8455,Component 7,Card/USP Card/Pride/Component 7,(legacy),NAVIGATE,2496:2362,,,300.0,LINEAR,,,
🔵 Design System,3043:8455,Component 7,Card/USP Card/Pride/Component 7,ON_HOVER,NODE,2496:2362,CHANGE_TO,SMART_ANIMATE,300.0,LINEAR,,,
🔵 Design System,3043:8456,Component 8,Card/USP Card/Pride/Component 8,(legacy),NAVIGATE,2496:2362,,,300.0,LINEAR,,,
🔵 Design System,3043:8456,Component 8,Card/USP Card/Pride/Component 8,ON_HOVER,NODE,2496:2362,CHANGE_TO,SMART_ANIMATE,300.0,LINEAR,,,
🔵 Design System,2496:2361,"Property 1=Default, Type=Iconly","Card/USP Card/USO Card/Property 1=Default, Type=Iconly",(legacy),NAVIGATE,2496:2362,,,300.0,LINEAR,,,
🔵 Design System,2496:2361,"Property 1=Default, Type=Iconly","Card/USP Card/USO Card/Property 1=Default, Type=Iconly",ON_HOVER,NODE,2496:2362,CHANGE_TO,SMART_ANIMATE,300.0,LINEAR,,,
🔵 Design System,2531:6603,"Property 1=Default, Type=Img","Card/USP Card/USO Card/Property 1=Default, Type=Img",(legacy),NAVIGATE,2531:6625,,,300.0,LINEAR,,,
🔵 Design System,2531:6603,"Property 1=Default, Type=Img","Card/USP Card/USO Card/Property 1=Default, Type=Img",ON_HOVER,NODE,2531:6625,CHANGE_TO,SMART_ANIMATE,300.0,LINEAR,,,
🔵 Design System,2497:7770,Button of Nav Heading,"Footer/Footer Desk/Size=Desk, Style=Light Mode/Frame 5/Frame 5/Frame 92/Frame 2147224758/Button of Nav Heading",(legacy),NAVIGATE,2445:2781,,,300.0,EASE_OUT,,,
🔵 Design System,2497:7770,Button of Nav Heading,"Footer/Footer Desk/Size=Desk, Style=Light Mode/Frame 5/Frame 5/Frame 92/Frame 2147224758/Button of Nav Heading",ON_HOVER,NODE,2445:2781,CHANGE_TO,SMART_ANIMATE,300.0,EASE_OUT,,,
🔵 Design System,2497:7771,Button of Nav Heading,"Footer/Footer Desk/Size=Desk, Style=Light Mode/Frame 5/Frame 5/Frame 92/Frame 2147224758/Button of Nav Heading",(legacy),NAVIGATE,2445:2781,,,300.0,EASE_OUT,,,
🔵 Design System,2497:7771,Button of Nav Heading,"Footer/Footer Desk/Size=Desk, Style=Light Mode/Frame 5/Frame 5/Frame 92/Frame 2147224758/Button of Nav Heading",ON_HOVER,NODE,2445:2781,CHANGE_TO,SMART_ANIMATE,300.0,EASE_OUT,,,
🔵 Design System,2497:7772,Button of Nav Heading,"Footer/Footer Desk/Size=Desk, Style=Light Mode/Frame 5/Frame 5/Frame 92/Frame 2147224758/Button of Nav Heading",(legacy),NAVIGATE,2445:2781,,,300.0,EASE_OUT,,,
🔵 Design System,2497:7772,Button of Nav Heading,"Footer/Footer Desk/Size=Desk, Style=Light Mode/Frame 5/Frame 5/Frame 92/Frame 2147224758/Button of Nav Heading",ON_HOVER,NODE,2445:2781,CHANGE_TO,SMART_ANIMATE,300.0,EASE_OUT,,,
🔵 Design System,2531:6560,Button of Nav Heading,"Footer/Footer Desk/Size=Desk, Style=Light Mode/Frame 5/Frame 5/Frame 92/Frame 2147224758/Button of Nav Heading",(legacy),NAVIGATE,2531:6498,,,300.0,EASE_OUT,,,
🔵 Design System,2531:6560,Button of Nav Heading,"Footer/Footer Desk/Size=Desk, Style=Light Mode/Frame 5/Frame 5/Frame 92/Frame 2147224758/Button of Nav Heading",ON_HOVER,NODE,2531:6498,CHANGE_TO,SMART_ANIMATE,300.0,EASE_OUT,,,
🔵 Design System,2445:2406,Back Button,"Footer/Footer Desk/Size=Desk, Style=Light Mode/Frame 224/Frame 2087326390/Back Button",(legacy),NAVIGATE,2445:2488,,,100.0,LINEAR,,,
🔵 Design System,2445:2406,Back Button,"Footer/Footer Desk/Size=Desk, Style=Light Mode/Frame 224/Frame 2087326390/Back Button",ON_HOVER,NODE,2445:2488,CHANGE_TO,SMART_ANIMATE,100.0,LINEAR,,,
🔵 Design System,2497:7798,Button of Nav Heading,"Footer/Footer Desk/Size=Tb, Style=Light Mode/Frame 2087326389/Frame 92/Frame 2147224758/Button of Nav Heading",(legacy),NAVIGATE,2445:2781,,,300.0,EASE_OUT,,,
🔵 Design System,2497:7798,Button of Nav Heading,"Footer/Footer Desk/Size=Tb, Style=Light Mode/Frame 2087326389/Frame 92/Frame 2147224758/Button of Nav Heading",ON_HOVER,NODE,2445:2781,CHANGE_TO,SMART_ANIMATE,300.0,EASE_OUT,,,
🔵 Design System,2497:7799,Button of Nav Heading,"Footer/Footer Desk/Size=Tb, Style=Light Mode/Frame 2087326389/Frame 92/Frame 2147224758/Button of Nav Heading",(legacy),NAVIGATE,2445:2781,,,300.0,EASE_OUT,,,
🔵 Design System,2497:7799,Button of Nav Heading,"Footer/Footer Desk/Size=Tb, Style=Light Mode/Frame 2087326389/Frame 92/Frame 2147224758/Button of Nav Heading",ON_HOVER,NODE,2445:2781,CHANGE_TO,SMART_ANIMATE,300.0,EASE_OUT,,,
🔵 Design System,2497:7800,Button of Nav Heading,"Footer/Footer Desk/Size=Tb, Style=Light Mode/Frame 2087326389/Frame 92/Frame 2147224758/Button of Nav Heading",(legacy),NAVIGATE,2445:2781,,,300.0,EASE_OUT,,,
🔵 Design System,2497:7800,Button of Nav Heading,"Footer/Footer Desk/Size=Tb, Style=Light Mode/Frame 2087326389/Frame 92/Frame 2147224758/Button of Nav Heading",ON_HOVER,NODE,2445:2781,CHANGE_TO,SMART_ANIMATE,300.0,EASE_OUT,,,
🔵 Design System,2531:6566,Button of Nav Heading,"Footer/Footer Desk/Size=Tb, Style=Light Mode/Frame 2087326389/Frame 92/Frame 2147224758/Button of Nav Heading",(legacy),NAVIGATE,2531:6498,,,300.0,EASE_OUT,,,
🔵 Design System,2531:6566,Button of Nav Heading,"Footer/Footer Desk/Size=Tb, Style=Light Mode/Frame 2087326389/Frame 92/Frame 2147224758/Button of Nav Heading",ON_HOVER,NODE,2531:6498,CHANGE_TO,SMART_ANIMATE,300.0,EASE_OUT,,,
🔵 Design System,2445:2437,Back Button,"Footer/Footer Desk/Size=Tb, Style=Light Mode/Frame 1527/Back Button",(legacy),NAVIGATE,2445:2488,,,100.0,LINEAR,,,
🔵 Design System,2445:2437,Back Button,"Footer/Footer Desk/Size=Tb, Style=Light Mode/Frame 1527/Back Button",ON_HOVER,NODE,2445:2488,CHANGE_TO,SMART_ANIMATE,100.0,LINEAR,,,
🔵 Design System,2531:9126,Button of Nav Heading,"Footer/Footer Desk/Size=Mb, Style=Light Mode/Frame 92/Frame 2147224758/Button of Nav Heading",(legacy),NAVIGATE,2445:2781,,,300.0,EASE_OUT,,,
🔵 Design System,2531:9126,Button of Nav Heading,"Footer/Footer Desk/Size=Mb, Style=Light Mode/Frame 92/Frame 2147224758/Button of Nav Heading",ON_HOVER,NODE,2445:2781,CHANGE_TO,SMART_ANIMATE,300.0,EASE_OUT,,,
🔵 Design System,2531:9127,Button of Nav Heading,"Footer/Footer Desk/Size=Mb, Style=Light Mode/Frame 92/Frame 2147224758/Button of Nav Heading",(legacy),NAVIGATE,2445:2781,,,300.0,EASE_OUT,,,
🔵 Design System,2531:9127,Button of Nav Heading,"Footer/Footer Desk/Size=Mb, Style=Light Mode/Frame 92/Frame 2147224758/Button of Nav Heading",ON_HOVER,NODE,2445:2781,CHANGE_TO,SMART_ANIMATE,300.0,EASE_OUT,,,
🔵 Design System,2531:9128,Button of Nav Heading,"Footer/Footer Desk/Size=Mb, Style=Light Mode/Frame 92/Frame 2147224758/Button of Nav Heading",(legacy),NAVIGATE,2445:2781,,,300.0,EASE_OUT,,,
🔵 Design System,2531:9128,Button of Nav Heading,"Footer/Footer Desk/Size=Mb, Style=Light Mode/Frame 92/Frame 2147224758/Button of Nav Heading",ON_HOVER,NODE,2445:2781,CHANGE_TO,SMART_ANIMATE,300.0,EASE_OUT,,,
🔵 Design System,2531:9129,Button of Nav Heading,"Footer/Footer Desk/Size=Mb, Style=Light Mode/Frame 92/Frame 2147224758/Button of Nav Heading",(legacy),NAVIGATE,2531:6498,,,300.0,EASE_OUT,,,
🔵 Design System,2531:9129,Button of Nav Heading,"Footer/Footer Desk/Size=Mb, Style=Light Mode/Frame 92/Frame 2147224758/Button of Nav Heading",ON_HOVER,NODE,2531:6498,CHANGE_TO,SMART_ANIMATE,300.0,EASE_OUT,,,
🔵 Design System,2497:7812,Back Button,"Footer/Footer Desk/Size=Mb, Style=Light Mode/Frame 2087326390/Back Button",(legacy),NAVIGATE,2445:2488,,,100.0,LINEAR,,,
🔵 Design System,2497:7812,Back Button,"Footer/Footer Desk/Size=Mb, Style=Light Mode/Frame 2087326390/Back Button",ON_HOVER,NODE,2445:2488,CHANGE_TO,SMART_ANIMATE,100.0,LINEAR,,,
🔵 Design System,2531:9826,Button of Nav Heading,"Footer/Footer Desk/Size=Desk, Style=Dark Mode/Frame 5/Frame 5/Frame 92/Frame 2147224758/Button of Nav Heading",(legacy),NAVIGATE,2445:2781,,,300.0,EASE_OUT,,,
🔵 Design System,2531:9826,Button of Nav Heading,"Footer/Footer Desk/Size=Desk, Style=Dark Mode/Frame 5/Frame 5/Frame 92/Frame 2147224758/Button of Nav Heading",ON_HOVER,NODE,2445:2781,CHANGE_TO,SMART_ANIMATE,300.0,EASE_OUT,,,
🔵 Design System,2531:9827,Button of Nav Heading,"Footer/Footer Desk/Size=Desk, Style=Dark Mode/Frame 5/Frame 5/Frame 92/Frame 2147224758/Button of Nav Heading",(legacy),NAVIGATE,2445:2781,,,300.0,EASE_OUT,,,
🔵 Design System,2531:9827,Button of Nav Heading,"Footer/Footer Desk/Size=Desk, Style=Dark Mode/Frame 5/Frame 5/Frame 92/Frame 2147224758/Button of Nav Heading",ON_HOVER,NODE,2445:2781,CHANGE_TO,SMART_ANIMATE,300.0,EASE_OUT,,,
🔵 Design System,2531:9828,Button of Nav Heading,"Footer/Footer Desk/Size=Desk, Style=Dark Mode/Frame 5/Frame 5/Frame 92/Frame 2147224758/Button of Nav Heading",(legacy),NAVIGATE,2445:2781,,,300.0,EASE_OUT,,,
🔵 Design System,2531:9828,Button of Nav Heading,"Footer/Footer Desk/Size=Desk, Style=Dark Mode/Frame 5/Frame 5/Frame 92/Frame 2147224758/Button of Nav Heading",ON_HOVER,NODE,2445:2781,CHANGE_TO,SMART_ANIMATE,300.0,EASE_OUT,,,
🔵 Design System,2531:9829,Button of Nav Heading,"Footer/Footer Desk/Size=Desk, Style=Dark Mode/Frame 5/Frame 5/Frame 92/Frame 2147224758/Button of Nav Heading",(legacy),NAVIGATE,2531:6498,,,300.0,EASE_OUT,,,
🔵 Design System,2531:9829,Button of Nav Heading,"Footer/Footer Desk/Size=Desk, Style=Dark Mode/Frame 5/Frame 5/Frame 92/Frame 2147224758/Button of Nav Heading",ON_HOVER,NODE,2531:6498,CHANGE_TO,SMART_ANIMATE,300.0,EASE_OUT,,,
🔵 Design System,2531:10059,Back Button,"Footer/Footer Desk/Size=Desk, Style=Dark Mode/Frame 1527/Back Button",(legacy),NAVIGATE,2445:2488,,,100.0,LINEAR,,,
🔵 Design System,2531:10059,Back Button,"Footer/Footer Desk/Size=Desk, Style=Dark Mode/Frame 1527/Back Button",ON_HOVER,NODE,2445:2488,CHANGE_TO,SMART_ANIMATE,100.0,LINEAR,,,
🔵 Design System,2531:9855,Button of Nav Heading,"Footer/Footer Desk/Size=Tb, Style=Dark Mode/Frame 2087326389/Frame 92/Frame 2147224758/Button of Nav Heading",(legacy),NAVIGATE,2445:2781,,,300.0,EASE_OUT,,,
🔵 Design System,2531:9855,Button of Nav Heading,"Footer/Footer Desk/Size=Tb, Style=Dark Mode/Frame 2087326389/Frame 92/Frame 2147224758/Button of Nav Heading",ON_HOVER,NODE,2445:2781,CHANGE_TO,SMART_ANIMATE,300.0,EASE_OUT,,,
🔵 Design System,2531:9856,Button of Nav Heading,"Footer/Footer Desk/Size=Tb, Style=Dark Mode/Frame 2087326389/Frame 92/Frame 2147224758/Button of Nav Heading",(legacy),NAVIGATE,2445:2781,,,300.0,EASE_OUT,,,
🔵 Design System,2531:9856,Button of Nav Heading,"Footer/Footer Desk/Size=Tb, Style=Dark Mode/Frame 2087326389/Frame 92/Frame 2147224758/Button of Nav Heading",ON_HOVER,NODE,2445:2781,CHANGE_TO,SMART_ANIMATE,300.0,EASE_OUT,,,
🔵 Design System,2531:9857,Button of Nav Heading,"Footer/Footer Desk/Size=Tb, Style=Dark Mode/Frame 2087326389/Frame 92/Frame 2147224758/Button of Nav Heading",(legacy),NAVIGATE,2445:2781,,,300.0,EASE_OUT,,,
🔵 Design System,2531:9857,Button of Nav Heading,"Footer/Footer Desk/Size=Tb, Style=Dark Mode/Frame 2087326389/Frame 92/Frame 2147224758/Button of Nav Heading",ON_HOVER,NODE,2445:2781,CHANGE_TO,SMART_ANIMATE,300.0,EASE_OUT,,,
🔵 Design System,2531:9858,Button of Nav Heading,"Footer/Footer Desk/Size=Tb, Style=Dark Mode/Frame 2087326389/Frame 92/Frame 2147224758/Button of Nav Heading",(legacy),NAVIGATE,2531:6498,,,300.0,EASE_OUT,,,
🔵 Design System,2531:9858,Button of Nav Heading,"Footer/Footer Desk/Size=Tb, Style=Dark Mode/Frame 2087326389/Frame 92/Frame 2147224758/Button of Nav Heading",ON_HOVER,NODE,2531:6498,CHANGE_TO,SMART_ANIMATE,300.0,EASE_OUT,,,
🔵 Design System,2531:10025,Back Button,"Footer/Footer Desk/Size=Tb, Style=Dark Mode/Frame 1527/Back Button",(legacy),NAVIGATE,2445:2488,,,100.0,LINEAR,,,
🔵 Design System,2531:10025,Back Button,"Footer/Footer Desk/Size=Tb, Style=Dark Mode/Frame 1527/Back Button",ON_HOVER,NODE,2445:2488,CHANGE_TO,SMART_ANIMATE,100.0,LINEAR,,,
🔵 Design System,2531:9882,Button of Nav Heading,"Footer/Footer Desk/Size=Mb, Style=Dark Mode/Frame 92/Frame 2147224758/Button of Nav Heading",(legacy),NAVIGATE,2445:2781,,,300.0,EASE_OUT,,,
🔵 Design System,2531:9882,Button of Nav Heading,"Footer/Footer Desk/Size=Mb, Style=Dark Mode/Frame 92/Frame 2147224758/Button of Nav Heading",ON_HOVER,NODE,2445:2781,CHANGE_TO,SMART_ANIMATE,300.0,EASE_OUT,,,
🔵 Design System,2531:9883,Button of Nav Heading,"Footer/Footer Desk/Size=Mb, Style=Dark Mode/Frame 92/Frame 2147224758/Button of Nav Heading",(legacy),NAVIGATE,2445:2781,,,300.0,EASE_OUT,,,
🔵 Design System,2531:9883,Button of Nav Heading,"Footer/Footer Desk/Size=Mb, Style=Dark Mode/Frame 92/Frame 2147224758/Button of Nav Heading",ON_HOVER,NODE,2445:2781,CHANGE_TO,SMART_ANIMATE,300.0,EASE_OUT,,,
🔵 Design System,2531:9884,Button of Nav Heading,"Footer/Footer Desk/Size=Mb, Style=Dark Mode/Frame 92/Frame 2147224758/Button of Nav Heading",(legacy),NAVIGATE,2445:2781,,,300.0,EASE_OUT,,,
🔵 Design System,2531:9884,Button of Nav Heading,"Footer/Footer Desk/Size=Mb, Style=Dark Mode/Frame 92/Frame 2147224758/Button of Nav Heading",ON_HOVER,NODE,2445:2781,CHANGE_TO,SMART_ANIMATE,300.0,EASE_OUT,,,
🔵 Design System,2531:9885,Button of Nav Heading,"Footer/Footer Desk/Size=Mb, Style=Dark Mode/Frame 92/Frame 2147224758/Button of Nav Heading",(legacy),NAVIGATE,2531:6500,,,300.0,EASE_OUT,,,
🔵 Design System,2531:9885,Button of Nav Heading,"Footer/Footer Desk/Size=Mb, Style=Dark Mode/Frame 92/Frame 2147224758/Button of Nav Heading",ON_CLICK,NODE,2531:6500,CHANGE_TO,SMART_ANIMATE,300.0,EASE_OUT,,,
🔵 Design System,2531:10029,Back Button,"Footer/Footer Desk/Size=Mb, Style=Dark Mode/Frame 2087326390/Back Button",(legacy),NAVIGATE,2445:2488,,,100.0,LINEAR,,,
🔵 Design System,2531:10029,Back Button,"Footer/Footer Desk/Size=Mb, Style=Dark Mode/Frame 2087326390/Back Button",ON_HOVER,NODE,2445:2488,CHANGE_TO,SMART_ANIMATE,100.0,LINEAR,,,
🔵 Design System,2445:2479,Style=Round,Footer/Back Button/Style=Round,(legacy),NAVIGATE,2445:2482,,,100.0,LINEAR,,,
🔵 Design System,2445:2479,Style=Round,Footer/Back Button/Style=Round,ON_HOVER,NODE,2445:2482,CHANGE_TO,SMART_ANIMATE,100.0,LINEAR,,,
🔵 Design System,2445:2485,Style=Square,Footer/Back Button/Style=Square,(legacy),NAVIGATE,2445:2488,,,100.0,LINEAR,,,
🔵 Design System,2445:2485,Style=Square,Footer/Back Button/Style=Square,ON_HOVER,NODE,2445:2488,CHANGE_TO,SMART_ANIMATE,100.0,LINEAR,,,
🔵 Design System,2405:2767,State=Default,Accordion/Component 1/State=Default,(legacy),NAVIGATE,2444:4545,,,300.0,EASE_OUT,,,
🔵 Design System,2405:2767,State=Default,Accordion/Component 1/State=Default,ON_HOVER,NODE,2444:4545,CHANGE_TO,SMART_ANIMATE,300.0,EASE_OUT,,,
🔵 Design System,2444:4545,State=Hover,Accordion/Component 1/State=Hover,(legacy),NAVIGATE,2405:2768,,,300.0,EASE_OUT,,,
🔵 Design System,2444:4545,State=Hover,Accordion/Component 1/State=Hover,ON_CLICK,NODE,2405:2768,CHANGE_TO,SMART_ANIMATE,300.0,EASE_OUT,,,
🔵 Design System,2405:2768,State=Expand,Accordion/Component 1/State=Expand,(legacy),NAVIGATE,2405:2767,,,300.0,EASE_OUT,,,
🔵 Design System,2405:2768,State=Expand,Accordion/Component 1/State=Expand,ON_CLICK,NODE,2405:2767,CHANGE_TO,SMART_ANIMATE,300.0,EASE_OUT,,,
🔵 Design System,2445:2787,Button of Nav Heading,Header/Frame 2147224759/Size=Desk/Frame 2147224758/Button of Nav Heading,(legacy),NAVIGATE,2445:2781,,,300.0,EASE_OUT,,,
🔵 Design System,2445:2787,Button of Nav Heading,Header/Frame 2147224759/Size=Desk/Frame 2147224758/Button of Nav Heading,ON_HOVER,NODE,2445:2781,CHANGE_TO,SMART_ANIMATE,300.0,EASE_OUT,,,
🔵 Design System,2445:2794,Button of Nav Heading,Header/Frame 2147224759/Size=Desk/Frame 2147224758/Button of Nav Heading,(legacy),NAVIGATE,2445:2781,,,300.0,EASE_OUT,,,
🔵 Design System,2445:2794,Button of Nav Heading,Header/Frame 2147224759/Size=Desk/Frame 2147224758/Button of Nav Heading,ON_HOVER,NODE,2445:2781,CHANGE_TO,SMART_ANIMATE,300.0,EASE_OUT,,,
🔵 Design System,2445:2801,Button of Nav Heading,Header/Frame 2147224759/Size=Desk/Frame 2147224758/Button of Nav Heading,(legacy),NAVIGATE,2445:2781,,,300.0,EASE_OUT,,,
🔵 Design System,2445:2801,Button of Nav Heading,Header/Frame 2147224759/Size=Desk/Frame 2147224758/Button of Nav Heading,ON_HOVER,NODE,2445:2781,CHANGE_TO,SMART_ANIMATE,300.0,EASE_OUT,,,
🔵 Design System,2531:6521,Button of Nav Heading,Header/Frame 2147224759/Size=Desk/Frame 2147224758/Button of Nav Heading,(legacy),NAVIGATE,2531:6498,,,300.0,EASE_OUT,,,
🔵 Design System,2531:6521,Button of Nav Heading,Header/Frame 2147224759/Size=Desk/Frame 2147224758/Button of Nav Heading,ON_HOVER,NODE,2531:6498,CHANGE_TO,SMART_ANIMATE,300.0,EASE_OUT,,,
🔵 Design System,2445:2808,Button of Nav Heading,Header/Frame 2147224759/Size=Tablet/Frame 2147224758/Button of Nav Heading,(legacy),NAVIGATE,2445:2781,,,300.0,EASE_OUT,,,
🔵 Design System,2445:2808,Button of Nav Heading,Header/Frame 2147224759/Size=Tablet/Frame 2147224758/Button of Nav Heading,ON_HOVER,NODE,2445:2781,CHANGE_TO,SMART_ANIMATE,300.0,EASE_OUT,,,
🔵 Design System,2445:2811,Button of Nav Heading,Header/Frame 2147224759/Size=Tablet/Frame 2147224758/Button of Nav Heading,(legacy),NAVIGATE,2445:2781,,,300.0,EASE_OUT,,,
🔵 Design System,2445:2811,Button of Nav Heading,Header/Frame 2147224759/Size=Tablet/Frame 2147224758/Button of Nav Heading,ON_HOVER,NODE,2445:2781,CHANGE_TO,SMART_ANIMATE,300.0,EASE_OUT,,,
🔵 Design System,2445:2814,Button of Nav Heading,Header/Frame 2147224759/Size=Tablet/Frame 2147224758/Button of Nav Heading,(legacy),NAVIGATE,2445:2781,,,300.0,EASE_OUT,,,
🔵 Design System,2445:2814,Button of Nav Heading,Header/Frame 2147224759/Size=Tablet/Frame 2147224758/Button of Nav Heading,ON_HOVER,NODE,2445:2781,CHANGE_TO,SMART_ANIMATE,300.0,EASE_OUT,,,
🔵 Design System,2531:6542,Button of Nav Heading,Header/Frame 2147224759/Size=Tablet/Frame 2147224758/Button of Nav Heading,(legacy),NAVIGATE,2531:6498,,,300.0,EASE_OUT,,,
🔵 Design System,2531:6542,Button of Nav Heading,Header/Frame 2147224759/Size=Tablet/Frame 2147224758/Button of Nav Heading,ON_HOVER,NODE,2531:6498,CHANGE_TO,SMART_ANIMATE,300.0,EASE_OUT,,,
🔵 Design System,2445:2780,"State=Default, Style=Unbox","Header/Button of Nav Heading/State=Default, Style=Unbox",(legacy),NAVIGATE,2445:2781,,,300.0,EASE_OUT,,,
🔵 Design System,2445:2780,"State=Default, Style=Unbox","Header/Button of Nav Heading/State=Default, Style=Unbox",ON_HOVER,NODE,2445:2781,CHANGE_TO,SMART_ANIMATE,300.0,EASE_OUT,,,
🔵 Design System,2445:2781,"State=Hover, Style=Unbox","Header/Button of Nav Heading/State=Hover, Style=Unbox",(legacy),NAVIGATE,2445:2821,,,300.0,EASE_OUT,,,
🔵 Design System,2445:2781,"State=Hover, Style=Unbox","Header/Button of Nav Heading/State=Hover, Style=Unbox",ON_CLICK,NODE,2445:2821,CHANGE_TO,SMART_ANIMATE,300.0,EASE_OUT,,,
🔵 Design System,2445:2821,"State=Press, Style=Unbox","Header/Button of Nav Heading/State=Press, Style=Unbox",ON_CLICK,NODE,,CHANGE_TO,SMART_ANIMATE,300.0,EASE_OUT,,,
🔵 Design System,2445:2821,"State=Press, Style=Unbox","Header/Button of Nav Heading/State=Press, Style=Unbox",AFTER_TIMEOUT(500.0ms),NODE,2445:2780,CHANGE_TO,SMART_ANIMATE,300.0,EASE_OUT,,,
🔵 Design System,2531:6496,"State=Default, Style=Box","Header/Button of Nav Heading/State=Default, Style=Box",(legacy),NAVIGATE,2531:6498,,,300.0,EASE_OUT,,,
🔵 Design System,2531:6496,"State=Default, Style=Box","Header/Button of Nav Heading/State=Default, Style=Box",ON_HOVER,NODE,2531:6498,CHANGE_TO,SMART_ANIMATE,300.0,EASE_OUT,,,
🔵 Design System,2531:6498,"State=Hover, Style=Box","Header/Button of Nav Heading/State=Hover, Style=Box",(legacy),NAVIGATE,2531:6500,,,300.0,EASE_OUT,,,
🔵 Design System,2531:6498,"State=Hover, Style=Box","Header/Button of Nav Heading/State=Hover, Style=Box",ON_CLICK,NODE,2531:6500,CHANGE_TO,SMART_ANIMATE,300.0,EASE_OUT,,,
🔵 Design System,2531:6500,"State=Press, Style=Box","Header/Button of Nav Heading/State=Press, Style=Box",(legacy),NAVIGATE,2531:6496,,,300.0,EASE_OUT,,,
🔵 Design System,2531:6500,"State=Press, Style=Box","Header/Button of Nav Heading/State=Press, Style=Box",AFTER_TIMEOUT(500.0ms),NODE,2531:6496,CHANGE_TO,SMART_ANIMATE,300.0,EASE_OUT,,,
🔵 Design System,I3139:11227;230:4040,List,Header/List (5 Rows)/List,(legacy),NAVIGATE,3139:10807,,,300.0,EASE_OUT,,,
🔵 Design System,I3139:11227;230:4040,List,Header/List (5 Rows)/List,ON_HOVER,NODE,3139:10807,CHANGE_TO,SMART_ANIMATE,300.0,EASE_OUT,,,
🔵 Design System,I3139:11227;230:4051,List,Header/List (5 Rows)/List,(legacy),NAVIGATE,3139:10807,,,300.0,EASE_OUT,,,
🔵 Design System,I3139:11227;230:4051,List,Header/List (5 Rows)/List,ON_HOVER,NODE,3139:10807,CHANGE_TO,SMART_ANIMATE,300.0,EASE_OUT,,,
🔵 Design System,I3139:11227;230:4062,List,Header/List (5 Rows)/List,(legacy),NAVIGATE,3139:10807,,,300.0,EASE_OUT,,,
🔵 Design System,I3139:11227;230:4062,List,Header/List (5 Rows)/List,ON_HOVER,NODE,3139:10807,CHANGE_TO,SMART_ANIMATE,300.0,EASE_OUT,,,
🔵 Design System,I3139:11227;230:4073,List,Header/List (5 Rows)/List,(legacy),NAVIGATE,3139:10807,,,300.0,EASE_OUT,,,
🔵 Design System,I3139:11227;230:4073,List,Header/List (5 Rows)/List,ON_HOVER,NODE,3139:10807,CHANGE_TO,SMART_ANIMATE,300.0,EASE_OUT,,,
🔵 Design System,I3139:11227;230:4084,List,Header/List (5 Rows)/List,(legacy),NAVIGATE,3139:10807,,,300.0,EASE_OUT,,,
🔵 Design System,I3139:11227;230:4084,List,Header/List (5 Rows)/List,ON_HOVER,NODE,3139:10807,CHANGE_TO,SMART_ANIMATE,300.0,EASE_OUT,,,
🔵 Design System,36:1315,Button,Icons/Button,(legacy),NAVIGATE,36:189,,,300.0,EASE_OUT,,,
🔵 Design System,36:1315,Button,Icons/Button,ON_HOVER,NODE,36:189,CHANGE_TO,SMART_ANIMATE,300.0,EASE_OUT,,,
🔵 Design System,36:1324,Button,Icons/Button,(legacy),NAVIGATE,36:189,,,300.0,EASE_OUT,,,
🔵 Design System,36:1324,Button,Icons/Button,ON_HOVER,NODE,36:189,CHANGE_TO,SMART_ANIMATE,300.0,EASE_OUT,,,
🔵 Design System,81:1225,"State=Default, Position=Off","Toggle/Toggle/State=Default, Position=Off",(legacy),NAVIGATE,81:1280,,,300.0,EASE_OUT,,,
🔵 Design System,81:1225,"State=Default, Position=Off","Toggle/Toggle/State=Default, Position=Off",ON_CLICK,NODE,81:1280,CHANGE_TO,SMART_ANIMATE,300.0,EASE_OUT,,,
🔵 Design System,81:1227,"State=Hover, Position=Off","Toggle/Toggle/State=Hover, Position=Off",(legacy),NAVIGATE,81:1282,,,300.0,EASE_OUT,,,
🔵 Design System,81:1227,"State=Hover, Position=Off","Toggle/Toggle/State=Hover, Position=Off",ON_CLICK,NODE,81:1282,CHANGE_TO,SMART_ANIMATE,300.0,EASE_OUT,,,
🔵 Design System,81:1228,"State=Focus, Position=Off","Toggle/Toggle/State=Focus, Position=Off",(legacy),NAVIGATE,81:1284,,,300.0,EASE_OUT,,,
🔵 Design System,81:1228,"State=Focus, Position=Off","Toggle/Toggle/State=Focus, Position=Off",ON_CLICK,NODE,81:1284,CHANGE_TO,SMART_ANIMATE,300.0,EASE_OUT,,,
🔵 Design System,81:1229,"State=Selected, Position=Off","Toggle/Toggle/State=Selected, Position=Off",(legacy),NAVIGATE,81:1286,,,300.0,EASE_OUT,,,
🔵 Design System,81:1229,"State=Selected, Position=Off","Toggle/Toggle/State=Selected, Position=Off",ON_CLICK,NODE,81:1286,CHANGE_TO,SMART_ANIMATE,300.0,EASE_OUT,,,
🔵 Design System,81:1233,Toggle,"Toggle/Toggle + Text/State=Default, Text Side=Left/Toggle",(legacy),NAVIGATE,81:1280,,,300.0,EASE_OUT,,,
🔵 Design System,81:1233,Toggle,"Toggle/Toggle + Text/State=Default, Text Side=Left/Toggle",ON_CLICK,NODE,81:1280,CHANGE_TO,SMART_ANIMATE,300.0,EASE_OUT,,,
🔵 Design System,81:1236,Toggle,"Toggle/Toggle + Text/State=Hover, Text Side=Left/Toggle",(legacy),NAVIGATE,81:1282,,,300.0,EASE_OUT,,,
🔵 Design System,81:1236,Toggle,"Toggle/Toggle + Text/State=Hover, Text Side=Left/Toggle",ON_CLICK,NODE,81:1282,CHANGE_TO,SMART_ANIMATE,300.0,EASE_OUT,,,
🔵 Design System,81:1239,Toggle,"Toggle/Toggle + Text/State=Focus, Text Side=Left/Toggle",(legacy),NAVIGATE,81:1284,,,300.0,EASE_OUT,,,
🔵 Design System,81:1239,Toggle,"Toggle/Toggle + Text/State=Focus, Text Side=Left/Toggle",ON_CLICK,NODE,81:1284,CHANGE_TO,SMART_ANIMATE,300.0,EASE_OUT,,,
🔵 Design System,81:1242,Toggle,"Toggle/Toggle + Text/State=Selected, Text Side=Left/Toggle",(legacy),NAVIGATE,81:1286,,,300.0,EASE_OUT,,,
🔵 Design System,81:1242,Toggle,"Toggle/Toggle + Text/State=Selected, Text Side=Left/Toggle",ON_CLICK,NODE,81:1286,CHANGE_TO,SMART_ANIMATE,300.0,EASE_OUT,,,
🔵 Design System,81:1249,Toggle,"Toggle/Toggle + Text/State=Default, Text Side=Right/Toggle",(legacy),NAVIGATE,81:1280,,,300.0,EASE_OUT,,,
🔵 Design System,81:1249,Toggle,"Toggle/Toggle + Text/State=Default, Text Side=Right/Toggle",ON_CLICK,NODE,81:1280,CHANGE_TO,SMART_ANIMATE,300.0,EASE_OUT,,,
🔵 Design System,81:1252,Toggle,"Toggle/Toggle + Text/State=Hover, Text Side=Right/Toggle",(legacy),NAVIGATE,81:1282,,,300.0,EASE_OUT,,,
🔵 Design System,81:1252,Toggle,"Toggle/Toggle + Text/State=Hover, Text Side=Right/Toggle",ON_CLICK,NODE,81:1282,CHANGE_TO,SMART_ANIMATE,300.0,EASE_OUT,,,
🔵 Design System,81:1255,Toggle,"Toggle/Toggle + Text/State=Focus, Text Side=Right/Toggle",(legacy),NAVIGATE,81:1284,,,300.0,EASE_OUT,,,
🔵 Design System,81:1255,Toggle,"Toggle/Toggle + Text/State=Focus, Text Side=Right/Toggle",ON_CLICK,NODE,81:1284,CHANGE_TO,SMART_ANIMATE,300.0,EASE_OUT,,,
🔵 Design System,81:1258,Toggle,"Toggle/Toggle + Text/State=Selected, Text Side=Right/Toggle",(legacy),NAVIGATE,81:1286,,,300.0,EASE_OUT,,,
🔵 Design System,81:1258,Toggle,"Toggle/Toggle + Text/State=Selected, Text Side=Right/Toggle",ON_CLICK,NODE,81:1286,CHANGE_TO,SMART_ANIMATE,300.0,EASE_OUT,,,
🔵 Design System,34:1085,"Size=Giant, State=Default, Content=Icons + Text, Style=Filled","Button/Button/Size=Giant, State=Default, Content=Icons + Text, Style=Filled",(legacy),NAVIGATE,36:184,,,300.0,EASE_OUT,,,
🔵 Design System,34:1085,"Size=Giant, State=Default, Content=Icons + Text, Style=Filled","Button/Button/Size=Giant, State=Default, Content=Icons + Text, Style=Filled",ON_HOVER,NODE,36:184,CHANGE_TO,SMART_ANIMATE,300.0,EASE_OUT,,,
🔵 Design System,36:184,"Size=Giant, State=Hover, Content=Icons + Text, Style=Filled","Button/Button/Size=Giant, State=Hover, Content=Icons + Text, Style=Filled",(legacy),NAVIGATE,36:543,,,300.0,EASE_OUT,,,
🔵 Design System,36:184,"Size=Giant, State=Hover, Content=Icons + Text, Style=Filled","Button/Button/Size=Giant, State=Hover, Content=Icons + Text, Style=Filled",ON_CLICK,NODE,36:543,CHANGE_TO,SMART_ANIMATE,300.0,EASE_OUT,,,
🔵 Design System,34:1241,"Size=Large, State=Default, Content=Icons + Text, Style=Filled","Button/Button/Size=Large, State=Default, Content=Icons + Text, Style=Filled",(legacy),NAVIGATE,36:189,,,300.0,EASE_OUT,,,
🔵 Design System,34:1241,"Size=Large, State=Default, Content=Icons + Text, Style=Filled","Button/Button/Size=Large, State=Default, Content=Icons + Text, Style=Filled",ON_HOVER,NODE,36:189,CHANGE_TO,SMART_ANIMATE,300.0,EASE_OUT,,,
🔵 Design System,36:189,"Size=Large, State=Hover, Content=Icons + Text, Style=Filled","Button/Button/Size=Large, State=Hover, Content=Icons + Text, Style=Filled",(legacy),NAVIGATE,36:548,,,300.0,EASE_OUT,,,
🔵 Design System,36:189,"Size=Large, State=Hover, Content=Icons + Text, Style=Filled","Button/Button/Size=Large, State=Hover, Content=Icons + Text, Style=Filled",ON_CLICK,NODE,36:548,CHANGE_TO,SMART_ANIMATE,300.0,EASE_OUT,,,
🔵 Design System,34:1255,"Size=Medium, State=Default, Content=Icons + Text, Style=Filled","Button/Button/Size=Medium, State=Default, Content=Icons + Text, Style=Filled",(legacy),NAVIGATE,36:194,,,300.0,EASE_OUT,,,
🔵 Design System,34:1255,"Size=Medium, State=Default, Content=Icons + Text, Style=Filled","Button/Button/Size=Medium, State=Default, Content=Icons + Text, Style=Filled",ON_HOVER,NODE,36:194,CHANGE_TO,SMART_ANIMATE,300.0,EASE_OUT,,,
🔵 Design System,36:194,"Size=Medium, State=Hover, Content=Icons + Text, Style=Filled","Button/Button/Size=Medium, State=Hover, Content=Icons + Text, Style=Filled",(legacy),NAVIGATE,36:553,,,300.0,EASE_OUT,,,
🔵 Design System,36:194,"Size=Medium, State=Hover, Content=Icons + Text, Style=Filled","Button/Button/Size=Medium, State=Hover, Content=Icons + Text, Style=Filled",ON_CLICK,NODE,36:553,CHANGE_TO,SMART_ANIMATE,300.0,EASE_OUT,,,
🔵 Design System,34:1269,"Size=Small, State=Default, Content=Icons + Text, Style=Filled","Button/Button/Size=Small, State=Default, Content=Icons + Text, Style=Filled",(legacy),NAVIGATE,36:199,,,300.0,EASE_OUT,,,
🔵 Design System,34:1269,"Size=Small, State=Default, Content=Icons + Text, Style=Filled","Button/Button/Size=Small, State=Default, Content=Icons + Text, Style=Filled",ON_HOVER,NODE,36:199,CHANGE_TO,SMART_ANIMATE,300.0,EASE_OUT,,,
🔵 Design System,36:199,"Size=Small, State=Hover, Content=Icons + Text, Style=Filled","Button/Button/Size=Small, State=Hover, Content=Icons + Text, Style=Filled",(legacy),NAVIGATE,36:558,,,300.0,EASE_OUT,,,
🔵 Design System,36:199,"Size=Small, State=Hover, Content=Icons + Text, Style=Filled","Button/Button/Size=Small, State=Hover, Content=Icons + Text, Style=Filled",ON_CLICK,NODE,36:558,CHANGE_TO,SMART_ANIMATE,300.0,EASE_OUT,,,
🔵 Design System,34:1283,"Size=Tiny, State=Default, Content=Icons + Text, Style=Filled","Button/Button/Size=Tiny, State=Default, Content=Icons + Text, Style=Filled",(legacy),NAVIGATE,36:204,,,500.0,EASE_OUT,,,
🔵 Design System,34:1283,"Size=Tiny, State=Default, Content=Icons + Text, Style=Filled","Button/Button/Size=Tiny, State=Default, Content=Icons + Text, Style=Filled",ON_HOVER,NODE,36:204,CHANGE_TO,SMART_ANIMATE,500.0,EASE_OUT,,,
🔵 Design System,36:204,"Size=Tiny, State=Hover, Content=Icons + Text, Style=Filled","Button/Button/Size=Tiny, State=Hover, Content=Icons + Text, Style=Filled",(legacy),NAVIGATE,36:563,,,500.0,EASE_OUT,,,
🔵 Design System,36:204,"Size=Tiny, State=Hover, Content=Icons + Text, Style=Filled","Button/Button/Size=Tiny, State=Hover, Content=Icons + Text, Style=Filled",ON_CLICK,NODE,36:563,CHANGE_TO,SMART_ANIMATE,500.0,EASE_OUT,,,
🔵 Design System,36:543,"Size=Giant, State=Press, Content=Icons + Text, Style=Filled","Button/Button/Size=Giant, State=Press, Content=Icons + Text, Style=Filled",(legacy),NAVIGATE,34:1085,,,500.0,EASE_OUT,,,
🔵 Design System,36:543,"Size=Giant, State=Press, Content=Icons + Text, Style=Filled","Button/Button/Size=Giant, State=Press, Content=Icons + Text, Style=Filled",AFTER_TIMEOUT(500.0ms),NODE,34:1085,CHANGE_TO,SMART_ANIMATE,500.0,EASE_OUT,,,
🔵 Design System,36:548,"Size=Large, State=Press, Content=Icons + Text, Style=Filled","Button/Button/Size=Large, State=Press, Content=Icons + Text, Style=Filled",(legacy),NAVIGATE,34:1241,,,500.0,EASE_OUT,,,
🔵 Design System,36:548,"Size=Large, State=Press, Content=Icons + Text, Style=Filled","Button/Button/Size=Large, State=Press, Content=Icons + Text, Style=Filled",AFTER_TIMEOUT(500.0ms),NODE,34:1241,CHANGE_TO,SMART_ANIMATE,500.0,EASE_OUT,,,
🔵 Design System,36:553,"Size=Medium, State=Press, Content=Icons + Text, Style=Filled","Button/Button/Size=Medium, State=Press, Content=Icons + Text, Style=Filled",(legacy),NAVIGATE,34:1255,,,500.0,EASE_OUT,,,
🔵 Design System,36:553,"Size=Medium, State=Press, Content=Icons + Text, Style=Filled","Button/Button/Size=Medium, State=Press, Content=Icons + Text, Style=Filled",AFTER_TIMEOUT(500.0ms),NODE,34:1255,CHANGE_TO,SMART_ANIMATE,500.0,EASE_OUT,,,
🔵 Design System,36:558,"Size=Small, State=Press, Content=Icons + Text, Style=Filled","Button/Button/Size=Small, State=Press, Content=Icons + Text, Style=Filled",(legacy),NAVIGATE,34:1269,,,500.0,EASE_OUT,,,
🔵 Design System,36:558,"Size=Small, State=Press, Content=Icons + Text, Style=Filled","Button/Button/Size=Small, State=Press, Content=Icons + Text, Style=Filled",AFTER_TIMEOUT(500.0ms),NODE,34:1269,CHANGE_TO,SMART_ANIMATE,500.0,EASE_OUT,,,
🔵 Design System,36:563,"Size=Tiny, State=Press, Content=Icons + Text, Style=Filled","Button/Button/Size=Tiny, State=Press, Content=Icons + Text, Style=Filled",(legacy),NAVIGATE,34:1283,,,500.0,EASE_OUT,,,
🔵 Design System,36:563,"Size=Tiny, State=Press, Content=Icons + Text, Style=Filled","Button/Button/Size=Tiny, State=Press, Content=Icons + Text, Style=Filled",AFTER_TIMEOUT(500.0ms),NODE,34:1283,CHANGE_TO,SMART_ANIMATE,500.0,EASE_OUT,,,
🔵 Design System,36:688,"Size=Giant, State=Default, Content=Icons + Text, Style=Outline","Button/Button/Size=Giant, State=Default, Content=Icons + Text, Style=Outline",(legacy),NAVIGATE,36:766,,,300.0,EASE_OUT,,,
🔵 Design System,36:688,"Size=Giant, State=Default, Content=Icons + Text, Style=Outline","Button/Button/Size=Giant, State=Default, Content=Icons + Text, Style=Outline",ON_HOVER,NODE,36:766,CHANGE_TO,SMART_ANIMATE,300.0,EASE_OUT,,,
🔵 Design System,36:693,"Size=Large, State=Default, Content=Icons + Text, Style=Outline","Button/Button/Size=Large, State=Default, Content=Icons + Text, Style=Outline",(legacy),NAVIGATE,36:771,,,300.0,EASE_OUT,,,
🔵 Design System,36:693,"Size=Large, State=Default, Content=Icons + Text, Style=Outline","Button/Button/Size=Large, State=Default, Content=Icons + Text, Style=Outline",ON_HOVER,NODE,36:771,CHANGE_TO,SMART_ANIMATE,300.0,EASE_OUT,,,
🔵 Design System,36:698,"Size=Medium, State=Default, Content=Icons + Text, Style=Outline","Button/Button/Size=Medium, State=Default, Content=Icons + Text, Style=Outline",(legacy),NAVIGATE,36:776,,,300.0,EASE_OUT,,,
🔵 Design System,36:698,"Size=Medium, State=Default, Content=Icons + Text, Style=Outline","Button/Button/Size=Medium, State=Default, Content=Icons + Text, Style=Outline",ON_HOVER,NODE,36:776,CHANGE_TO,SMART_ANIMATE,300.0,EASE_OUT,,,
🔵 Design System,36:703,"Size=Small, State=Default, Content=Icons + Text, Style=Outline","Button/Button/Size=Small, State=Default, Content=Icons + Text, Style=Outline",(legacy),NAVIGATE,36:781,,,300.0,EASE_OUT,,,
🔵 Design System,36:703,"Size=Small, State=Default, Content=Icons + Text, Style=Outline","Button/Button/Size=Small, State=Default, Content=Icons + Text, Style=Outline",ON_HOVER,NODE,36:781,CHANGE_TO,SMART_ANIMATE,300.0,EASE_OUT,,,
🔵 Design System,36:708,"Size=Tiny, State=Default, Content=Icons + Text, Style=Outline","Button/Button/Size=Tiny, State=Default, Content=Icons + Text, Style=Outline",(legacy),NAVIGATE,36:786,,,300.0,EASE_OUT,,,
🔵 Design System,36:708,"Size=Tiny, State=Default, Content=Icons + Text, Style=Outline","Button/Button/Size=Tiny, State=Default, Content=Icons + Text, Style=Outline",ON_HOVER,NODE,36:786,CHANGE_TO,SMART_ANIMATE,300.0,EASE_OUT,,,
🔵 Design System,36:766,"Size=Giant, State=Hover, Content=Icons + Text, Style=Outline","Button/Button/Size=Giant, State=Hover, Content=Icons + Text, Style=Outline",(legacy),NAVIGATE,36:881,,,300.0,EASE_OUT,,,
🔵 Design System,36:766,"Size=Giant, State=Hover, Content=Icons + Text, Style=Outline","Button/Button/Size=Giant, State=Hover, Content=Icons + Text, Style=Outline",ON_CLICK,NODE,36:881,CHANGE_TO,SMART_ANIMATE,300.0,EASE_OUT,,,
🔵 Design System,36:771,"Size=Large, State=Hover, Content=Icons + Text, Style=Outline","Button/Button/Size=Large, State=Hover, Content=Icons + Text, Style=Outline",(legacy),NAVIGATE,36:886,,,300.0,EASE_OUT,,,
🔵 Design System,36:771,"Size=Large, State=Hover, Content=Icons + Text, Style=Outline","Button/Button/Size=Large, State=Hover, Content=Icons + Text, Style=Outline",ON_CLICK,NODE,36:886,CHANGE_TO,SMART_ANIMATE,300.0,EASE_OUT,,,
🔵 Design System,36:776,"Size=Medium, State=Hover, Content=Icons + Text, Style=Outline","Button/Button/Size=Medium, State=Hover, Content=Icons + Text, Style=Outline",(legacy),NAVIGATE,36:891,,,300.0,EASE_OUT,,,
🔵 Design System,36:776,"Size=Medium, State=Hover, Content=Icons + Text, Style=Outline","Button/Button/Size=Medium, State=Hover, Content=Icons + Text, Style=Outline",ON_CLICK,NODE,36:891,CHANGE_TO,SMART_ANIMATE,300.0,EASE_OUT,,,
🔵 Design System,36:781,"Size=Small, State=Hover, Content=Icons + Text, Style=Outline","Button/Button/Size=Small, State=Hover, Content=Icons + Text, Style=Outline",(legacy),NAVIGATE,36:896,,,300.0,EASE_OUT,,,
🔵 Design System,36:781,"Size=Small, State=Hover, Content=Icons + Text, Style=Outline","Button/Button/Size=Small, State=Hover, Content=Icons + Text, Style=Outline",ON_CLICK,NODE,36:896,CHANGE_TO,SMART_ANIMATE,300.0,EASE_OUT,,,
🔵 Design System,36:786,"Size=Tiny, State=Hover, Content=Icons + Text, Style=Outline","Button/Button/Size=Tiny, State=Hover, Content=Icons + Text, Style=Outline",(legacy),NAVIGATE,36:901,,,300.0,EASE_OUT,,,
🔵 Design System,36:786,"Size=Tiny, State=Hover, Content=Icons + Text, Style=Outline","Button/Button/Size=Tiny, State=Hover, Content=Icons + Text, Style=Outline",ON_CLICK,NODE,36:901,CHANGE_TO,SMART_ANIMATE,300.0,EASE_OUT,,,
🔵 Design System,36:881,"Size=Giant, State=Press, Content=Icons + Text, Style=Outline","Button/Button/Size=Giant, State=Press, Content=Icons + Text, Style=Outline",(legacy),NAVIGATE,36:688,,,300.0,EASE_OUT,,,
🔵 Design System,36:881,"Size=Giant, State=Press, Content=Icons + Text, Style=Outline","Button/Button/Size=Giant, State=Press, Content=Icons + Text, Style=Outline",AFTER_TIMEOUT(500.0ms),NODE,36:688,CHANGE_TO,SMART_ANIMATE,300.0,EASE_OUT,,,
🔵 Design System,36:886,"Size=Large, State=Press, Content=Icons + Text, Style=Outline","Button/Button/Size=Large, State=Press, Content=Icons + Text, Style=Outline",(legacy),NAVIGATE,36:693,,,300.0,EASE_OUT,,,
🔵 Design System,36:886,"Size=Large, State=Press, Content=Icons + Text, Style=Outline","Button/Button/Size=Large, State=Press, Content=Icons + Text, Style=Outline",AFTER_TIMEOUT(500.0ms),NODE,36:693,CHANGE_TO,SMART_ANIMATE,300.0,EASE_OUT,,,
🔵 Design System,36:891,"Size=Medium, State=Press, Content=Icons + Text, Style=Outline","Button/Button/Size=Medium, State=Press, Content=Icons + Text, Style=Outline",(legacy),NAVIGATE,36:698,,,300.0,EASE_OUT,,,
🔵 Design System,36:891,"Size=Medium, State=Press, Content=Icons + Text, Style=Outline","Button/Button/Size=Medium, State=Press, Content=Icons + Text, Style=Outline",AFTER_TIMEOUT(500.0ms),NODE,36:698,CHANGE_TO,SMART_ANIMATE,300.0,EASE_OUT,,,
🔵 Design System,36:896,"Size=Small, State=Press, Content=Icons + Text, Style=Outline","Button/Button/Size=Small, State=Press, Content=Icons + Text, Style=Outline",(legacy),NAVIGATE,36:703,,,300.0,EASE_OUT,,,
🔵 Design System,36:896,"Size=Small, State=Press, Content=Icons + Text, Style=Outline","Button/Button/Size=Small, State=Press, Content=Icons + Text, Style=Outline",AFTER_TIMEOUT(500.0ms),NODE,36:703,CHANGE_TO,SMART_ANIMATE,300.0,EASE_OUT,,,
🔵 Design System,36:901,"Size=Tiny, State=Press, Content=Icons + Text, Style=Outline","Button/Button/Size=Tiny, State=Press, Content=Icons + Text, Style=Outline",(legacy),NAVIGATE,36:708,,,300.0,EASE_OUT,,,
🔵 Design System,36:901,"Size=Tiny, State=Press, Content=Icons + Text, Style=Outline","Button/Button/Size=Tiny, State=Press, Content=Icons + Text, Style=Outline",AFTER_TIMEOUT(500.0ms),NODE,36:708,CHANGE_TO,SMART_ANIMATE,300.0,EASE_OUT,,,
🔵 Design System,2769:5951,"Type=TV, State=Default","Button/Device Icon/Type=TV, State=Default",(legacy),NAVIGATE,2769:5948,,,300.0,EASE_OUT,,,
🔵 Design System,2769:5951,"Type=TV, State=Default","Button/Device Icon/Type=TV, State=Default",ON_HOVER,NODE,2769:5948,CHANGE_TO,SMART_ANIMATE,300.0,EASE_OUT,,,
🔵 Design System,2769:5948,"Type=TV, State=Hover","Button/Device Icon/Type=TV, State=Hover",ON_CLICK,,,,,,,,,
🔵 Design System,2769:5950,"Type=laptop, State=Default","Button/Device Icon/Type=laptop, State=Default",(legacy),NAVIGATE,2769:5947,,,300.0,EASE_OUT,,,
🔵 Design System,2769:5950,"Type=laptop, State=Default","Button/Device Icon/Type=laptop, State=Default",ON_HOVER,NODE,2769:5947,CHANGE_TO,SMART_ANIMATE,300.0,EASE_OUT,,,
🔵 Design System,2769:5947,"Type=laptop, State=Hover","Button/Device Icon/Type=laptop, State=Hover",ON_CLICK,,,,,,,,,
🔵 Design System,2769:5946,"Type=smartphone, State=Hover","Button/Device Icon/Type=smartphone, State=Hover",ON_CLICK,,,,,,,,,
🔵 Design System,2769:5949,"Type=smartphone, State=Default","Button/Device Icon/Type=smartphone, State=Default",(legacy),NAVIGATE,2769:5946,,,300.0,EASE_OUT,,,
🔵 Design System,2769:5949,"Type=smartphone, State=Default","Button/Device Icon/Type=smartphone, State=Default",ON_HOVER,NODE,2769:5946,CHANGE_TO,SMART_ANIMATE,300.0,EASE_OUT,,,
🔵 Design System,2769:6025,"Size=Giant, State=Choose","Button/Device Button/Size=Giant, State=Choose",(legacy),NAVIGATE,2769:6060,,,300.0,EASE_OUT,,,
🔵 Design System,2769:6025,"Size=Giant, State=Choose","Button/Device Button/Size=Giant, State=Choose",ON_CLICK,NODE,2769:6060,CHANGE_TO,SMART_ANIMATE,300.0,EASE_OUT,,,
🔵 Design System,2769:6030,Device Icon,"Button/Device Button/Size=Giant, State=Choose/Device Icon",(legacy),NAVIGATE,2769:5946,,,300.0,EASE_OUT,,,
🔵 Design System,2769:6030,Device Icon,"Button/Device Button/Size=Giant, State=Choose/Device Icon",ON_HOVER,NODE,2769:5946,CHANGE_TO,SMART_ANIMATE,300.0,EASE_OUT,,,
🔵 Design System,2769:6026,"Size=Large, State=Choose","Button/Device Button/Size=Large, State=Choose",(legacy),NAVIGATE,2769:6061,,,300.0,EASE_OUT,,,
🔵 Design System,2769:6026,"Size=Large, State=Choose","Button/Device Button/Size=Large, State=Choose",ON_CLICK,NODE,2769:6061,CHANGE_TO,SMART_ANIMATE,300.0,EASE_OUT,,,
🔵 Design System,2769:6033,Device Icon,"Button/Device Button/Size=Large, State=Choose/Device Icon",(legacy),NAVIGATE,2769:5946,,,300.0,EASE_OUT,,,
🔵 Design System,2769:6033,Device Icon,"Button/Device Button/Size=Large, State=Choose/Device Icon",ON_HOVER,NODE,2769:5946,CHANGE_TO,SMART_ANIMATE,300.0,EASE_OUT,,,
🔵 Design System,2769:6027,"Size=Medium, State=Choose","Button/Device Button/Size=Medium, State=Choose",(legacy),NAVIGATE,2769:6062,,,300.0,EASE_OUT,,,
🔵 Design System,2769:6027,"Size=Medium, State=Choose","Button/Device Button/Size=Medium, State=Choose",ON_CLICK,NODE,2769:6062,CHANGE_TO,SMART_ANIMATE,300.0,EASE_OUT,,,
🔵 Design System,2769:6036,Device Icon,"Button/Device Button/Size=Medium, State=Choose/Device Icon",(legacy),NAVIGATE,2769:5946,,,300.0,EASE_OUT,,,
🔵 Design System,2769:6036,Device Icon,"Button/Device Button/Size=Medium, State=Choose/Device Icon",ON_HOVER,NODE,2769:5946,CHANGE_TO,SMART_ANIMATE,300.0,EASE_OUT,,,
🔵 Design System,2769:6028,"Size=Small, State=Choose","Button/Device Button/Size=Small, State=Choose",(legacy),NAVIGATE,2769:6063,,,300.0,EASE_OUT,,,
🔵 Design System,2769:6028,"Size=Small, State=Choose","Button/Device Button/Size=Small, State=Choose",ON_CLICK,NODE,2769:6063,CHANGE_TO,SMART_ANIMATE,300.0,EASE_OUT,,,
🔵 Design System,2769:6039,Device Icon,"Button/Device Button/Size=Small, State=Choose/Device Icon",(legacy),NAVIGATE,2769:5946,,,300.0,EASE_OUT,,,
🔵 Design System,2769:6039,Device Icon,"Button/Device Button/Size=Small, State=Choose/Device Icon",ON_HOVER,NODE,2769:5946,CHANGE_TO,SMART_ANIMATE,300.0,EASE_OUT,,,
🔵 Design System,2769:6042,Device Icon,"Button/Device Button/Size=Tiny, State=Choose/Device Icon",(legacy),NAVIGATE,2769:5946,,,300.0,EASE_OUT,,,
🔵 Design System,2769:6042,Device Icon,"Button/Device Button/Size=Tiny, State=Choose/Device Icon",ON_HOVER,NODE,2769:5946,CHANGE_TO,SMART_ANIMATE,300.0,EASE_OUT,,,
🔵 Design System,2769:6060,"Size=Giant, State=Default","Button/Device Button/Size=Giant, State=Default",(legacy),NAVIGATE,2769:6025,,,300.0,EASE_OUT,,,
🔵 Design System,2769:6060,"Size=Giant, State=Default","Button/Device Button/Size=Giant, State=Default",ON_CLICK,NODE,2769:6025,CHANGE_TO,SMART_ANIMATE,300.0,EASE_OUT,,,
🔵 Design System,2769:6045,Device Icon,"Button/Device Button/Size=Giant, State=Default/Device Icon",ON_CLICK,,,,,,,,,
🔵 Design System,2769:6061,"Size=Large, State=Default","Button/Device Button/Size=Large, State=Default",(legacy),NAVIGATE,2769:6026,,,300.0,EASE_OUT,,,
🔵 Design System,2769:6061,"Size=Large, State=Default","Button/Device Button/Size=Large, State=Default",ON_CLICK,NODE,2769:6026,CHANGE_TO,SMART_ANIMATE,300.0,EASE_OUT,,,
🔵 Design System,2769:6048,Device Icon,"Button/Device Button/Size=Large, State=Default/Device Icon",ON_CLICK,,,,,,,,,
🔵 Design System,2769:6062,"Size=Medium, State=Default","Button/Device Button/Size=Medium, State=Default",(legacy),NAVIGATE,2769:6027,,,300.0,EASE_OUT,,,
🔵 Design System,2769:6062,"Size=Medium, State=Default","Button/Device Button/Size=Medium, State=Default",ON_CLICK,NODE,2769:6027,CHANGE_TO,SMART_ANIMATE,300.0,EASE_OUT,,,
🔵 Design System,2769:6051,Device Icon,"Button/Device Button/Size=Medium, State=Default/Device Icon",ON_CLICK,,,,,,,,,
🔵 Design System,2769:6063,"Size=Small, State=Default","Button/Device Button/Size=Small, State=Default",(legacy),NAVIGATE,2769:6028,,,300.0,EASE_OUT,,,
🔵 Design System,2769:6063,"Size=Small, State=Default","Button/Device Button/Size=Small, State=Default",ON_CLICK,NODE,2769:6028,CHANGE_TO,SMART_ANIMATE,300.0,EASE_OUT,,,
🔵 Design System,2769:6054,Device Icon,"Button/Device Button/Size=Small, State=Default/Device Icon",ON_CLICK,,,,,,,,,
🔵 Design System,2769:6064,"Size=Tiny, State=Default","Button/Device Button/Size=Tiny, State=Default",(legacy),NAVIGATE,2769:6029,,,300.0,EASE_OUT,,,
🔵 Design System,2769:6064,"Size=Tiny, State=Default","Button/Device Button/Size=Tiny, State=Default",ON_HOVER,NODE,2769:6029,CHANGE_TO,SMART_ANIMATE,300.0,EASE_OUT,,,
🔵 Design System,2769:6057,Device Icon,"Button/Device Button/Size=Tiny, State=Default/Device Icon",ON_CLICK,,,,,,,,,
🔵 Design System,226:2783,Button,Action Sheet/Action Sheet/Content=Actions + Button/Button,(legacy),NAVIGATE,36:189,,,300.0,EASE_OUT,,,
🔵 Design System,226:2783,Button,Action Sheet/Action Sheet/Content=Actions + Button/Button,ON_HOVER,NODE,36:189,CHANGE_TO,SMART_ANIMATE,300.0,EASE_OUT,,,
🔵 Design System,226:3119,Button,Action Sheet/Action Sheet/Content=Message + Actions + Button/Button,(legacy),NAVIGATE,36:189,,,300.0,EASE_OUT,,,
🔵 Design System,226:3119,Button,Action Sheet/Action Sheet/Content=Message + Actions + Button/Button,ON_HOVER,NODE,36:189,CHANGE_TO,SMART_ANIMATE,300.0,EASE_OUT,,,
🔵 Design System,I231:4381;226:3119,Button,Action Sheet/Action Sheet/Button,(legacy),NAVIGATE,36:189,,,300.0,EASE_OUT,,,
🔵 Design System,I231:4381;226:3119,Button,Action Sheet/Action Sheet/Button,ON_HOVER,NODE,36:189,CHANGE_TO,SMART_ANIMATE,300.0,EASE_OUT,,,
🔵 Design System,I231:4588;226:3119,Button,Action Sheet/Action Sheet/Button,(legacy),NAVIGATE,36:189,,,300.0,EASE_OUT,,,
🔵 Design System,I231:4588;226:3119,Button,Action Sheet/Action Sheet/Button,ON_HOVER,NODE,36:189,CHANGE_TO,SMART_ANIMATE,300.0,EASE_OUT,,,
🔵 Design System,I231:4313;226:2783,Button,Action Sheet/Action Sheet/Button,(legacy),NAVIGATE,36:189,,,300.0,EASE_OUT,,,
🔵 Design System,I231:4313;226:2783,Button,Action Sheet/Action Sheet/Button,ON_HOVER,NODE,36:189,CHANGE_TO,SMART_ANIMATE,300.0,EASE_OUT,,,
🔵 Design System,I231:4353;226:2783,Button,Action Sheet/Action Sheet/Button,(legacy),NAVIGATE,36:189,,,300.0,EASE_OUT,,,
🔵 Design System,I231:4353;226:2783,Button,Action Sheet/Action Sheet/Button,ON_HOVER,NODE,36:189,CHANGE_TO,SMART_ANIMATE,300.0,EASE_OUT,,,
🔵 Design System,245:7473,Toggle,List/List (Right Item)/Right Item=Toggle/Right Item/Toggle,(legacy),NAVIGATE,81:1280,,,300.0,EASE_OUT,,,
🔵 Design System,245:7473,Toggle,List/List (Right Item)/Right Item=Toggle/Right Item/Toggle,ON_CLICK,NODE,81:1280,CHANGE_TO,SMART_ANIMATE,300.0,EASE_OUT,,,
🔵 Design System,230:4040,List,List/List (5 Rows)/List,(legacy),NAVIGATE,3139:10807,,,300.0,EASE_OUT,,,
🔵 Design System,230:4040,List,List/List (5 Rows)/List,ON_HOVER,NODE,3139:10807,CHANGE_TO,SMART_ANIMATE,300.0,EASE_OUT,,,
🔵 Design System,230:4051,List,List/List (5 Rows)/List,(legacy),NAVIGATE,3139:10807,,,300.0,EASE_OUT,,,
🔵 Design System,230:4051,List,List/List (5 Rows)/List,ON_HOVER,NODE,3139:10807,CHANGE_TO,SMART_ANIMATE,300.0,EASE_OUT,,,
🔵 Design System,230:4062,List,List/List (5 Rows)/List,(legacy),NAVIGATE,3139:10807,,,300.0,EASE_OUT,,,
🔵 Design System,230:4062,List,List/List (5 Rows)/List,ON_HOVER,NODE,3139:10807,CHANGE_TO,SMART_ANIMATE,300.0,EASE_OUT,,,
🔵 Design System,230:4073,List,List/List (5 Rows)/List,(legacy),NAVIGATE,3139:10807,,,300.0,EASE_OUT,,,
🔵 Design System,230:4073,List,List/List (5 Rows)/List,ON_HOVER,NODE,3139:10807,CHANGE_TO,SMART_ANIMATE,300.0,EASE_OUT,,,
🔵 Design System,230:4084,List,List/List (5 Rows)/List,(legacy),NAVIGATE,3139:10807,,,300.0,EASE_OUT,,,
🔵 Design System,230:4084,List,List/List (5 Rows)/List,ON_HOVER,NODE,3139:10807,CHANGE_TO,SMART_ANIMATE,300.0,EASE_OUT,,,
🔵 Design System,I232:4663;230:4040,List,List/List (5 Rows)/List,(legacy),NAVIGATE,3139:10807,,,300.0,EASE_OUT,,,
🔵 Design System,I232:4663;230:4040,List,List/List (5 Rows)/List,ON_HOVER,NODE,3139:10807,CHANGE_TO,SMART_ANIMATE,300.0,EASE_OUT,,,
🔵 Design System,I232:4663;230:4051,List,List/List (5 Rows)/List,(legacy),NAVIGATE,3139:10807,,,300.0,EASE_OUT,,,
🔵 Design System,I232:4663;230:4051,List,List/List (5 Rows)/List,ON_HOVER,NODE,3139:10807,CHANGE_TO,SMART_ANIMATE,300.0,EASE_OUT,,,
🔵 Design System,I232:4663;230:4062,List,List/List (5 Rows)/List,(legacy),NAVIGATE,3139:10807,,,300.0,EASE_OUT,,,
🔵 Design System,I232:4663;230:4062,List,List/List (5 Rows)/List,ON_HOVER,NODE,3139:10807,CHANGE_TO,SMART_ANIMATE,300.0,EASE_OUT,,,
🔵 Design System,I232:4663;230:4073,List,List/List (5 Rows)/List,(legacy),NAVIGATE,3139:10807,,,300.0,EASE_OUT,,,
🔵 Design System,I232:4663;230:4073,List,List/List (5 Rows)/List,ON_HOVER,NODE,3139:10807,CHANGE_TO,SMART_ANIMATE,300.0,EASE_OUT,,,
🔵 Design System,I232:4663;230:4084,List,List/List (5 Rows)/List,(legacy),NAVIGATE,3139:10807,,,300.0,EASE_OUT,,,
🔵 Design System,I232:4663;230:4084,List,List/List (5 Rows)/List,ON_HOVER,NODE,3139:10807,CHANGE_TO,SMART_ANIMATE,300.0,EASE_OUT,,,
🔵 Design System,I232:4815;230:4040,List,List/List (5 Rows)/List,(legacy),NAVIGATE,3139:10807,,,300.0,EASE_OUT,,,
🔵 Design System,I232:4815;230:4040,List,List/List (5 Rows)/List,ON_HOVER,NODE,3139:10807,CHANGE_TO,SMART_ANIMATE,300.0,EASE_OUT,,,
🔵 Design System,I232:4815;230:4051,List,List/List (5 Rows)/List,(legacy),NAVIGATE,3139:10807,,,300.0,EASE_OUT,,,
🔵 Design System,I232:4815;230:4051,List,List/List (5 Rows)/List,ON_HOVER,NODE,3139:10807,CHANGE_TO,SMART_ANIMATE,300.0,EASE_OUT,,,
🔵 Design System,I232:4815;230:4062,List,List/List (5 Rows)/List,(legacy),NAVIGATE,3139:10807,,,300.0,EASE_OUT,,,
🔵 Design System,I232:4815;230:4062,List,List/List (5 Rows)/List,ON_HOVER,NODE,3139:10807,CHANGE_TO,SMART_ANIMATE,300.0,EASE_OUT,,,
🔵 Design System,I232:4815;230:4073,List,List/List (5 Rows)/List,(legacy),NAVIGATE,3139:10807,,,300.0,EASE_OUT,,,
🔵 Design System,I232:4815;230:4073,List,List/List (5 Rows)/List,ON_HOVER,NODE,3139:10807,CHANGE_TO,SMART_ANIMATE,300.0,EASE_OUT,,,
🔵 Design System,I232:4815;230:4084,List,List/List (5 Rows)/List,(legacy),NAVIGATE,3139:10807,,,300.0,EASE_OUT,,,
🔵 Design System,I232:4815;230:4084,List,List/List (5 Rows)/List,ON_HOVER,NODE,3139:10807,CHANGE_TO,SMART_ANIMATE,300.0,EASE_OUT,,,
🔵 Design System,I232:4866;230:4040,List,List/List (5 Rows)/List,(legacy),NAVIGATE,3139:10807,,,300.0,EASE_OUT,,,
🔵 Design System,I232:4866;230:4040,List,List/List (5 Rows)/List,ON_HOVER,NODE,3139:10807,CHANGE_TO,SMART_ANIMATE,300.0,EASE_OUT,,,
🔵 Design System,I232:4866;230:4051,List,List/List (5 Rows)/List,(legacy),NAVIGATE,3139:10807,,,300.0,EASE_OUT,,,
🔵 Design System,I232:4866;230:4051,List,List/List (5 Rows)/List,ON_HOVER,NODE,3139:10807,CHANGE_TO,SMART_ANIMATE,300.0,EASE_OUT,,,
🔵 Design System,I232:4866;230:4062,List,List/List (5 Rows)/List,(legacy),NAVIGATE,3139:10807,,,300.0,EASE_OUT,,,
🔵 Design System,I232:4866;230:4062,List,List/List (5 Rows)/List,ON_HOVER,NODE,3139:10807,CHANGE_TO,SMART_ANIMATE,300.0,EASE_OUT,,,
🔵 Design System,I232:4866;230:4073,List,List/List (5 Rows)/List,(legacy),NAVIGATE,3139:10807,,,300.0,EASE_OUT,,,
🔵 Design System,I232:4866;230:4073,List,List/List (5 Rows)/List,ON_HOVER,NODE,3139:10807,CHANGE_TO,SMART_ANIMATE,300.0,EASE_OUT,,,
🔵 Design System,I232:4866;230:4084,List,List/List (5 Rows)/List,(legacy),NAVIGATE,3139:10807,,,300.0,EASE_OUT,,,
🔵 Design System,I232:4866;230:4084,List,List/List (5 Rows)/List,ON_HOVER,NODE,3139:10807,CHANGE_TO,SMART_ANIMATE,300.0,EASE_OUT,,,
🔵 Design System,I232:5097;230:4040,List,List/List (5 Rows)/List,(legacy),NAVIGATE,3139:10807,,,300.0,EASE_OUT,,,
🔵 Design System,I232:5097;230:4040,List,List/List (5 Rows)/List,ON_HOVER,NODE,3139:10807,CHANGE_TO,SMART_ANIMATE,300.0,EASE_OUT,,,
🔵 Design System,I232:5097;230:4040;230:3926;245:7473,Toggle,List/List (5 Rows)/List/List (Right Item)/Right Item/Toggle,(legacy),NAVIGATE,81:1280,,,300.0,EASE_OUT,,,
🔵 Design System,I232:5097;230:4040;230:3926;245:7473,Toggle,List/List (5 Rows)/List/List (Right Item)/Right Item/Toggle,ON_CLICK,NODE,81:1280,CHANGE_TO,SMART_ANIMATE,300.0,EASE_OUT,,,
🔵 Design System,I232:5097;230:4051,List,List/List (5 Rows)/List,(legacy),NAVIGATE,3139:10807,,,300.0,EASE_OUT,,,
🔵 Design System,I232:5097;230:4051,List,List/List (5 Rows)/List,ON_HOVER,NODE,3139:10807,CHANGE_TO,SMART_ANIMATE,300.0,EASE_OUT,,,
🔵 Design System,I232:5097;230:4062,List,List/List (5 Rows)/List,(legacy),NAVIGATE,3139:10807,,,300.0,EASE_OUT,,,
🔵 Design System,I232:5097;230:4062,List,List/List (5 Rows)/List,ON_HOVER,NODE,3139:10807,CHANGE_TO,SMART_ANIMATE,300.0,EASE_OUT,,,
🔵 Design System,I232:5097;230:4062;230:3926;245:7473,Toggle,List/List (5 Rows)/List/List (Right Item)/Right Item/Toggle,(legacy),NAVIGATE,81:1280,,,300.0,EASE_OUT,,,
🔵 Design System,I232:5097;230:4062;230:3926;245:7473,Toggle,List/List (5 Rows)/List/List (Right Item)/Right Item/Toggle,ON_CLICK,NODE,81:1280,CHANGE_TO,SMART_ANIMATE,300.0,EASE_OUT,,,
🔵 Design System,I232:5097;230:4073,List,List/List (5 Rows)/List,(legacy),NAVIGATE,3139:10807,,,300.0,EASE_OUT,,,
🔵 Design System,I232:5097;230:4073,List,List/List (5 Rows)/List,ON_HOVER,NODE,3139:10807,CHANGE_TO,SMART_ANIMATE,300.0,EASE_OUT,,,
🔵 Design System,I232:5097;230:4084,List,List/List (5 Rows)/List,(legacy),NAVIGATE,3139:10807,,,300.0,EASE_OUT,,,
🔵 Design System,I232:5097;230:4084,List,List/List (5 Rows)/List,ON_HOVER,NODE,3139:10807,CHANGE_TO,SMART_ANIMATE,300.0,EASE_OUT,,,
🔵 Design System,I232:5146;230:4040,List,List/List (5 Rows)/List,(legacy),NAVIGATE,3139:10807,,,300.0,EASE_OUT,,,
🔵 Design System,I232:5146;230:4040,List,List/List (5 Rows)/List,ON_HOVER,NODE,3139:10807,CHANGE_TO,SMART_ANIMATE,300.0,EASE_OUT,,,
🔵 Design System,I232:5146;230:4051,List,List/List (5 Rows)/List,(legacy),NAVIGATE,3139:10807,,,300.0,EASE_OUT,,,
🔵 Design System,I232:5146;230:4051,List,List/List (5 Rows)/List,ON_HOVER,NODE,3139:10807,CHANGE_TO,SMART_ANIMATE,300.0,EASE_OUT,,,
🔵 Design System,I232:5146;230:4062,List,List/List (5 Rows)/List,(legacy),NAVIGATE,3139:10807,,,300.0,EASE_OUT,,,
🔵 Design System,I232:5146;230:4062,List,List/List (5 Rows)/List,ON_HOVER,NODE,3139:10807,CHANGE_TO,SMART_ANIMATE,300.0,EASE_OUT,,,
🔵 Design System,I232:5146;230:4073,List,List/List (5 Rows)/List,(legacy),NAVIGATE,3139:10807,,,300.0,EASE_OUT,,,
🔵 Design System,I232:5146;230:4073,List,List/List (5 Rows)/List,ON_HOVER,NODE,3139:10807,CHANGE_TO,SMART_ANIMATE,300.0,EASE_OUT,,,
🔵 Design System,I232:5146;230:4084,List,List/List (5 Rows)/List,(legacy),NAVIGATE,3139:10807,,,300.0,EASE_OUT,,,
🔵 Design System,I232:5146;230:4084,List,List/List (5 Rows)/List,ON_HOVER,NODE,3139:10807,CHANGE_TO,SMART_ANIMATE,300.0,EASE_OUT,,,
🔵 Design System,I247:7887;230:4040,List,List/List (5 Rows)/List,(legacy),NAVIGATE,3139:10807,,,300.0,EASE_OUT,,,
🔵 Design System,I247:7887;230:4040,List,List/List (5 Rows)/List,ON_HOVER,NODE,3139:10807,CHANGE_TO,SMART_ANIMATE,300.0,EASE_OUT,,,
🔵 Design System,I247:7887;230:4051,List,List/List (5 Rows)/List,(legacy),NAVIGATE,3139:10807,,,300.0,EASE_OUT,,,
🔵 Design System,I247:7887;230:4051,List,List/List (5 Rows)/List,ON_HOVER,NODE,3139:10807,CHANGE_TO,SMART_ANIMATE,300.0,EASE_OUT,,,
🔵 Design System,I247:7887;230:4062,List,List/List (5 Rows)/List,(legacy),NAVIGATE,3139:10807,,,300.0,EASE_OUT,,,
🔵 Design System,I247:7887;230:4062,List,List/List (5 Rows)/List,ON_HOVER,NODE,3139:10807,CHANGE_TO,SMART_ANIMATE,300.0,EASE_OUT,,,
🔵 Design System,I247:7887;230:4073,List,List/List (5 Rows)/List,(legacy),NAVIGATE,3139:10807,,,300.0,EASE_OUT,,,
🔵 Design System,I247:7887;230:4073,List,List/List (5 Rows)/List,ON_HOVER,NODE,3139:10807,CHANGE_TO,SMART_ANIMATE,300.0,EASE_OUT,,,
🔵 Design System,I247:7887;230:4084,List,List/List (5 Rows)/List,(legacy),NAVIGATE,3139:10807,,,300.0,EASE_OUT,,,
🔵 Design System,I247:7887;230:4084,List,List/List (5 Rows)/List,ON_HOVER,NODE,3139:10807,CHANGE_TO,SMART_ANIMATE,300.0,EASE_OUT,,,
🔵 Design System,I232:5200;230:4040,List,List/List (5 Rows)/List,(legacy),NAVIGATE,3139:10807,,,300.0,EASE_OUT,,,
🔵 Design System,I232:5200;230:4040,List,List/List (5 Rows)/List,ON_HOVER,NODE,3139:10807,CHANGE_TO,SMART_ANIMATE,300.0,EASE_OUT,,,
🔵 Design System,I232:5200;230:4051,List,List/List (5 Rows)/List,(legacy),NAVIGATE,3139:10807,,,300.0,EASE_OUT,,,
🔵 Design System,I232:5200;230:4051,List,List/List (5 Rows)/List,ON_HOVER,NODE,3139:10807,CHANGE_TO,SMART_ANIMATE,300.0,EASE_OUT,,,
🔵 Design System,I232:5200;230:4062,List,List/List (5 Rows)/List,(legacy),NAVIGATE,3139:10807,,,300.0,EASE_OUT,,,
🔵 Design System,I232:5200;230:4062,List,List/List (5 Rows)/List,ON_HOVER,NODE,3139:10807,CHANGE_TO,SMART_ANIMATE,300.0,EASE_OUT,,,
🔵 Design System,I232:5200;230:4073,List,List/List (5 Rows)/List,(legacy),NAVIGATE,3139:10807,,,300.0,EASE_OUT,,,
🔵 Design System,I232:5200;230:4073,List,List/List (5 Rows)/List,ON_HOVER,NODE,3139:10807,CHANGE_TO,SMART_ANIMATE,300.0,EASE_OUT,,,
🔵 Design System,I232:5200;230:4084,List,List/List (5 Rows)/List,(legacy),NAVIGATE,3139:10807,,,300.0,EASE_OUT,,,
🔵 Design System,I232:5200;230:4084,List,List/List (5 Rows)/List,ON_HOVER,NODE,3139:10807,CHANGE_TO,SMART_ANIMATE,300.0,EASE_OUT,,,
🔵 Design System,230:3931,Property 1=Default,List/List/Property 1=Default,(legacy),NAVIGATE,3139:10807,,,300.0,EASE_OUT,,,
🔵 Design System,230:3931,Property 1=Default,List/List/Property 1=Default,ON_HOVER,NODE,3139:10807,CHANGE_TO,SMART_ANIMATE,300.0,EASE_OUT,,,
🔵 Design System,222:1511,Button,"Pop-Up/Pop-Up/Button Layout=Vertical Buttons, Content=Text + V-Buttons/Buttons/Button",(legacy),NAVIGATE,36:189,,,300.0,EASE_OUT,,,
🔵 Design System,222:1511,Button,"Pop-Up/Pop-Up/Button Layout=Vertical Buttons, Content=Text + V-Buttons/Buttons/Button",ON_HOVER,NODE,36:189,CHANGE_TO,SMART_ANIMATE,300.0,EASE_OUT,,,
🔵 Design System,222:1524,Button,"Pop-Up/Pop-Up/Button Layout=Vertical Buttons, Content=Text + V-Buttons/Buttons/Button",(legacy),NAVIGATE,36:771,,,300.0,EASE_OUT,,,
🔵 Design System,222:1524,Button,"Pop-Up/Pop-Up/Button Layout=Vertical Buttons, Content=Text + V-Buttons/Buttons/Button",ON_HOVER,NODE,36:771,CHANGE_TO,SMART_ANIMATE,300.0,EASE_OUT,,,
🔵 Design System,226:2218,Button,"Pop-Up/Pop-Up/Button Layout=Vertical Buttons, Content=Text + Input + V-Buttons/Buttons/Button",(legacy),NAVIGATE,36:189,,,300.0,EASE_OUT,,,
🔵 Design System,226:2218,Button,"Pop-Up/Pop-Up/Button Layout=Vertical Buttons, Content=Text + Input + V-Buttons/Buttons/Button",ON_HOVER,NODE,36:189,CHANGE_TO,SMART_ANIMATE,300.0,EASE_OUT,,,
🔵 Design System,226:2219,Button,"Pop-Up/Pop-Up/Button Layout=Vertical Buttons, Content=Text + Input + V-Buttons/Buttons/Button",(legacy),NAVIGATE,36:771,,,300.0,EASE_OUT,,,
🔵 Design System,226:2219,Button,"Pop-Up/Pop-Up/Button Layout=Vertical Buttons, Content=Text + Input + V-Buttons/Buttons/Button",ON_HOVER,NODE,36:771,CHANGE_TO,SMART_ANIMATE,300.0,EASE_OUT,,,
🔵 Design System,224:1904,Button,"Pop-Up/Pop-Up/Button Layout=Horizontal Buttons, Content=Text + H-Buttons/Buttons/Button",(legacy),NAVIGATE,36:189,,,300.0,EASE_OUT,,,
🔵 Design System,224:1904,Button,"Pop-Up/Pop-Up/Button Layout=Horizontal Buttons, Content=Text + H-Buttons/Buttons/Button",ON_HOVER,NODE,36:189,CHANGE_TO,SMART_ANIMATE,300.0,EASE_OUT,,,
🔵 Design System,224:1905,Button,"Pop-Up/Pop-Up/Button Layout=Horizontal Buttons, Content=Text + H-Buttons/Buttons/Button",(legacy),NAVIGATE,36:771,,,300.0,EASE_OUT,,,
🔵 Design System,224:1905,Button,"Pop-Up/Pop-Up/Button Layout=Horizontal Buttons, Content=Text + H-Buttons/Buttons/Button",ON_HOVER,NODE,36:771,CHANGE_TO,SMART_ANIMATE,300.0,EASE_OUT,,,
🔵 Design System,226:2026,Button,"Pop-Up/Pop-Up/Button Layout=Horizontal Buttons, Content=Text + Input + H-Buttons/Buttons/Button",(legacy),NAVIGATE,36:189,,,300.0,EASE_OUT,,,
🔵 Design System,226:2026,Button,"Pop-Up/Pop-Up/Button Layout=Horizontal Buttons, Content=Text + Input + H-Buttons/Buttons/Button",ON_HOVER,NODE,36:189,CHANGE_TO,SMART_ANIMATE,300.0,EASE_OUT,,,
🔵 Design System,226:2027,Button,"Pop-Up/Pop-Up/Button Layout=Horizontal Buttons, Content=Text + Input + H-Buttons/Buttons/Button",(legacy),NAVIGATE,36:771,,,300.0,EASE_OUT,,,
🔵 Design System,226:2027,Button,"Pop-Up/Pop-Up/Button Layout=Horizontal Buttons, Content=Text + Input + H-Buttons/Buttons/Button",ON_HOVER,NODE,36:771,CHANGE_TO,SMART_ANIMATE,300.0,EASE_OUT,,,
🔵 Design System,I232:5460;226:2218,Button,Pop-Up/Pop-Up/Buttons/Button,(legacy),NAVIGATE,36:189,,,300.0,EASE_OUT,,,
🔵 Design System,I232:5460;226:2218,Button,Pop-Up/Pop-Up/Buttons/Button,ON_HOVER,NODE,36:189,CHANGE_TO,SMART_ANIMATE,300.0,EASE_OUT,,,
🔵 Design System,I232:5460;226:2219,Button,Pop-Up/Pop-Up/Buttons/Button,(legacy),NAVIGATE,36:771,,,300.0,EASE_OUT,,,
🔵 Design System,I232:5460;226:2219,Button,Pop-Up/Pop-Up/Buttons/Button,ON_HOVER,NODE,36:771,CHANGE_TO,SMART_ANIMATE,300.0,EASE_OUT,,,
🔵 Design System,I232:5415;222:1511,Button,Pop-Up/Pop-Up/Buttons/Button,(legacy),NAVIGATE,36:189,,,300.0,EASE_OUT,,,
🔵 Design System,I232:5415;222:1511,Button,Pop-Up/Pop-Up/Buttons/Button,ON_HOVER,NODE,36:189,CHANGE_TO,SMART_ANIMATE,300.0,EASE_OUT,,,
🔵 Design System,I232:5415;222:1524,Button,Pop-Up/Pop-Up/Buttons/Button,(legacy),NAVIGATE,36:771,,,300.0,EASE_OUT,,,
🔵 Design System,I232:5415;222:1524,Button,Pop-Up/Pop-Up/Buttons/Button,ON_HOVER,NODE,36:771,CHANGE_TO,SMART_ANIMATE,300.0,EASE_OUT,,,
🔵 Design System,I232:5430;222:1511,Button,Pop-Up/Pop-Up/Buttons/Button,(legacy),NAVIGATE,36:189,,,300.0,EASE_OUT,,,
🔵 Design System,I232:5430;222:1511,Button,Pop-Up/Pop-Up/Buttons/Button,ON_HOVER,NODE,36:189,CHANGE_TO,SMART_ANIMATE,300.0,EASE_OUT,,,
🔵 Design System,I232:5430;222:1524,Button,Pop-Up/Pop-Up/Buttons/Button,(legacy),NAVIGATE,36:771,,,300.0,EASE_OUT,,,
🔵 Design System,I232:5430;222:1524,Button,Pop-Up/Pop-Up/Buttons/Button,ON_HOVER,NODE,36:771,CHANGE_TO,SMART_ANIMATE,300.0,EASE_OUT,,,
🔵 Design System,I232:5445;222:1511,Button,Pop-Up/Pop-Up/Buttons/Button,(legacy),NAVIGATE,36:189,,,300.0,EASE_OUT,,,
🔵 Design System,I232:5445;222:1511,Button,Pop-Up/Pop-Up/Buttons/Button,ON_HOVER,NODE,36:189,CHANGE_TO,SMART_ANIMATE,300.0,EASE_OUT,,,
🔵 Design System,I232:5445;222:1524,Button,Pop-Up/Pop-Up/Buttons/Button,(legacy),NAVIGATE,36:771,,,300.0,EASE_OUT,,,
🔵 Design System,I232:5445;222:1524,Button,Pop-Up/Pop-Up/Buttons/Button,ON_HOVER,NODE,36:771,CHANGE_TO,SMART_ANIMATE,300.0,EASE_OUT,,,
🔵 Design System,I232:5289;226:2026,Button,Pop-Up/Pop-Up/Buttons/Button,(legacy),NAVIGATE,36:189,,,300.0,EASE_OUT,,,
🔵 Design System,I232:5289;226:2026,Button,Pop-Up/Pop-Up/Buttons/Button,ON_HOVER,NODE,36:189,CHANGE_TO,SMART_ANIMATE,300.0,EASE_OUT,,,
🔵 Design System,I232:5289;226:2027,Button,Pop-Up/Pop-Up/Buttons/Button,(legacy),NAVIGATE,36:771,,,300.0,EASE_OUT,,,
🔵 Design System,I232:5289;226:2027,Button,Pop-Up/Pop-Up/Buttons/Button,ON_HOVER,NODE,36:771,CHANGE_TO,SMART_ANIMATE,300.0,EASE_OUT,,,
🔵 Design System,I232:5312;226:2026,Button,Pop-Up/Pop-Up/Buttons/Button,(legacy),NAVIGATE,36:189,,,300.0,EASE_OUT,,,
🔵 Design System,I232:5312;226:2026,Button,Pop-Up/Pop-Up/Buttons/Button,ON_HOVER,NODE,36:189,CHANGE_TO,SMART_ANIMATE,300.0,EASE_OUT,,,
🔵 Design System,I232:5312;226:2027,Button,Pop-Up/Pop-Up/Buttons/Button,(legacy),NAVIGATE,36:771,,,300.0,EASE_OUT,,,
🔵 Design System,I232:5312;226:2027,Button,Pop-Up/Pop-Up/Buttons/Button,ON_HOVER,NODE,36:771,CHANGE_TO,SMART_ANIMATE,300.0,EASE_OUT,,,
🔵 Design System,I232:5385;226:2026,Button,Pop-Up/Pop-Up/Buttons/Button,(legacy),NAVIGATE,36:189,,,300.0,EASE_OUT,,,
🔵 Design System,I232:5385;226:2026,Button,Pop-Up/Pop-Up/Buttons/Button,ON_HOVER,NODE,36:189,CHANGE_TO,SMART_ANIMATE,300.0,EASE_OUT,,,
🔵 Design System,I232:5385;226:2027,Button,Pop-Up/Pop-Up/Buttons/Button,(legacy),NAVIGATE,36:771,,,300.0,EASE_OUT,,,
🔵 Design System,I232:5385;226:2027,Button,Pop-Up/Pop-Up/Buttons/Button,ON_HOVER,NODE,36:771,CHANGE_TO,SMART_ANIMATE,300.0,EASE_OUT,,,
🔵 Design System,I232:5240;224:1904,Button,Pop-Up/Pop-Up/Buttons/Button,(legacy),NAVIGATE,36:189,,,300.0,EASE_OUT,,,
🔵 Design System,I232:5240;224:1904,Button,Pop-Up/Pop-Up/Buttons/Button,ON_HOVER,NODE,36:189,CHANGE_TO,SMART_ANIMATE,300.0,EASE_OUT,,,
🔵 Design System,I232:5240;224:1905,Button,Pop-Up/Pop-Up/Buttons/Button,(legacy),NAVIGATE,36:771,,,300.0,EASE_OUT,,,
🔵 Design System,I232:5240;224:1905,Button,Pop-Up/Pop-Up/Buttons/Button,ON_HOVER,NODE,36:771,CHANGE_TO,SMART_ANIMATE,300.0,EASE_OUT,,,
Animate,2531:6752,State=1,Back ground Graphic/Service Section/State=1,(legacy),NAVIGATE,2531:6674,,,2500.0,EASE_OUT,,,
Animate,2531:6752,State=1,Back ground Graphic/Service Section/State=1,AFTER_TIMEOUT(2500.0ms),NODE,2531:6674,CHANGE_TO,SMART_ANIMATE,2500.0,EASE_OUT,,,
Animate,2531:6674,State=2,Back ground Graphic/Service Section/State=2,(legacy),NAVIGATE,2531:6752,,,2500.0,EASE_OUT,,,
Animate,2531:6674,State=2,Back ground Graphic/Service Section/State=2,AFTER_TIMEOUT(2500.0ms),NODE,2531:6752,CHANGE_TO,SMART_ANIMATE,2500.0,EASE_OUT,,,
Animate,2531:6830,Service Section,Back ground Graphic/Service Section,(legacy),NAVIGATE,2531:6674,,,2500.0,EASE_OUT,,,
Animate,2531:6830,Service Section,Back ground Graphic/Service Section,AFTER_TIMEOUT(2500.0ms),NODE,2531:6674,CHANGE_TO,SMART_ANIMATE,2500.0,EASE_OUT,,,
Animate,2531:6832,Frame 1526,Back ground Light/Frame 1526,(legacy),NAVIGATE,2531:6870,,,2500.0,LINEAR,,,
Animate,2531:6832,Frame 1526,Back ground Light/Frame 1526,AFTER_TIMEOUT(2500.0ms),NODE,2531:6870,NAVIGATE,SMART_ANIMATE,2500.0,LINEAR,,,
Animate,2531:6870,Frame 1525,Back ground Light/Frame 1525,(legacy),NAVIGATE,2531:6832,,,2500.0,LINEAR,,,
Animate,2531:6870,Frame 1525,Back ground Light/Frame 1525,AFTER_TIMEOUT(2500.0ms),NODE,2531:6832,NAVIGATE,SMART_ANIMATE,2500.0,LINEAR,,,
Animate,2531:6908,Frame 1527,Back ground Light/Frame 1527,(legacy),NAVIGATE,2531:6870,,,2500.0,LINEAR,,,
Animate,2531:6908,Frame 1527,Back ground Light/Frame 1527,AFTER_TIMEOUT(2500.0ms),NODE,2531:6870,NAVIGATE,SMART_ANIMATE,2500.0,LINEAR,,,
Animate,2531:7044,Frame 11,Vertical Menu/iPhone 11 Pro / X - 2/Frame 11,(legacy),NAVIGATE,2531:7227,,,500.0,EASE_IN_AND_OUT_BACK,,,
Animate,2531:7044,Frame 11,Vertical Menu/iPhone 11 Pro / X - 2/Frame 11,ON_CLICK,NODE,2531:7227,NAVIGATE,SMART_ANIMATE,500.0,EASE_IN_AND_OUT_BACK,,,
Animate,2531:7055,Frame 10,Vertical Menu/iPhone 11 Pro / X - 2/Frame 10,(legacy),NAVIGATE,2531:7227,,,500.0,EASE_OUT,,,
Animate,2531:7055,Frame 10,Vertical Menu/iPhone 11 Pro / X - 2/Frame 10,DRAG,NODE,2531:7227,NAVIGATE,SMART_ANIMATE,500.0,EASE_OUT,,,
Animate,2531:7072,Balance,Vertical Menu/iPhone 11 Pro / X - 2/Frame 10/Balance,ON_CLICK,,,,,,,,,
Animate,2531:7227,iPhone 11 Pro / X - 3,Vertical Menu/iPhone 11 Pro / X - 3,(legacy),NAVIGATE,2531:7042,,,500.0,EASE_OUT,,,
Animate,2531:7227,iPhone 11 Pro / X - 3,Vertical Menu/iPhone 11 Pro / X - 3,DRAG,NODE,2531:7042,NAVIGATE,SMART_ANIMATE,500.0,EASE_OUT,,,
Animate,2531:7255,Balance,Vertical Menu/iPhone 11 Pro / X - 3/Frame 10/Balance,ON_CLICK,,,,,,,,,
Animate,2531:7388,Frame 7,Vertical Menu/iPhone 11 Pro / X - 3/Frame 10/Frame 7,(legacy),NAVIGATE,2531:7042,,,500.0,EASE_IN_AND_OUT_BACK,,,
Animate,2531:7388,Frame 7,Vertical Menu/iPhone 11 Pro / X - 3/Frame 10/Frame 7,ON_CLICK,NODE,2531:7042,NAVIGATE,SMART_ANIMATE,500.0,EASE_IN_AND_OUT_BACK,,,
Animate,2531:7457,"type=1, state=normal","USP/Components/services/type=1, state=normal",(legacy),NAVIGATE,2531:7464,,,500.0,EASE_OUT_BACK,,,
Animate,2531:7457,"type=1, state=normal","USP/Components/services/type=1, state=normal",ON_HOVER,NODE,2531:7464,CHANGE_TO,SMART_ANIMATE,500.0,EASE_OUT_BACK,,,
Animate,I2531:7470;2531:7627,Web Development,"USP/Components/services/type=1, state=hover/text/Web Development",(legacy),NAVIGATE,2531:7471,,,500.0,EASE_OUT_BACK,,,
Animate,I2531:7470;2531:7627,Web Development,"USP/Components/services/type=1, state=hover/text/Web Development",ON_HOVER,NODE,2531:7471,CHANGE_TO,,,,,,
Animate,I2531:7477;2531:7627,Web Development,"USP/Components/services/type=1, state=link/text/Web Development",(legacy),NAVIGATE,2531:7478,,,500.0,EASE_OUT_BACK,,,
Animate,I2531:7477;2531:7627,Web Development,"USP/Components/services/type=1, state=link/text/Web Development",ON_PRESS,NODE,2531:7478,CHANGE_TO,,,,,,
Animate,2531:7485,"type=2, state=normal","USP/Components/services/type=2, state=normal",(legacy),NAVIGATE,2531:7492,,,500.0,EASE_OUT_BACK,,,
Animate,2531:7485,"type=2, state=normal","USP/Components/services/type=2, state=normal",ON_HOVER,NODE,2531:7492,CHANGE_TO,SMART_ANIMATE,500.0,EASE_OUT_BACK,,,
Animate,I2531:7498;10615:4712,Search Engine Optimization,"USP/Components/services/type=2, state=hover/text/2/Search Engine Optimization",(legacy),NAVIGATE,2531:7499,,,500.0,EASE_OUT_BACK,,,
Animate,I2531:7498;10615:4712,Search Engine Optimization,"USP/Components/services/type=2, state=hover/text/2/Search Engine Optimization",ON_HOVER,NODE,2531:7499,CHANGE_TO,,,,,,
Animate,I2531:7505;10615:4712,Search Engine Optimization,"USP/Components/services/type=2, state=link/text/2/Search Engine Optimization",(legacy),NAVIGATE,2531:7506,,,500.0,EASE_OUT_BACK,,,
Animate,I2531:7505;10615:4712,Search Engine Optimization,"USP/Components/services/type=2, state=link/text/2/Search Engine Optimization",ON_PRESS,NODE,2531:7506,CHANGE_TO,,,,,,
Animate,2531:7513,"type=3, state=normal","USP/Components/services/type=3, state=normal",(legacy),NAVIGATE,2531:7520,,,500.0,EASE_OUT_BACK,,,
Animate,2531:7513,"type=3, state=normal","USP/Components/services/type=3, state=normal",ON_HOVER,NODE,2531:7520,CHANGE_TO,SMART_ANIMATE,500.0,EASE_OUT_BACK,,,
Animate,I2531:7526;2531:7630,Contextual Advertising,"USP/Components/services/type=3, state=hover/text/Contextual Advertising",(legacy),NAVIGATE,2531:7527,,,500.0,EASE_OUT_BACK,,,
Animate,I2531:7526;2531:7630,Contextual Advertising,"USP/Components/services/type=3, state=hover/text/Contextual Advertising",ON_HOVER,NODE,2531:7527,CHANGE_TO,,,,,,
Animate,I2531:7533;2531:7630,Contextual Advertising,"USP/Components/services/type=3, state=link/text/Contextual Advertising",(legacy),NAVIGATE,2531:7534,,,500.0,EASE_OUT_BACK,,,
Animate,I2531:7533;2531:7630,Contextual Advertising,"USP/Components/services/type=3, state=link/text/Contextual Advertising",ON_PRESS,NODE,2531:7534,CHANGE_TO,,,,,,
Animate,2531:7541,"type=4, state=normal","USP/Components/services/type=4, state=normal",(legacy),NAVIGATE,2531:7548,,,500.0,EASE_OUT_BACK,,,
Animate,2531:7541,"type=4, state=normal","USP/Components/services/type=4, state=normal",ON_HOVER,NODE,2531:7548,CHANGE_TO,SMART_ANIMATE,500.0,EASE_OUT_BACK,,,
Animate,I2531:7554;2531:7633,Web Analytics,"USP/Components/services/type=4, state=hover/text/Web Analytics",(legacy),NAVIGATE,2531:7555,,,500.0,EASE_OUT_BACK,,,
Animate,I2531:7554;2531:7633,Web Analytics,"USP/Components/services/type=4, state=hover/text/Web Analytics",ON_HOVER,NODE,2531:7555,CHANGE_TO,,,,,,
Animate,I2531:7561;2531:7633,Web Analytics,"USP/Components/services/type=4, state=link/text/Web Analytics",(legacy),NAVIGATE,2531:7562,,,500.0,EASE_OUT_BACK,,,
Animate,I2531:7561;2531:7633,Web Analytics,"USP/Components/services/type=4, state=link/text/Web Analytics",ON_PRESS,NODE,2531:7562,CHANGE_TO,,,,,,
Animate,2531:7569,"type=5, state=normal","USP/Components/services/type=5, state=normal",(legacy),NAVIGATE,2531:7576,,,500.0,EASE_OUT_BACK,,,
Animate,2531:7569,"type=5, state=normal","USP/Components/services/type=5, state=normal",ON_HOVER,NODE,2531:7576,CHANGE_TO,SMART_ANIMATE,500.0,EASE_OUT_BACK,,,
Animate,I2531:7582;2531:7636,Web Design,"USP/Components/services/type=5, state=hover/text/Web Design",(legacy),NAVIGATE,2531:7583,,,500.0,EASE_OUT_BACK,,,
Animate,I2531:7582;2531:7636,Web Design,"USP/Components/services/type=5, state=hover/text/Web Design",ON_HOVER,NODE,2531:7583,CHANGE_TO,,,,,,
Animate,I2531:7589;2531:7636,Web Design,"USP/Components/services/type=5, state=link/text/Web Design",(legacy),NAVIGATE,2531:7590,,,500.0,EASE_OUT_BACK,,,
Animate,I2531:7589;2531:7636,Web Design,"USP/Components/services/type=5, state=link/text/Web Design",ON_PRESS,NODE,2531:7590,CHANGE_TO,,,,,,
Animate,2531:7597,"type=6, state=normal","USP/Components/services/type=6, state=normal",(legacy),NAVIGATE,2531:7604,,,500.0,EASE_OUT_BACK,,,
Animate,2531:7597,"type=6, state=normal","USP/Components/services/type=6, state=normal",ON_HOVER,NODE,2531:7604,CHANGE_TO,SMART_ANIMATE,500.0,EASE_OUT_BACK,,,
Animate,I2531:7610;2531:7639,Social Media,"USP/Components/services/type=6, state=hover/text/Social Media",(legacy),NAVIGATE,2531:7611,,,500.0,EASE_OUT_BACK,,,
Animate,I2531:7610;2531:7639,Social Media,"USP/Components/services/type=6, state=hover/text/Social Media",ON_HOVER,NODE,2531:7611,CHANGE_TO,,,,,,
Animate,I2531:7617;2531:7639,Social Media,"USP/Components/services/type=6, state=link/text/Social Media",(legacy),NAVIGATE,2531:7618,,,500.0,EASE_OUT_BACK,,,
Animate,I2531:7617;2531:7639,Social Media,"USP/Components/services/type=6, state=link/text/Social Media",ON_PRESS,NODE,2531:7618,CHANGE_TO,,,,,,
Animate,2531:7678,services,USP/Smart Animate/Our Services/Services/1/services,(legacy),NAVIGATE,2531:7464,,,500.0,EASE_OUT_BACK,,,
Animate,2531:7678,services,USP/Smart Animate/Our Services/Services/1/services,ON_HOVER,NODE,2531:7464,CHANGE_TO,SMART_ANIMATE,500.0,EASE_OUT_BACK,,,
Animate,2531:7679,services,USP/Smart Animate/Our Services/Services/1/services,(legacy),NAVIGATE,2531:7492,,,500.0,EASE_OUT_BACK,,,
Animate,2531:7679,services,USP/Smart Animate/Our Services/Services/1/services,ON_HOVER,NODE,2531:7492,CHANGE_TO,SMART_ANIMATE,500.0,EASE_OUT_BACK,,,
Animate,2531:7680,services,USP/Smart Animate/Our Services/Services/1/services,(legacy),NAVIGATE,2531:7520,,,500.0,EASE_OUT_BACK,,,
Animate,2531:7680,services,USP/Smart Animate/Our Services/Services/1/services,ON_HOVER,NODE,2531:7520,CHANGE_TO,SMART_ANIMATE,500.0,EASE_OUT_BACK,,,
Animate,2531:7682,services,USP/Smart Animate/Our Services/Services/2/services,(legacy),NAVIGATE,2531:7548,,,500.0,EASE_OUT_BACK,,,
Animate,2531:7682,services,USP/Smart Animate/Our Services/Services/2/services,ON_HOVER,NODE,2531:7548,CHANGE_TO,SMART_ANIMATE,500.0,EASE_OUT_BACK,,,
Animate,2531:7683,services,USP/Smart Animate/Our Services/Services/2/services,(legacy),NAVIGATE,2531:7576,,,500.0,EASE_OUT_BACK,,,
Animate,2531:7683,services,USP/Smart Animate/Our Services/Services/2/services,ON_HOVER,NODE,2531:7576,CHANGE_TO,SMART_ANIMATE,500.0,EASE_OUT_BACK,,,
Animate,2531:7684,services,USP/Smart Animate/Our Services/Services/2/services,(legacy),NAVIGATE,2531:7604,,,500.0,EASE_OUT_BACK,,,
Animate,2531:7684,services,USP/Smart Animate/Our Services/Services/2/services,ON_HOVER,NODE,2531:7604,CHANGE_TO,SMART_ANIMATE,500.0,EASE_OUT_BACK,,,
Animate,2531:7892,Property 1=Default,Mascot/Astro Bot Figma/Property 1=Default,(legacy),NAVIGATE,2531:8026,,,10000.0,LINEAR,,,
Animate,2531:7892,Property 1=Default,Mascot/Astro Bot Figma/Property 1=Default,AFTER_TIMEOUT(1.0ms),NODE,2531:8026,CHANGE_TO,SMART_ANIMATE,10000.0,LINEAR,,,
Animate,2531:8026,Property 1=Variant2,Mascot/Astro Bot Figma/Property 1=Variant2,(legacy),NAVIGATE,2531:7892,,,10000.0,LINEAR,,,
Animate,2531:8026,Property 1=Variant2,Mascot/Astro Bot Figma/Property 1=Variant2,AFTER_TIMEOUT(1.0ms),NODE,2531:7892,CHANGE_TO,SMART_ANIMATE,10000.0,LINEAR,,,
Animate,2531:8161,"Type=Gear, State=1","Ilustration Animate Graphic/Gear/Type=Gear, State=1",AFTER_TIMEOUT(1.0ms),NODE,,CHANGE_TO,SMART_ANIMATE,5000.0,LINEAR,,,
Animate,2531:8161,"Type=Gear, State=1","Ilustration Animate Graphic/Gear/Type=Gear, State=1",ON_HOVER,NODE,2531:8170,CHANGE_TO,SMART_ANIMATE,1022.1,GENTLE,,,
Animate,2531:8164,"Type=Manager, State=1","Ilustration Animate Graphic/Gear/Type=Manager, State=1",AFTER_TIMEOUT(1.0ms),NODE,,CHANGE_TO,SMART_ANIMATE,5000.0,LINEAR,,,
Animate,2531:8164,"Type=Manager, State=1","Ilustration Animate Graphic/Gear/Type=Manager, State=1",ON_HOVER,NODE,2531:8173,CHANGE_TO,SMART_ANIMATE,1022.1,GENTLE,,,
Animate,2531:8167,"Type=Tech, State=1","Ilustration Animate Graphic/Gear/Type=Tech, State=1",AFTER_TIMEOUT(1.0ms),NODE,,CHANGE_TO,SMART_ANIMATE,5000.0,LINEAR,,,
Animate,2531:8167,"Type=Tech, State=1","Ilustration Animate Graphic/Gear/Type=Tech, State=1",ON_HOVER,NODE,2531:8176,CHANGE_TO,SMART_ANIMATE,1022.1,GENTLE,,,
Animate,3043:9722,Property 1=Default,Ilustration Animate Graphic/Object/Property 1=Default,(legacy),NAVIGATE,3043:9725,,,300.0,EASE_OUT,,,
Animate,3043:9722,Property 1=Default,Ilustration Animate Graphic/Object/Property 1=Default,ON_HOVER,NODE,3043:9725,CHANGE_TO,SMART_ANIMATE,300.0,EASE_OUT,,,
Animate,2531:8277,Property 1=Default,Tracking1/5/Property 1=Default,(legacy),NAVIGATE,2531:8281,,,1500.0,EASE_IN_AND_OUT,,,
Animate,2531:8277,Property 1=Default,Tracking1/5/Property 1=Default,AFTER_TIMEOUT(1.0ms),NODE,2531:8281,CHANGE_TO,SMART_ANIMATE,1500.0,EASE_IN_AND_OUT,,,
Animate,2531:8281,Property 1=Variant2,Tracking1/5/Property 1=Variant2,(legacy),NAVIGATE,2531:8277,,,1500.0,EASE_IN_AND_OUT,,,
Animate,2531:8281,Property 1=Variant2,Tracking1/5/Property 1=Variant2,AFTER_TIMEOUT(1.0ms),NODE,2531:8277,CHANGE_TO,SMART_ANIMATE,1500.0,EASE_IN_AND_OUT,,,
Animate,2531:8286,Property 1=Default,Tracking1/4/Property 1=Default,(legacy),NAVIGATE,2531:8288,,,700.0,LINEAR,,,
Animate,2531:8286,Property 1=Default,Tracking1/4/Property 1=Default,AFTER_TIMEOUT(1.0ms),NODE,2531:8288,CHANGE_TO,SMART_ANIMATE,700.0,LINEAR,,,
Animate,2531:8288,Property 1=Variant2,Tracking1/4/Property 1=Variant2,(legacy),NAVIGATE,2531:8286,,,1000.0,LINEAR,,,
Animate,2531:8288,Property 1=Variant2,Tracking1/4/Property 1=Variant2,AFTER_TIMEOUT(1.0ms),NODE,2531:8286,CHANGE_TO,,,,,,
Animate,2531:8291,Property 1=Default,Tracking1/2/Property 1=Default,(legacy),NAVIGATE,2531:8294,,,10000.0,EASE_IN_AND_OUT,,,
Animate,2531:8291,Property 1=Default,Tracking1/2/Property 1=Default,AFTER_TIMEOUT(1.0ms),NODE,2531:8294,CHANGE_TO,SMART_ANIMATE,10000.0,EASE_IN_AND_OUT,,,
Animate,2531:8294,Property 1=Variant2,Tracking1/2/Property 1=Variant2,(legacy),NAVIGATE,2531:8291,,,7000.0,EASE_IN_AND_OUT,,,
Animate,2531:8294,Property 1=Variant2,Tracking1/2/Property 1=Variant2,AFTER_TIMEOUT(1.0ms),NODE,2531:8291,CHANGE_TO,SMART_ANIMATE,7000.0,EASE_IN_AND_OUT,,,
Animate,2531:8298,Property 1=Default,Tracking1/3/Property 1=Default,(legacy),NAVIGATE,2531:8300,,,3000.0,EASE_IN_AND_OUT,,,
Animate,2531:8298,Property 1=Default,Tracking1/3/Property 1=Default,AFTER_TIMEOUT(1.0ms),NODE,2531:8300,CHANGE_TO,SMART_ANIMATE,3000.0,EASE_IN_AND_OUT,,,
Animate,2531:8300,Property 1=Variant2,Tracking1/3/Property 1=Variant2,(legacy),NAVIGATE,2531:8298,,,3000.0,EASE_IN_AND_OUT,,,
Animate,2531:8300,Property 1=Variant2,Tracking1/3/Property 1=Variant2,AFTER_TIMEOUT(1.0ms),NODE,2531:8298,CHANGE_TO,SMART_ANIMATE,3000.0,EASE_IN_AND_OUT,,,
Animate,2531:8307,20,Tracking1/Component 3/Property 1=Desk/Demo Camera Lock/Tracker/X/20,ON_HOVER,SET_VARIABLE,,,,,,,927:148,(($927:154 / 40) * 20)
Animate,2531:8307,20,Tracking1/Component 3/Property 1=Desk/Demo Camera Lock/Tracker/X/20,ON_HOVER,SET_VARIABLE,,,,,,,927:138,($927:148 * $927:145)
Animate,2531:8307,20,Tracking1/Component 3/Property 1=Desk/Demo Camera Lock/Tracker/X/20,ON_HOVER,SET_VARIABLE,,,,,,,927:146,($927:148 * $927:153)
Animate,2531:8307,20,Tracking1/Component 3/Property 1=Desk/Demo Camera Lock/Tracker/X/20,ON_HOVER,SET_VARIABLE,,,,,,,927:141,($927:148 * $927:142)
Animate,2531:8307,20,Tracking1/Component 3/Property 1=Desk/Demo Camera Lock/Tracker/X/20,ON_HOVER,SET_VARIABLE,,,,,,,927:137,($927:148 * $927:132)
Animate,2531:8307,20,Tracking1/Component 3/Property 1=Desk/Demo Camera Lock/Tracker/X/20,ON_HOVER,SET_VARIABLE,,,,,,,927:135,($927:148 * $927:136)
Animate,2531:8307,20,Tracking1/Component 3/Property 1=Desk/Demo Camera Lock/Tracker/X/20,ON_HOVER,SET_VARIABLE,,,,,,,927:150,($927:148 * $927:133)
Animate,2531:8307,20,Tracking1/Component 3/Property 1=Desk/Demo Camera Lock/Tracker/X/20,ON_HOVER,SET_VARIABLE,,,,,,,927:131,($927:148 * $927:139)
Animate,2531:8308,19,Tracking1/Component 3/Property 1=Desk/Demo Camera Lock/Tracker/X/19,ON_HOVER,SET_VARIABLE,,,,,,,927:148,(($927:154 / 40) * 19)
Animate,2531:8308,19,Tracking1/Component 3/Property 1=Desk/Demo Camera Lock/Tracker/X/19,ON_HOVER,SET_VARIABLE,,,,,,,927:138,($927:148 * $927:145)
Animate,2531:8308,19,Tracking1/Component 3/Property 1=Desk/Demo Camera Lock/Tracker/X/19,ON_HOVER,SET_VARIABLE,,,,,,,927:146,($927:148 * $927:153)
Animate,2531:8308,19,Tracking1/Component 3/Property 1=Desk/Demo Camera Lock/Tracker/X/19,ON_HOVER,SET_VARIABLE,,,,,,,927:141,($927:148 * $927:142)
Animate,2531:8308,19,Tracking1/Component 3/Property 1=Desk/Demo Camera Lock/Tracker/X/19,ON_HOVER,SET_VARIABLE,,,,,,,927:137,($927:148 * $927:132)
Animate,2531:8308,19,Tracking1/Component 3/Property 1=Desk/Demo Camera Lock/Tracker/X/19,ON_HOVER,SET_VARIABLE,,,,,,,927:135,($927:148 * $927:136)
Animate,2531:8308,19,Tracking1/Component 3/Property 1=Desk/Demo Camera Lock/Tracker/X/19,ON_HOVER,SET_VARIABLE,,,,,,,927:150,($927:148 * $927:133)
Animate,2531:8308,19,Tracking1/Component 3/Property 1=Desk/Demo Camera Lock/Tracker/X/19,ON_HOVER,SET_VARIABLE,,,,,,,927:131,($927:148 * $927:139)
Animate,2531:8309,18,Tracking1/Component 3/Property 1=Desk/Demo Camera Lock/Tracker/X/18,ON_HOVER,SET_VARIABLE,,,,,,,927:148,(($927:154 / 40) * 18)
Animate,2531:8309,18,Tracking1/Component 3/Property 1=Desk/Demo Camera Lock/Tracker/X/18,ON_HOVER,SET_VARIABLE,,,,,,,927:138,($927:148 * $927:145)
Animate,2531:8309,18,Tracking1/Component 3/Property 1=Desk/Demo Camera Lock/Tracker/X/18,ON_HOVER,SET_VARIABLE,,,,,,,927:146,($927:148 * $927:153)
Animate,2531:8309,18,Tracking1/Component 3/Property 1=Desk/Demo Camera Lock/Tracker/X/18,ON_HOVER,SET_VARIABLE,,,,,,,927:141,($927:148 * $927:142)
Animate,2531:8309,18,Tracking1/Component 3/Property 1=Desk/Demo Camera Lock/Tracker/X/18,ON_HOVER,SET_VARIABLE,,,,,,,927:137,($927:148 * $927:132)
Animate,2531:8309,18,Tracking1/Component 3/Property 1=Desk/Demo Camera Lock/Tracker/X/18,ON_HOVER,SET_VARIABLE,,,,,,,927:135,($927:148 * $927:136)
Animate,2531:8309,18,Tracking1/Component 3/Property 1=Desk/Demo Camera Lock/Tracker/X/18,ON_HOVER,SET_VARIABLE,,,,,,,927:150,($927:148 * $927:133)
Animate,2531:8309,18,Tracking1/Component 3/Property 1=Desk/Demo Camera Lock/Tracker/X/18,ON_HOVER,SET_VARIABLE,,,,,,,927:131,($927:148 * $927:139)
Animate,2531:8310,17,Tracking1/Component 3/Property 1=Desk/Demo Camera Lock/Tracker/X/17,ON_HOVER,SET_VARIABLE,,,,,,,927:148,(($927:154 / 40) * 17)
Animate,2531:8310,17,Tracking1/Component 3/Property 1=Desk/Demo Camera Lock/Tracker/X/17,ON_HOVER,SET_VARIABLE,,,,,,,927:138,($927:148 * $927:145)
Animate,2531:8310,17,Tracking1/Component 3/Property 1=Desk/Demo Camera Lock/Tracker/X/17,ON_HOVER,SET_VARIABLE,,,,,,,927:146,($927:148 * $927:153)
Animate,2531:8310,17,Tracking1/Component 3/Property 1=Desk/Demo Camera Lock/Tracker/X/17,ON_HOVER,SET_VARIABLE,,,,,,,927:141,($927:148 * $927:142)
Animate,2531:8310,17,Tracking1/Component 3/Property 1=Desk/Demo Camera Lock/Tracker/X/17,ON_HOVER,SET_VARIABLE,,,,,,,927:137,($927:148 * $927:132)
Animate,2531:8310,17,Tracking1/Component 3/Property 1=Desk/Demo Camera Lock/Tracker/X/17,ON_HOVER,SET_VARIABLE,,,,,,,927:135,($927:148 * $927:136)
Animate,2531:8310,17,Tracking1/Component 3/Property 1=Desk/Demo Camera Lock/Tracker/X/17,ON_HOVER,SET_VARIABLE,,,,,,,927:150,($927:148 * $927:133)
Animate,2531:8310,17,Tracking1/Component 3/Property 1=Desk/Demo Camera Lock/Tracker/X/17,ON_HOVER,SET_VARIABLE,,,,,,,927:131,($927:148 * $927:139)
Animate,2531:8311,16,Tracking1/Component 3/Property 1=Desk/Demo Camera Lock/Tracker/X/16,ON_HOVER,SET_VARIABLE,,,,,,,927:148,(($927:154 / 40) * 16)
Animate,2531:8311,16,Tracking1/Component 3/Property 1=Desk/Demo Camera Lock/Tracker/X/16,ON_HOVER,SET_VARIABLE,,,,,,,927:138,($927:148 * $927:145)
Animate,2531:8311,16,Tracking1/Component 3/Property 1=Desk/Demo Camera Lock/Tracker/X/16,ON_HOVER,SET_VARIABLE,,,,,,,927:146,($927:148 * $927:153)
Animate,2531:8311,16,Tracking1/Component 3/Property 1=Desk/Demo Camera Lock/Tracker/X/16,ON_HOVER,SET_VARIABLE,,,,,,,927:141,($927:148 * $927:142)
Animate,2531:8311,16,Tracking1/Component 3/Property 1=Desk/Demo Camera Lock/Tracker/X/16,ON_HOVER,SET_VARIABLE,,,,,,,927:137,($927:148 * $927:132)
Animate,2531:8311,16,Tracking1/Component 3/Property 1=Desk/Demo Camera Lock/Tracker/X/16,ON_HOVER,SET_VARIABLE,,,,,,,927:135,($927:148 * $927:136)
Animate,2531:8311,16,Tracking1/Component 3/Property 1=Desk/Demo Camera Lock/Tracker/X/16,ON_HOVER,SET_VARIABLE,,,,,,,927:150,($927:148 * $927:133)
Animate,2531:8311,16,Tracking1/Component 3/Property 1=Desk/Demo Camera Lock/Tracker/X/16,ON_HOVER,SET_VARIABLE,,,,,,,927:131,($927:148 * $927:139)
Animate,2531:8312,15,Tracking1/Component 3/Property 1=Desk/Demo Camera Lock/Tracker/X/15,ON_HOVER,SET_VARIABLE,,,,,,,927:148,(($927:154 / 40) * 15)
Animate,2531:8312,15,Tracking1/Component 3/Property 1=Desk/Demo Camera Lock/Tracker/X/15,ON_HOVER,SET_VARIABLE,,,,,,,927:138,($927:148 * $927:145)
Animate,2531:8312,15,Tracking1/Component 3/Property 1=Desk/Demo Camera Lock/Tracker/X/15,ON_HOVER,SET_VARIABLE,,,,,,,927:146,($927:148 * $927:153)
Animate,2531:8312,15,Tracking1/Component 3/Property 1=Desk/Demo Camera Lock/Tracker/X/15,ON_HOVER,SET_VARIABLE,,,,,,,927:141,($927:148 * $927:142)
Animate,2531:8312,15,Tracking1/Component 3/Property 1=Desk/Demo Camera Lock/Tracker/X/15,ON_HOVER,SET_VARIABLE,,,,,,,927:137,($927:148 * $927:132)
Animate,2531:8312,15,Tracking1/Component 3/Property 1=Desk/Demo Camera Lock/Tracker/X/15,ON_HOVER,SET_VARIABLE,,,,,,,927:135,($927:148 * $927:136)
Animate,2531:8312,15,Tracking1/Component 3/Property 1=Desk/Demo Camera Lock/Tracker/X/15,ON_HOVER,SET_VARIABLE,,,,,,,927:150,($927:148 * $927:133)
Animate,2531:8312,15,Tracking1/Component 3/Property 1=Desk/Demo Camera Lock/Tracker/X/15,ON_HOVER,SET_VARIABLE,,,,,,,927:131,($927:148 * $927:139)
Animate,2531:8313,14,Tracking1/Component 3/Property 1=Desk/Demo Camera Lock/Tracker/X/14,ON_HOVER,SET_VARIABLE,,,,,,,927:148,(($927:154 / 40) * 14)
Animate,2531:8313,14,Tracking1/Component 3/Property 1=Desk/Demo Camera Lock/Tracker/X/14,ON_HOVER,SET_VARIABLE,,,,,,,927:138,($927:148 * $927:145)
Animate,2531:8313,14,Tracking1/Component 3/Property 1=Desk/Demo Camera Lock/Tracker/X/14,ON_HOVER,SET_VARIABLE,,,,,,,927:146,($927:148 * $927:153)
Animate,2531:8313,14,Tracking1/Component 3/Property 1=Desk/Demo Camera Lock/Tracker/X/14,ON_HOVER,SET_VARIABLE,,,,,,,927:141,($927:148 * $927:142)
Animate,2531:8313,14,Tracking1/Component 3/Property 1=Desk/Demo Camera Lock/Tracker/X/14,ON_HOVER,SET_VARIABLE,,,,,,,927:137,($927:148 * $927:132)
Animate,2531:8313,14,Tracking1/Component 3/Property 1=Desk/Demo Camera Lock/Tracker/X/14,ON_HOVER,SET_VARIABLE,,,,,,,927:135,($927:148 * $927:136)
Animate,2531:8313,14,Tracking1/Component 3/Property 1=Desk/Demo Camera Lock/Tracker/X/14,ON_HOVER,SET_VARIABLE,,,,,,,927:150,($927:148 * $927:133)
Animate,2531:8313,14,Tracking1/Component 3/Property 1=Desk/Demo Camera Lock/Tracker/X/14,ON_HOVER,SET_VARIABLE,,,,,,,927:131,($927:148 * $927:139)
Animate,2531:8314,13,Tracking1/Component 3/Property 1=Desk/Demo Camera Lock/Tracker/X/13,ON_HOVER,SET_VARIABLE,,,,,,,927:148,(($927:154 / 40) * 13)
Animate,2531:8314,13,Tracking1/Component 3/Property 1=Desk/Demo Camera Lock/Tracker/X/13,ON_HOVER,SET_VARIABLE,,,,,,,927:138,($927:148 * $927:145)
Animate,2531:8314,13,Tracking1/Component 3/Property 1=Desk/Demo Camera Lock/Tracker/X/13,ON_HOVER,SET_VARIABLE,,,,,,,927:146,($927:148 * $927:153)
Animate,2531:8314,13,Tracking1/Component 3/Property 1=Desk/Demo Camera Lock/Tracker/X/13,ON_HOVER,SET_VARIABLE,,,,,,,927:141,($927:148 * $927:142)
Animate,2531:8314,13,Tracking1/Component 3/Property 1=Desk/Demo Camera Lock/Tracker/X/13,ON_HOVER,SET_VARIABLE,,,,,,,927:137,($927:148 * $927:132)
Animate,2531:8314,13,Tracking1/Component 3/Property 1=Desk/Demo Camera Lock/Tracker/X/13,ON_HOVER,SET_VARIABLE,,,,,,,927:135,($927:148 * $927:136)
Animate,2531:8314,13,Tracking1/Component 3/Property 1=Desk/Demo Camera Lock/Tracker/X/13,ON_HOVER,SET_VARIABLE,,,,,,,927:150,($927:148 * $927:133)
Animate,2531:8314,13,Tracking1/Component 3/Property 1=Desk/Demo Camera Lock/Tracker/X/13,ON_HOVER,SET_VARIABLE,,,,,,,927:131,($927:148 * $927:139)
Animate,2531:8315,12,Tracking1/Component 3/Property 1=Desk/Demo Camera Lock/Tracker/X/12,ON_HOVER,SET_VARIABLE,,,,,,,927:148,(($927:154 / 40) * 12)
Animate,2531:8315,12,Tracking1/Component 3/Property 1=Desk/Demo Camera Lock/Tracker/X/12,ON_HOVER,SET_VARIABLE,,,,,,,927:138,($927:148 * $927:145)
Animate,2531:8315,12,Tracking1/Component 3/Property 1=Desk/Demo Camera Lock/Tracker/X/12,ON_HOVER,SET_VARIABLE,,,,,,,927:146,($927:148 * $927:153)
Animate,2531:8315,12,Tracking1/Component 3/Property 1=Desk/Demo Camera Lock/Tracker/X/12,ON_HOVER,SET_VARIABLE,,,,,,,927:141,($927:148 * $927:142)
Animate,2531:8315,12,Tracking1/Component 3/Property 1=Desk/Demo Camera Lock/Tracker/X/12,ON_HOVER,SET_VARIABLE,,,,,,,927:137,($927:148 * $927:132)
Animate,2531:8315,12,Tracking1/Component 3/Property 1=Desk/Demo Camera Lock/Tracker/X/12,ON_HOVER,SET_VARIABLE,,,,,,,927:135,($927:148 * $927:136)
Animate,2531:8315,12,Tracking1/Component 3/Property 1=Desk/Demo Camera Lock/Tracker/X/12,ON_HOVER,SET_VARIABLE,,,,,,,927:150,($927:148 * $927:133)
Animate,2531:8315,12,Tracking1/Component 3/Property 1=Desk/Demo Camera Lock/Tracker/X/12,ON_HOVER,SET_VARIABLE,,,,,,,927:131,($927:148 * $927:139)
Animate,2531:8316,11,Tracking1/Component 3/Property 1=Desk/Demo Camera Lock/Tracker/X/11,ON_HOVER,SET_VARIABLE,,,,,,,927:148,(($927:154 / 40) * 11)
Animate,2531:8316,11,Tracking1/Component 3/Property 1=Desk/Demo Camera Lock/Tracker/X/11,ON_HOVER,SET_VARIABLE,,,,,,,927:138,($927:148 * $927:145)
Animate,2531:8316,11,Tracking1/Component 3/Property 1=Desk/Demo Camera Lock/Tracker/X/11,ON_HOVER,SET_VARIABLE,,,,,,,927:146,($927:148 * $927:153)
Animate,2531:8316,11,Tracking1/Component 3/Property 1=Desk/Demo Camera Lock/Tracker/X/11,ON_HOVER,SET_VARIABLE,,,,,,,927:141,($927:148 * $927:142)
Animate,2531:8316,11,Tracking1/Component 3/Property 1=Desk/Demo Camera Lock/Tracker/X/11,ON_HOVER,SET_VARIABLE,,,,,,,927:137,($927:148 * $927:132)
Animate,2531:8316,11,Tracking1/Component 3/Property 1=Desk/Demo Camera Lock/Tracker/X/11,ON_HOVER,SET_VARIABLE,,,,,,,927:135,($927:148 * $927:136)
Animate,2531:8316,11,Tracking1/Component 3/Property 1=Desk/Demo Camera Lock/Tracker/X/11,ON_HOVER,SET_VARIABLE,,,,,,,927:150,($927:148 * $927:133)
Animate,2531:8316,11,Tracking1/Component 3/Property 1=Desk/Demo Camera Lock/Tracker/X/11,ON_HOVER,SET_VARIABLE,,,,,,,927:131,($927:148 * $927:139)
Animate,2531:8317,10,Tracking1/Component 3/Property 1=Desk/Demo Camera Lock/Tracker/X/10,ON_HOVER,SET_VARIABLE,,,,,,,927:148,(($927:154 / 40) * 10)
Animate,2531:8317,10,Tracking1/Component 3/Property 1=Desk/Demo Camera Lock/Tracker/X/10,ON_HOVER,SET_VARIABLE,,,,,,,927:138,($927:148 * $927:145)
Animate,2531:8317,10,Tracking1/Component 3/Property 1=Desk/Demo Camera Lock/Tracker/X/10,ON_HOVER,SET_VARIABLE,,,,,,,927:146,($927:148 * $927:153)
Animate,2531:8317,10,Tracking1/Component 3/Property 1=Desk/Demo Camera Lock/Tracker/X/10,ON_HOVER,SET_VARIABLE,,,,,,,927:141,($927:148 * $927:142)
Animate,2531:8317,10,Tracking1/Component 3/Property 1=Desk/Demo Camera Lock/Tracker/X/10,ON_HOVER,SET_VARIABLE,,,,,,,927:137,($927:148 * $927:132)
Animate,2531:8317,10,Tracking1/Component 3/Property 1=Desk/Demo Camera Lock/Tracker/X/10,ON_HOVER,SET_VARIABLE,,,,,,,927:135,($927:148 * $927:136)
Animate,2531:8317,10,Tracking1/Component 3/Property 1=Desk/Demo Camera Lock/Tracker/X/10,ON_HOVER,SET_VARIABLE,,,,,,,927:150,($927:148 * $927:133)
Animate,2531:8317,10,Tracking1/Component 3/Property 1=Desk/Demo Camera Lock/Tracker/X/10,ON_HOVER,SET_VARIABLE,,,,,,,927:131,($927:148 * $927:139)
Animate,2531:8318,9,Tracking1/Component 3/Property 1=Desk/Demo Camera Lock/Tracker/X/9,ON_HOVER,SET_VARIABLE,,,,,,,927:148,(($927:154 / 40) * 9)
Animate,2531:8318,9,Tracking1/Component 3/Property 1=Desk/Demo Camera Lock/Tracker/X/9,ON_HOVER,SET_VARIABLE,,,,,,,927:138,($927:148 * $927:145)
Animate,2531:8318,9,Tracking1/Component 3/Property 1=Desk/Demo Camera Lock/Tracker/X/9,ON_HOVER,SET_VARIABLE,,,,,,,927:146,($927:148 * $927:153)
Animate,2531:8318,9,Tracking1/Component 3/Property 1=Desk/Demo Camera Lock/Tracker/X/9,ON_HOVER,SET_VARIABLE,,,,,,,927:141,($927:148 * $927:142)
Animate,2531:8318,9,Tracking1/Component 3/Property 1=Desk/Demo Camera Lock/Tracker/X/9,ON_HOVER,SET_VARIABLE,,,,,,,927:137,($927:148 * $927:132)
Animate,2531:8318,9,Tracking1/Component 3/Property 1=Desk/Demo Camera Lock/Tracker/X/9,ON_HOVER,SET_VARIABLE,,,,,,,927:135,($927:148 * $927:136)
Animate,2531:8318,9,Tracking1/Component 3/Property 1=Desk/Demo Camera Lock/Tracker/X/9,ON_HOVER,SET_VARIABLE,,,,,,,927:150,($927:148 * $927:133)
Animate,2531:8318,9,Tracking1/Component 3/Property 1=Desk/Demo Camera Lock/Tracker/X/9,ON_HOVER,SET_VARIABLE,,,,,,,927:131,($927:148 * $927:139)
Animate,2531:8319,8,Tracking1/Component 3/Property 1=Desk/Demo Camera Lock/Tracker/X/8,ON_HOVER,SET_VARIABLE,,,,,,,927:148,(($927:154 / 40) * 8)
Animate,2531:8319,8,Tracking1/Component 3/Property 1=Desk/Demo Camera Lock/Tracker/X/8,ON_HOVER,SET_VARIABLE,,,,,,,927:138,($927:148 * $927:145)
Animate,2531:8319,8,Tracking1/Component 3/Property 1=Desk/Demo Camera Lock/Tracker/X/8,ON_HOVER,SET_VARIABLE,,,,,,,927:146,($927:148 * $927:153)
Animate,2531:8319,8,Tracking1/Component 3/Property 1=Desk/Demo Camera Lock/Tracker/X/8,ON_HOVER,SET_VARIABLE,,,,,,,927:141,($927:148 * $927:142)
Animate,2531:8319,8,Tracking1/Component 3/Property 1=Desk/Demo Camera Lock/Tracker/X/8,ON_HOVER,SET_VARIABLE,,,,,,,927:137,($927:148 * $927:132)
Animate,2531:8319,8,Tracking1/Component 3/Property 1=Desk/Demo Camera Lock/Tracker/X/8,ON_HOVER,SET_VARIABLE,,,,,,,927:135,($927:148 * $927:136)
Animate,2531:8319,8,Tracking1/Component 3/Property 1=Desk/Demo Camera Lock/Tracker/X/8,ON_HOVER,SET_VARIABLE,,,,,,,927:150,($927:148 * $927:133)
Animate,2531:8319,8,Tracking1/Component 3/Property 1=Desk/Demo Camera Lock/Tracker/X/8,ON_HOVER,SET_VARIABLE,,,,,,,927:131,($927:148 * $927:139)
Animate,2531:8320,7,Tracking1/Component 3/Property 1=Desk/Demo Camera Lock/Tracker/X/7,ON_HOVER,SET_VARIABLE,,,,,,,927:148,(($927:154 / 40) * 7)
Animate,2531:8320,7,Tracking1/Component 3/Property 1=Desk/Demo Camera Lock/Tracker/X/7,ON_HOVER,SET_VARIABLE,,,,,,,927:138,($927:148 * $927:145)
Animate,2531:8320,7,Tracking1/Component 3/Property 1=Desk/Demo Camera Lock/Tracker/X/7,ON_HOVER,SET_VARIABLE,,,,,,,927:146,($927:148 * $927:153)
Animate,2531:8320,7,Tracking1/Component 3/Property 1=Desk/Demo Camera Lock/Tracker/X/7,ON_HOVER,SET_VARIABLE,,,,,,,927:141,($927:148 * $927:142)
Animate,2531:8320,7,Tracking1/Component 3/Property 1=Desk/Demo Camera Lock/Tracker/X/7,ON_HOVER,SET_VARIABLE,,,,,,,927:137,($927:148 * $927:132)
Animate,2531:8320,7,Tracking1/Component 3/Property 1=Desk/Demo Camera Lock/Tracker/X/7,ON_HOVER,SET_VARIABLE,,,,,,,927:135,($927:148 * $927:136)
Animate,2531:8320,7,Tracking1/Component 3/Property 1=Desk/Demo Camera Lock/Tracker/X/7,ON_HOVER,SET_VARIABLE,,,,,,,927:150,($927:148 * $927:133)
Animate,2531:8320,7,Tracking1/Component 3/Property 1=Desk/Demo Camera Lock/Tracker/X/7,ON_HOVER,SET_VARIABLE,,,,,,,927:131,($927:148 * $927:139)
Animate,2531:8321,6,Tracking1/Component 3/Property 1=Desk/Demo Camera Lock/Tracker/X/6,ON_HOVER,SET_VARIABLE,,,,,,,927:148,(($927:154 / 40) * 6)
Animate,2531:8321,6,Tracking1/Component 3/Property 1=Desk/Demo Camera Lock/Tracker/X/6,ON_HOVER,SET_VARIABLE,,,,,,,927:138,($927:148 * $927:145)
Animate,2531:8321,6,Tracking1/Component 3/Property 1=Desk/Demo Camera Lock/Tracker/X/6,ON_HOVER,SET_VARIABLE,,,,,,,927:146,($927:148 * $927:153)
Animate,2531:8321,6,Tracking1/Component 3/Property 1=Desk/Demo Camera Lock/Tracker/X/6,ON_HOVER,SET_VARIABLE,,,,,,,927:141,($927:148 * $927:142)
Animate,2531:8321,6,Tracking1/Component 3/Property 1=Desk/Demo Camera Lock/Tracker/X/6,ON_HOVER,SET_VARIABLE,,,,,,,927:137,($927:148 * $927:132)
Animate,2531:8321,6,Tracking1/Component 3/Property 1=Desk/Demo Camera Lock/Tracker/X/6,ON_HOVER,SET_VARIABLE,,,,,,,927:135,($927:148 * $927:136)
Animate,2531:8321,6,Tracking1/Component 3/Property 1=Desk/Demo Camera Lock/Tracker/X/6,ON_HOVER,SET_VARIABLE,,,,,,,927:150,($927:148 * $927:133)
Animate,2531:8321,6,Tracking1/Component 3/Property 1=Desk/Demo Camera Lock/Tracker/X/6,ON_HOVER,SET_VARIABLE,,,,,,,927:131,($927:148 * $927:139)
Animate,2531:8322,5,Tracking1/Component 3/Property 1=Desk/Demo Camera Lock/Tracker/X/5,ON_HOVER,SET_VARIABLE,,,,,,,927:148,(($927:154 / 40) * 5)
Animate,2531:8322,5,Tracking1/Component 3/Property 1=Desk/Demo Camera Lock/Tracker/X/5,ON_HOVER,SET_VARIABLE,,,,,,,927:138,($927:148 * $927:145)
Animate,2531:8322,5,Tracking1/Component 3/Property 1=Desk/Demo Camera Lock/Tracker/X/5,ON_HOVER,SET_VARIABLE,,,,,,,927:146,($927:148 * $927:153)
Animate,2531:8322,5,Tracking1/Component 3/Property 1=Desk/Demo Camera Lock/Tracker/X/5,ON_HOVER,SET_VARIABLE,,,,,,,927:141,($927:148 * $927:142)
Animate,2531:8322,5,Tracking1/Component 3/Property 1=Desk/Demo Camera Lock/Tracker/X/5,ON_HOVER,SET_VARIABLE,,,,,,,927:137,($927:148 * $927:132)
Animate,2531:8322,5,Tracking1/Component 3/Property 1=Desk/Demo Camera Lock/Tracker/X/5,ON_HOVER,SET_VARIABLE,,,,,,,927:135,($927:148 * $927:136)
Animate,2531:8322,5,Tracking1/Component 3/Property 1=Desk/Demo Camera Lock/Tracker/X/5,ON_HOVER,SET_VARIABLE,,,,,,,927:150,($927:148 * $927:133)
Animate,2531:8322,5,Tracking1/Component 3/Property 1=Desk/Demo Camera Lock/Tracker/X/5,ON_HOVER,SET_VARIABLE,,,,,,,927:131,($927:148 * $927:139)
Animate,2531:8323,4,Tracking1/Component 3/Property 1=Desk/Demo Camera Lock/Tracker/X/4,ON_HOVER,SET_VARIABLE,,,,,,,927:148,(($927:154 / 40) * 4)
Animate,2531:8323,4,Tracking1/Component 3/Property 1=Desk/Demo Camera Lock/Tracker/X/4,ON_HOVER,SET_VARIABLE,,,,,,,927:138,($927:148 * $927:145)
Animate,2531:8323,4,Tracking1/Component 3/Property 1=Desk/Demo Camera Lock/Tracker/X/4,ON_HOVER,SET_VARIABLE,,,,,,,927:146,($927:148 * $927:153)
Animate,2531:8323,4,Tracking1/Component 3/Property 1=Desk/Demo Camera Lock/Tracker/X/4,ON_HOVER,SET_VARIABLE,,,,,,,927:141,($927:148 * $927:142)
Animate,2531:8323,4,Tracking1/Component 3/Property 1=Desk/Demo Camera Lock/Tracker/X/4,ON_HOVER,SET_VARIABLE,,,,,,,927:137,($927:148 * $927:132)
Animate,2531:8323,4,Tracking1/Component 3/Property 1=Desk/Demo Camera Lock/Tracker/X/4,ON_HOVER,SET_VARIABLE,,,,,,,927:135,($927:148 * $927:136)
Animate,2531:8323,4,Tracking1/Component 3/Property 1=Desk/Demo Camera Lock/Tracker/X/4,ON_HOVER,SET_VARIABLE,,,,,,,927:150,($927:148 * $927:133)
Animate,2531:8323,4,Tracking1/Component 3/Property 1=Desk/Demo Camera Lock/Tracker/X/4,ON_HOVER,SET_VARIABLE,,,,,,,927:131,($927:148 * $927:139)
Animate,2531:8324,3,Tracking1/Component 3/Property 1=Desk/Demo Camera Lock/Tracker/X/3,ON_HOVER,SET_VARIABLE,,,,,,,927:148,(($927:154 / 40) * 3)
Animate,2531:8324,3,Tracking1/Component 3/Property 1=Desk/Demo Camera Lock/Tracker/X/3,ON_HOVER,SET_VARIABLE,,,,,,,927:138,($927:148 * $927:145)
Animate,2531:8324,3,Tracking1/Component 3/Property 1=Desk/Demo Camera Lock/Tracker/X/3,ON_HOVER,SET_VARIABLE,,,,,,,927:146,($927:148 * $927:153)
Animate,2531:8324,3,Tracking1/Component 3/Property 1=Desk/Demo Camera Lock/Tracker/X/3,ON_HOVER,SET_VARIABLE,,,,,,,927:141,($927:148 * $927:142)
Animate,2531:8324,3,Tracking1/Component 3/Property 1=Desk/Demo Camera Lock/Tracker/X/3,ON_HOVER,SET_VARIABLE,,,,,,,927:137,($927:148 * $927:132)
Animate,2531:8324,3,Tracking1/Component 3/Property 1=Desk/Demo Camera Lock/Tracker/X/3,ON_HOVER,SET_VARIABLE,,,,,,,927:135,($927:148 * $927:136)
Animate,2531:8324,3,Tracking1/Component 3/Property 1=Desk/Demo Camera Lock/Tracker/X/3,ON_HOVER,SET_VARIABLE,,,,,,,927:150,($927:148 * $927:133)
Animate,2531:8324,3,Tracking1/Component 3/Property 1=Desk/Demo Camera Lock/Tracker/X/3,ON_HOVER,SET_VARIABLE,,,,,,,927:131,($927:148 * $927:139)
Animate,2531:8325,2,Tracking1/Component 3/Property 1=Desk/Demo Camera Lock/Tracker/X/2,ON_HOVER,SET_VARIABLE,,,,,,,927:148,(($927:154 / 40) * 2)
Animate,2531:8325,2,Tracking1/Component 3/Property 1=Desk/Demo Camera Lock/Tracker/X/2,ON_HOVER,SET_VARIABLE,,,,,,,927:138,($927:148 * $927:145)
Animate,2531:8325,2,Tracking1/Component 3/Property 1=Desk/Demo Camera Lock/Tracker/X/2,ON_HOVER,SET_VARIABLE,,,,,,,927:146,($927:148 * $927:153)
Animate,2531:8325,2,Tracking1/Component 3/Property 1=Desk/Demo Camera Lock/Tracker/X/2,ON_HOVER,SET_VARIABLE,,,,,,,927:141,($927:148 * $927:142)
Animate,2531:8325,2,Tracking1/Component 3/Property 1=Desk/Demo Camera Lock/Tracker/X/2,ON_HOVER,SET_VARIABLE,,,,,,,927:137,($927:148 * $927:132)
Animate,2531:8325,2,Tracking1/Component 3/Property 1=Desk/Demo Camera Lock/Tracker/X/2,ON_HOVER,SET_VARIABLE,,,,,,,927:135,($927:148 * $927:136)
Animate,2531:8325,2,Tracking1/Component 3/Property 1=Desk/Demo Camera Lock/Tracker/X/2,ON_HOVER,SET_VARIABLE,,,,,,,927:150,($927:148 * $927:133)
Animate,2531:8325,2,Tracking1/Component 3/Property 1=Desk/Demo Camera Lock/Tracker/X/2,ON_HOVER,SET_VARIABLE,,,,,,,927:131,($927:148 * $927:139)
Animate,2531:8326,1,Tracking1/Component 3/Property 1=Desk/Demo Camera Lock/Tracker/X/1,ON_HOVER,SET_VARIABLE,,,,,,,927:148,(($927:154 / 40) * 1)
Animate,2531:8326,1,Tracking1/Component 3/Property 1=Desk/Demo Camera Lock/Tracker/X/1,ON_HOVER,SET_VARIABLE,,,,,,,927:138,($927:148 * $927:145)
Animate,2531:8326,1,Tracking1/Component 3/Property 1=Desk/Demo Camera Lock/Tracker/X/1,ON_HOVER,SET_VARIABLE,,,,,,,927:146,($927:148 * $927:153)
Animate,2531:8326,1,Tracking1/Component 3/Property 1=Desk/Demo Camera Lock/Tracker/X/1,ON_HOVER,SET_VARIABLE,,,,,,,927:141,($927:148 * $927:142)
Animate,2531:8326,1,Tracking1/Component 3/Property 1=Desk/Demo Camera Lock/Tracker/X/1,ON_HOVER,SET_VARIABLE,,,,,,,927:137,($927:148 * $927:132)
Animate,2531:8326,1,Tracking1/Component 3/Property 1=Desk/Demo Camera Lock/Tracker/X/1,ON_HOVER,SET_VARIABLE,,,,,,,927:135,($927:148 * $927:136)
Animate,2531:8326,1,Tracking1/Component 3/Property 1=Desk/Demo Camera Lock/Tracker/X/1,ON_HOVER,SET_VARIABLE,,,,,,,927:150,($927:148 * $927:133)
Animate,2531:8326,1,Tracking1/Component 3/Property 1=Desk/Demo Camera Lock/Tracker/X/1,ON_HOVER,SET_VARIABLE,,,,,,,927:131,($927:148 * $927:139)
Animate,2531:8327,-1,Tracking1/Component 3/Property 1=Desk/Demo Camera Lock/Tracker/X/-1,ON_HOVER,SET_VARIABLE,,,,,,,927:148,(($927:154 / 40) * 1)
Animate,2531:8327,-1,Tracking1/Component 3/Property 1=Desk/Demo Camera Lock/Tracker/X/-1,ON_HOVER,SET_VARIABLE,,,,,,,927:148,NEGATE($927:148)
Animate,2531:8327,-1,Tracking1/Component 3/Property 1=Desk/Demo Camera Lock/Tracker/X/-1,ON_HOVER,SET_VARIABLE,,,,,,,927:138,($927:148 * $927:145)
Animate,2531:8327,-1,Tracking1/Component 3/Property 1=Desk/Demo Camera Lock/Tracker/X/-1,ON_HOVER,SET_VARIABLE,,,,,,,927:146,($927:148 * $927:153)
Animate,2531:8327,-1,Tracking1/Component 3/Property 1=Desk/Demo Camera Lock/Tracker/X/-1,ON_HOVER,SET_VARIABLE,,,,,,,927:141,($927:148 * $927:142)
Animate,2531:8327,-1,Tracking1/Component 3/Property 1=Desk/Demo Camera Lock/Tracker/X/-1,ON_HOVER,SET_VARIABLE,,,,,,,927:137,($927:148 * $927:132)
Animate,2531:8327,-1,Tracking1/Component 3/Property 1=Desk/Demo Camera Lock/Tracker/X/-1,ON_HOVER,SET_VARIABLE,,,,,,,927:135,($927:148 * $927:136)
Animate,2531:8327,-1,Tracking1/Component 3/Property 1=Desk/Demo Camera Lock/Tracker/X/-1,ON_HOVER,SET_VARIABLE,,,,,,,927:150,($927:148 * $927:133)
Animate,2531:8327,-1,Tracking1/Component 3/Property 1=Desk/Demo Camera Lock/Tracker/X/-1,ON_HOVER,SET_VARIABLE,,,,,,,927:131,($927:148 * $927:139)
Animate,2531:8328,-2,Tracking1/Component 3/Property 1=Desk/Demo Camera Lock/Tracker/X/-2,ON_HOVER,SET_VARIABLE,,,,,,,927:148,(($927:154 / 40) * 2)
Animate,2531:8328,-2,Tracking1/Component 3/Property 1=Desk/Demo Camera Lock/Tracker/X/-2,ON_HOVER,SET_VARIABLE,,,,,,,927:148,NEGATE($927:148)
Animate,2531:8328,-2,Tracking1/Component 3/Property 1=Desk/Demo Camera Lock/Tracker/X/-2,ON_HOVER,SET_VARIABLE,,,,,,,927:138,($927:148 * $927:145)
Animate,2531:8328,-2,Tracking1/Component 3/Property 1=Desk/Demo Camera Lock/Tracker/X/-2,ON_HOVER,SET_VARIABLE,,,,,,,927:146,($927:148 * $927:153)
Animate,2531:8328,-2,Tracking1/Component 3/Property 1=Desk/Demo Camera Lock/Tracker/X/-2,ON_HOVER,SET_VARIABLE,,,,,,,927:141,($927:148 * $927:142)
Animate,2531:8328,-2,Tracking1/Component 3/Property 1=Desk/Demo Camera Lock/Tracker/X/-2,ON_HOVER,SET_VARIABLE,,,,,,,927:137,($927:148 * $927:132)
Animate,2531:8328,-2,Tracking1/Component 3/Property 1=Desk/Demo Camera Lock/Tracker/X/-2,ON_HOVER,SET_VARIABLE,,,,,,,927:135,($927:148 * $927:136)
Animate,2531:8328,-2,Tracking1/Component 3/Property 1=Desk/Demo Camera Lock/Tracker/X/-2,ON_HOVER,SET_VARIABLE,,,,,,,927:150,($927:148 * $927:133)
Animate,2531:8328,-2,Tracking1/Component 3/Property 1=Desk/Demo Camera Lock/Tracker/X/-2,ON_HOVER,SET_VARIABLE,,,,,,,927:131,($927:148 * $927:139)
Animate,2531:8329,-3,Tracking1/Component 3/Property 1=Desk/Demo Camera Lock/Tracker/X/-3,ON_HOVER,SET_VARIABLE,,,,,,,927:148,(($927:154 / 40) * 3)
Animate,2531:8329,-3,Tracking1/Component 3/Property 1=Desk/Demo Camera Lock/Tracker/X/-3,ON_HOVER,SET_VARIABLE,,,,,,,927:148,NEGATE($927:148)
Animate,2531:8329,-3,Tracking1/Component 3/Property 1=Desk/Demo Camera Lock/Tracker/X/-3,ON_HOVER,SET_VARIABLE,,,,,,,927:138,($927:148 * $927:145)
Animate,2531:8329,-3,Tracking1/Component 3/Property 1=Desk/Demo Camera Lock/Tracker/X/-3,ON_HOVER,SET_VARIABLE,,,,,,,927:146,($927:148 * $927:153)
Animate,2531:8329,-3,Tracking1/Component 3/Property 1=Desk/Demo Camera Lock/Tracker/X/-3,ON_HOVER,SET_VARIABLE,,,,,,,927:141,($927:148 * $927:142)
Animate,2531:8329,-3,Tracking1/Component 3/Property 1=Desk/Demo Camera Lock/Tracker/X/-3,ON_HOVER,SET_VARIABLE,,,,,,,927:137,($927:148 * $927:132)
Animate,2531:8329,-3,Tracking1/Component 3/Property 1=Desk/Demo Camera Lock/Tracker/X/-3,ON_HOVER,SET_VARIABLE,,,,,,,927:135,($927:148 * $927:136)
Animate,2531:8329,-3,Tracking1/Component 3/Property 1=Desk/Demo Camera Lock/Tracker/X/-3,ON_HOVER,SET_VARIABLE,,,,,,,927:150,($927:148 * $927:133)
Animate,2531:8329,-3,Tracking1/Component 3/Property 1=Desk/Demo Camera Lock/Tracker/X/-3,ON_HOVER,SET_VARIABLE,,,,,,,927:131,($927:148 * $927:139)
Animate,2531:8330,-4,Tracking1/Component 3/Property 1=Desk/Demo Camera Lock/Tracker/X/-4,ON_HOVER,SET_VARIABLE,,,,,,,927:148,(($927:154 / 40) * 4)
Animate,2531:8330,-4,Tracking1/Component 3/Property 1=Desk/Demo Camera Lock/Tracker/X/-4,ON_HOVER,SET_VARIABLE,,,,,,,927:148,NEGATE($927:148)
Animate,2531:8330,-4,Tracking1/Component 3/Property 1=Desk/Demo Camera Lock/Tracker/X/-4,ON_HOVER,SET_VARIABLE,,,,,,,927:138,($927:148 * $927:145)
Animate,2531:8330,-4,Tracking1/Component 3/Property 1=Desk/Demo Camera Lock/Tracker/X/-4,ON_HOVER,SET_VARIABLE,,,,,,,927:146,($927:148 * $927:153)
Animate,2531:8330,-4,Tracking1/Component 3/Property 1=Desk/Demo Camera Lock/Tracker/X/-4,ON_HOVER,SET_VARIABLE,,,,,,,927:141,($927:148 * $927:142)
Animate,2531:8330,-4,Tracking1/Component 3/Property 1=Desk/Demo Camera Lock/Tracker/X/-4,ON_HOVER,SET_VARIABLE,,,,,,,927:137,($927:148 * $927:132)
Animate,2531:8330,-4,Tracking1/Component 3/Property 1=Desk/Demo Camera Lock/Tracker/X/-4,ON_HOVER,SET_VARIABLE,,,,,,,927:135,($927:148 * $927:136)
Animate,2531:8330,-4,Tracking1/Component 3/Property 1=Desk/Demo Camera Lock/Tracker/X/-4,ON_HOVER,SET_VARIABLE,,,,,,,927:150,($927:148 * $927:133)
Animate,2531:8330,-4,Tracking1/Component 3/Property 1=Desk/Demo Camera Lock/Tracker/X/-4,ON_HOVER,SET_VARIABLE,,,,,,,927:131,($927:148 * $927:139)
Animate,2531:8331,-5,Tracking1/Component 3/Property 1=Desk/Demo Camera Lock/Tracker/X/-5,ON_HOVER,SET_VARIABLE,,,,,,,927:148,(($927:154 / 40) * 5)
Animate,2531:8331,-5,Tracking1/Component 3/Property 1=Desk/Demo Camera Lock/Tracker/X/-5,ON_HOVER,SET_VARIABLE,,,,,,,927:148,NEGATE($927:148)
Animate,2531:8331,-5,Tracking1/Component 3/Property 1=Desk/Demo Camera Lock/Tracker/X/-5,ON_HOVER,SET_VARIABLE,,,,,,,927:138,($927:148 * $927:145)
Animate,2531:8331,-5,Tracking1/Component 3/Property 1=Desk/Demo Camera Lock/Tracker/X/-5,ON_HOVER,SET_VARIABLE,,,,,,,927:146,($927:148 * $927:153)
Animate,2531:8331,-5,Tracking1/Component 3/Property 1=Desk/Demo Camera Lock/Tracker/X/-5,ON_HOVER,SET_VARIABLE,,,,,,,927:141,($927:148 * $927:142)
Animate,2531:8331,-5,Tracking1/Component 3/Property 1=Desk/Demo Camera Lock/Tracker/X/-5,ON_HOVER,SET_VARIABLE,,,,,,,927:137,($927:148 * $927:132)
Animate,2531:8331,-5,Tracking1/Component 3/Property 1=Desk/Demo Camera Lock/Tracker/X/-5,ON_HOVER,SET_VARIABLE,,,,,,,927:135,($927:148 * $927:136)
Animate,2531:8331,-5,Tracking1/Component 3/Property 1=Desk/Demo Camera Lock/Tracker/X/-5,ON_HOVER,SET_VARIABLE,,,,,,,927:150,($927:148 * $927:133)
Animate,2531:8331,-5,Tracking1/Component 3/Property 1=Desk/Demo Camera Lock/Tracker/X/-5,ON_HOVER,SET_VARIABLE,,,,,,,927:131,($927:148 * $927:139)
Animate,2531:8332,-6,Tracking1/Component 3/Property 1=Desk/Demo Camera Lock/Tracker/X/-6,ON_HOVER,SET_VARIABLE,,,,,,,927:148,(($927:154 / 40) * 6)
Animate,2531:8332,-6,Tracking1/Component 3/Property 1=Desk/Demo Camera Lock/Tracker/X/-6,ON_HOVER,SET_VARIABLE,,,,,,,927:148,NEGATE($927:148)
Animate,2531:8332,-6,Tracking1/Component 3/Property 1=Desk/Demo Camera Lock/Tracker/X/-6,ON_HOVER,SET_VARIABLE,,,,,,,927:138,($927:148 * $927:145)
Animate,2531:8332,-6,Tracking1/Component 3/Property 1=Desk/Demo Camera Lock/Tracker/X/-6,ON_HOVER,SET_VARIABLE,,,,,,,927:146,($927:148 * $927:153)
Animate,2531:8332,-6,Tracking1/Component 3/Property 1=Desk/Demo Camera Lock/Tracker/X/-6,ON_HOVER,SET_VARIABLE,,,,,,,927:141,($927:148 * $927:142)
Animate,2531:8332,-6,Tracking1/Component 3/Property 1=Desk/Demo Camera Lock/Tracker/X/-6,ON_HOVER,SET_VARIABLE,,,,,,,927:137,($927:148 * $927:132)
Animate,2531:8332,-6,Tracking1/Component 3/Property 1=Desk/Demo Camera Lock/Tracker/X/-6,ON_HOVER,SET_VARIABLE,,,,,,,927:135,($927:148 * $927:136)
Animate,2531:8332,-6,Tracking1/Component 3/Property 1=Desk/Demo Camera Lock/Tracker/X/-6,ON_HOVER,SET_VARIABLE,,,,,,,927:150,($927:148 * $927:133)
Animate,2531:8332,-6,Tracking1/Component 3/Property 1=Desk/Demo Camera Lock/Tracker/X/-6,ON_HOVER,SET_VARIABLE,,,,,,,927:131,($927:148 * $927:139)
Animate,2531:8333,-7,Tracking1/Component 3/Property 1=Desk/Demo Camera Lock/Tracker/X/-7,ON_HOVER,SET_VARIABLE,,,,,,,927:148,(($927:154 / 40) * 7)
Animate,2531:8333,-7,Tracking1/Component 3/Property 1=Desk/Demo Camera Lock/Tracker/X/-7,ON_HOVER,SET_VARIABLE,,,,,,,927:148,NEGATE($927:148)
Animate,2531:8333,-7,Tracking1/Component 3/Property 1=Desk/Demo Camera Lock/Tracker/X/-7,ON_HOVER,SET_VARIABLE,,,,,,,927:138,($927:148 * $927:145)
Animate,2531:8333,-7,Tracking1/Component 3/Property 1=Desk/Demo Camera Lock/Tracker/X/-7,ON_HOVER,SET_VARIABLE,,,,,,,927:146,($927:148 * $927:153)
Animate,2531:8333,-7,Tracking1/Component 3/Property 1=Desk/Demo Camera Lock/Tracker/X/-7,ON_HOVER,SET_VARIABLE,,,,,,,927:141,($927:148 * $927:142)
Animate,2531:8333,-7,Tracking1/Component 3/Property 1=Desk/Demo Camera Lock/Tracker/X/-7,ON_HOVER,SET_VARIABLE,,,,,,,927:137,($927:148 * $927:132)
Animate,2531:8333,-7,Tracking1/Component 3/Property 1=Desk/Demo Camera Lock/Tracker/X/-7,ON_HOVER,SET_VARIABLE,,,,,,,927:135,($927:148 * $927:136)
Animate,2531:8333,-7,Tracking1/Component 3/Property 1=Desk/Demo Camera Lock/Tracker/X/-7,ON_HOVER,SET_VARIABLE,,,,,,,927:150,($927:148 * $927:133)
Animate,2531:8333,-7,Tracking1/Component 3/Property 1=Desk/Demo Camera Lock/Tracker/X/-7,ON_HOVER,SET_VARIABLE,,,,,,,927:131,($927:148 * $927:139)
Animate,2531:8334,-8,Tracking1/Component 3/Property 1=Desk/Demo Camera Lock/Tracker/X/-8,ON_HOVER,SET_VARIABLE,,,,,,,927:148,(($927:154 / 40) * 8)
Animate,2531:8334,-8,Tracking1/Component 3/Property 1=Desk/Demo Camera Lock/Tracker/X/-8,ON_HOVER,SET_VARIABLE,,,,,,,927:148,NEGATE($927:148)
Animate,2531:8334,-8,Tracking1/Component 3/Property 1=Desk/Demo Camera Lock/Tracker/X/-8,ON_HOVER,SET_VARIABLE,,,,,,,927:138,($927:148 * $927:145)
Animate,2531:8334,-8,Tracking1/Component 3/Property 1=Desk/Demo Camera Lock/Tracker/X/-8,ON_HOVER,SET_VARIABLE,,,,,,,927:146,($927:148 * $927:153)
Animate,2531:8334,-8,Tracking1/Component 3/Property 1=Desk/Demo Camera Lock/Tracker/X/-8,ON_HOVER,SET_VARIABLE,,,,,,,927:141,($927:148 * $927:142)
Animate,2531:8334,-8,Tracking1/Component 3/Property 1=Desk/Demo Camera Lock/Tracker/X/-8,ON_HOVER,SET_VARIABLE,,,,,,,927:137,($927:148 * $927:132)
Animate,2531:8334,-8,Tracking1/Component 3/Property 1=Desk/Demo Camera Lock/Tracker/X/-8,ON_HOVER,SET_VARIABLE,,,,,,,927:135,($927:148 * $927:136)
Animate,2531:8334,-8,Tracking1/Component 3/Property 1=Desk/Demo Camera Lock/Tracker/X/-8,ON_HOVER,SET_VARIABLE,,,,,,,927:150,($927:148 * $927:133)
Animate,2531:8334,-8,Tracking1/Component 3/Property 1=Desk/Demo Camera Lock/Tracker/X/-8,ON_HOVER,SET_VARIABLE,,,,,,,927:131,($927:148 * $927:139)
Animate,2531:8335,-9,Tracking1/Component 3/Property 1=Desk/Demo Camera Lock/Tracker/X/-9,ON_HOVER,SET_VARIABLE,,,,,,,927:148,(($927:154 / 40) * 9)
Animate,2531:8335,-9,Tracking1/Component 3/Property 1=Desk/Demo Camera Lock/Tracker/X/-9,ON_HOVER,SET_VARIABLE,,,,,,,927:148,NEGATE($927:148)
Animate,2531:8335,-9,Tracking1/Component 3/Property 1=Desk/Demo Camera Lock/Tracker/X/-9,ON_HOVER,SET_VARIABLE,,,,,,,927:138,($927:148 * $927:145)
Animate,2531:8335,-9,Tracking1/Component 3/Property 1=Desk/Demo Camera Lock/Tracker/X/-9,ON_HOVER,SET_VARIABLE,,,,,,,927:146,($927:148 * $927:153)
Animate,2531:8335,-9,Tracking1/Component 3/Property 1=Desk/Demo Camera Lock/Tracker/X/-9,ON_HOVER,SET_VARIABLE,,,,,,,927:141,($927:148 * $927:142)
Animate,2531:8335,-9,Tracking1/Component 3/Property 1=Desk/Demo Camera Lock/Tracker/X/-9,ON_HOVER,SET_VARIABLE,,,,,,,927:137,($927:148 * $927:132)
Animate,2531:8335,-9,Tracking1/Component 3/Property 1=Desk/Demo Camera Lock/Tracker/X/-9,ON_HOVER,SET_VARIABLE,,,,,,,927:135,($927:148 * $927:136)
Animate,2531:8335,-9,Tracking1/Component 3/Property 1=Desk/Demo Camera Lock/Tracker/X/-9,ON_HOVER,SET_VARIABLE,,,,,,,927:150,($927:148 * $927:133)
Animate,2531:8335,-9,Tracking1/Component 3/Property 1=Desk/Demo Camera Lock/Tracker/X/-9,ON_HOVER,SET_VARIABLE,,,,,,,927:131,($927:148 * $927:139)
Animate,2531:8336,-10,Tracking1/Component 3/Property 1=Desk/Demo Camera Lock/Tracker/X/-10,ON_HOVER,SET_VARIABLE,,,,,,,927:148,(($927:154 / 40) * 10)
Animate,2531:8336,-10,Tracking1/Component 3/Property 1=Desk/Demo Camera Lock/Tracker/X/-10,ON_HOVER,SET_VARIABLE,,,,,,,927:148,NEGATE($927:148)
Animate,2531:8336,-10,Tracking1/Component 3/Property 1=Desk/Demo Camera Lock/Tracker/X/-10,ON_HOVER,SET_VARIABLE,,,,,,,927:138,($927:148 * $927:145)
Animate,2531:8336,-10,Tracking1/Component 3/Property 1=Desk/Demo Camera Lock/Tracker/X/-10,ON_HOVER,SET_VARIABLE,,,,,,,927:146,($927:148 * $927:153)
Animate,2531:8336,-10,Tracking1/Component 3/Property 1=Desk/Demo Camera Lock/Tracker/X/-10,ON_HOVER,SET_VARIABLE,,,,,,,927:141,($927:148 * $927:142)
Animate,2531:8336,-10,Tracking1/Component 3/Property 1=Desk/Demo Camera Lock/Tracker/X/-10,ON_HOVER,SET_VARIABLE,,,,,,,927:137,($927:148 * $927:132)
Animate,2531:8336,-10,Tracking1/Component 3/Property 1=Desk/Demo Camera Lock/Tracker/X/-10,ON_HOVER,SET_VARIABLE,,,,,,,927:135,($927:148 * $927:136)
Animate,2531:8336,-10,Tracking1/Component 3/Property 1=Desk/Demo Camera Lock/Tracker/X/-10,ON_HOVER,SET_VARIABLE,,,,,,,927:150,($927:148 * $927:133)
Animate,2531:8336,-10,Tracking1/Component 3/Property 1=Desk/Demo Camera Lock/Tracker/X/-10,ON_HOVER,SET_VARIABLE,,,,,,,927:131,($927:148 * $927:139)
Animate,2531:8337,-11,Tracking1/Component 3/Property 1=Desk/Demo Camera Lock/Tracker/X/-11,ON_HOVER,SET_VARIABLE,,,,,,,927:148,(($927:154 / 40) * 11)
Animate,2531:8337,-11,Tracking1/Component 3/Property 1=Desk/Demo Camera Lock/Tracker/X/-11,ON_HOVER,SET_VARIABLE,,,,,,,927:148,NEGATE($927:148)
Animate,2531:8337,-11,Tracking1/Component 3/Property 1=Desk/Demo Camera Lock/Tracker/X/-11,ON_HOVER,SET_VARIABLE,,,,,,,927:138,($927:148 * $927:145)
Animate,2531:8337,-11,Tracking1/Component 3/Property 1=Desk/Demo Camera Lock/Tracker/X/-11,ON_HOVER,SET_VARIABLE,,,,,,,927:146,($927:148 * $927:153)
Animate,2531:8337,-11,Tracking1/Component 3/Property 1=Desk/Demo Camera Lock/Tracker/X/-11,ON_HOVER,SET_VARIABLE,,,,,,,927:141,($927:148 * $927:142)
Animate,2531:8337,-11,Tracking1/Component 3/Property 1=Desk/Demo Camera Lock/Tracker/X/-11,ON_HOVER,SET_VARIABLE,,,,,,,927:137,($927:148 * $927:132)
Animate,2531:8337,-11,Tracking1/Component 3/Property 1=Desk/Demo Camera Lock/Tracker/X/-11,ON_HOVER,SET_VARIABLE,,,,,,,927:135,($927:148 * $927:136)
Animate,2531:8337,-11,Tracking1/Component 3/Property 1=Desk/Demo Camera Lock/Tracker/X/-11,ON_HOVER,SET_VARIABLE,,,,,,,927:150,($927:148 * $927:133)
Animate,2531:8337,-11,Tracking1/Component 3/Property 1=Desk/Demo Camera Lock/Tracker/X/-11,ON_HOVER,SET_VARIABLE,,,,,,,927:131,($927:148 * $927:139)
Animate,2531:8338,-12,Tracking1/Component 3/Property 1=Desk/Demo Camera Lock/Tracker/X/-12,ON_HOVER,SET_VARIABLE,,,,,,,927:148,(($927:154 / 40) * 12)
Animate,2531:8338,-12,Tracking1/Component 3/Property 1=Desk/Demo Camera Lock/Tracker/X/-12,ON_HOVER,SET_VARIABLE,,,,,,,927:148,NEGATE($927:148)
Animate,2531:8338,-12,Tracking1/Component 3/Property 1=Desk/Demo Camera Lock/Tracker/X/-12,ON_HOVER,SET_VARIABLE,,,,,,,927:138,($927:148 * $927:145)
Animate,2531:8338,-12,Tracking1/Component 3/Property 1=Desk/Demo Camera Lock/Tracker/X/-12,ON_HOVER,SET_VARIABLE,,,,,,,927:146,($927:148 * $927:153)
Animate,2531:8338,-12,Tracking1/Component 3/Property 1=Desk/Demo Camera Lock/Tracker/X/-12,ON_HOVER,SET_VARIABLE,,,,,,,927:141,($927:148 * $927:142)
Animate,2531:8338,-12,Tracking1/Component 3/Property 1=Desk/Demo Camera Lock/Tracker/X/-12,ON_HOVER,SET_VARIABLE,,,,,,,927:137,($927:148 * $927:132)
Animate,2531:8338,-12,Tracking1/Component 3/Property 1=Desk/Demo Camera Lock/Tracker/X/-12,ON_HOVER,SET_VARIABLE,,,,,,,927:135,($927:148 * $927:136)
Animate,2531:8338,-12,Tracking1/Component 3/Property 1=Desk/Demo Camera Lock/Tracker/X/-12,ON_HOVER,SET_VARIABLE,,,,,,,927:150,($927:148 * $927:133)
Animate,2531:8338,-12,Tracking1/Component 3/Property 1=Desk/Demo Camera Lock/Tracker/X/-12,ON_HOVER,SET_VARIABLE,,,,,,,927:131,($927:148 * $927:139)
Animate,2531:8339,-13,Tracking1/Component 3/Property 1=Desk/Demo Camera Lock/Tracker/X/-13,ON_HOVER,SET_VARIABLE,,,,,,,927:148,(($927:154 / 40) * 13)
Animate,2531:8339,-13,Tracking1/Component 3/Property 1=Desk/Demo Camera Lock/Tracker/X/-13,ON_HOVER,SET_VARIABLE,,,,,,,927:148,NEGATE($927:148)
Animate,2531:8339,-13,Tracking1/Component 3/Property 1=Desk/Demo Camera Lock/Tracker/X/-13,ON_HOVER,SET_VARIABLE,,,,,,,927:138,($927:148 * $927:145)
Animate,2531:8339,-13,Tracking1/Component 3/Property 1=Desk/Demo Camera Lock/Tracker/X/-13,ON_HOVER,SET_VARIABLE,,,,,,,927:146,($927:148 * $927:153)
Animate,2531:8339,-13,Tracking1/Component 3/Property 1=Desk/Demo Camera Lock/Tracker/X/-13,ON_HOVER,SET_VARIABLE,,,,,,,927:141,($927:148 * $927:142)
Animate,2531:8339,-13,Tracking1/Component 3/Property 1=Desk/Demo Camera Lock/Tracker/X/-13,ON_HOVER,SET_VARIABLE,,,,,,,927:137,($927:148 * $927:132)
Animate,2531:8339,-13,Tracking1/Component 3/Property 1=Desk/Demo Camera Lock/Tracker/X/-13,ON_HOVER,SET_VARIABLE,,,,,,,927:135,($927:148 * $927:136)
Animate,2531:8339,-13,Tracking1/Component 3/Property 1=Desk/Demo Camera Lock/Tracker/X/-13,ON_HOVER,SET_VARIABLE,,,,,,,927:150,($927:148 * $927:133)
Animate,2531:8339,-13,Tracking1/Component 3/Property 1=Desk/Demo Camera Lock/Tracker/X/-13,ON_HOVER,SET_VARIABLE,,,,,,,927:131,($927:148 * $927:139)
Animate,2531:8340,-14,Tracking1/Component 3/Property 1=Desk/Demo Camera Lock/Tracker/X/-14,ON_HOVER,SET_VARIABLE,,,,,,,927:148,(($927:154 / 40) * 14)
Animate,2531:8340,-14,Tracking1/Component 3/Property 1=Desk/Demo Camera Lock/Tracker/X/-14,ON_HOVER,SET_VARIABLE,,,,,,,927:148,NEGATE($927:148)
Animate,2531:8340,-14,Tracking1/Component 3/Property 1=Desk/Demo Camera Lock/Tracker/X/-14,ON_HOVER,SET_VARIABLE,,,,,,,927:138,($927:148 * $927:145)
Animate,2531:8340,-14,Tracking1/Component 3/Property 1=Desk/Demo Camera Lock/Tracker/X/-14,ON_HOVER,SET_VARIABLE,,,,,,,927:146,($927:148 * $927:153)
Animate,2531:8340,-14,Tracking1/Component 3/Property 1=Desk/Demo Camera Lock/Tracker/X/-14,ON_HOVER,SET_VARIABLE,,,,,,,927:141,($927:148 * $927:142)
Animate,2531:8340,-14,Tracking1/Component 3/Property 1=Desk/Demo Camera Lock/Tracker/X/-14,ON_HOVER,SET_VARIABLE,,,,,,,927:137,($927:148 * $927:132)
Animate,2531:8340,-14,Tracking1/Component 3/Property 1=Desk/Demo Camera Lock/Tracker/X/-14,ON_HOVER,SET_VARIABLE,,,,,,,927:135,($927:148 * $927:136)
Animate,2531:8340,-14,Tracking1/Component 3/Property 1=Desk/Demo Camera Lock/Tracker/X/-14,ON_HOVER,SET_VARIABLE,,,,,,,927:150,($927:148 * $927:133)
Animate,2531:8340,-14,Tracking1/Component 3/Property 1=Desk/Demo Camera Lock/Tracker/X/-14,ON_HOVER,SET_VARIABLE,,,,,,,927:131,($927:148 * $927:139)
Animate,2531:8341,-15,Tracking1/Component 3/Property 1=Desk/Demo Camera Lock/Tracker/X/-15,ON_HOVER,SET_VARIABLE,,,,,,,927:148,(($927:154 / 40) * 15)
Animate,2531:8341,-15,Tracking1/Component 3/Property 1=Desk/Demo Camera Lock/Tracker/X/-15,ON_HOVER,SET_VARIABLE,,,,,,,927:148,NEGATE($927:148)
Animate,2531:8341,-15,Tracking1/Component 3/Property 1=Desk/Demo Camera Lock/Tracker/X/-15,ON_HOVER,SET_VARIABLE,,,,,,,927:138,($927:148 * $927:145)
Animate,2531:8341,-15,Tracking1/Component 3/Property 1=Desk/Demo Camera Lock/Tracker/X/-15,ON_HOVER,SET_VARIABLE,,,,,,,927:146,($927:148 * $927:153)
Animate,2531:8341,-15,Tracking1/Component 3/Property 1=Desk/Demo Camera Lock/Tracker/X/-15,ON_HOVER,SET_VARIABLE,,,,,,,927:141,($927:148 * $927:142)
Animate,2531:8341,-15,Tracking1/Component 3/Property 1=Desk/Demo Camera Lock/Tracker/X/-15,ON_HOVER,SET_VARIABLE,,,,,,,927:137,($927:148 * $927:132)
Animate,2531:8341,-15,Tracking1/Component 3/Property 1=Desk/Demo Camera Lock/Tracker/X/-15,ON_HOVER,SET_VARIABLE,,,,,,,927:135,($927:148 * $927:136)
Animate,2531:8341,-15,Tracking1/Component 3/Property 1=Desk/Demo Camera Lock/Tracker/X/-15,ON_HOVER,SET_VARIABLE,,,,,,,927:150,($927:148 * $927:133)
Animate,2531:8341,-15,Tracking1/Component 3/Property 1=Desk/Demo Camera Lock/Tracker/X/-15,ON_HOVER,SET_VARIABLE,,,,,,,927:131,($927:148 * $927:139)
Animate,2531:8342,-16,Tracking1/Component 3/Property 1=Desk/Demo Camera Lock/Tracker/X/-16,ON_HOVER,SET_VARIABLE,,,,,,,927:148,(($927:154 / 40) * 16)
Animate,2531:8342,-16,Tracking1/Component 3/Property 1=Desk/Demo Camera Lock/Tracker/X/-16,ON_HOVER,SET_VARIABLE,,,,,,,927:148,NEGATE($927:148)
Animate,2531:8342,-16,Tracking1/Component 3/Property 1=Desk/Demo Camera Lock/Tracker/X/-16,ON_HOVER,SET_VARIABLE,,,,,,,927:138,($927:148 * $927:145)
Animate,2531:8342,-16,Tracking1/Component 3/Property 1=Desk/Demo Camera Lock/Tracker/X/-16,ON_HOVER,SET_VARIABLE,,,,,,,927:146,($927:148 * $927:153)
Animate,2531:8342,-16,Tracking1/Component 3/Property 1=Desk/Demo Camera Lock/Tracker/X/-16,ON_HOVER,SET_VARIABLE,,,,,,,927:141,($927:148 * $927:142)
Animate,2531:8342,-16,Tracking1/Component 3/Property 1=Desk/Demo Camera Lock/Tracker/X/-16,ON_HOVER,SET_VARIABLE,,,,,,,927:137,($927:148 * $927:132)
Animate,2531:8342,-16,Tracking1/Component 3/Property 1=Desk/Demo Camera Lock/Tracker/X/-16,ON_HOVER,SET_VARIABLE,,,,,,,927:135,($927:148 * $927:136)
Animate,2531:8342,-16,Tracking1/Component 3/Property 1=Desk/Demo Camera Lock/Tracker/X/-16,ON_HOVER,SET_VARIABLE,,,,,,,927:150,($927:148 * $927:133)
Animate,2531:8342,-16,Tracking1/Component 3/Property 1=Desk/Demo Camera Lock/Tracker/X/-16,ON_HOVER,SET_VARIABLE,,,,,,,927:131,($927:148 * $927:139)
Animate,2531:8343,-17,Tracking1/Component 3/Property 1=Desk/Demo Camera Lock/Tracker/X/-17,ON_HOVER,SET_VARIABLE,,,,,,,927:148,(($927:154 / 40) * 17)
Animate,2531:8343,-17,Tracking1/Component 3/Property 1=Desk/Demo Camera Lock/Tracker/X/-17,ON_HOVER,SET_VARIABLE,,,,,,,927:148,NEGATE($927:148)
Animate,2531:8343,-17,Tracking1/Component 3/Property 1=Desk/Demo Camera Lock/Tracker/X/-17,ON_HOVER,SET_VARIABLE,,,,,,,927:138,($927:148 * $927:145)
Animate,2531:8343,-17,Tracking1/Component 3/Property 1=Desk/Demo Camera Lock/Tracker/X/-17,ON_HOVER,SET_VARIABLE,,,,,,,927:146,($927:148 * $927:153)
Animate,2531:8343,-17,Tracking1/Component 3/Property 1=Desk/Demo Camera Lock/Tracker/X/-17,ON_HOVER,SET_VARIABLE,,,,,,,927:141,($927:148 * $927:142)
Animate,2531:8343,-17,Tracking1/Component 3/Property 1=Desk/Demo Camera Lock/Tracker/X/-17,ON_HOVER,SET_VARIABLE,,,,,,,927:137,($927:148 * $927:132)
Animate,2531:8343,-17,Tracking1/Component 3/Property 1=Desk/Demo Camera Lock/Tracker/X/-17,ON_HOVER,SET_VARIABLE,,,,,,,927:135,($927:148 * $927:136)
Animate,2531:8343,-17,Tracking1/Component 3/Property 1=Desk/Demo Camera Lock/Tracker/X/-17,ON_HOVER,SET_VARIABLE,,,,,,,927:150,($927:148 * $927:133)
Animate,2531:8343,-17,Tracking1/Component 3/Property 1=Desk/Demo Camera Lock/Tracker/X/-17,ON_HOVER,SET_VARIABLE,,,,,,,927:131,($927:148 * $927:139)
Animate,2531:8344,-18,Tracking1/Component 3/Property 1=Desk/Demo Camera Lock/Tracker/X/-18,ON_HOVER,SET_VARIABLE,,,,,,,927:148,(($927:154 / 40) * 18)
Animate,2531:8344,-18,Tracking1/Component 3/Property 1=Desk/Demo Camera Lock/Tracker/X/-18,ON_HOVER,SET_VARIABLE,,,,,,,927:148,NEGATE($927:148)
Animate,2531:8344,-18,Tracking1/Component 3/Property 1=Desk/Demo Camera Lock/Tracker/X/-18,ON_HOVER,SET_VARIABLE,,,,,,,927:138,($927:148 * $927:145)
Animate,2531:8344,-18,Tracking1/Component 3/Property 1=Desk/Demo Camera Lock/Tracker/X/-18,ON_HOVER,SET_VARIABLE,,,,,,,927:146,($927:148 * $927:153)
Animate,2531:8344,-18,Tracking1/Component 3/Property 1=Desk/Demo Camera Lock/Tracker/X/-18,ON_HOVER,SET_VARIABLE,,,,,,,927:141,($927:148 * $927:142)
Animate,2531:8344,-18,Tracking1/Component 3/Property 1=Desk/Demo Camera Lock/Tracker/X/-18,ON_HOVER,SET_VARIABLE,,,,,,,927:137,($927:148 * $927:132)
Animate,2531:8344,-18,Tracking1/Component 3/Property 1=Desk/Demo Camera Lock/Tracker/X/-18,ON_HOVER,SET_VARIABLE,,,,,,,927:135,($927:148 * $927:136)
Animate,2531:8344,-18,Tracking1/Component 3/Property 1=Desk/Demo Camera Lock/Tracker/X/-18,ON_HOVER,SET_VARIABLE,,,,,,,927:150,($927:148 * $927:133)
Animate,2531:8344,-18,Tracking1/Component 3/Property 1=Desk/Demo Camera Lock/Tracker/X/-18,ON_HOVER,SET_VARIABLE,,,,,,,927:131,($927:148 * $927:139)
Animate,2531:8345,-19,Tracking1/Component 3/Property 1=Desk/Demo Camera Lock/Tracker/X/-19,ON_HOVER,SET_VARIABLE,,,,,,,927:148,(($927:154 / 40) * 19)
Animate,2531:8345,-19,Tracking1/Component 3/Property 1=Desk/Demo Camera Lock/Tracker/X/-19,ON_HOVER,SET_VARIABLE,,,,,,,927:148,NEGATE($927:148)
Animate,2531:8345,-19,Tracking1/Component 3/Property 1=Desk/Demo Camera Lock/Tracker/X/-19,ON_HOVER,SET_VARIABLE,,,,,,,927:138,($927:148 * $927:145)
Animate,2531:8345,-19,Tracking1/Component 3/Property 1=Desk/Demo Camera Lock/Tracker/X/-19,ON_HOVER,SET_VARIABLE,,,,,,,927:146,($927:148 * $927:153)
Animate,2531:8345,-19,Tracking1/Component 3/Property 1=Desk/Demo Camera Lock/Tracker/X/-19,ON_HOVER,SET_VARIABLE,,,,,,,927:141,($927:148 * $927:142)
Animate,2531:8345,-19,Tracking1/Component 3/Property 1=Desk/Demo Camera Lock/Tracker/X/-19,ON_HOVER,SET_VARIABLE,,,,,,,927:137,($927:148 * $927:132)
Animate,2531:8345,-19,Tracking1/Component 3/Property 1=Desk/Demo Camera Lock/Tracker/X/-19,ON_HOVER,SET_VARIABLE,,,,,,,927:135,($927:148 * $927:136)
Animate,2531:8345,-19,Tracking1/Component 3/Property 1=Desk/Demo Camera Lock/Tracker/X/-19,ON_HOVER,SET_VARIABLE,,,,,,,927:150,($927:148 * $927:133)
Animate,2531:8345,-19,Tracking1/Component 3/Property 1=Desk/Demo Camera Lock/Tracker/X/-19,ON_HOVER,SET_VARIABLE,,,,,,,927:131,($927:148 * $927:139)
Animate,2531:8346,-20,Tracking1/Component 3/Property 1=Desk/Demo Camera Lock/Tracker/X/-20,ON_HOVER,SET_VARIABLE,,,,,,,927:148,(($927:154 / 40) * 20)
Animate,2531:8346,-20,Tracking1/Component 3/Property 1=Desk/Demo Camera Lock/Tracker/X/-20,ON_HOVER,SET_VARIABLE,,,,,,,927:148,NEGATE($927:148)
Animate,2531:8346,-20,Tracking1/Component 3/Property 1=Desk/Demo Camera Lock/Tracker/X/-20,ON_HOVER,SET_VARIABLE,,,,,,,927:138,($927:148 * $927:145)
Animate,2531:8346,-20,Tracking1/Component 3/Property 1=Desk/Demo Camera Lock/Tracker/X/-20,ON_HOVER,SET_VARIABLE,,,,,,,927:146,($927:148 * $927:153)
Animate,2531:8346,-20,Tracking1/Component 3/Property 1=Desk/Demo Camera Lock/Tracker/X/-20,ON_HOVER,SET_VARIABLE,,,,,,,927:141,($927:148 * $927:142)
Animate,2531:8346,-20,Tracking1/Component 3/Property 1=Desk/Demo Camera Lock/Tracker/X/-20,ON_HOVER,SET_VARIABLE,,,,,,,927:137,($927:148 * $927:132)
Animate,2531:8346,-20,Tracking1/Component 3/Property 1=Desk/Demo Camera Lock/Tracker/X/-20,ON_HOVER,SET_VARIABLE,,,,,,,927:135,($927:148 * $927:136)
Animate,2531:8346,-20,Tracking1/Component 3/Property 1=Desk/Demo Camera Lock/Tracker/X/-20,ON_HOVER,SET_VARIABLE,,,,,,,927:150,($927:148 * $927:133)
Animate,2531:8346,-20,Tracking1/Component 3/Property 1=Desk/Demo Camera Lock/Tracker/X/-20,ON_HOVER,SET_VARIABLE,,,,,,,927:131,($927:148 * $927:139)
Animate,2531:8348,12,Tracking1/Component 3/Property 1=Desk/Demo Camera Lock/Tracker/y/12,(legacy),NAVIGATE,2531:8274,,,300.0,EASE_OUT,,,
Animate,2531:8348,12,Tracking1/Component 3/Property 1=Desk/Demo Camera Lock/Tracker/y/12,ON_HOVER,NODE,2531:8274,CHANGE_TO,,,,,,
Animate,2531:8348,12,Tracking1/Component 3/Property 1=Desk/Demo Camera Lock/Tracker/y/12,ON_HOVER,SET_VARIABLE,,,,,,,927:147,(($927:151 / 26) * 12)
Animate,2531:8348,12,Tracking1/Component 3/Property 1=Desk/Demo Camera Lock/Tracker/y/12,ON_HOVER,SET_VARIABLE,,,,,,,927:152,($927:147 * $927:145)
Animate,2531:8348,12,Tracking1/Component 3/Property 1=Desk/Demo Camera Lock/Tracker/y/12,ON_HOVER,SET_VARIABLE,,,,,,,927:143,($927:147 * $927:153)
Animate,2531:8348,12,Tracking1/Component 3/Property 1=Desk/Demo Camera Lock/Tracker/y/12,ON_HOVER,SET_VARIABLE,,,,,,,927:140,($927:147 * $927:142)
Animate,2531:8348,12,Tracking1/Component 3/Property 1=Desk/Demo Camera Lock/Tracker/y/12,ON_HOVER,SET_VARIABLE,,,,,,,927:149,($927:147 * $927:132)
Animate,2531:8348,12,Tracking1/Component 3/Property 1=Desk/Demo Camera Lock/Tracker/y/12,ON_HOVER,SET_VARIABLE,,,,,,,927:134,($927:147 * $927:136)
Animate,2531:8348,12,Tracking1/Component 3/Property 1=Desk/Demo Camera Lock/Tracker/y/12,ON_HOVER,SET_VARIABLE,,,,,,,927:144,($927:147 * $927:133)
Animate,2531:8348,12,Tracking1/Component 3/Property 1=Desk/Demo Camera Lock/Tracker/y/12,ON_HOVER,SET_VARIABLE,,,,,,,927:130,($927:147 * $927:139)
Animate,2531:8349,11,Tracking1/Component 3/Property 1=Desk/Demo Camera Lock/Tracker/y/11,(legacy),NAVIGATE,2531:8274,,,300.0,EASE_OUT,,,
Animate,2531:8349,11,Tracking1/Component 3/Property 1=Desk/Demo Camera Lock/Tracker/y/11,ON_HOVER,NODE,2531:8274,CHANGE_TO,,,,,,
Animate,2531:8349,11,Tracking1/Component 3/Property 1=Desk/Demo Camera Lock/Tracker/y/11,ON_HOVER,SET_VARIABLE,,,,,,,927:147,(($927:151 / 26) * 11)
Animate,2531:8349,11,Tracking1/Component 3/Property 1=Desk/Demo Camera Lock/Tracker/y/11,ON_HOVER,SET_VARIABLE,,,,,,,927:152,($927:147 * $927:145)
Animate,2531:8349,11,Tracking1/Component 3/Property 1=Desk/Demo Camera Lock/Tracker/y/11,ON_HOVER,SET_VARIABLE,,,,,,,927:143,($927:147 * $927:153)
Animate,2531:8349,11,Tracking1/Component 3/Property 1=Desk/Demo Camera Lock/Tracker/y/11,ON_HOVER,SET_VARIABLE,,,,,,,927:140,($927:147 * $927:142)
Animate,2531:8349,11,Tracking1/Component 3/Property 1=Desk/Demo Camera Lock/Tracker/y/11,ON_HOVER,SET_VARIABLE,,,,,,,927:149,($927:147 * $927:132)
Animate,2531:8349,11,Tracking1/Component 3/Property 1=Desk/Demo Camera Lock/Tracker/y/11,ON_HOVER,SET_VARIABLE,,,,,,,927:134,($927:147 * $927:136)
Animate,2531:8349,11,Tracking1/Component 3/Property 1=Desk/Demo Camera Lock/Tracker/y/11,ON_HOVER,SET_VARIABLE,,,,,,,927:144,($927:147 * $927:133)
Animate,2531:8349,11,Tracking1/Component 3/Property 1=Desk/Demo Camera Lock/Tracker/y/11,ON_HOVER,SET_VARIABLE,,,,,,,927:130,($927:147 * $927:139)
Animate,2531:8350,10,Tracking1/Component 3/Property 1=Desk/Demo Camera Lock/Tracker/y/10,(legacy),NAVIGATE,2531:8274,,,300.0,EASE_OUT,,,
Animate,2531:8350,10,Tracking1/Component 3/Property 1=Desk/Demo Camera Lock/Tracker/y/10,ON_HOVER,NODE,2531:8274,CHANGE_TO,,,,,,
Animate,2531:8350,10,Tracking1/Component 3/Property 1=Desk/Demo Camera Lock/Tracker/y/10,ON_HOVER,SET_VARIABLE,,,,,,,927:147,(($927:151 / 26) * 10)
Animate,2531:8350,10,Tracking1/Component 3/Property 1=Desk/Demo Camera Lock/Tracker/y/10,ON_HOVER,SET_VARIABLE,,,,,,,927:152,($927:147 * $927:145)
Animate,2531:8350,10,Tracking1/Component 3/Property 1=Desk/Demo Camera Lock/Tracker/y/10,ON_HOVER,SET_VARIABLE,,,,,,,927:143,($927:147 * $927:153)
Animate,2531:8350,10,Tracking1/Component 3/Property 1=Desk/Demo Camera Lock/Tracker/y/10,ON_HOVER,SET_VARIABLE,,,,,,,927:140,($927:147 * $927:142)
Animate,2531:8350,10,Tracking1/Component 3/Property 1=Desk/Demo Camera Lock/Tracker/y/10,ON_HOVER,SET_VARIABLE,,,,,,,927:149,($927:147 * $927:132)
Animate,2531:8350,10,Tracking1/Component 3/Property 1=Desk/Demo Camera Lock/Tracker/y/10,ON_HOVER,SET_VARIABLE,,,,,,,927:134,($927:147 * $927:136)
Animate,2531:8350,10,Tracking1/Component 3/Property 1=Desk/Demo Camera Lock/Tracker/y/10,ON_HOVER,SET_VARIABLE,,,,,,,927:144,($927:147 * $927:133)
Animate,2531:8350,10,Tracking1/Component 3/Property 1=Desk/Demo Camera Lock/Tracker/y/10,ON_HOVER,SET_VARIABLE,,,,,,,927:130,($927:147 * $927:139)
Animate,2531:8351,9,Tracking1/Component 3/Property 1=Desk/Demo Camera Lock/Tracker/y/9,(legacy),NAVIGATE,2531:8274,,,300.0,EASE_OUT,,,
Animate,2531:8351,9,Tracking1/Component 3/Property 1=Desk/Demo Camera Lock/Tracker/y/9,ON_HOVER,NODE,2531:8274,CHANGE_TO,,,,,,
Animate,2531:8351,9,Tracking1/Component 3/Property 1=Desk/Demo Camera Lock/Tracker/y/9,ON_HOVER,SET_VARIABLE,,,,,,,927:147,(($927:151 / 26) * 9)
Animate,2531:8351,9,Tracking1/Component 3/Property 1=Desk/Demo Camera Lock/Tracker/y/9,ON_HOVER,SET_VARIABLE,,,,,,,927:152,($927:147 * $927:145)
Animate,2531:8351,9,Tracking1/Component 3/Property 1=Desk/Demo Camera Lock/Tracker/y/9,ON_HOVER,SET_VARIABLE,,,,,,,927:143,($927:147 * $927:153)
Animate,2531:8351,9,Tracking1/Component 3/Property 1=Desk/Demo Camera Lock/Tracker/y/9,ON_HOVER,SET_VARIABLE,,,,,,,927:140,($927:147 * $927:142)
Animate,2531:8351,9,Tracking1/Component 3/Property 1=Desk/Demo Camera Lock/Tracker/y/9,ON_HOVER,SET_VARIABLE,,,,,,,927:149,($927:147 * $927:132)
Animate,2531:8351,9,Tracking1/Component 3/Property 1=Desk/Demo Camera Lock/Tracker/y/9,ON_HOVER,SET_VARIABLE,,,,,,,927:134,($927:147 * $927:136)
Animate,2531:8351,9,Tracking1/Component 3/Property 1=Desk/Demo Camera Lock/Tracker/y/9,ON_HOVER,SET_VARIABLE,,,,,,,927:144,($927:147 * $927:133)
Animate,2531:8351,9,Tracking1/Component 3/Property 1=Desk/Demo Camera Lock/Tracker/y/9,ON_HOVER,SET_VARIABLE,,,,,,,927:130,($927:147 * $927:139)
Animate,2531:8352,8,Tracking1/Component 3/Property 1=Desk/Demo Camera Lock/Tracker/y/8,(legacy),NAVIGATE,2531:8274,,,300.0,EASE_OUT,,,
Animate,2531:8352,8,Tracking1/Component 3/Property 1=Desk/Demo Camera Lock/Tracker/y/8,ON_HOVER,NODE,2531:8274,CHANGE_TO,,,,,,
Animate,2531:8352,8,Tracking1/Component 3/Property 1=Desk/Demo Camera Lock/Tracker/y/8,ON_HOVER,SET_VARIABLE,,,,,,,927:147,(($927:151 / 26) * 8)
Animate,2531:8352,8,Tracking1/Component 3/Property 1=Desk/Demo Camera Lock/Tracker/y/8,ON_HOVER,SET_VARIABLE,,,,,,,927:152,($927:147 * $927:145)
Animate,2531:8352,8,Tracking1/Component 3/Property 1=Desk/Demo Camera Lock/Tracker/y/8,ON_HOVER,SET_VARIABLE,,,,,,,927:143,($927:147 * $927:153)
Animate,2531:8352,8,Tracking1/Component 3/Property 1=Desk/Demo Camera Lock/Tracker/y/8,ON_HOVER,SET_VARIABLE,,,,,,,927:140,($927:147 * $927:142)
Animate,2531:8352,8,Tracking1/Component 3/Property 1=Desk/Demo Camera Lock/Tracker/y/8,ON_HOVER,SET_VARIABLE,,,,,,,927:149,($927:147 * $927:132)
Animate,2531:8352,8,Tracking1/Component 3/Property 1=Desk/Demo Camera Lock/Tracker/y/8,ON_HOVER,SET_VARIABLE,,,,,,,927:134,($927:147 * $927:136)
Animate,2531:8352,8,Tracking1/Component 3/Property 1=Desk/Demo Camera Lock/Tracker/y/8,ON_HOVER,SET_VARIABLE,,,,,,,927:144,($927:147 * $927:133)
Animate,2531:8352,8,Tracking1/Component 3/Property 1=Desk/Demo Camera Lock/Tracker/y/8,ON_HOVER,SET_VARIABLE,,,,,,,927:130,($927:147 * $927:139)
Animate,2531:8353,7,Tracking1/Component 3/Property 1=Desk/Demo Camera Lock/Tracker/y/7,(legacy),NAVIGATE,2531:8274,,,300.0,EASE_OUT,,,
Animate,2531:8353,7,Tracking1/Component 3/Property 1=Desk/Demo Camera Lock/Tracker/y/7,ON_HOVER,NODE,2531:8274,CHANGE_TO,,,,,,
Animate,2531:8353,7,Tracking1/Component 3/Property 1=Desk/Demo Camera Lock/Tracker/y/7,ON_HOVER,SET_VARIABLE,,,,,,,927:147,(($927:151 / 26) * 7)
Animate,2531:8353,7,Tracking1/Component 3/Property 1=Desk/Demo Camera Lock/Tracker/y/7,ON_HOVER,SET_VARIABLE,,,,,,,927:152,($927:147 * $927:145)
Animate,2531:8353,7,Tracking1/Component 3/Property 1=Desk/Demo Camera Lock/Tracker/y/7,ON_HOVER,SET_VARIABLE,,,,,,,927:143,($927:147 * $927:153)
Animate,2531:8353,7,Tracking1/Component 3/Property 1=Desk/Demo Camera Lock/Tracker/y/7,ON_HOVER,SET_VARIABLE,,,,,,,927:140,($927:147 * $927:142)
Animate,2531:8353,7,Tracking1/Component 3/Property 1=Desk/Demo Camera Lock/Tracker/y/7,ON_HOVER,SET_VARIABLE,,,,,,,927:149,($927:147 * $927:132)
Animate,2531:8353,7,Tracking1/Component 3/Property 1=Desk/Demo Camera Lock/Tracker/y/7,ON_HOVER,SET_VARIABLE,,,,,,,927:134,($927:147 * $927:136)
Animate,2531:8353,7,Tracking1/Component 3/Property 1=Desk/Demo Camera Lock/Tracker/y/7,ON_HOVER,SET_VARIABLE,,,,,,,927:144,($927:147 * $927:133)
Animate,2531:8353,7,Tracking1/Component 3/Property 1=Desk/Demo Camera Lock/Tracker/y/7,ON_HOVER,SET_VARIABLE,,,,,,,927:130,($927:147 * $927:139)
Animate,2531:8354,6,Tracking1/Component 3/Property 1=Desk/Demo Camera Lock/Tracker/y/6,(legacy),NAVIGATE,2531:8274,,,300.0,EASE_OUT,,,
Animate,2531:8354,6,Tracking1/Component 3/Property 1=Desk/Demo Camera Lock/Tracker/y/6,ON_HOVER,NODE,2531:8274,CHANGE_TO,,,,,,
Animate,2531:8354,6,Tracking1/Component 3/Property 1=Desk/Demo Camera Lock/Tracker/y/6,ON_HOVER,SET_VARIABLE,,,,,,,927:147,(($927:151 / 26) * 6)
Animate,2531:8354,6,Tracking1/Component 3/Property 1=Desk/Demo Camera Lock/Tracker/y/6,ON_HOVER,SET_VARIABLE,,,,,,,927:152,($927:147 * $927:145)
Animate,2531:8354,6,Tracking1/Component 3/Property 1=Desk/Demo Camera Lock/Tracker/y/6,ON_HOVER,SET_VARIABLE,,,,,,,927:143,($927:147 * $927:153)
Animate,2531:8354,6,Tracking1/Component 3/Property 1=Desk/Demo Camera Lock/Tracker/y/6,ON_HOVER,SET_VARIABLE,,,,,,,927:140,($927:147 * $927:142)
Animate,2531:8354,6,Tracking1/Component 3/Property 1=Desk/Demo Camera Lock/Tracker/y/6,ON_HOVER,SET_VARIABLE,,,,,,,927:149,($927:147 * $927:132)
Animate,2531:8354,6,Tracking1/Component 3/Property 1=Desk/Demo Camera Lock/Tracker/y/6,ON_HOVER,SET_VARIABLE,,,,,,,927:134,($927:147 * $927:136)
Animate,2531:8354,6,Tracking1/Component 3/Property 1=Desk/Demo Camera Lock/Tracker/y/6,ON_HOVER,SET_VARIABLE,,,,,,,927:144,($927:147 * $927:133)
Animate,2531:8354,6,Tracking1/Component 3/Property 1=Desk/Demo Camera Lock/Tracker/y/6,ON_HOVER,SET_VARIABLE,,,,,,,927:130,($927:147 * $927:139)
Animate,2531:8355,5,Tracking1/Component 3/Property 1=Desk/Demo Camera Lock/Tracker/y/5,(legacy),NAVIGATE,2531:8274,,,300.0,EASE_OUT,,,
Animate,2531:8355,5,Tracking1/Component 3/Property 1=Desk/Demo Camera Lock/Tracker/y/5,ON_HOVER,NODE,2531:8274,CHANGE_TO,,,,,,
Animate,2531:8355,5,Tracking1/Component 3/Property 1=Desk/Demo Camera Lock/Tracker/y/5,ON_HOVER,SET_VARIABLE,,,,,,,927:147,(($927:151 / 26) * 5)
Animate,2531:8355,5,Tracking1/Component 3/Property 1=Desk/Demo Camera Lock/Tracker/y/5,ON_HOVER,SET_VARIABLE,,,,,,,927:152,($927:147 * $927:145)
Animate,2531:8355,5,Tracking1/Component 3/Property 1=Desk/Demo Camera Lock/Tracker/y/5,ON_HOVER,SET_VARIABLE,,,,,,,927:143,($927:147 * $927:153)
Animate,2531:8355,5,Tracking1/Component 3/Property 1=Desk/Demo Camera Lock/Tracker/y/5,ON_HOVER,SET_VARIABLE,,,,,,,927:140,($927:147 * $927:142)
Animate,2531:8355,5,Tracking1/Component 3/Property 1=Desk/Demo Camera Lock/Tracker/y/5,ON_HOVER,SET_VARIABLE,,,,,,,927:149,($927:147 * $927:132)
Animate,2531:8355,5,Tracking1/Component 3/Property 1=Desk/Demo Camera Lock/Tracker/y/5,ON_HOVER,SET_VARIABLE,,,,,,,927:134,($927:147 * $927:136)
Animate,2531:8355,5,Tracking1/Component 3/Property 1=Desk/Demo Camera Lock/Tracker/y/5,ON_HOVER,SET_VARIABLE,,,,,,,927:144,($927:147 * $927:133)
Animate,2531:8355,5,Tracking1/Component 3/Property 1=Desk/Demo Camera Lock/Tracker/y/5,ON_HOVER,SET_VARIABLE,,,,,,,927:130,($927:147 * $927:139)
Animate,2531:8356,4,Tracking1/Component 3/Property 1=Desk/Demo Camera Lock/Tracker/y/4,(legacy),NAVIGATE,2531:8274,,,300.0,EASE_OUT,,,
Animate,2531:8356,4,Tracking1/Component 3/Property 1=Desk/Demo Camera Lock/Tracker/y/4,ON_HOVER,NODE,2531:8274,CHANGE_TO,,,,,,
Animate,2531:8356,4,Tracking1/Component 3/Property 1=Desk/Demo Camera Lock/Tracker/y/4,ON_HOVER,SET_VARIABLE,,,,,,,927:147,(($927:151 / 26) * 4)
Animate,2531:8356,4,Tracking1/Component 3/Property 1=Desk/Demo Camera Lock/Tracker/y/4,ON_HOVER,SET_VARIABLE,,,,,,,927:152,($927:147 * $927:145)
Animate,2531:8356,4,Tracking1/Component 3/Property 1=Desk/Demo Camera Lock/Tracker/y/4,ON_HOVER,SET_VARIABLE,,,,,,,927:143,($927:147 * $927:153)
Animate,2531:8356,4,Tracking1/Component 3/Property 1=Desk/Demo Camera Lock/Tracker/y/4,ON_HOVER,SET_VARIABLE,,,,,,,927:140,($927:147 * $927:142)
Animate,2531:8356,4,Tracking1/Component 3/Property 1=Desk/Demo Camera Lock/Tracker/y/4,ON_HOVER,SET_VARIABLE,,,,,,,927:149,($927:147 * $927:132)
Animate,2531:8356,4,Tracking1/Component 3/Property 1=Desk/Demo Camera Lock/Tracker/y/4,ON_HOVER,SET_VARIABLE,,,,,,,927:134,($927:147 * $927:136)
Animate,2531:8356,4,Tracking1/Component 3/Property 1=Desk/Demo Camera Lock/Tracker/y/4,ON_HOVER,SET_VARIABLE,,,,,,,927:144,($927:147 * $927:133)
Animate,2531:8356,4,Tracking1/Component 3/Property 1=Desk/Demo Camera Lock/Tracker/y/4,ON_HOVER,SET_VARIABLE,,,,,,,927:130,($927:147 * $927:139)
Animate,2531:8357,3,Tracking1/Component 3/Property 1=Desk/Demo Camera Lock/Tracker/y/3,(legacy),NAVIGATE,2531:8274,,,300.0,EASE_OUT,,,
Animate,2531:8357,3,Tracking1/Component 3/Property 1=Desk/Demo Camera Lock/Tracker/y/3,ON_HOVER,NODE,2531:8274,CHANGE_TO,,,,,,
Animate,2531:8357,3,Tracking1/Component 3/Property 1=Desk/Demo Camera Lock/Tracker/y/3,ON_HOVER,SET_VARIABLE,,,,,,,927:147,(($927:151 / 26) * 3)
Animate,2531:8357,3,Tracking1/Component 3/Property 1=Desk/Demo Camera Lock/Tracker/y/3,ON_HOVER,SET_VARIABLE,,,,,,,927:152,($927:147 * $927:145)
Animate,2531:8357,3,Tracking1/Component 3/Property 1=Desk/Demo Camera Lock/Tracker/y/3,ON_HOVER,SET_VARIABLE,,,,,,,927:143,($927:147 * $927:153)
Animate,2531:8357,3,Tracking1/Component 3/Property 1=Desk/Demo Camera Lock/Tracker/y/3,ON_HOVER,SET_VARIABLE,,,,,,,927:140,($927:147 * $927:142)
Animate,2531:8357,3,Tracking1/Component 3/Property 1=Desk/Demo Camera Lock/Tracker/y/3,ON_HOVER,SET_VARIABLE,,,,,,,927:149,($927:147 * $927:132)
Animate,2531:8357,3,Tracking1/Component 3/Property 1=Desk/Demo Camera Lock/Tracker/y/3,ON_HOVER,SET_VARIABLE,,,,,,,927:134,($927:147 * $927:136)
Animate,2531:8357,3,Tracking1/Component 3/Property 1=Desk/Demo Camera Lock/Tracker/y/3,ON_HOVER,SET_VARIABLE,,,,,,,927:144,($927:147 * $927:133)
Animate,2531:8357,3,Tracking1/Component 3/Property 1=Desk/Demo Camera Lock/Tracker/y/3,ON_HOVER,SET_VARIABLE,,,,,,,927:130,($927:147 * $927:139)
Animate,2531:8358,2,Tracking1/Component 3/Property 1=Desk/Demo Camera Lock/Tracker/y/2,(legacy),NAVIGATE,2531:8274,,,300.0,EASE_OUT,,,
Animate,2531:8358,2,Tracking1/Component 3/Property 1=Desk/Demo Camera Lock/Tracker/y/2,ON_HOVER,NODE,2531:8274,CHANGE_TO,,,,,,
Animate,2531:8358,2,Tracking1/Component 3/Property 1=Desk/Demo Camera Lock/Tracker/y/2,ON_HOVER,SET_VARIABLE,,,,,,,927:147,(($927:151 / 26) * 2)
Animate,2531:8358,2,Tracking1/Component 3/Property 1=Desk/Demo Camera Lock/Tracker/y/2,ON_HOVER,SET_VARIABLE,,,,,,,927:152,($927:147 * $927:145)
Animate,2531:8358,2,Tracking1/Component 3/Property 1=Desk/Demo Camera Lock/Tracker/y/2,ON_HOVER,SET_VARIABLE,,,,,,,927:143,($927:147 * $927:153)
Animate,2531:8358,2,Tracking1/Component 3/Property 1=Desk/Demo Camera Lock/Tracker/y/2,ON_HOVER,SET_VARIABLE,,,,,,,927:140,($927:147 * $927:142)
Animate,2531:8358,2,Tracking1/Component 3/Property 1=Desk/Demo Camera Lock/Tracker/y/2,ON_HOVER,SET_VARIABLE,,,,,,,927:149,($927:147 * $927:132)
Animate,2531:8358,2,Tracking1/Component 3/Property 1=Desk/Demo Camera Lock/Tracker/y/2,ON_HOVER,SET_VARIABLE,,,,,,,927:134,($927:147 * $927:136)
Animate,2531:8358,2,Tracking1/Component 3/Property 1=Desk/Demo Camera Lock/Tracker/y/2,ON_HOVER,SET_VARIABLE,,,,,,,927:144,($927:147 * $927:133)
Animate,2531:8358,2,Tracking1/Component 3/Property 1=Desk/Demo Camera Lock/Tracker/y/2,ON_HOVER,SET_VARIABLE,,,,,,,927:130,($927:147 * $927:139)
Animate,2531:8359,1,Tracking1/Component 3/Property 1=Desk/Demo Camera Lock/Tracker/y/1,(legacy),NAVIGATE,2531:8274,,,300.0,EASE_OUT,,,
Animate,2531:8359,1,Tracking1/Component 3/Property 1=Desk/Demo Camera Lock/Tracker/y/1,ON_HOVER,NODE,2531:8274,CHANGE_TO,,,,,,
Animate,2531:8359,1,Tracking1/Component 3/Property 1=Desk/Demo Camera Lock/Tracker/y/1,ON_HOVER,SET_VARIABLE,,,,,,,927:147,(($927:151 / 26) * 1)
Animate,2531:8359,1,Tracking1/Component 3/Property 1=Desk/Demo Camera Lock/Tracker/y/1,ON_HOVER,SET_VARIABLE,,,,,,,927:152,($927:147 * $927:145)
Animate,2531:8359,1,Tracking1/Component 3/Property 1=Desk/Demo Camera Lock/Tracker/y/1,ON_HOVER,SET_VARIABLE,,,,,,,927:143,($927:147 * $927:153)
Animate,2531:8359,1,Tracking1/Component 3/Property 1=Desk/Demo Camera Lock/Tracker/y/1,ON_HOVER,SET_VARIABLE,,,,,,,927:140,($927:147 * $927:142)
Animate,2531:8359,1,Tracking1/Component 3/Property 1=Desk/Demo Camera Lock/Tracker/y/1,ON_HOVER,SET_VARIABLE,,,,,,,927:149,($927:147 * $927:132)
Animate,2531:8359,1,Tracking1/Component 3/Property 1=Desk/Demo Camera Lock/Tracker/y/1,ON_HOVER,SET_VARIABLE,,,,,,,927:134,($927:147 * $927:136)
Animate,2531:8359,1,Tracking1/Component 3/Property 1=Desk/Demo Camera Lock/Tracker/y/1,ON_HOVER,SET_VARIABLE,,,,,,,927:144,($927:147 * $927:133)
Animate,2531:8359,1,Tracking1/Component 3/Property 1=Desk/Demo Camera Lock/Tracker/y/1,ON_HOVER,SET_VARIABLE,,,,,,,927:130,($927:147 * $927:139)
Animate,2531:8360,-1,Tracking1/Component 3/Property 1=Desk/Demo Camera Lock/Tracker/y/-1,(legacy),NAVIGATE,2531:8274,,,300.0,EASE_OUT,,,
Animate,2531:8360,-1,Tracking1/Component 3/Property 1=Desk/Demo Camera Lock/Tracker/y/-1,ON_HOVER,NODE,2531:8274,CHANGE_TO,,,,,,
Animate,2531:8360,-1,Tracking1/Component 3/Property 1=Desk/Demo Camera Lock/Tracker/y/-1,ON_HOVER,SET_VARIABLE,,,,,,,927:147,(($927:151 / 26) * 1)
Animate,2531:8360,-1,Tracking1/Component 3/Property 1=Desk/Demo Camera Lock/Tracker/y/-1,ON_HOVER,SET_VARIABLE,,,,,,,927:147,NEGATE($927:147)
Animate,2531:8360,-1,Tracking1/Component 3/Property 1=Desk/Demo Camera Lock/Tracker/y/-1,ON_HOVER,SET_VARIABLE,,,,,,,927:152,($927:147 * $927:145)
Animate,2531:8360,-1,Tracking1/Component 3/Property 1=Desk/Demo Camera Lock/Tracker/y/-1,ON_HOVER,SET_VARIABLE,,,,,,,927:143,($927:147 * $927:153)
Animate,2531:8360,-1,Tracking1/Component 3/Property 1=Desk/Demo Camera Lock/Tracker/y/-1,ON_HOVER,SET_VARIABLE,,,,,,,927:140,($927:147 * $927:142)
Animate,2531:8360,-1,Tracking1/Component 3/Property 1=Desk/Demo Camera Lock/Tracker/y/-1,ON_HOVER,SET_VARIABLE,,,,,,,927:149,($927:147 * $927:132)
Animate,2531:8360,-1,Tracking1/Component 3/Property 1=Desk/Demo Camera Lock/Tracker/y/-1,ON_HOVER,SET_VARIABLE,,,,,,,927:134,($927:147 * $927:136)
Animate,2531:8360,-1,Tracking1/Component 3/Property 1=Desk/Demo Camera Lock/Tracker/y/-1,ON_HOVER,SET_VARIABLE,,,,,,,927:144,($927:147 * $927:133)
Animate,2531:8360,-1,Tracking1/Component 3/Property 1=Desk/Demo Camera Lock/Tracker/y/-1,ON_HOVER,SET_VARIABLE,,,,,,,927:130,($927:147 * $927:139)
Animate,2531:8361,-2,Tracking1/Component 3/Property 1=Desk/Demo Camera Lock/Tracker/y/-2,(legacy),NAVIGATE,2531:8274,,,300.0,EASE_OUT,,,
Animate,2531:8361,-2,Tracking1/Component 3/Property 1=Desk/Demo Camera Lock/Tracker/y/-2,ON_HOVER,NODE,2531:8274,CHANGE_TO,,,,,,
Animate,2531:8361,-2,Tracking1/Component 3/Property 1=Desk/Demo Camera Lock/Tracker/y/-2,ON_HOVER,SET_VARIABLE,,,,,,,927:147,(($927:151 / 26) * 2)
Animate,2531:8361,-2,Tracking1/Component 3/Property 1=Desk/Demo Camera Lock/Tracker/y/-2,ON_HOVER,SET_VARIABLE,,,,,,,927:147,NEGATE($927:147)
Animate,2531:8361,-2,Tracking1/Component 3/Property 1=Desk/Demo Camera Lock/Tracker/y/-2,ON_HOVER,SET_VARIABLE,,,,,,,927:152,($927:147 * $927:145)
Animate,2531:8361,-2,Tracking1/Component 3/Property 1=Desk/Demo Camera Lock/Tracker/y/-2,ON_HOVER,SET_VARIABLE,,,,,,,927:143,($927:147 * $927:153)
Animate,2531:8361,-2,Tracking1/Component 3/Property 1=Desk/Demo Camera Lock/Tracker/y/-2,ON_HOVER,SET_VARIABLE,,,,,,,927:140,($927:147 * $927:142)
Animate,2531:8361,-2,Tracking1/Component 3/Property 1=Desk/Demo Camera Lock/Tracker/y/-2,ON_HOVER,SET_VARIABLE,,,,,,,927:149,($927:147 * $927:132)
Animate,2531:8361,-2,Tracking1/Component 3/Property 1=Desk/Demo Camera Lock/Tracker/y/-2,ON_HOVER,SET_VARIABLE,,,,,,,927:134,($927:147 * $927:136)
Animate,2531:8361,-2,Tracking1/Component 3/Property 1=Desk/Demo Camera Lock/Tracker/y/-2,ON_HOVER,SET_VARIABLE,,,,,,,927:144,($927:147 * $927:133)
Animate,2531:8361,-2,Tracking1/Component 3/Property 1=Desk/Demo Camera Lock/Tracker/y/-2,ON_HOVER,SET_VARIABLE,,,,,,,927:130,($927:147 * $927:139)
Animate,2531:8362,-3,Tracking1/Component 3/Property 1=Desk/Demo Camera Lock/Tracker/y/-3,(legacy),NAVIGATE,2531:8274,,,300.0,EASE_OUT,,,
Animate,2531:8362,-3,Tracking1/Component 3/Property 1=Desk/Demo Camera Lock/Tracker/y/-3,ON_HOVER,NODE,2531:8274,CHANGE_TO,,,,,,
Animate,2531:8362,-3,Tracking1/Component 3/Property 1=Desk/Demo Camera Lock/Tracker/y/-3,ON_HOVER,SET_VARIABLE,,,,,,,927:147,(($927:151 / 26) * 3)
Animate,2531:8362,-3,Tracking1/Component 3/Property 1=Desk/Demo Camera Lock/Tracker/y/-3,ON_HOVER,SET_VARIABLE,,,,,,,927:147,NEGATE($927:147)
Animate,2531:8362,-3,Tracking1/Component 3/Property 1=Desk/Demo Camera Lock/Tracker/y/-3,ON_HOVER,SET_VARIABLE,,,,,,,927:152,($927:147 * $927:145)
Animate,2531:8362,-3,Tracking1/Component 3/Property 1=Desk/Demo Camera Lock/Tracker/y/-3,ON_HOVER,SET_VARIABLE,,,,,,,927:143,($927:147 * $927:153)
Animate,2531:8362,-3,Tracking1/Component 3/Property 1=Desk/Demo Camera Lock/Tracker/y/-3,ON_HOVER,SET_VARIABLE,,,,,,,927:140,($927:147 * $927:142)
Animate,2531:8362,-3,Tracking1/Component 3/Property 1=Desk/Demo Camera Lock/Tracker/y/-3,ON_HOVER,SET_VARIABLE,,,,,,,927:149,($927:147 * $927:132)
Animate,2531:8362,-3,Tracking1/Component 3/Property 1=Desk/Demo Camera Lock/Tracker/y/-3,ON_HOVER,SET_VARIABLE,,,,,,,927:134,($927:147 * $927:136)
Animate,2531:8362,-3,Tracking1/Component 3/Property 1=Desk/Demo Camera Lock/Tracker/y/-3,ON_HOVER,SET_VARIABLE,,,,,,,927:144,($927:147 * $927:133)
Animate,2531:8362,-3,Tracking1/Component 3/Property 1=Desk/Demo Camera Lock/Tracker/y/-3,ON_HOVER,SET_VARIABLE,,,,,,,927:130,($927:147 * $927:139)
Animate,2531:8363,-4,Tracking1/Component 3/Property 1=Desk/Demo Camera Lock/Tracker/y/-4,(legacy),NAVIGATE,2531:8274,,,300.0,EASE_OUT,,,
Animate,2531:8363,-4,Tracking1/Component 3/Property 1=Desk/Demo Camera Lock/Tracker/y/-4,ON_HOVER,NODE,2531:8274,CHANGE_TO,,,,,,
Animate,2531:8363,-4,Tracking1/Component 3/Property 1=Desk/Demo Camera Lock/Tracker/y/-4,ON_HOVER,SET_VARIABLE,,,,,,,927:147,(($927:151 / 26) * 4)
Animate,2531:8363,-4,Tracking1/Component 3/Property 1=Desk/Demo Camera Lock/Tracker/y/-4,ON_HOVER,SET_VARIABLE,,,,,,,927:147,NEGATE($927:147)
Animate,2531:8363,-4,Tracking1/Component 3/Property 1=Desk/Demo Camera Lock/Tracker/y/-4,ON_HOVER,SET_VARIABLE,,,,,,,927:152,($927:147 * $927:145)
Animate,2531:8363,-4,Tracking1/Component 3/Property 1=Desk/Demo Camera Lock/Tracker/y/-4,ON_HOVER,SET_VARIABLE,,,,,,,927:143,($927:147 * $927:153)
Animate,2531:8363,-4,Tracking1/Component 3/Property 1=Desk/Demo Camera Lock/Tracker/y/-4,ON_HOVER,SET_VARIABLE,,,,,,,927:140,($927:147 * $927:142)
Animate,2531:8363,-4,Tracking1/Component 3/Property 1=Desk/Demo Camera Lock/Tracker/y/-4,ON_HOVER,SET_VARIABLE,,,,,,,927:149,($927:147 * $927:132)
Animate,2531:8363,-4,Tracking1/Component 3/Property 1=Desk/Demo Camera Lock/Tracker/y/-4,ON_HOVER,SET_VARIABLE,,,,,,,927:134,($927:147 * $927:136)
Animate,2531:8363,-4,Tracking1/Component 3/Property 1=Desk/Demo Camera Lock/Tracker/y/-4,ON_HOVER,SET_VARIABLE,,,,,,,927:144,($927:147 * $927:133)
Animate,2531:8363,-4,Tracking1/Component 3/Property 1=Desk/Demo Camera Lock/Tracker/y/-4,ON_HOVER,SET_VARIABLE,,,,,,,927:130,($927:147 * $927:139)
Animate,2531:8364,-5,Tracking1/Component 3/Property 1=Desk/Demo Camera Lock/Tracker/y/-5,(legacy),NAVIGATE,2531:8274,,,300.0,EASE_OUT,,,
Animate,2531:8364,-5,Tracking1/Component 3/Property 1=Desk/Demo Camera Lock/Tracker/y/-5,ON_HOVER,NODE,2531:8274,CHANGE_TO,,,,,,
Animate,2531:8364,-5,Tracking1/Component 3/Property 1=Desk/Demo Camera Lock/Tracker/y/-5,ON_HOVER,SET_VARIABLE,,,,,,,927:147,(($927:151 / 26) * 5)
Animate,2531:8364,-5,Tracking1/Component 3/Property 1=Desk/Demo Camera Lock/Tracker/y/-5,ON_HOVER,SET_VARIABLE,,,,,,,927:147,NEGATE($927:147)
Animate,2531:8364,-5,Tracking1/Component 3/Property 1=Desk/Demo Camera Lock/Tracker/y/-5,ON_HOVER,SET_VARIABLE,,,,,,,927:152,($927:147 * $927:145)
Animate,2531:8364,-5,Tracking1/Component 3/Property 1=Desk/Demo Camera Lock/Tracker/y/-5,ON_HOVER,SET_VARIABLE,,,,,,,927:143,($927:147 * $927:153)
Animate,2531:8364,-5,Tracking1/Component 3/Property 1=Desk/Demo Camera Lock/Tracker/y/-5,ON_HOVER,SET_VARIABLE,,,,,,,927:140,($927:147 * $927:142)
Animate,2531:8364,-5,Tracking1/Component 3/Property 1=Desk/Demo Camera Lock/Tracker/y/-5,ON_HOVER,SET_VARIABLE,,,,,,,927:149,($927:147 * $927:132)
Animate,2531:8364,-5,Tracking1/Component 3/Property 1=Desk/Demo Camera Lock/Tracker/y/-5,ON_HOVER,SET_VARIABLE,,,,,,,927:134,($927:147 * $927:136)
Animate,2531:8364,-5,Tracking1/Component 3/Property 1=Desk/Demo Camera Lock/Tracker/y/-5,ON_HOVER,SET_VARIABLE,,,,,,,927:144,($927:147 * $927:133)
Animate,2531:8364,-5,Tracking1/Component 3/Property 1=Desk/Demo Camera Lock/Tracker/y/-5,ON_HOVER,SET_VARIABLE,,,,,,,927:130,($927:147 * $927:139)
Animate,2531:8365,-6,Tracking1/Component 3/Property 1=Desk/Demo Camera Lock/Tracker/y/-6,(legacy),NAVIGATE,2531:8274,,,300.0,EASE_OUT,,,
Animate,2531:8365,-6,Tracking1/Component 3/Property 1=Desk/Demo Camera Lock/Tracker/y/-6,ON_HOVER,NODE,2531:8274,CHANGE_TO,,,,,,
Animate,2531:8365,-6,Tracking1/Component 3/Property 1=Desk/Demo Camera Lock/Tracker/y/-6,ON_HOVER,SET_VARIABLE,,,,,,,927:147,(($927:151 / 26) * 6)
Animate,2531:8365,-6,Tracking1/Component 3/Property 1=Desk/Demo Camera Lock/Tracker/y/-6,ON_HOVER,SET_VARIABLE,,,,,,,927:147,NEGATE($927:147)
Animate,2531:8365,-6,Tracking1/Component 3/Property 1=Desk/Demo Camera Lock/Tracker/y/-6,ON_HOVER,SET_VARIABLE,,,,,,,927:152,($927:147 * $927:145)
Animate,2531:8365,-6,Tracking1/Component 3/Property 1=Desk/Demo Camera Lock/Tracker/y/-6,ON_HOVER,SET_VARIABLE,,,,,,,927:143,($927:147 * $927:153)
Animate,2531:8365,-6,Tracking1/Component 3/Property 1=Desk/Demo Camera Lock/Tracker/y/-6,ON_HOVER,SET_VARIABLE,,,,,,,927:140,($927:147 * $927:142)
Animate,2531:8365,-6,Tracking1/Component 3/Property 1=Desk/Demo Camera Lock/Tracker/y/-6,ON_HOVER,SET_VARIABLE,,,,,,,927:149,($927:147 * $927:132)
Animate,2531:8365,-6,Tracking1/Component 3/Property 1=Desk/Demo Camera Lock/Tracker/y/-6,ON_HOVER,SET_VARIABLE,,,,,,,927:134,($927:147 * $927:136)
Animate,2531:8365,-6,Tracking1/Component 3/Property 1=Desk/Demo Camera Lock/Tracker/y/-6,ON_HOVER,SET_VARIABLE,,,,,,,927:144,($927:147 * $927:133)
Animate,2531:8365,-6,Tracking1/Component 3/Property 1=Desk/Demo Camera Lock/Tracker/y/-6,ON_HOVER,SET_VARIABLE,,,,,,,927:130,($927:147 * $927:139)
Animate,2531:8366,-7,Tracking1/Component 3/Property 1=Desk/Demo Camera Lock/Tracker/y/-7,(legacy),NAVIGATE,2531:8274,,,300.0,EASE_OUT,,,
Animate,2531:8366,-7,Tracking1/Component 3/Property 1=Desk/Demo Camera Lock/Tracker/y/-7,ON_HOVER,NODE,2531:8274,CHANGE_TO,,,,,,
Animate,2531:8366,-7,Tracking1/Component 3/Property 1=Desk/Demo Camera Lock/Tracker/y/-7,ON_HOVER,SET_VARIABLE,,,,,,,927:147,(($927:151 / 26) * 7)
Animate,2531:8366,-7,Tracking1/Component 3/Property 1=Desk/Demo Camera Lock/Tracker/y/-7,ON_HOVER,SET_VARIABLE,,,,,,,927:147,NEGATE($927:147)
Animate,2531:8366,-7,Tracking1/Component 3/Property 1=Desk/Demo Camera Lock/Tracker/y/-7,ON_HOVER,SET_VARIABLE,,,,,,,927:152,($927:147 * $927:145)
Animate,2531:8366,-7,Tracking1/Component 3/Property 1=Desk/Demo Camera Lock/Tracker/y/-7,ON_HOVER,SET_VARIABLE,,,,,,,927:143,($927:147 * $927:153)
Animate,2531:8366,-7,Tracking1/Component 3/Property 1=Desk/Demo Camera Lock/Tracker/y/-7,ON_HOVER,SET_VARIABLE,,,,,,,927:140,($927:147 * $927:142)
Animate,2531:8366,-7,Tracking1/Component 3/Property 1=Desk/Demo Camera Lock/Tracker/y/-7,ON_HOVER,SET_VARIABLE,,,,,,,927:149,($927:147 * $927:132)
Animate,2531:8366,-7,Tracking1/Component 3/Property 1=Desk/Demo Camera Lock/Tracker/y/-7,ON_HOVER,SET_VARIABLE,,,,,,,927:134,($927:147 * $927:136)
Animate,2531:8366,-7,Tracking1/Component 3/Property 1=Desk/Demo Camera Lock/Tracker/y/-7,ON_HOVER,SET_VARIABLE,,,,,,,927:144,($927:147 * $927:133)
Animate,2531:8366,-7,Tracking1/Component 3/Property 1=Desk/Demo Camera Lock/Tracker/y/-7,ON_HOVER,SET_VARIABLE,,,,,,,927:130,($927:147 * $927:139)
Animate,2531:8367,-8,Tracking1/Component 3/Property 1=Desk/Demo Camera Lock/Tracker/y/-8,(legacy),NAVIGATE,2531:8274,,,300.0,EASE_OUT,,,
Animate,2531:8367,-8,Tracking1/Component 3/Property 1=Desk/Demo Camera Lock/Tracker/y/-8,ON_HOVER,NODE,2531:8274,CHANGE_TO,,,,,,
Animate,2531:8367,-8,Tracking1/Component 3/Property 1=Desk/Demo Camera Lock/Tracker/y/-8,ON_HOVER,SET_VARIABLE,,,,,,,927:147,(($927:151 / 26) * 8)
Animate,2531:8367,-8,Tracking1/Component 3/Property 1=Desk/Demo Camera Lock/Tracker/y/-8,ON_HOVER,SET_VARIABLE,,,,,,,927:147,NEGATE($927:147)
Animate,2531:8367,-8,Tracking1/Component 3/Property 1=Desk/Demo Camera Lock/Tracker/y/-8,ON_HOVER,SET_VARIABLE,,,,,,,927:152,($927:147 * $927:145)
Animate,2531:8367,-8,Tracking1/Component 3/Property 1=Desk/Demo Camera Lock/Tracker/y/-8,ON_HOVER,SET_VARIABLE,,,,,,,927:143,($927:147 * $927:153)
Animate,2531:8367,-8,Tracking1/Component 3/Property 1=Desk/Demo Camera Lock/Tracker/y/-8,ON_HOVER,SET_VARIABLE,,,,,,,927:140,($927:147 * $927:142)
Animate,2531:8367,-8,Tracking1/Component 3/Property 1=Desk/Demo Camera Lock/Tracker/y/-8,ON_HOVER,SET_VARIABLE,,,,,,,927:149,($927:147 * $927:132)
Animate,2531:8367,-8,Tracking1/Component 3/Property 1=Desk/Demo Camera Lock/Tracker/y/-8,ON_HOVER,SET_VARIABLE,,,,,,,927:134,($927:147 * $927:136)
Animate,2531:8367,-8,Tracking1/Component 3/Property 1=Desk/Demo Camera Lock/Tracker/y/-8,ON_HOVER,SET_VARIABLE,,,,,,,927:144,($927:147 * $927:133)
Animate,2531:8367,-8,Tracking1/Component 3/Property 1=Desk/Demo Camera Lock/Tracker/y/-8,ON_HOVER,SET_VARIABLE,,,,,,,927:130,($927:147 * $927:139)
Animate,2531:8368,-9,Tracking1/Component 3/Property 1=Desk/Demo Camera Lock/Tracker/y/-9,(legacy),NAVIGATE,2531:8274,,,300.0,EASE_OUT,,,
Animate,2531:8368,-9,Tracking1/Component 3/Property 1=Desk/Demo Camera Lock/Tracker/y/-9,ON_HOVER,NODE,2531:8274,CHANGE_TO,,,,,,
Animate,2531:8368,-9,Tracking1/Component 3/Property 1=Desk/Demo Camera Lock/Tracker/y/-9,ON_HOVER,SET_VARIABLE,,,,,,,927:147,(($927:151 / 26) * 9)
Animate,2531:8368,-9,Tracking1/Component 3/Property 1=Desk/Demo Camera Lock/Tracker/y/-9,ON_HOVER,SET_VARIABLE,,,,,,,927:147,NEGATE($927:147)
Animate,2531:8368,-9,Tracking1/Component 3/Property 1=Desk/Demo Camera Lock/Tracker/y/-9,ON_HOVER,SET_VARIABLE,,,,,,,927:152,($927:147 * $927:145)
Animate,2531:8368,-9,Tracking1/Component 3/Property 1=Desk/Demo Camera Lock/Tracker/y/-9,ON_HOVER,SET_VARIABLE,,,,,,,927:143,($927:147 * $927:153)
Animate,2531:8368,-9,Tracking1/Component 3/Property 1=Desk/Demo Camera Lock/Tracker/y/-9,ON_HOVER,SET_VARIABLE,,,,,,,927:140,($927:147 * $927:142)
Animate,2531:8368,-9,Tracking1/Component 3/Property 1=Desk/Demo Camera Lock/Tracker/y/-9,ON_HOVER,SET_VARIABLE,,,,,,,927:149,($927:147 * $927:132)
Animate,2531:8368,-9,Tracking1/Component 3/Property 1=Desk/Demo Camera Lock/Tracker/y/-9,ON_HOVER,SET_VARIABLE,,,,,,,927:134,($927:147 * $927:136)
Animate,2531:8368,-9,Tracking1/Component 3/Property 1=Desk/Demo Camera Lock/Tracker/y/-9,ON_HOVER,SET_VARIABLE,,,,,,,927:144,($927:147 * $927:133)
Animate,2531:8368,-9,Tracking1/Component 3/Property 1=Desk/Demo Camera Lock/Tracker/y/-9,ON_HOVER,SET_VARIABLE,,,,,,,927:130,($927:147 * $927:139)
Animate,2531:8369,-10,Tracking1/Component 3/Property 1=Desk/Demo Camera Lock/Tracker/y/-10,(legacy),NAVIGATE,2531:8274,,,300.0,EASE_OUT,,,
Animate,2531:8369,-10,Tracking1/Component 3/Property 1=Desk/Demo Camera Lock/Tracker/y/-10,ON_HOVER,NODE,2531:8274,CHANGE_TO,,,,,,
Animate,2531:8369,-10,Tracking1/Component 3/Property 1=Desk/Demo Camera Lock/Tracker/y/-10,ON_HOVER,SET_VARIABLE,,,,,,,927:147,(($927:151 / 26) * 10)
Animate,2531:8369,-10,Tracking1/Component 3/Property 1=Desk/Demo Camera Lock/Tracker/y/-10,ON_HOVER,SET_VARIABLE,,,,,,,927:147,NEGATE($927:147)
Animate,2531:8369,-10,Tracking1/Component 3/Property 1=Desk/Demo Camera Lock/Tracker/y/-10,ON_HOVER,SET_VARIABLE,,,,,,,927:152,($927:147 * $927:145)
Animate,2531:8369,-10,Tracking1/Component 3/Property 1=Desk/Demo Camera Lock/Tracker/y/-10,ON_HOVER,SET_VARIABLE,,,,,,,927:143,($927:147 * $927:153)
Animate,2531:8369,-10,Tracking1/Component 3/Property 1=Desk/Demo Camera Lock/Tracker/y/-10,ON_HOVER,SET_VARIABLE,,,,,,,927:140,($927:147 * $927:142)
Animate,2531:8369,-10,Tracking1/Component 3/Property 1=Desk/Demo Camera Lock/Tracker/y/-10,ON_HOVER,SET_VARIABLE,,,,,,,927:149,($927:147 * $927:132)
Animate,2531:8369,-10,Tracking1/Component 3/Property 1=Desk/Demo Camera Lock/Tracker/y/-10,ON_HOVER,SET_VARIABLE,,,,,,,927:134,($927:147 * $927:136)
Animate,2531:8369,-10,Tracking1/Component 3/Property 1=Desk/Demo Camera Lock/Tracker/y/-10,ON_HOVER,SET_VARIABLE,,,,,,,927:144,($927:147 * $927:133)
Animate,2531:8369,-10,Tracking1/Component 3/Property 1=Desk/Demo Camera Lock/Tracker/y/-10,ON_HOVER,SET_VARIABLE,,,,,,,927:130,($927:147 * $927:139)
Animate,2531:8370,-11,Tracking1/Component 3/Property 1=Desk/Demo Camera Lock/Tracker/y/-11,(legacy),NAVIGATE,2531:8274,,,300.0,EASE_OUT,,,
Animate,2531:8370,-11,Tracking1/Component 3/Property 1=Desk/Demo Camera Lock/Tracker/y/-11,ON_HOVER,NODE,2531:8274,CHANGE_TO,,,,,,
Animate,2531:8370,-11,Tracking1/Component 3/Property 1=Desk/Demo Camera Lock/Tracker/y/-11,ON_HOVER,SET_VARIABLE,,,,,,,927:147,(($927:151 / 26) * 11)
Animate,2531:8370,-11,Tracking1/Component 3/Property 1=Desk/Demo Camera Lock/Tracker/y/-11,ON_HOVER,SET_VARIABLE,,,,,,,927:147,NEGATE($927:147)
Animate,2531:8370,-11,Tracking1/Component 3/Property 1=Desk/Demo Camera Lock/Tracker/y/-11,ON_HOVER,SET_VARIABLE,,,,,,,927:152,($927:147 * $927:145)
Animate,2531:8370,-11,Tracking1/Component 3/Property 1=Desk/Demo Camera Lock/Tracker/y/-11,ON_HOVER,SET_VARIABLE,,,,,,,927:143,($927:147 * $927:153)
Animate,2531:8370,-11,Tracking1/Component 3/Property 1=Desk/Demo Camera Lock/Tracker/y/-11,ON_HOVER,SET_VARIABLE,,,,,,,927:140,($927:147 * $927:142)
Animate,2531:8370,-11,Tracking1/Component 3/Property 1=Desk/Demo Camera Lock/Tracker/y/-11,ON_HOVER,SET_VARIABLE,,,,,,,927:149,($927:147 * $927:132)
Animate,2531:8370,-11,Tracking1/Component 3/Property 1=Desk/Demo Camera Lock/Tracker/y/-11,ON_HOVER,SET_VARIABLE,,,,,,,927:134,($927:147 * $927:136)
Animate,2531:8370,-11,Tracking1/Component 3/Property 1=Desk/Demo Camera Lock/Tracker/y/-11,ON_HOVER,SET_VARIABLE,,,,,,,927:144,($927:147 * $927:133)
Animate,2531:8370,-11,Tracking1/Component 3/Property 1=Desk/Demo Camera Lock/Tracker/y/-11,ON_HOVER,SET_VARIABLE,,,,,,,927:130,($927:147 * $927:139)
Animate,2531:8371,-12,Tracking1/Component 3/Property 1=Desk/Demo Camera Lock/Tracker/y/-12,(legacy),NAVIGATE,2531:8274,,,300.0,EASE_OUT,,,
Animate,2531:8371,-12,Tracking1/Component 3/Property 1=Desk/Demo Camera Lock/Tracker/y/-12,ON_HOVER,NODE,2531:8274,CHANGE_TO,,,,,,
Animate,2531:8371,-12,Tracking1/Component 3/Property 1=Desk/Demo Camera Lock/Tracker/y/-12,ON_HOVER,SET_VARIABLE,,,,,,,927:147,(($927:151 / 26) * 12)
Animate,2531:8371,-12,Tracking1/Component 3/Property 1=Desk/Demo Camera Lock/Tracker/y/-12,ON_HOVER,SET_VARIABLE,,,,,,,927:147,NEGATE($927:147)
Animate,2531:8371,-12,Tracking1/Component 3/Property 1=Desk/Demo Camera Lock/Tracker/y/-12,ON_HOVER,SET_VARIABLE,,,,,,,927:152,($927:147 * $927:145)
Animate,2531:8371,-12,Tracking1/Component 3/Property 1=Desk/Demo Camera Lock/Tracker/y/-12,ON_HOVER,SET_VARIABLE,,,,,,,927:143,($927:147 * $927:153)
Animate,2531:8371,-12,Tracking1/Component 3/Property 1=Desk/Demo Camera Lock/Tracker/y/-12,ON_HOVER,SET_VARIABLE,,,,,,,927:140,($927:147 * $927:142)
Animate,2531:8371,-12,Tracking1/Component 3/Property 1=Desk/Demo Camera Lock/Tracker/y/-12,ON_HOVER,SET_VARIABLE,,,,,,,927:149,($927:147 * $927:132)
Animate,2531:8371,-12,Tracking1/Component 3/Property 1=Desk/Demo Camera Lock/Tracker/y/-12,ON_HOVER,SET_VARIABLE,,,,,,,927:134,($927:147 * $927:136)
Animate,2531:8371,-12,Tracking1/Component 3/Property 1=Desk/Demo Camera Lock/Tracker/y/-12,ON_HOVER,SET_VARIABLE,,,,,,,927:144,($927:147 * $927:133)
Animate,2531:8371,-12,Tracking1/Component 3/Property 1=Desk/Demo Camera Lock/Tracker/y/-12,ON_HOVER,SET_VARIABLE,,,,,,,927:130,($927:147 * $927:139)
Animate,2531:8405,5,Tracking1/Component 3/Property 1=Desk/Demo Camera Lock/Group 1410103544/Layer 5/5/5,(legacy),NAVIGATE,2531:8281,,,1500.0,EASE_IN_AND_OUT,,,
Animate,2531:8405,5,Tracking1/Component 3/Property 1=Desk/Demo Camera Lock/Group 1410103544/Layer 5/5/5,AFTER_TIMEOUT(1.0ms),NODE,2531:8281,CHANGE_TO,SMART_ANIMATE,1500.0,EASE_IN_AND_OUT,,,
Animate,2531:8406,5,Tracking1/Component 3/Property 1=Desk/Demo Camera Lock/Group 1410103544/Layer 5/5/5,(legacy),NAVIGATE,2531:8281,,,900.0,EASE_IN_AND_OUT,,,
Animate,2531:8406,5,Tracking1/Component 3/Property 1=Desk/Demo Camera Lock/Group 1410103544/Layer 5/5/5,AFTER_TIMEOUT(1000.0ms),NODE,2531:8281,CHANGE_TO,SMART_ANIMATE,900.0,EASE_IN_AND_OUT,,,
Animate,2531:8407,5,Tracking1/Component 3/Property 1=Desk/Demo Camera Lock/Group 1410103544/Layer 5/5/5,(legacy),NAVIGATE,2531:8277,,,1500.0,EASE_IN_AND_OUT,,,
Animate,2531:8407,5,Tracking1/Component 3/Property 1=Desk/Demo Camera Lock/Group 1410103544/Layer 5/5/5,AFTER_TIMEOUT(1.0ms),NODE,2531:8277,CHANGE_TO,SMART_ANIMATE,1500.0,EASE_IN_AND_OUT,,,
Animate,2531:8408,5,Tracking1/Component 3/Property 1=Desk/Demo Camera Lock/Group 1410103544/Layer 5/5/5,(legacy),NAVIGATE,2531:8277,,,1500.0,EASE_IN_AND_OUT,,,
Animate,2531:8408,5,Tracking1/Component 3/Property 1=Desk/Demo Camera Lock/Group 1410103544/Layer 5/5/5,AFTER_TIMEOUT(1.0ms),NODE,2531:8277,CHANGE_TO,SMART_ANIMATE,1500.0,EASE_IN_AND_OUT,,,
Animate,2531:8409,5,Tracking1/Component 3/Property 1=Desk/Demo Camera Lock/Group 1410103544/Layer 5/5/5,(legacy),NAVIGATE,2531:8281,,,1500.0,EASE_IN_AND_OUT,,,
Animate,2531:8409,5,Tracking1/Component 3/Property 1=Desk/Demo Camera Lock/Group 1410103544/Layer 5/5/5,AFTER_TIMEOUT(500.0ms),NODE,2531:8281,CHANGE_TO,SMART_ANIMATE,1500.0,EASE_IN_AND_OUT,,,
Animate,2531:8410,5,Tracking1/Component 3/Property 1=Desk/Demo Camera Lock/Group 1410103544/Layer 5/5/5,(legacy),NAVIGATE,2531:8277,,,1500.0,EASE_IN_AND_OUT,,,
Animate,2531:8410,5,Tracking1/Component 3/Property 1=Desk/Demo Camera Lock/Group 1410103544/Layer 5/5/5,AFTER_TIMEOUT(1.0ms),NODE,2531:8277,CHANGE_TO,SMART_ANIMATE,1500.0,EASE_IN_AND_OUT,,,
Animate,2531:8411,5,Tracking1/Component 3/Property 1=Desk/Demo Camera Lock/Group 1410103544/Layer 5/5/5,(legacy),NAVIGATE,2531:8281,,,2000.0,EASE_IN_AND_OUT,,,
Animate,2531:8411,5,Tracking1/Component 3/Property 1=Desk/Demo Camera Lock/Group 1410103544/Layer 5/5/5,AFTER_TIMEOUT(400.0ms),NODE,2531:8281,CHANGE_TO,SMART_ANIMATE,2000.0,EASE_IN_AND_OUT,,,
Animate,2531:8422,4,Tracking1/Component 3/Property 1=Desk/Demo Camera Lock/Group 1410103544/Layer 4/4/4,(legacy),NAVIGATE,2531:8288,,,700.0,LINEAR,,,
Animate,2531:8422,4,Tracking1/Component 3/Property 1=Desk/Demo Camera Lock/Group 1410103544/Layer 4/4/4,AFTER_TIMEOUT(1.0ms),NODE,2531:8288,CHANGE_TO,SMART_ANIMATE,700.0,LINEAR,,,
Animate,2531:8425,3,Tracking1/Component 3/Property 1=Desk/Demo Camera Lock/Group 1410103544/Layer 3/3/3,(legacy),NAVIGATE,2531:8300,,,3000.0,EASE_IN_AND_OUT,,,
Animate,2531:8425,3,Tracking1/Component 3/Property 1=Desk/Demo Camera Lock/Group 1410103544/Layer 3/3/3,AFTER_TIMEOUT(1.0ms),NODE,2531:8300,CHANGE_TO,SMART_ANIMATE,3000.0,EASE_IN_AND_OUT,,,
Animate,2531:8426,3,Tracking1/Component 3/Property 1=Desk/Demo Camera Lock/Group 1410103544/Layer 3/3/3,(legacy),NAVIGATE,2531:8300,,,3000.0,EASE_IN_AND_OUT,,,
Animate,2531:8426,3,Tracking1/Component 3/Property 1=Desk/Demo Camera Lock/Group 1410103544/Layer 3/3/3,AFTER_TIMEOUT(750.0ms),NODE,2531:8300,CHANGE_TO,SMART_ANIMATE,3000.0,EASE_IN_AND_OUT,,,
Animate,2531:8427,3,Tracking1/Component 3/Property 1=Desk/Demo Camera Lock/Group 1410103544/Layer 3/3/3,(legacy),NAVIGATE,2531:8300,,,2000.0,EASE_IN_AND_OUT,,,
Animate,2531:8427,3,Tracking1/Component 3/Property 1=Desk/Demo Camera Lock/Group 1410103544/Layer 3/3/3,AFTER_TIMEOUT(300.0ms),NODE,2531:8300,CHANGE_TO,SMART_ANIMATE,2000.0,EASE_IN_AND_OUT,,,
Animate,2531:8430,2,Tracking1/Component 3/Property 1=Desk/Demo Camera Lock/Group 1410103544/Layer 2/2/2,(legacy),NAVIGATE,2531:8294,,,8500.0,EASE_IN_AND_OUT,,,
Animate,2531:8430,2,Tracking1/Component 3/Property 1=Desk/Demo Camera Lock/Group 1410103544/Layer 2/2/2,AFTER_TIMEOUT(1.0ms),NODE,2531:8294,CHANGE_TO,SMART_ANIMATE,8500.0,EASE_IN_AND_OUT,,,
Animate,2531:8431,2,Tracking1/Component 3/Property 1=Desk/Demo Camera Lock/Group 1410103544/Layer 2/2/2,(legacy),NAVIGATE,2531:8294,,,10000.0,EASE_IN_AND_OUT,,,
Animate,2531:8431,2,Tracking1/Component 3/Property 1=Desk/Demo Camera Lock/Group 1410103544/Layer 2/2/2,AFTER_TIMEOUT(1.0ms),NODE,2531:8294,CHANGE_TO,SMART_ANIMATE,10000.0,EASE_IN_AND_OUT,,,
Animate,2531:8432,2,Tracking1/Component 3/Property 1=Desk/Demo Camera Lock/Group 1410103544/Layer 2/2/2,(legacy),NAVIGATE,2531:8294,,,7000.0,EASE_IN_AND_OUT,,,
Animate,2531:8432,2,Tracking1/Component 3/Property 1=Desk/Demo Camera Lock/Group 1410103544/Layer 2/2/2,AFTER_TIMEOUT(1.0ms),NODE,2531:8294,CHANGE_TO,SMART_ANIMATE,7000.0,EASE_IN_AND_OUT,,,
Animate,2531:8453,20,Tracking1/Component 3/Property 1=Tb/Demo Camera Lock/Tracker/X/20,ON_HOVER,SET_VARIABLE,,,,,,,927:148,(($927:154 / 40) * 20)
Animate,2531:8453,20,Tracking1/Component 3/Property 1=Tb/Demo Camera Lock/Tracker/X/20,ON_HOVER,SET_VARIABLE,,,,,,,927:138,($927:148 * $927:145)
Animate,2531:8453,20,Tracking1/Component 3/Property 1=Tb/Demo Camera Lock/Tracker/X/20,ON_HOVER,SET_VARIABLE,,,,,,,927:146,($927:148 * $927:153)
Animate,2531:8453,20,Tracking1/Component 3/Property 1=Tb/Demo Camera Lock/Tracker/X/20,ON_HOVER,SET_VARIABLE,,,,,,,927:141,($927:148 * $927:142)
Animate,2531:8453,20,Tracking1/Component 3/Property 1=Tb/Demo Camera Lock/Tracker/X/20,ON_HOVER,SET_VARIABLE,,,,,,,927:137,($927:148 * $927:132)
Animate,2531:8453,20,Tracking1/Component 3/Property 1=Tb/Demo Camera Lock/Tracker/X/20,ON_HOVER,SET_VARIABLE,,,,,,,927:135,($927:148 * $927:136)
Animate,2531:8453,20,Tracking1/Component 3/Property 1=Tb/Demo Camera Lock/Tracker/X/20,ON_HOVER,SET_VARIABLE,,,,,,,927:150,($927:148 * $927:133)
Animate,2531:8453,20,Tracking1/Component 3/Property 1=Tb/Demo Camera Lock/Tracker/X/20,ON_HOVER,SET_VARIABLE,,,,,,,927:131,($927:148 * $927:139)
Animate,2531:8454,19,Tracking1/Component 3/Property 1=Tb/Demo Camera Lock/Tracker/X/19,ON_HOVER,SET_VARIABLE,,,,,,,927:148,(($927:154 / 40) * 19)
Animate,2531:8454,19,Tracking1/Component 3/Property 1=Tb/Demo Camera Lock/Tracker/X/19,ON_HOVER,SET_VARIABLE,,,,,,,927:138,($927:148 * $927:145)
Animate,2531:8454,19,Tracking1/Component 3/Property 1=Tb/Demo Camera Lock/Tracker/X/19,ON_HOVER,SET_VARIABLE,,,,,,,927:146,($927:148 * $927:153)
Animate,2531:8454,19,Tracking1/Component 3/Property 1=Tb/Demo Camera Lock/Tracker/X/19,ON_HOVER,SET_VARIABLE,,,,,,,927:141,($927:148 * $927:142)
Animate,2531:8454,19,Tracking1/Component 3/Property 1=Tb/Demo Camera Lock/Tracker/X/19,ON_HOVER,SET_VARIABLE,,,,,,,927:137,($927:148 * $927:132)
Animate,2531:8454,19,Tracking1/Component 3/Property 1=Tb/Demo Camera Lock/Tracker/X/19,ON_HOVER,SET_VARIABLE,,,,,,,927:135,($927:148 * $927:136)
Animate,2531:8454,19,Tracking1/Component 3/Property 1=Tb/Demo Camera Lock/Tracker/X/19,ON_HOVER,SET_VARIABLE,,,,,,,927:150,($927:148 * $927:133)
Animate,2531:8454,19,Tracking1/Component 3/Property 1=Tb/Demo Camera Lock/Tracker/X/19,ON_HOVER,SET_VARIABLE,,,,,,,927:131,($927:148 * $927:139)
Animate,2531:8455,18,Tracking1/Component 3/Property 1=Tb/Demo Camera Lock/Tracker/X/18,ON_HOVER,SET_VARIABLE,,,,,,,927:148,(($927:154 / 40) * 18)
Animate,2531:8455,18,Tracking1/Component 3/Property 1=Tb/Demo Camera Lock/Tracker/X/18,ON_HOVER,SET_VARIABLE,,,,,,,927:138,($927:148 * $927:145)
Animate,2531:8455,18,Tracking1/Component 3/Property 1=Tb/Demo Camera Lock/Tracker/X/18,ON_HOVER,SET_VARIABLE,,,,,,,927:146,($927:148 * $927:153)
Animate,2531:8455,18,Tracking1/Component 3/Property 1=Tb/Demo Camera Lock/Tracker/X/18,ON_HOVER,SET_VARIABLE,,,,,,,927:141,($927:148 * $927:142)
Animate,2531:8455,18,Tracking1/Component 3/Property 1=Tb/Demo Camera Lock/Tracker/X/18,ON_HOVER,SET_VARIABLE,,,,,,,927:137,($927:148 * $927:132)
Animate,2531:8455,18,Tracking1/Component 3/Property 1=Tb/Demo Camera Lock/Tracker/X/18,ON_HOVER,SET_VARIABLE,,,,,,,927:135,($927:148 * $927:136)
Animate,2531:8455,18,Tracking1/Component 3/Property 1=Tb/Demo Camera Lock/Tracker/X/18,ON_HOVER,SET_VARIABLE,,,,,,,927:150,($927:148 * $927:133)
Animate,2531:8455,18,Tracking1/Component 3/Property 1=Tb/Demo Camera Lock/Tracker/X/18,ON_HOVER,SET_VARIABLE,,,,,,,927:131,($927:148 * $927:139)
Animate,2531:8456,17,Tracking1/Component 3/Property 1=Tb/Demo Camera Lock/Tracker/X/17,ON_HOVER,SET_VARIABLE,,,,,,,927:148,(($927:154 / 40) * 17)
Animate,2531:8456,17,Tracking1/Component 3/Property 1=Tb/Demo Camera Lock/Tracker/X/17,ON_HOVER,SET_VARIABLE,,,,,,,927:138,($927:148 * $927:145)
Animate,2531:8456,17,Tracking1/Component 3/Property 1=Tb/Demo Camera Lock/Tracker/X/17,ON_HOVER,SET_VARIABLE,,,,,,,927:146,($927:148 * $927:153)
Animate,2531:8456,17,Tracking1/Component 3/Property 1=Tb/Demo Camera Lock/Tracker/X/17,ON_HOVER,SET_VARIABLE,,,,,,,927:141,($927:148 * $927:142)
Animate,2531:8456,17,Tracking1/Component 3/Property 1=Tb/Demo Camera Lock/Tracker/X/17,ON_HOVER,SET_VARIABLE,,,,,,,927:137,($927:148 * $927:132)
Animate,2531:8456,17,Tracking1/Component 3/Property 1=Tb/Demo Camera Lock/Tracker/X/17,ON_HOVER,SET_VARIABLE,,,,,,,927:135,($927:148 * $927:136)
Animate,2531:8456,17,Tracking1/Component 3/Property 1=Tb/Demo Camera Lock/Tracker/X/17,ON_HOVER,SET_VARIABLE,,,,,,,927:150,($927:148 * $927:133)
Animate,2531:8456,17,Tracking1/Component 3/Property 1=Tb/Demo Camera Lock/Tracker/X/17,ON_HOVER,SET_VARIABLE,,,,,,,927:131,($927:148 * $927:139)
Animate,2531:8457,16,Tracking1/Component 3/Property 1=Tb/Demo Camera Lock/Tracker/X/16,ON_HOVER,SET_VARIABLE,,,,,,,927:148,(($927:154 / 40) * 16)
Animate,2531:8457,16,Tracking1/Component 3/Property 1=Tb/Demo Camera Lock/Tracker/X/16,ON_HOVER,SET_VARIABLE,,,,,,,927:138,($927:148 * $927:145)
Animate,2531:8457,16,Tracking1/Component 3/Property 1=Tb/Demo Camera Lock/Tracker/X/16,ON_HOVER,SET_VARIABLE,,,,,,,927:146,($927:148 * $927:153)
Animate,2531:8457,16,Tracking1/Component 3/Property 1=Tb/Demo Camera Lock/Tracker/X/16,ON_HOVER,SET_VARIABLE,,,,,,,927:141,($927:148 * $927:142)
Animate,2531:8457,16,Tracking1/Component 3/Property 1=Tb/Demo Camera Lock/Tracker/X/16,ON_HOVER,SET_VARIABLE,,,,,,,927:137,($927:148 * $927:132)
Animate,2531:8457,16,Tracking1/Component 3/Property 1=Tb/Demo Camera Lock/Tracker/X/16,ON_HOVER,SET_VARIABLE,,,,,,,927:135,($927:148 * $927:136)
Animate,2531:8457,16,Tracking1/Component 3/Property 1=Tb/Demo Camera Lock/Tracker/X/16,ON_HOVER,SET_VARIABLE,,,,,,,927:150,($927:148 * $927:133)
Animate,2531:8457,16,Tracking1/Component 3/Property 1=Tb/Demo Camera Lock/Tracker/X/16,ON_HOVER,SET_VARIABLE,,,,,,,927:131,($927:148 * $927:139)
Animate,2531:8458,15,Tracking1/Component 3/Property 1=Tb/Demo Camera Lock/Tracker/X/15,ON_HOVER,SET_VARIABLE,,,,,,,927:148,(($927:154 / 40) * 15)
Animate,2531:8458,15,Tracking1/Component 3/Property 1=Tb/Demo Camera Lock/Tracker/X/15,ON_HOVER,SET_VARIABLE,,,,,,,927:138,($927:148 * $927:145)
Animate,2531:8458,15,Tracking1/Component 3/Property 1=Tb/Demo Camera Lock/Tracker/X/15,ON_HOVER,SET_VARIABLE,,,,,,,927:146,($927:148 * $927:153)
Animate,2531:8458,15,Tracking1/Component 3/Property 1=Tb/Demo Camera Lock/Tracker/X/15,ON_HOVER,SET_VARIABLE,,,,,,,927:141,($927:148 * $927:142)
Animate,2531:8458,15,Tracking1/Component 3/Property 1=Tb/Demo Camera Lock/Tracker/X/15,ON_HOVER,SET_VARIABLE,,,,,,,927:137,($927:148 * $927:132)
Animate,2531:8458,15,Tracking1/Component 3/Property 1=Tb/Demo Camera Lock/Tracker/X/15,ON_HOVER,SET_VARIABLE,,,,,,,927:135,($927:148 * $927:136)
Animate,2531:8458,15,Tracking1/Component 3/Property 1=Tb/Demo Camera Lock/Tracker/X/15,ON_HOVER,SET_VARIABLE,,,,,,,927:150,($927:148 * $927:133)
Animate,2531:8458,15,Tracking1/Component 3/Property 1=Tb/Demo Camera Lock/Tracker/X/15,ON_HOVER,SET_VARIABLE,,,,,,,927:131,($927:148 * $927:139)
Animate,2531:8459,14,Tracking1/Component 3/Property 1=Tb/Demo Camera Lock/Tracker/X/14,ON_HOVER,SET_VARIABLE,,,,,,,927:148,(($927:154 / 40) * 14)
Animate,2531:8459,14,Tracking1/Component 3/Property 1=Tb/Demo Camera Lock/Tracker/X/14,ON_HOVER,SET_VARIABLE,,,,,,,927:138,($927:148 * $927:145)
Animate,2531:8459,14,Tracking1/Component 3/Property 1=Tb/Demo Camera Lock/Tracker/X/14,ON_HOVER,SET_VARIABLE,,,,,,,927:146,($927:148 * $927:153)
Animate,2531:8459,14,Tracking1/Component 3/Property 1=Tb/Demo Camera Lock/Tracker/X/14,ON_HOVER,SET_VARIABLE,,,,,,,927:141,($927:148 * $927:142)
Animate,2531:8459,14,Tracking1/Component 3/Property 1=Tb/Demo Camera Lock/Tracker/X/14,ON_HOVER,SET_VARIABLE,,,,,,,927:137,($927:148 * $927:132)
Animate,2531:8459,14,Tracking1/Component 3/Property 1=Tb/Demo Camera Lock/Tracker/X/14,ON_HOVER,SET_VARIABLE,,,,,,,927:135,($927:148 * $927:136)
Animate,2531:8459,14,Tracking1/Component 3/Property 1=Tb/Demo Camera Lock/Tracker/X/14,ON_HOVER,SET_VARIABLE,,,,,,,927:150,($927:148 * $927:133)
Animate,2531:8459,14,Tracking1/Component 3/Property 1=Tb/Demo Camera Lock/Tracker/X/14,ON_HOVER,SET_VARIABLE,,,,,,,927:131,($927:148 * $927:139)
Animate,2531:8460,13,Tracking1/Component 3/Property 1=Tb/Demo Camera Lock/Tracker/X/13,ON_HOVER,SET_VARIABLE,,,,,,,927:148,(($927:154 / 40) * 13)
Animate,2531:8460,13,Tracking1/Component 3/Property 1=Tb/Demo Camera Lock/Tracker/X/13,ON_HOVER,SET_VARIABLE,,,,,,,927:138,($927:148 * $927:145)
Animate,2531:8460,13,Tracking1/Component 3/Property 1=Tb/Demo Camera Lock/Tracker/X/13,ON_HOVER,SET_VARIABLE,,,,,,,927:146,($927:148 * $927:153)
Animate,2531:8460,13,Tracking1/Component 3/Property 1=Tb/Demo Camera Lock/Tracker/X/13,ON_HOVER,SET_VARIABLE,,,,,,,927:141,($927:148 * $927:142)
Animate,2531:8460,13,Tracking1/Component 3/Property 1=Tb/Demo Camera Lock/Tracker/X/13,ON_HOVER,SET_VARIABLE,,,,,,,927:137,($927:148 * $927:132)
Animate,2531:8460,13,Tracking1/Component 3/Property 1=Tb/Demo Camera Lock/Tracker/X/13,ON_HOVER,SET_VARIABLE,,,,,,,927:135,($927:148 * $927:136)
Animate,2531:8460,13,Tracking1/Component 3/Property 1=Tb/Demo Camera Lock/Tracker/X/13,ON_HOVER,SET_VARIABLE,,,,,,,927:150,($927:148 * $927:133)
Animate,2531:8460,13,Tracking1/Component 3/Property 1=Tb/Demo Camera Lock/Tracker/X/13,ON_HOVER,SET_VARIABLE,,,,,,,927:131,($927:148 * $927:139)
Animate,2531:8461,12,Tracking1/Component 3/Property 1=Tb/Demo Camera Lock/Tracker/X/12,ON_HOVER,SET_VARIABLE,,,,,,,927:148,(($927:154 / 40) * 12)
Animate,2531:8461,12,Tracking1/Component 3/Property 1=Tb/Demo Camera Lock/Tracker/X/12,ON_HOVER,SET_VARIABLE,,,,,,,927:138,($927:148 * $927:145)
Animate,2531:8461,12,Tracking1/Component 3/Property 1=Tb/Demo Camera Lock/Tracker/X/12,ON_HOVER,SET_VARIABLE,,,,,,,927:146,($927:148 * $927:153)
Animate,2531:8461,12,Tracking1/Component 3/Property 1=Tb/Demo Camera Lock/Tracker/X/12,ON_HOVER,SET_VARIABLE,,,,,,,927:141,($927:148 * $927:142)
Animate,2531:8461,12,Tracking1/Component 3/Property 1=Tb/Demo Camera Lock/Tracker/X/12,ON_HOVER,SET_VARIABLE,,,,,,,927:137,($927:148 * $927:132)
Animate,2531:8461,12,Tracking1/Component 3/Property 1=Tb/Demo Camera Lock/Tracker/X/12,ON_HOVER,SET_VARIABLE,,,,,,,927:135,($927:148 * $927:136)
Animate,2531:8461,12,Tracking1/Component 3/Property 1=Tb/Demo Camera Lock/Tracker/X/12,ON_HOVER,SET_VARIABLE,,,,,,,927:150,($927:148 * $927:133)
Animate,2531:8461,12,Tracking1/Component 3/Property 1=Tb/Demo Camera Lock/Tracker/X/12,ON_HOVER,SET_VARIABLE,,,,,,,927:131,($927:148 * $927:139)
Animate,2531:8462,11,Tracking1/Component 3/Property 1=Tb/Demo Camera Lock/Tracker/X/11,ON_HOVER,SET_VARIABLE,,,,,,,927:148,(($927:154 / 40) * 11)
Animate,2531:8462,11,Tracking1/Component 3/Property 1=Tb/Demo Camera Lock/Tracker/X/11,ON_HOVER,SET_VARIABLE,,,,,,,927:138,($927:148 * $927:145)
Animate,2531:8462,11,Tracking1/Component 3/Property 1=Tb/Demo Camera Lock/Tracker/X/11,ON_HOVER,SET_VARIABLE,,,,,,,927:146,($927:148 * $927:153)
Animate,2531:8462,11,Tracking1/Component 3/Property 1=Tb/Demo Camera Lock/Tracker/X/11,ON_HOVER,SET_VARIABLE,,,,,,,927:141,($927:148 * $927:142)
Animate,2531:8462,11,Tracking1/Component 3/Property 1=Tb/Demo Camera Lock/Tracker/X/11,ON_HOVER,SET_VARIABLE,,,,,,,927:137,($927:148 * $927:132)
Animate,2531:8462,11,Tracking1/Component 3/Property 1=Tb/Demo Camera Lock/Tracker/X/11,ON_HOVER,SET_VARIABLE,,,,,,,927:135,($927:148 * $927:136)
Animate,2531:8462,11,Tracking1/Component 3/Property 1=Tb/Demo Camera Lock/Tracker/X/11,ON_HOVER,SET_VARIABLE,,,,,,,927:150,($927:148 * $927:133)
Animate,2531:8462,11,Tracking1/Component 3/Property 1=Tb/Demo Camera Lock/Tracker/X/11,ON_HOVER,SET_VARIABLE,,,,,,,927:131,($927:148 * $927:139)
Animate,2531:8463,10,Tracking1/Component 3/Property 1=Tb/Demo Camera Lock/Tracker/X/10,ON_HOVER,SET_VARIABLE,,,,,,,927:148,(($927:154 / 40) * 10)
Animate,2531:8463,10,Tracking1/Component 3/Property 1=Tb/Demo Camera Lock/Tracker/X/10,ON_HOVER,SET_VARIABLE,,,,,,,927:138,($927:148 * $927:145)
Animate,2531:8463,10,Tracking1/Component 3/Property 1=Tb/Demo Camera Lock/Tracker/X/10,ON_HOVER,SET_VARIABLE,,,,,,,927:146,($927:148 * $927:153)
Animate,2531:8463,10,Tracking1/Component 3/Property 1=Tb/Demo Camera Lock/Tracker/X/10,ON_HOVER,SET_VARIABLE,,,,,,,927:141,($927:148 * $927:142)
Animate,2531:8463,10,Tracking1/Component 3/Property 1=Tb/Demo Camera Lock/Tracker/X/10,ON_HOVER,SET_VARIABLE,,,,,,,927:137,($927:148 * $927:132)
Animate,2531:8463,10,Tracking1/Component 3/Property 1=Tb/Demo Camera Lock/Tracker/X/10,ON_HOVER,SET_VARIABLE,,,,,,,927:135,($927:148 * $927:136)
Animate,2531:8463,10,Tracking1/Component 3/Property 1=Tb/Demo Camera Lock/Tracker/X/10,ON_HOVER,SET_VARIABLE,,,,,,,927:150,($927:148 * $927:133)
Animate,2531:8463,10,Tracking1/Component 3/Property 1=Tb/Demo Camera Lock/Tracker/X/10,ON_HOVER,SET_VARIABLE,,,,,,,927:131,($927:148 * $927:139)
Animate,2531:8464,9,Tracking1/Component 3/Property 1=Tb/Demo Camera Lock/Tracker/X/9,ON_HOVER,SET_VARIABLE,,,,,,,927:148,(($927:154 / 40) * 9)
Animate,2531:8464,9,Tracking1/Component 3/Property 1=Tb/Demo Camera Lock/Tracker/X/9,ON_HOVER,SET_VARIABLE,,,,,,,927:138,($927:148 * $927:145)
Animate,2531:8464,9,Tracking1/Component 3/Property 1=Tb/Demo Camera Lock/Tracker/X/9,ON_HOVER,SET_VARIABLE,,,,,,,927:146,($927:148 * $927:153)
Animate,2531:8464,9,Tracking1/Component 3/Property 1=Tb/Demo Camera Lock/Tracker/X/9,ON_HOVER,SET_VARIABLE,,,,,,,927:141,($927:148 * $927:142)
Animate,2531:8464,9,Tracking1/Component 3/Property 1=Tb/Demo Camera Lock/Tracker/X/9,ON_HOVER,SET_VARIABLE,,,,,,,927:137,($927:148 * $927:132)
Animate,2531:8464,9,Tracking1/Component 3/Property 1=Tb/Demo Camera Lock/Tracker/X/9,ON_HOVER,SET_VARIABLE,,,,,,,927:135,($927:148 * $927:136)
Animate,2531:8464,9,Tracking1/Component 3/Property 1=Tb/Demo Camera Lock/Tracker/X/9,ON_HOVER,SET_VARIABLE,,,,,,,927:150,($927:148 * $927:133)
Animate,2531:8464,9,Tracking1/Component 3/Property 1=Tb/Demo Camera Lock/Tracker/X/9,ON_HOVER,SET_VARIABLE,,,,,,,927:131,($927:148 * $927:139)
Animate,2531:8465,8,Tracking1/Component 3/Property 1=Tb/Demo Camera Lock/Tracker/X/8,ON_HOVER,SET_VARIABLE,,,,,,,927:148,(($927:154 / 40) * 8)
Animate,2531:8465,8,Tracking1/Component 3/Property 1=Tb/Demo Camera Lock/Tracker/X/8,ON_HOVER,SET_VARIABLE,,,,,,,927:138,($927:148 * $927:145)
Animate,2531:8465,8,Tracking1/Component 3/Property 1=Tb/Demo Camera Lock/Tracker/X/8,ON_HOVER,SET_VARIABLE,,,,,,,927:146,($927:148 * $927:153)
Animate,2531:8465,8,Tracking1/Component 3/Property 1=Tb/Demo Camera Lock/Tracker/X/8,ON_HOVER,SET_VARIABLE,,,,,,,927:141,($927:148 * $927:142)
Animate,2531:8465,8,Tracking1/Component 3/Property 1=Tb/Demo Camera Lock/Tracker/X/8,ON_HOVER,SET_VARIABLE,,,,,,,927:137,($927:148 * $927:132)
Animate,2531:8465,8,Tracking1/Component 3/Property 1=Tb/Demo Camera Lock/Tracker/X/8,ON_HOVER,SET_VARIABLE,,,,,,,927:135,($927:148 * $927:136)
Animate,2531:8465,8,Tracking1/Component 3/Property 1=Tb/Demo Camera Lock/Tracker/X/8,ON_HOVER,SET_VARIABLE,,,,,,,927:150,($927:148 * $927:133)
Animate,2531:8465,8,Tracking1/Component 3/Property 1=Tb/Demo Camera Lock/Tracker/X/8,ON_HOVER,SET_VARIABLE,,,,,,,927:131,($927:148 * $927:139)
Animate,2531:8466,7,Tracking1/Component 3/Property 1=Tb/Demo Camera Lock/Tracker/X/7,ON_HOVER,SET_VARIABLE,,,,,,,927:148,(($927:154 / 40) * 7)
Animate,2531:8466,7,Tracking1/Component 3/Property 1=Tb/Demo Camera Lock/Tracker/X/7,ON_HOVER,SET_VARIABLE,,,,,,,927:138,($927:148 * $927:145)
Animate,2531:8466,7,Tracking1/Component 3/Property 1=Tb/Demo Camera Lock/Tracker/X/7,ON_HOVER,SET_VARIABLE,,,,,,,927:146,($927:148 * $927:153)
Animate,2531:8466,7,Tracking1/Component 3/Property 1=Tb/Demo Camera Lock/Tracker/X/7,ON_HOVER,SET_VARIABLE,,,,,,,927:141,($927:148 * $927:142)
Animate,2531:8466,7,Tracking1/Component 3/Property 1=Tb/Demo Camera Lock/Tracker/X/7,ON_HOVER,SET_VARIABLE,,,,,,,927:137,($927:148 * $927:132)
Animate,2531:8466,7,Tracking1/Component 3/Property 1=Tb/Demo Camera Lock/Tracker/X/7,ON_HOVER,SET_VARIABLE,,,,,,,927:135,($927:148 * $927:136)
Animate,2531:8466,7,Tracking1/Component 3/Property 1=Tb/Demo Camera Lock/Tracker/X/7,ON_HOVER,SET_VARIABLE,,,,,,,927:150,($927:148 * $927:133)
Animate,2531:8466,7,Tracking1/Component 3/Property 1=Tb/Demo Camera Lock/Tracker/X/7,ON_HOVER,SET_VARIABLE,,,,,,,927:131,($927:148 * $927:139)
Animate,2531:8467,6,Tracking1/Component 3/Property 1=Tb/Demo Camera Lock/Tracker/X/6,ON_HOVER,SET_VARIABLE,,,,,,,927:148,(($927:154 / 40) * 6)
Animate,2531:8467,6,Tracking1/Component 3/Property 1=Tb/Demo Camera Lock/Tracker/X/6,ON_HOVER,SET_VARIABLE,,,,,,,927:138,($927:148 * $927:145)
Animate,2531:8467,6,Tracking1/Component 3/Property 1=Tb/Demo Camera Lock/Tracker/X/6,ON_HOVER,SET_VARIABLE,,,,,,,927:146,($927:148 * $927:153)
Animate,2531:8467,6,Tracking1/Component 3/Property 1=Tb/Demo Camera Lock/Tracker/X/6,ON_HOVER,SET_VARIABLE,,,,,,,927:141,($927:148 * $927:142)
Animate,2531:8467,6,Tracking1/Component 3/Property 1=Tb/Demo Camera Lock/Tracker/X/6,ON_HOVER,SET_VARIABLE,,,,,,,927:137,($927:148 * $927:132)
Animate,2531:8467,6,Tracking1/Component 3/Property 1=Tb/Demo Camera Lock/Tracker/X/6,ON_HOVER,SET_VARIABLE,,,,,,,927:135,($927:148 * $927:136)
Animate,2531:8467,6,Tracking1/Component 3/Property 1=Tb/Demo Camera Lock/Tracker/X/6,ON_HOVER,SET_VARIABLE,,,,,,,927:150,($927:148 * $927:133)
Animate,2531:8467,6,Tracking1/Component 3/Property 1=Tb/Demo Camera Lock/Tracker/X/6,ON_HOVER,SET_VARIABLE,,,,,,,927:131,($927:148 * $927:139)
Animate,2531:8468,5,Tracking1/Component 3/Property 1=Tb/Demo Camera Lock/Tracker/X/5,ON_HOVER,SET_VARIABLE,,,,,,,927:148,(($927:154 / 40) * 5)
Animate,2531:8468,5,Tracking1/Component 3/Property 1=Tb/Demo Camera Lock/Tracker/X/5,ON_HOVER,SET_VARIABLE,,,,,,,927:138,($927:148 * $927:145)
Animate,2531:8468,5,Tracking1/Component 3/Property 1=Tb/Demo Camera Lock/Tracker/X/5,ON_HOVER,SET_VARIABLE,,,,,,,927:146,($927:148 * $927:153)
Animate,2531:8468,5,Tracking1/Component 3/Property 1=Tb/Demo Camera Lock/Tracker/X/5,ON_HOVER,SET_VARIABLE,,,,,,,927:141,($927:148 * $927:142)
Animate,2531:8468,5,Tracking1/Component 3/Property 1=Tb/Demo Camera Lock/Tracker/X/5,ON_HOVER,SET_VARIABLE,,,,,,,927:137,($927:148 * $927:132)
Animate,2531:8468,5,Tracking1/Component 3/Property 1=Tb/Demo Camera Lock/Tracker/X/5,ON_HOVER,SET_VARIABLE,,,,,,,927:135,($927:148 * $927:136)
Animate,2531:8468,5,Tracking1/Component 3/Property 1=Tb/Demo Camera Lock/Tracker/X/5,ON_HOVER,SET_VARIABLE,,,,,,,927:150,($927:148 * $927:133)
Animate,2531:8468,5,Tracking1/Component 3/Property 1=Tb/Demo Camera Lock/Tracker/X/5,ON_HOVER,SET_VARIABLE,,,,,,,927:131,($927:148 * $927:139)
Animate,2531:8469,4,Tracking1/Component 3/Property 1=Tb/Demo Camera Lock/Tracker/X/4,ON_HOVER,SET_VARIABLE,,,,,,,927:148,(($927:154 / 40) * 4)
Animate,2531:8469,4,Tracking1/Component 3/Property 1=Tb/Demo Camera Lock/Tracker/X/4,ON_HOVER,SET_VARIABLE,,,,,,,927:138,($927:148 * $927:145)
Animate,2531:8469,4,Tracking1/Component 3/Property 1=Tb/Demo Camera Lock/Tracker/X/4,ON_HOVER,SET_VARIABLE,,,,,,,927:146,($927:148 * $927:153)
Animate,2531:8469,4,Tracking1/Component 3/Property 1=Tb/Demo Camera Lock/Tracker/X/4,ON_HOVER,SET_VARIABLE,,,,,,,927:141,($927:148 * $927:142)
Animate,2531:8469,4,Tracking1/Component 3/Property 1=Tb/Demo Camera Lock/Tracker/X/4,ON_HOVER,SET_VARIABLE,,,,,,,927:137,($927:148 * $927:132)
Animate,2531:8469,4,Tracking1/Component 3/Property 1=Tb/Demo Camera Lock/Tracker/X/4,ON_HOVER,SET_VARIABLE,,,,,,,927:135,($927:148 * $927:136)
Animate,2531:8469,4,Tracking1/Component 3/Property 1=Tb/Demo Camera Lock/Tracker/X/4,ON_HOVER,SET_VARIABLE,,,,,,,927:150,($927:148 * $927:133)
Animate,2531:8469,4,Tracking1/Component 3/Property 1=Tb/Demo Camera Lock/Tracker/X/4,ON_HOVER,SET_VARIABLE,,,,,,,927:131,($927:148 * $927:139)
Animate,2531:8470,3,Tracking1/Component 3/Property 1=Tb/Demo Camera Lock/Tracker/X/3,ON_HOVER,SET_VARIABLE,,,,,,,927:148,(($927:154 / 40) * 3)
Animate,2531:8470,3,Tracking1/Component 3/Property 1=Tb/Demo Camera Lock/Tracker/X/3,ON_HOVER,SET_VARIABLE,,,,,,,927:138,($927:148 * $927:145)
Animate,2531:8470,3,Tracking1/Component 3/Property 1=Tb/Demo Camera Lock/Tracker/X/3,ON_HOVER,SET_VARIABLE,,,,,,,927:146,($927:148 * $927:153)
Animate,2531:8470,3,Tracking1/Component 3/Property 1=Tb/Demo Camera Lock/Tracker/X/3,ON_HOVER,SET_VARIABLE,,,,,,,927:141,($927:148 * $927:142)
Animate,2531:8470,3,Tracking1/Component 3/Property 1=Tb/Demo Camera Lock/Tracker/X/3,ON_HOVER,SET_VARIABLE,,,,,,,927:137,($927:148 * $927:132)
Animate,2531:8470,3,Tracking1/Component 3/Property 1=Tb/Demo Camera Lock/Tracker/X/3,ON_HOVER,SET_VARIABLE,,,,,,,927:135,($927:148 * $927:136)
Animate,2531:8470,3,Tracking1/Component 3/Property 1=Tb/Demo Camera Lock/Tracker/X/3,ON_HOVER,SET_VARIABLE,,,,,,,927:150,($927:148 * $927:133)
Animate,2531:8470,3,Tracking1/Component 3/Property 1=Tb/Demo Camera Lock/Tracker/X/3,ON_HOVER,SET_VARIABLE,,,,,,,927:131,($927:148 * $927:139)
Animate,2531:8471,2,Tracking1/Component 3/Property 1=Tb/Demo Camera Lock/Tracker/X/2,ON_HOVER,SET_VARIABLE,,,,,,,927:148,(($927:154 / 40) * 2)
Animate,2531:8471,2,Tracking1/Component 3/Property 1=Tb/Demo Camera Lock/Tracker/X/2,ON_HOVER,SET_VARIABLE,,,,,,,927:138,($927:148 * $927:145)
Animate,2531:8471,2,Tracking1/Component 3/Property 1=Tb/Demo Camera Lock/Tracker/X/2,ON_HOVER,SET_VARIABLE,,,,,,,927:146,($927:148 * $927:153)
Animate,2531:8471,2,Tracking1/Component 3/Property 1=Tb/Demo Camera Lock/Tracker/X/2,ON_HOVER,SET_VARIABLE,,,,,,,927:141,($927:148 * $927:142)
Animate,2531:8471,2,Tracking1/Component 3/Property 1=Tb/Demo Camera Lock/Tracker/X/2,ON_HOVER,SET_VARIABLE,,,,,,,927:137,($927:148 * $927:132)
Animate,2531:8471,2,Tracking1/Component 3/Property 1=Tb/Demo Camera Lock/Tracker/X/2,ON_HOVER,SET_VARIABLE,,,,,,,927:135,($927:148 * $927:136)
Animate,2531:8471,2,Tracking1/Component 3/Property 1=Tb/Demo Camera Lock/Tracker/X/2,ON_HOVER,SET_VARIABLE,,,,,,,927:150,($927:148 * $927:133)
Animate,2531:8471,2,Tracking1/Component 3/Property 1=Tb/Demo Camera Lock/Tracker/X/2,ON_HOVER,SET_VARIABLE,,,,,,,927:131,($927:148 * $927:139)
Animate,2531:8472,1,Tracking1/Component 3/Property 1=Tb/Demo Camera Lock/Tracker/X/1,ON_HOVER,SET_VARIABLE,,,,,,,927:148,(($927:154 / 40) * 1)
Animate,2531:8472,1,Tracking1/Component 3/Property 1=Tb/Demo Camera Lock/Tracker/X/1,ON_HOVER,SET_VARIABLE,,,,,,,927:138,($927:148 * $927:145)
Animate,2531:8472,1,Tracking1/Component 3/Property 1=Tb/Demo Camera Lock/Tracker/X/1,ON_HOVER,SET_VARIABLE,,,,,,,927:146,($927:148 * $927:153)
Animate,2531:8472,1,Tracking1/Component 3/Property 1=Tb/Demo Camera Lock/Tracker/X/1,ON_HOVER,SET_VARIABLE,,,,,,,927:141,($927:148 * $927:142)
Animate,2531:8472,1,Tracking1/Component 3/Property 1=Tb/Demo Camera Lock/Tracker/X/1,ON_HOVER,SET_VARIABLE,,,,,,,927:137,($927:148 * $927:132)
Animate,2531:8472,1,Tracking1/Component 3/Property 1=Tb/Demo Camera Lock/Tracker/X/1,ON_HOVER,SET_VARIABLE,,,,,,,927:135,($927:148 * $927:136)
Animate,2531:8472,1,Tracking1/Component 3/Property 1=Tb/Demo Camera Lock/Tracker/X/1,ON_HOVER,SET_VARIABLE,,,,,,,927:150,($927:148 * $927:133)
Animate,2531:8472,1,Tracking1/Component 3/Property 1=Tb/Demo Camera Lock/Tracker/X/1,ON_HOVER,SET_VARIABLE,,,,,,,927:131,($927:148 * $927:139)
Animate,2531:8473,-1,Tracking1/Component 3/Property 1=Tb/Demo Camera Lock/Tracker/X/-1,ON_HOVER,SET_VARIABLE,,,,,,,927:148,(($927:154 / 40) * 1)
Animate,2531:8473,-1,Tracking1/Component 3/Property 1=Tb/Demo Camera Lock/Tracker/X/-1,ON_HOVER,SET_VARIABLE,,,,,,,927:148,NEGATE($927:148)
Animate,2531:8473,-1,Tracking1/Component 3/Property 1=Tb/Demo Camera Lock/Tracker/X/-1,ON_HOVER,SET_VARIABLE,,,,,,,927:138,($927:148 * $927:145)
Animate,2531:8473,-1,Tracking1/Component 3/Property 1=Tb/Demo Camera Lock/Tracker/X/-1,ON_HOVER,SET_VARIABLE,,,,,,,927:146,($927:148 * $927:153)
Animate,2531:8473,-1,Tracking1/Component 3/Property 1=Tb/Demo Camera Lock/Tracker/X/-1,ON_HOVER,SET_VARIABLE,,,,,,,927:141,($927:148 * $927:142)
Animate,2531:8473,-1,Tracking1/Component 3/Property 1=Tb/Demo Camera Lock/Tracker/X/-1,ON_HOVER,SET_VARIABLE,,,,,,,927:137,($927:148 * $927:132)
Animate,2531:8473,-1,Tracking1/Component 3/Property 1=Tb/Demo Camera Lock/Tracker/X/-1,ON_HOVER,SET_VARIABLE,,,,,,,927:135,($927:148 * $927:136)
Animate,2531:8473,-1,Tracking1/Component 3/Property 1=Tb/Demo Camera Lock/Tracker/X/-1,ON_HOVER,SET_VARIABLE,,,,,,,927:150,($927:148 * $927:133)
Animate,2531:8473,-1,Tracking1/Component 3/Property 1=Tb/Demo Camera Lock/Tracker/X/-1,ON_HOVER,SET_VARIABLE,,,,,,,927:131,($927:148 * $927:139)
Animate,2531:8474,-2,Tracking1/Component 3/Property 1=Tb/Demo Camera Lock/Tracker/X/-2,ON_HOVER,SET_VARIABLE,,,,,,,927:148,(($927:154 / 40) * 2)
Animate,2531:8474,-2,Tracking1/Component 3/Property 1=Tb/Demo Camera Lock/Tracker/X/-2,ON_HOVER,SET_VARIABLE,,,,,,,927:148,NEGATE($927:148)
Animate,2531:8474,-2,Tracking1/Component 3/Property 1=Tb/Demo Camera Lock/Tracker/X/-2,ON_HOVER,SET_VARIABLE,,,,,,,927:138,($927:148 * $927:145)
Animate,2531:8474,-2,Tracking1/Component 3/Property 1=Tb/Demo Camera Lock/Tracker/X/-2,ON_HOVER,SET_VARIABLE,,,,,,,927:146,($927:148 * $927:153)
Animate,2531:8474,-2,Tracking1/Component 3/Property 1=Tb/Demo Camera Lock/Tracker/X/-2,ON_HOVER,SET_VARIABLE,,,,,,,927:141,($927:148 * $927:142)
Animate,2531:8474,-2,Tracking1/Component 3/Property 1=Tb/Demo Camera Lock/Tracker/X/-2,ON_HOVER,SET_VARIABLE,,,,,,,927:137,($927:148 * $927:132)
Animate,2531:8474,-2,Tracking1/Component 3/Property 1=Tb/Demo Camera Lock/Tracker/X/-2,ON_HOVER,SET_VARIABLE,,,,,,,927:135,($927:148 * $927:136)
Animate,2531:8474,-2,Tracking1/Component 3/Property 1=Tb/Demo Camera Lock/Tracker/X/-2,ON_HOVER,SET_VARIABLE,,,,,,,927:150,($927:148 * $927:133)
Animate,2531:8474,-2,Tracking1/Component 3/Property 1=Tb/Demo Camera Lock/Tracker/X/-2,ON_HOVER,SET_VARIABLE,,,,,,,927:131,($927:148 * $927:139)
Animate,2531:8475,-3,Tracking1/Component 3/Property 1=Tb/Demo Camera Lock/Tracker/X/-3,ON_HOVER,SET_VARIABLE,,,,,,,927:148,(($927:154 / 40) * 3)
Animate,2531:8475,-3,Tracking1/Component 3/Property 1=Tb/Demo Camera Lock/Tracker/X/-3,ON_HOVER,SET_VARIABLE,,,,,,,927:148,NEGATE($927:148)
Animate,2531:8475,-3,Tracking1/Component 3/Property 1=Tb/Demo Camera Lock/Tracker/X/-3,ON_HOVER,SET_VARIABLE,,,,,,,927:138,($927:148 * $927:145)
Animate,2531:8475,-3,Tracking1/Component 3/Property 1=Tb/Demo Camera Lock/Tracker/X/-3,ON_HOVER,SET_VARIABLE,,,,,,,927:146,($927:148 * $927:153)
Animate,2531:8475,-3,Tracking1/Component 3/Property 1=Tb/Demo Camera Lock/Tracker/X/-3,ON_HOVER,SET_VARIABLE,,,,,,,927:141,($927:148 * $927:142)
Animate,2531:8475,-3,Tracking1/Component 3/Property 1=Tb/Demo Camera Lock/Tracker/X/-3,ON_HOVER,SET_VARIABLE,,,,,,,927:137,($927:148 * $927:132)
Animate,2531:8475,-3,Tracking1/Component 3/Property 1=Tb/Demo Camera Lock/Tracker/X/-3,ON_HOVER,SET_VARIABLE,,,,,,,927:135,($927:148 * $927:136)
Animate,2531:8475,-3,Tracking1/Component 3/Property 1=Tb/Demo Camera Lock/Tracker/X/-3,ON_HOVER,SET_VARIABLE,,,,,,,927:150,($927:148 * $927:133)
Animate,2531:8475,-3,Tracking1/Component 3/Property 1=Tb/Demo Camera Lock/Tracker/X/-3,ON_HOVER,SET_VARIABLE,,,,,,,927:131,($927:148 * $927:139)
Animate,2531:8476,-4,Tracking1/Component 3/Property 1=Tb/Demo Camera Lock/Tracker/X/-4,ON_HOVER,SET_VARIABLE,,,,,,,927:148,(($927:154 / 40) * 4)
Animate,2531:8476,-4,Tracking1/Component 3/Property 1=Tb/Demo Camera Lock/Tracker/X/-4,ON_HOVER,SET_VARIABLE,,,,,,,927:148,NEGATE($927:148)
Animate,2531:8476,-4,Tracking1/Component 3/Property 1=Tb/Demo Camera Lock/Tracker/X/-4,ON_HOVER,SET_VARIABLE,,,,,,,927:138,($927:148 * $927:145)
Animate,2531:8476,-4,Tracking1/Component 3/Property 1=Tb/Demo Camera Lock/Tracker/X/-4,ON_HOVER,SET_VARIABLE,,,,,,,927:146,($927:148 * $927:153)
Animate,2531:8476,-4,Tracking1/Component 3/Property 1=Tb/Demo Camera Lock/Tracker/X/-4,ON_HOVER,SET_VARIABLE,,,,,,,927:141,($927:148 * $927:142)
Animate,2531:8476,-4,Tracking1/Component 3/Property 1=Tb/Demo Camera Lock/Tracker/X/-4,ON_HOVER,SET_VARIABLE,,,,,,,927:137,($927:148 * $927:132)
Animate,2531:8476,-4,Tracking1/Component 3/Property 1=Tb/Demo Camera Lock/Tracker/X/-4,ON_HOVER,SET_VARIABLE,,,,,,,927:135,($927:148 * $927:136)
Animate,2531:8476,-4,Tracking1/Component 3/Property 1=Tb/Demo Camera Lock/Tracker/X/-4,ON_HOVER,SET_VARIABLE,,,,,,,927:150,($927:148 * $927:133)
Animate,2531:8476,-4,Tracking1/Component 3/Property 1=Tb/Demo Camera Lock/Tracker/X/-4,ON_HOVER,SET_VARIABLE,,,,,,,927:131,($927:148 * $927:139)
Animate,2531:8477,-5,Tracking1/Component 3/Property 1=Tb/Demo Camera Lock/Tracker/X/-5,ON_HOVER,SET_VARIABLE,,,,,,,927:148,(($927:154 / 40) * 5)
Animate,2531:8477,-5,Tracking1/Component 3/Property 1=Tb/Demo Camera Lock/Tracker/X/-5,ON_HOVER,SET_VARIABLE,,,,,,,927:148,NEGATE($927:148)
Animate,2531:8477,-5,Tracking1/Component 3/Property 1=Tb/Demo Camera Lock/Tracker/X/-5,ON_HOVER,SET_VARIABLE,,,,,,,927:138,($927:148 * $927:145)
Animate,2531:8477,-5,Tracking1/Component 3/Property 1=Tb/Demo Camera Lock/Tracker/X/-5,ON_HOVER,SET_VARIABLE,,,,,,,927:146,($927:148 * $927:153)
Animate,2531:8477,-5,Tracking1/Component 3/Property 1=Tb/Demo Camera Lock/Tracker/X/-5,ON_HOVER,SET_VARIABLE,,,,,,,927:141,($927:148 * $927:142)
Animate,2531:8477,-5,Tracking1/Component 3/Property 1=Tb/Demo Camera Lock/Tracker/X/-5,ON_HOVER,SET_VARIABLE,,,,,,,927:137,($927:148 * $927:132)
Animate,2531:8477,-5,Tracking1/Component 3/Property 1=Tb/Demo Camera Lock/Tracker/X/-5,ON_HOVER,SET_VARIABLE,,,,,,,927:135,($927:148 * $927:136)
Animate,2531:8477,-5,Tracking1/Component 3/Property 1=Tb/Demo Camera Lock/Tracker/X/-5,ON_HOVER,SET_VARIABLE,,,,,,,927:150,($927:148 * $927:133)
Animate,2531:8477,-5,Tracking1/Component 3/Property 1=Tb/Demo Camera Lock/Tracker/X/-5,ON_HOVER,SET_VARIABLE,,,,,,,927:131,($927:148 * $927:139)
Animate,2531:8478,-6,Tracking1/Component 3/Property 1=Tb/Demo Camera Lock/Tracker/X/-6,ON_HOVER,SET_VARIABLE,,,,,,,927:148,(($927:154 / 40) * 6)
Animate,2531:8478,-6,Tracking1/Component 3/Property 1=Tb/Demo Camera Lock/Tracker/X/-6,ON_HOVER,SET_VARIABLE,,,,,,,927:148,NEGATE($927:148)
Animate,2531:8478,-6,Tracking1/Component 3/Property 1=Tb/Demo Camera Lock/Tracker/X/-6,ON_HOVER,SET_VARIABLE,,,,,,,927:138,($927:148 * $927:145)
Animate,2531:8478,-6,Tracking1/Component 3/Property 1=Tb/Demo Camera Lock/Tracker/X/-6,ON_HOVER,SET_VARIABLE,,,,,,,927:146,($927:148 * $927:153)
Animate,2531:8478,-6,Tracking1/Component 3/Property 1=Tb/Demo Camera Lock/Tracker/X/-6,ON_HOVER,SET_VARIABLE,,,,,,,927:141,($927:148 * $927:142)
Animate,2531:8478,-6,Tracking1/Component 3/Property 1=Tb/Demo Camera Lock/Tracker/X/-6,ON_HOVER,SET_VARIABLE,,,,,,,927:137,($927:148 * $927:132)
Animate,2531:8478,-6,Tracking1/Component 3/Property 1=Tb/Demo Camera Lock/Tracker/X/-6,ON_HOVER,SET_VARIABLE,,,,,,,927:135,($927:148 * $927:136)
Animate,2531:8478,-6,Tracking1/Component 3/Property 1=Tb/Demo Camera Lock/Tracker/X/-6,ON_HOVER,SET_VARIABLE,,,,,,,927:150,($927:148 * $927:133)
Animate,2531:8478,-6,Tracking1/Component 3/Property 1=Tb/Demo Camera Lock/Tracker/X/-6,ON_HOVER,SET_VARIABLE,,,,,,,927:131,($927:148 * $927:139)
Animate,2531:8479,-7,Tracking1/Component 3/Property 1=Tb/Demo Camera Lock/Tracker/X/-7,ON_HOVER,SET_VARIABLE,,,,,,,927:148,(($927:154 / 40) * 7)
Animate,2531:8479,-7,Tracking1/Component 3/Property 1=Tb/Demo Camera Lock/Tracker/X/-7,ON_HOVER,SET_VARIABLE,,,,,,,927:148,NEGATE($927:148)
Animate,2531:8479,-7,Tracking1/Component 3/Property 1=Tb/Demo Camera Lock/Tracker/X/-7,ON_HOVER,SET_VARIABLE,,,,,,,927:138,($927:148 * $927:145)
Animate,2531:8479,-7,Tracking1/Component 3/Property 1=Tb/Demo Camera Lock/Tracker/X/-7,ON_HOVER,SET_VARIABLE,,,,,,,927:146,($927:148 * $927:153)
Animate,2531:8479,-7,Tracking1/Component 3/Property 1=Tb/Demo Camera Lock/Tracker/X/-7,ON_HOVER,SET_VARIABLE,,,,,,,927:141,($927:148 * $927:142)
Animate,2531:8479,-7,Tracking1/Component 3/Property 1=Tb/Demo Camera Lock/Tracker/X/-7,ON_HOVER,SET_VARIABLE,,,,,,,927:137,($927:148 * $927:132)
Animate,2531:8479,-7,Tracking1/Component 3/Property 1=Tb/Demo Camera Lock/Tracker/X/-7,ON_HOVER,SET_VARIABLE,,,,,,,927:135,($927:148 * $927:136)
Animate,2531:8479,-7,Tracking1/Component 3/Property 1=Tb/Demo Camera Lock/Tracker/X/-7,ON_HOVER,SET_VARIABLE,,,,,,,927:150,($927:148 * $927:133)
Animate,2531:8479,-7,Tracking1/Component 3/Property 1=Tb/Demo Camera Lock/Tracker/X/-7,ON_HOVER,SET_VARIABLE,,,,,,,927:131,($927:148 * $927:139)
Animate,2531:8480,-8,Tracking1/Component 3/Property 1=Tb/Demo Camera Lock/Tracker/X/-8,ON_HOVER,SET_VARIABLE,,,,,,,927:148,(($927:154 / 40) * 8)
Animate,2531:8480,-8,Tracking1/Component 3/Property 1=Tb/Demo Camera Lock/Tracker/X/-8,ON_HOVER,SET_VARIABLE,,,,,,,927:148,NEGATE($927:148)
Animate,2531:8480,-8,Tracking1/Component 3/Property 1=Tb/Demo Camera Lock/Tracker/X/-8,ON_HOVER,SET_VARIABLE,,,,,,,927:138,($927:148 * $927:145)
Animate,2531:8480,-8,Tracking1/Component 3/Property 1=Tb/Demo Camera Lock/Tracker/X/-8,ON_HOVER,SET_VARIABLE,,,,,,,927:146,($927:148 * $927:153)
Animate,2531:8480,-8,Tracking1/Component 3/Property 1=Tb/Demo Camera Lock/Tracker/X/-8,ON_HOVER,SET_VARIABLE,,,,,,,927:141,($927:148 * $927:142)
Animate,2531:8480,-8,Tracking1/Component 3/Property 1=Tb/Demo Camera Lock/Tracker/X/-8,ON_HOVER,SET_VARIABLE,,,,,,,927:137,($927:148 * $927:132)
Animate,2531:8480,-8,Tracking1/Component 3/Property 1=Tb/Demo Camera Lock/Tracker/X/-8,ON_HOVER,SET_VARIABLE,,,,,,,927:135,($927:148 * $927:136)
Animate,2531:8480,-8,Tracking1/Component 3/Property 1=Tb/Demo Camera Lock/Tracker/X/-8,ON_HOVER,SET_VARIABLE,,,,,,,927:150,($927:148 * $927:133)
Animate,2531:8480,-8,Tracking1/Component 3/Property 1=Tb/Demo Camera Lock/Tracker/X/-8,ON_HOVER,SET_VARIABLE,,,,,,,927:131,($927:148 * $927:139)
Animate,2531:8481,-9,Tracking1/Component 3/Property 1=Tb/Demo Camera Lock/Tracker/X/-9,ON_HOVER,SET_VARIABLE,,,,,,,927:148,(($927:154 / 40) * 9)
Animate,2531:8481,-9,Tracking1/Component 3/Property 1=Tb/Demo Camera Lock/Tracker/X/-9,ON_HOVER,SET_VARIABLE,,,,,,,927:148,NEGATE($927:148)
Animate,2531:8481,-9,Tracking1/Component 3/Property 1=Tb/Demo Camera Lock/Tracker/X/-9,ON_HOVER,SET_VARIABLE,,,,,,,927:138,($927:148 * $927:145)
Animate,2531:8481,-9,Tracking1/Component 3/Property 1=Tb/Demo Camera Lock/Tracker/X/-9,ON_HOVER,SET_VARIABLE,,,,,,,927:146,($927:148 * $927:153)
Animate,2531:8481,-9,Tracking1/Component 3/Property 1=Tb/Demo Camera Lock/Tracker/X/-9,ON_HOVER,SET_VARIABLE,,,,,,,927:141,($927:148 * $927:142)
Animate,2531:8481,-9,Tracking1/Component 3/Property 1=Tb/Demo Camera Lock/Tracker/X/-9,ON_HOVER,SET_VARIABLE,,,,,,,927:137,($927:148 * $927:132)
Animate,2531:8481,-9,Tracking1/Component 3/Property 1=Tb/Demo Camera Lock/Tracker/X/-9,ON_HOVER,SET_VARIABLE,,,,,,,927:135,($927:148 * $927:136)
Animate,2531:8481,-9,Tracking1/Component 3/Property 1=Tb/Demo Camera Lock/Tracker/X/-9,ON_HOVER,SET_VARIABLE,,,,,,,927:150,($927:148 * $927:133)
Animate,2531:8481,-9,Tracking1/Component 3/Property 1=Tb/Demo Camera Lock/Tracker/X/-9,ON_HOVER,SET_VARIABLE,,,,,,,927:131,($927:148 * $927:139)
Animate,2531:8482,-10,Tracking1/Component 3/Property 1=Tb/Demo Camera Lock/Tracker/X/-10,ON_HOVER,SET_VARIABLE,,,,,,,927:148,(($927:154 / 40) * 10)
Animate,2531:8482,-10,Tracking1/Component 3/Property 1=Tb/Demo Camera Lock/Tracker/X/-10,ON_HOVER,SET_VARIABLE,,,,,,,927:148,NEGATE($927:148)
Animate,2531:8482,-10,Tracking1/Component 3/Property 1=Tb/Demo Camera Lock/Tracker/X/-10,ON_HOVER,SET_VARIABLE,,,,,,,927:138,($927:148 * $927:145)
Animate,2531:8482,-10,Tracking1/Component 3/Property 1=Tb/Demo Camera Lock/Tracker/X/-10,ON_HOVER,SET_VARIABLE,,,,,,,927:146,($927:148 * $927:153)
Animate,2531:8482,-10,Tracking1/Component 3/Property 1=Tb/Demo Camera Lock/Tracker/X/-10,ON_HOVER,SET_VARIABLE,,,,,,,927:141,($927:148 * $927:142)
Animate,2531:8482,-10,Tracking1/Component 3/Property 1=Tb/Demo Camera Lock/Tracker/X/-10,ON_HOVER,SET_VARIABLE,,,,,,,927:137,($927:148 * $927:132)
Animate,2531:8482,-10,Tracking1/Component 3/Property 1=Tb/Demo Camera Lock/Tracker/X/-10,ON_HOVER,SET_VARIABLE,,,,,,,927:135,($927:148 * $927:136)
Animate,2531:8482,-10,Tracking1/Component 3/Property 1=Tb/Demo Camera Lock/Tracker/X/-10,ON_HOVER,SET_VARIABLE,,,,,,,927:150,($927:148 * $927:133)
Animate,2531:8482,-10,Tracking1/Component 3/Property 1=Tb/Demo Camera Lock/Tracker/X/-10,ON_HOVER,SET_VARIABLE,,,,,,,927:131,($927:148 * $927:139)
Animate,2531:8483,-11,Tracking1/Component 3/Property 1=Tb/Demo Camera Lock/Tracker/X/-11,ON_HOVER,SET_VARIABLE,,,,,,,927:148,(($927:154 / 40) * 11)
Animate,2531:8483,-11,Tracking1/Component 3/Property 1=Tb/Demo Camera Lock/Tracker/X/-11,ON_HOVER,SET_VARIABLE,,,,,,,927:148,NEGATE($927:148)
Animate,2531:8483,-11,Tracking1/Component 3/Property 1=Tb/Demo Camera Lock/Tracker/X/-11,ON_HOVER,SET_VARIABLE,,,,,,,927:138,($927:148 * $927:145)
Animate,2531:8483,-11,Tracking1/Component 3/Property 1=Tb/Demo Camera Lock/Tracker/X/-11,ON_HOVER,SET_VARIABLE,,,,,,,927:146,($927:148 * $927:153)
Animate,2531:8483,-11,Tracking1/Component 3/Property 1=Tb/Demo Camera Lock/Tracker/X/-11,ON_HOVER,SET_VARIABLE,,,,,,,927:141,($927:148 * $927:142)
Animate,2531:8483,-11,Tracking1/Component 3/Property 1=Tb/Demo Camera Lock/Tracker/X/-11,ON_HOVER,SET_VARIABLE,,,,,,,927:137,($927:148 * $927:132)
Animate,2531:8483,-11,Tracking1/Component 3/Property 1=Tb/Demo Camera Lock/Tracker/X/-11,ON_HOVER,SET_VARIABLE,,,,,,,927:135,($927:148 * $927:136)
Animate,2531:8483,-11,Tracking1/Component 3/Property 1=Tb/Demo Camera Lock/Tracker/X/-11,ON_HOVER,SET_VARIABLE,,,,,,,927:150,($927:148 * $927:133)
Animate,2531:8483,-11,Tracking1/Component 3/Property 1=Tb/Demo Camera Lock/Tracker/X/-11,ON_HOVER,SET_VARIABLE,,,,,,,927:131,($927:148 * $927:139)
Animate,2531:8484,-12,Tracking1/Component 3/Property 1=Tb/Demo Camera Lock/Tracker/X/-12,ON_HOVER,SET_VARIABLE,,,,,,,927:148,(($927:154 / 40) * 12)
Animate,2531:8484,-12,Tracking1/Component 3/Property 1=Tb/Demo Camera Lock/Tracker/X/-12,ON_HOVER,SET_VARIABLE,,,,,,,927:148,NEGATE($927:148)
Animate,2531:8484,-12,Tracking1/Component 3/Property 1=Tb/Demo Camera Lock/Tracker/X/-12,ON_HOVER,SET_VARIABLE,,,,,,,927:138,($927:148 * $927:145)
Animate,2531:8484,-12,Tracking1/Component 3/Property 1=Tb/Demo Camera Lock/Tracker/X/-12,ON_HOVER,SET_VARIABLE,,,,,,,927:146,($927:148 * $927:153)
Animate,2531:8484,-12,Tracking1/Component 3/Property 1=Tb/Demo Camera Lock/Tracker/X/-12,ON_HOVER,SET_VARIABLE,,,,,,,927:141,($927:148 * $927:142)
Animate,2531:8484,-12,Tracking1/Component 3/Property 1=Tb/Demo Camera Lock/Tracker/X/-12,ON_HOVER,SET_VARIABLE,,,,,,,927:137,($927:148 * $927:132)
Animate,2531:8484,-12,Tracking1/Component 3/Property 1=Tb/Demo Camera Lock/Tracker/X/-12,ON_HOVER,SET_VARIABLE,,,,,,,927:135,($927:148 * $927:136)
Animate,2531:8484,-12,Tracking1/Component 3/Property 1=Tb/Demo Camera Lock/Tracker/X/-12,ON_HOVER,SET_VARIABLE,,,,,,,927:150,($927:148 * $927:133)
Animate,2531:8484,-12,Tracking1/Component 3/Property 1=Tb/Demo Camera Lock/Tracker/X/-12,ON_HOVER,SET_VARIABLE,,,,,,,927:131,($927:148 * $927:139)
Animate,2531:8485,-13,Tracking1/Component 3/Property 1=Tb/Demo Camera Lock/Tracker/X/-13,ON_HOVER,SET_VARIABLE,,,,,,,927:148,(($927:154 / 40) * 13)
Animate,2531:8485,-13,Tracking1/Component 3/Property 1=Tb/Demo Camera Lock/Tracker/X/-13,ON_HOVER,SET_VARIABLE,,,,,,,927:148,NEGATE($927:148)
Animate,2531:8485,-13,Tracking1/Component 3/Property 1=Tb/Demo Camera Lock/Tracker/X/-13,ON_HOVER,SET_VARIABLE,,,,,,,927:138,($927:148 * $927:145)
Animate,2531:8485,-13,Tracking1/Component 3/Property 1=Tb/Demo Camera Lock/Tracker/X/-13,ON_HOVER,SET_VARIABLE,,,,,,,927:146,($927:148 * $927:153)
Animate,2531:8485,-13,Tracking1/Component 3/Property 1=Tb/Demo Camera Lock/Tracker/X/-13,ON_HOVER,SET_VARIABLE,,,,,,,927:141,($927:148 * $927:142)
Animate,2531:8485,-13,Tracking1/Component 3/Property 1=Tb/Demo Camera Lock/Tracker/X/-13,ON_HOVER,SET_VARIABLE,,,,,,,927:137,($927:148 * $927:132)
Animate,2531:8485,-13,Tracking1/Component 3/Property 1=Tb/Demo Camera Lock/Tracker/X/-13,ON_HOVER,SET_VARIABLE,,,,,,,927:135,($927:148 * $927:136)
Animate,2531:8485,-13,Tracking1/Component 3/Property 1=Tb/Demo Camera Lock/Tracker/X/-13,ON_HOVER,SET_VARIABLE,,,,,,,927:150,($927:148 * $927:133)
Animate,2531:8485,-13,Tracking1/Component 3/Property 1=Tb/Demo Camera Lock/Tracker/X/-13,ON_HOVER,SET_VARIABLE,,,,,,,927:131,($927:148 * $927:139)
Animate,2531:8486,-14,Tracking1/Component 3/Property 1=Tb/Demo Camera Lock/Tracker/X/-14,ON_HOVER,SET_VARIABLE,,,,,,,927:148,(($927:154 / 40) * 14)
Animate,2531:8486,-14,Tracking1/Component 3/Property 1=Tb/Demo Camera Lock/Tracker/X/-14,ON_HOVER,SET_VARIABLE,,,,,,,927:148,NEGATE($927:148)
Animate,2531:8486,-14,Tracking1/Component 3/Property 1=Tb/Demo Camera Lock/Tracker/X/-14,ON_HOVER,SET_VARIABLE,,,,,,,927:138,($927:148 * $927:145)
Animate,2531:8486,-14,Tracking1/Component 3/Property 1=Tb/Demo Camera Lock/Tracker/X/-14,ON_HOVER,SET_VARIABLE,,,,,,,927:146,($927:148 * $927:153)
Animate,2531:8486,-14,Tracking1/Component 3/Property 1=Tb/Demo Camera Lock/Tracker/X/-14,ON_HOVER,SET_VARIABLE,,,,,,,927:141,($927:148 * $927:142)
Animate,2531:8486,-14,Tracking1/Component 3/Property 1=Tb/Demo Camera Lock/Tracker/X/-14,ON_HOVER,SET_VARIABLE,,,,,,,927:137,($927:148 * $927:132)
Animate,2531:8486,-14,Tracking1/Component 3/Property 1=Tb/Demo Camera Lock/Tracker/X/-14,ON_HOVER,SET_VARIABLE,,,,,,,927:135,($927:148 * $927:136)
Animate,2531:8486,-14,Tracking1/Component 3/Property 1=Tb/Demo Camera Lock/Tracker/X/-14,ON_HOVER,SET_VARIABLE,,,,,,,927:150,($927:148 * $927:133)
Animate,2531:8486,-14,Tracking1/Component 3/Property 1=Tb/Demo Camera Lock/Tracker/X/-14,ON_HOVER,SET_VARIABLE,,,,,,,927:131,($927:148 * $927:139)
Animate,2531:8487,-15,Tracking1/Component 3/Property 1=Tb/Demo Camera Lock/Tracker/X/-15,ON_HOVER,SET_VARIABLE,,,,,,,927:148,(($927:154 / 40) * 15)
Animate,2531:8487,-15,Tracking1/Component 3/Property 1=Tb/Demo Camera Lock/Tracker/X/-15,ON_HOVER,SET_VARIABLE,,,,,,,927:148,NEGATE($927:148)
Animate,2531:8487,-15,Tracking1/Component 3/Property 1=Tb/Demo Camera Lock/Tracker/X/-15,ON_HOVER,SET_VARIABLE,,,,,,,927:138,($927:148 * $927:145)
Animate,2531:8487,-15,Tracking1/Component 3/Property 1=Tb/Demo Camera Lock/Tracker/X/-15,ON_HOVER,SET_VARIABLE,,,,,,,927:146,($927:148 * $927:153)
Animate,2531:8487,-15,Tracking1/Component 3/Property 1=Tb/Demo Camera Lock/Tracker/X/-15,ON_HOVER,SET_VARIABLE,,,,,,,927:141,($927:148 * $927:142)
Animate,2531:8487,-15,Tracking1/Component 3/Property 1=Tb/Demo Camera Lock/Tracker/X/-15,ON_HOVER,SET_VARIABLE,,,,,,,927:137,($927:148 * $927:132)
Animate,2531:8487,-15,Tracking1/Component 3/Property 1=Tb/Demo Camera Lock/Tracker/X/-15,ON_HOVER,SET_VARIABLE,,,,,,,927:135,($927:148 * $927:136)
Animate,2531:8487,-15,Tracking1/Component 3/Property 1=Tb/Demo Camera Lock/Tracker/X/-15,ON_HOVER,SET_VARIABLE,,,,,,,927:150,($927:148 * $927:133)
Animate,2531:8487,-15,Tracking1/Component 3/Property 1=Tb/Demo Camera Lock/Tracker/X/-15,ON_HOVER,SET_VARIABLE,,,,,,,927:131,($927:148 * $927:139)
Animate,2531:8488,-16,Tracking1/Component 3/Property 1=Tb/Demo Camera Lock/Tracker/X/-16,ON_HOVER,SET_VARIABLE,,,,,,,927:148,(($927:154 / 40) * 16)
Animate,2531:8488,-16,Tracking1/Component 3/Property 1=Tb/Demo Camera Lock/Tracker/X/-16,ON_HOVER,SET_VARIABLE,,,,,,,927:148,NEGATE($927:148)
Animate,2531:8488,-16,Tracking1/Component 3/Property 1=Tb/Demo Camera Lock/Tracker/X/-16,ON_HOVER,SET_VARIABLE,,,,,,,927:138,($927:148 * $927:145)
Animate,2531:8488,-16,Tracking1/Component 3/Property 1=Tb/Demo Camera Lock/Tracker/X/-16,ON_HOVER,SET_VARIABLE,,,,,,,927:146,($927:148 * $927:153)
Animate,2531:8488,-16,Tracking1/Component 3/Property 1=Tb/Demo Camera Lock/Tracker/X/-16,ON_HOVER,SET_VARIABLE,,,,,,,927:141,($927:148 * $927:142)
Animate,2531:8488,-16,Tracking1/Component 3/Property 1=Tb/Demo Camera Lock/Tracker/X/-16,ON_HOVER,SET_VARIABLE,,,,,,,927:137,($927:148 * $927:132)
Animate,2531:8488,-16,Tracking1/Component 3/Property 1=Tb/Demo Camera Lock/Tracker/X/-16,ON_HOVER,SET_VARIABLE,,,,,,,927:135,($927:148 * $927:136)
Animate,2531:8488,-16,Tracking1/Component 3/Property 1=Tb/Demo Camera Lock/Tracker/X/-16,ON_HOVER,SET_VARIABLE,,,,,,,927:150,($927:148 * $927:133)
Animate,2531:8488,-16,Tracking1/Component 3/Property 1=Tb/Demo Camera Lock/Tracker/X/-16,ON_HOVER,SET_VARIABLE,,,,,,,927:131,($927:148 * $927:139)
Animate,2531:8489,-17,Tracking1/Component 3/Property 1=Tb/Demo Camera Lock/Tracker/X/-17,ON_HOVER,SET_VARIABLE,,,,,,,927:148,(($927:154 / 40) * 17)
Animate,2531:8489,-17,Tracking1/Component 3/Property 1=Tb/Demo Camera Lock/Tracker/X/-17,ON_HOVER,SET_VARIABLE,,,,,,,927:148,NEGATE($927:148)
Animate,2531:8489,-17,Tracking1/Component 3/Property 1=Tb/Demo Camera Lock/Tracker/X/-17,ON_HOVER,SET_VARIABLE,,,,,,,927:138,($927:148 * $927:145)
Animate,2531:8489,-17,Tracking1/Component 3/Property 1=Tb/Demo Camera Lock/Tracker/X/-17,ON_HOVER,SET_VARIABLE,,,,,,,927:146,($927:148 * $927:153)
Animate,2531:8489,-17,Tracking1/Component 3/Property 1=Tb/Demo Camera Lock/Tracker/X/-17,ON_HOVER,SET_VARIABLE,,,,,,,927:141,($927:148 * $927:142)
Animate,2531:8489,-17,Tracking1/Component 3/Property 1=Tb/Demo Camera Lock/Tracker/X/-17,ON_HOVER,SET_VARIABLE,,,,,,,927:137,($927:148 * $927:132)
Animate,2531:8489,-17,Tracking1/Component 3/Property 1=Tb/Demo Camera Lock/Tracker/X/-17,ON_HOVER,SET_VARIABLE,,,,,,,927:135,($927:148 * $927:136)
Animate,2531:8489,-17,Tracking1/Component 3/Property 1=Tb/Demo Camera Lock/Tracker/X/-17,ON_HOVER,SET_VARIABLE,,,,,,,927:150,($927:148 * $927:133)
Animate,2531:8489,-17,Tracking1/Component 3/Property 1=Tb/Demo Camera Lock/Tracker/X/-17,ON_HOVER,SET_VARIABLE,,,,,,,927:131,($927:148 * $927:139)
Animate,2531:8490,-18,Tracking1/Component 3/Property 1=Tb/Demo Camera Lock/Tracker/X/-18,ON_HOVER,SET_VARIABLE,,,,,,,927:148,(($927:154 / 40) * 18)
Animate,2531:8490,-18,Tracking1/Component 3/Property 1=Tb/Demo Camera Lock/Tracker/X/-18,ON_HOVER,SET_VARIABLE,,,,,,,927:148,NEGATE($927:148)
Animate,2531:8490,-18,Tracking1/Component 3/Property 1=Tb/Demo Camera Lock/Tracker/X/-18,ON_HOVER,SET_VARIABLE,,,,,,,927:138,($927:148 * $927:145)
Animate,2531:8490,-18,Tracking1/Component 3/Property 1=Tb/Demo Camera Lock/Tracker/X/-18,ON_HOVER,SET_VARIABLE,,,,,,,927:146,($927:148 * $927:153)
Animate,2531:8490,-18,Tracking1/Component 3/Property 1=Tb/Demo Camera Lock/Tracker/X/-18,ON_HOVER,SET_VARIABLE,,,,,,,927:141,($927:148 * $927:142)
Animate,2531:8490,-18,Tracking1/Component 3/Property 1=Tb/Demo Camera Lock/Tracker/X/-18,ON_HOVER,SET_VARIABLE,,,,,,,927:137,($927:148 * $927:132)
Animate,2531:8490,-18,Tracking1/Component 3/Property 1=Tb/Demo Camera Lock/Tracker/X/-18,ON_HOVER,SET_VARIABLE,,,,,,,927:135,($927:148 * $927:136)
Animate,2531:8490,-18,Tracking1/Component 3/Property 1=Tb/Demo Camera Lock/Tracker/X/-18,ON_HOVER,SET_VARIABLE,,,,,,,927:150,($927:148 * $927:133)
Animate,2531:8490,-18,Tracking1/Component 3/Property 1=Tb/Demo Camera Lock/Tracker/X/-18,ON_HOVER,SET_VARIABLE,,,,,,,927:131,($927:148 * $927:139)
Animate,2531:8491,-19,Tracking1/Component 3/Property 1=Tb/Demo Camera Lock/Tracker/X/-19,ON_HOVER,SET_VARIABLE,,,,,,,927:148,(($927:154 / 40) * 19)
Animate,2531:8491,-19,Tracking1/Component 3/Property 1=Tb/Demo Camera Lock/Tracker/X/-19,ON_HOVER,SET_VARIABLE,,,,,,,927:148,NEGATE($927:148)
Animate,2531:8491,-19,Tracking1/Component 3/Property 1=Tb/Demo Camera Lock/Tracker/X/-19,ON_HOVER,SET_VARIABLE,,,,,,,927:138,($927:148 * $927:145)
Animate,2531:8491,-19,Tracking1/Component 3/Property 1=Tb/Demo Camera Lock/Tracker/X/-19,ON_HOVER,SET_VARIABLE,,,,,,,927:146,($927:148 * $927:153)
Animate,2531:8491,-19,Tracking1/Component 3/Property 1=Tb/Demo Camera Lock/Tracker/X/-19,ON_HOVER,SET_VARIABLE,,,,,,,927:141,($927:148 * $927:142)
Animate,2531:8491,-19,Tracking1/Component 3/Property 1=Tb/Demo Camera Lock/Tracker/X/-19,ON_HOVER,SET_VARIABLE,,,,,,,927:137,($927:148 * $927:132)
Animate,2531:8491,-19,Tracking1/Component 3/Property 1=Tb/Demo Camera Lock/Tracker/X/-19,ON_HOVER,SET_VARIABLE,,,,,,,927:135,($927:148 * $927:136)
Animate,2531:8491,-19,Tracking1/Component 3/Property 1=Tb/Demo Camera Lock/Tracker/X/-19,ON_HOVER,SET_VARIABLE,,,,,,,927:150,($927:148 * $927:133)
Animate,2531:8491,-19,Tracking1/Component 3/Property 1=Tb/Demo Camera Lock/Tracker/X/-19,ON_HOVER,SET_VARIABLE,,,,,,,927:131,($927:148 * $927:139)
Animate,2531:8492,-20,Tracking1/Component 3/Property 1=Tb/Demo Camera Lock/Tracker/X/-20,ON_HOVER,SET_VARIABLE,,,,,,,927:148,(($927:154 / 40) * 20)
Animate,2531:8492,-20,Tracking1/Component 3/Property 1=Tb/Demo Camera Lock/Tracker/X/-20,ON_HOVER,SET_VARIABLE,,,,,,,927:148,NEGATE($927:148)
Animate,2531:8492,-20,Tracking1/Component 3/Property 1=Tb/Demo Camera Lock/Tracker/X/-20,ON_HOVER,SET_VARIABLE,,,,,,,927:138,($927:148 * $927:145)
Animate,2531:8492,-20,Tracking1/Component 3/Property 1=Tb/Demo Camera Lock/Tracker/X/-20,ON_HOVER,SET_VARIABLE,,,,,,,927:146,($927:148 * $927:153)
Animate,2531:8492,-20,Tracking1/Component 3/Property 1=Tb/Demo Camera Lock/Tracker/X/-20,ON_HOVER,SET_VARIABLE,,,,,,,927:141,($927:148 * $927:142)
Animate,2531:8492,-20,Tracking1/Component 3/Property 1=Tb/Demo Camera Lock/Tracker/X/-20,ON_HOVER,SET_VARIABLE,,,,,,,927:137,($927:148 * $927:132)
Animate,2531:8492,-20,Tracking1/Component 3/Property 1=Tb/Demo Camera Lock/Tracker/X/-20,ON_HOVER,SET_VARIABLE,,,,,,,927:135,($927:148 * $927:136)
Animate,2531:8492,-20,Tracking1/Component 3/Property 1=Tb/Demo Camera Lock/Tracker/X/-20,ON_HOVER,SET_VARIABLE,,,,,,,927:150,($927:148 * $927:133)
Animate,2531:8492,-20,Tracking1/Component 3/Property 1=Tb/Demo Camera Lock/Tracker/X/-20,ON_HOVER,SET_VARIABLE,,,,,,,927:131,($927:148 * $927:139)
Animate,2531:8494,12,Tracking1/Component 3/Property 1=Tb/Demo Camera Lock/Tracker/y/12,(legacy),NAVIGATE,2531:8274,,,300.0,EASE_OUT,,,
Animate,2531:8494,12,Tracking1/Component 3/Property 1=Tb/Demo Camera Lock/Tracker/y/12,ON_HOVER,NODE,2531:8274,CHANGE_TO,,,,,,
Animate,2531:8494,12,Tracking1/Component 3/Property 1=Tb/Demo Camera Lock/Tracker/y/12,ON_HOVER,SET_VARIABLE,,,,,,,927:147,(($927:151 / 26) * 12)
Animate,2531:8494,12,Tracking1/Component 3/Property 1=Tb/Demo Camera Lock/Tracker/y/12,ON_HOVER,SET_VARIABLE,,,,,,,927:152,($927:147 * $927:145)
Animate,2531:8494,12,Tracking1/Component 3/Property 1=Tb/Demo Camera Lock/Tracker/y/12,ON_HOVER,SET_VARIABLE,,,,,,,927:143,($927:147 * $927:153)
Animate,2531:8494,12,Tracking1/Component 3/Property 1=Tb/Demo Camera Lock/Tracker/y/12,ON_HOVER,SET_VARIABLE,,,,,,,927:140,($927:147 * $927:142)
Animate,2531:8494,12,Tracking1/Component 3/Property 1=Tb/Demo Camera Lock/Tracker/y/12,ON_HOVER,SET_VARIABLE,,,,,,,927:149,($927:147 * $927:132)
Animate,2531:8494,12,Tracking1/Component 3/Property 1=Tb/Demo Camera Lock/Tracker/y/12,ON_HOVER,SET_VARIABLE,,,,,,,927:134,($927:147 * $927:136)
Animate,2531:8494,12,Tracking1/Component 3/Property 1=Tb/Demo Camera Lock/Tracker/y/12,ON_HOVER,SET_VARIABLE,,,,,,,927:144,($927:147 * $927:133)
Animate,2531:8494,12,Tracking1/Component 3/Property 1=Tb/Demo Camera Lock/Tracker/y/12,ON_HOVER,SET_VARIABLE,,,,,,,927:130,($927:147 * $927:139)
Animate,2531:8495,11,Tracking1/Component 3/Property 1=Tb/Demo Camera Lock/Tracker/y/11,(legacy),NAVIGATE,2531:8274,,,300.0,EASE_OUT,,,
Animate,2531:8495,11,Tracking1/Component 3/Property 1=Tb/Demo Camera Lock/Tracker/y/11,ON_HOVER,NODE,2531:8274,CHANGE_TO,,,,,,
Animate,2531:8495,11,Tracking1/Component 3/Property 1=Tb/Demo Camera Lock/Tracker/y/11,ON_HOVER,SET_VARIABLE,,,,,,,927:147,(($927:151 / 26) * 11)
Animate,2531:8495,11,Tracking1/Component 3/Property 1=Tb/Demo Camera Lock/Tracker/y/11,ON_HOVER,SET_VARIABLE,,,,,,,927:152,($927:147 * $927:145)
Animate,2531:8495,11,Tracking1/Component 3/Property 1=Tb/Demo Camera Lock/Tracker/y/11,ON_HOVER,SET_VARIABLE,,,,,,,927:143,($927:147 * $927:153)
Animate,2531:8495,11,Tracking1/Component 3/Property 1=Tb/Demo Camera Lock/Tracker/y/11,ON_HOVER,SET_VARIABLE,,,,,,,927:140,($927:147 * $927:142)
Animate,2531:8495,11,Tracking1/Component 3/Property 1=Tb/Demo Camera Lock/Tracker/y/11,ON_HOVER,SET_VARIABLE,,,,,,,927:149,($927:147 * $927:132)
Animate,2531:8495,11,Tracking1/Component 3/Property 1=Tb/Demo Camera Lock/Tracker/y/11,ON_HOVER,SET_VARIABLE,,,,,,,927:134,($927:147 * $927:136)
Animate,2531:8495,11,Tracking1/Component 3/Property 1=Tb/Demo Camera Lock/Tracker/y/11,ON_HOVER,SET_VARIABLE,,,,,,,927:144,($927:147 * $927:133)
Animate,2531:8495,11,Tracking1/Component 3/Property 1=Tb/Demo Camera Lock/Tracker/y/11,ON_HOVER,SET_VARIABLE,,,,,,,927:130,($927:147 * $927:139)
Animate,2531:8496,10,Tracking1/Component 3/Property 1=Tb/Demo Camera Lock/Tracker/y/10,(legacy),NAVIGATE,2531:8274,,,300.0,EASE_OUT,,,
Animate,2531:8496,10,Tracking1/Component 3/Property 1=Tb/Demo Camera Lock/Tracker/y/10,ON_HOVER,NODE,2531:8274,CHANGE_TO,,,,,,
Animate,2531:8496,10,Tracking1/Component 3/Property 1=Tb/Demo Camera Lock/Tracker/y/10,ON_HOVER,SET_VARIABLE,,,,,,,927:147,(($927:151 / 26) * 10)
Animate,2531:8496,10,Tracking1/Component 3/Property 1=Tb/Demo Camera Lock/Tracker/y/10,ON_HOVER,SET_VARIABLE,,,,,,,927:152,($927:147 * $927:145)
Animate,2531:8496,10,Tracking1/Component 3/Property 1=Tb/Demo Camera Lock/Tracker/y/10,ON_HOVER,SET_VARIABLE,,,,,,,927:143,($927:147 * $927:153)
Animate,2531:8496,10,Tracking1/Component 3/Property 1=Tb/Demo Camera Lock/Tracker/y/10,ON_HOVER,SET_VARIABLE,,,,,,,927:140,($927:147 * $927:142)
Animate,2531:8496,10,Tracking1/Component 3/Property 1=Tb/Demo Camera Lock/Tracker/y/10,ON_HOVER,SET_VARIABLE,,,,,,,927:149,($927:147 * $927:132)
Animate,2531:8496,10,Tracking1/Component 3/Property 1=Tb/Demo Camera Lock/Tracker/y/10,ON_HOVER,SET_VARIABLE,,,,,,,927:134,($927:147 * $927:136)
Animate,2531:8496,10,Tracking1/Component 3/Property 1=Tb/Demo Camera Lock/Tracker/y/10,ON_HOVER,SET_VARIABLE,,,,,,,927:144,($927:147 * $927:133)
Animate,2531:8496,10,Tracking1/Component 3/Property 1=Tb/Demo Camera Lock/Tracker/y/10,ON_HOVER,SET_VARIABLE,,,,,,,927:130,($927:147 * $927:139)
Animate,2531:8497,9,Tracking1/Component 3/Property 1=Tb/Demo Camera Lock/Tracker/y/9,(legacy),NAVIGATE,2531:8274,,,300.0,EASE_OUT,,,
Animate,2531:8497,9,Tracking1/Component 3/Property 1=Tb/Demo Camera Lock/Tracker/y/9,ON_HOVER,NODE,2531:8274,CHANGE_TO,,,,,,
Animate,2531:8497,9,Tracking1/Component 3/Property 1=Tb/Demo Camera Lock/Tracker/y/9,ON_HOVER,SET_VARIABLE,,,,,,,927:147,(($927:151 / 26) * 9)
Animate,2531:8497,9,Tracking1/Component 3/Property 1=Tb/Demo Camera Lock/Tracker/y/9,ON_HOVER,SET_VARIABLE,,,,,,,927:152,($927:147 * $927:145)
Animate,2531:8497,9,Tracking1/Component 3/Property 1=Tb/Demo Camera Lock/Tracker/y/9,ON_HOVER,SET_VARIABLE,,,,,,,927:143,($927:147 * $927:153)
Animate,2531:8497,9,Tracking1/Component 3/Property 1=Tb/Demo Camera Lock/Tracker/y/9,ON_HOVER,SET_VARIABLE,,,,,,,927:140,($927:147 * $927:142)
Animate,2531:8497,9,Tracking1/Component 3/Property 1=Tb/Demo Camera Lock/Tracker/y/9,ON_HOVER,SET_VARIABLE,,,,,,,927:149,($927:147 * $927:132)
Animate,2531:8497,9,Tracking1/Component 3/Property 1=Tb/Demo Camera Lock/Tracker/y/9,ON_HOVER,SET_VARIABLE,,,,,,,927:134,($927:147 * $927:136)
Animate,2531:8497,9,Tracking1/Component 3/Property 1=Tb/Demo Camera Lock/Tracker/y/9,ON_HOVER,SET_VARIABLE,,,,,,,927:144,($927:147 * $927:133)
Animate,2531:8497,9,Tracking1/Component 3/Property 1=Tb/Demo Camera Lock/Tracker/y/9,ON_HOVER,SET_VARIABLE,,,,,,,927:130,($927:147 * $927:139)
Animate,2531:8498,8,Tracking1/Component 3/Property 1=Tb/Demo Camera Lock/Tracker/y/8,(legacy),NAVIGATE,2531:8274,,,300.0,EASE_OUT,,,
Animate,2531:8498,8,Tracking1/Component 3/Property 1=Tb/Demo Camera Lock/Tracker/y/8,ON_HOVER,NODE,2531:8274,CHANGE_TO,,,,,,
Animate,2531:8498,8,Tracking1/Component 3/Property 1=Tb/Demo Camera Lock/Tracker/y/8,ON_HOVER,SET_VARIABLE,,,,,,,927:147,(($927:151 / 26) * 8)
Animate,2531:8498,8,Tracking1/Component 3/Property 1=Tb/Demo Camera Lock/Tracker/y/8,ON_HOVER,SET_VARIABLE,,,,,,,927:152,($927:147 * $927:145)
Animate,2531:8498,8,Tracking1/Component 3/Property 1=Tb/Demo Camera Lock/Tracker/y/8,ON_HOVER,SET_VARIABLE,,,,,,,927:143,($927:147 * $927:153)
Animate,2531:8498,8,Tracking1/Component 3/Property 1=Tb/Demo Camera Lock/Tracker/y/8,ON_HOVER,SET_VARIABLE,,,,,,,927:140,($927:147 * $927:142)
Animate,2531:8498,8,Tracking1/Component 3/Property 1=Tb/Demo Camera Lock/Tracker/y/8,ON_HOVER,SET_VARIABLE,,,,,,,927:149,($927:147 * $927:132)
Animate,2531:8498,8,Tracking1/Component 3/Property 1=Tb/Demo Camera Lock/Tracker/y/8,ON_HOVER,SET_VARIABLE,,,,,,,927:134,($927:147 * $927:136)
Animate,2531:8498,8,Tracking1/Component 3/Property 1=Tb/Demo Camera Lock/Tracker/y/8,ON_HOVER,SET_VARIABLE,,,,,,,927:144,($927:147 * $927:133)
Animate,2531:8498,8,Tracking1/Component 3/Property 1=Tb/Demo Camera Lock/Tracker/y/8,ON_HOVER,SET_VARIABLE,,,,,,,927:130,($927:147 * $927:139)
Animate,2531:8499,7,Tracking1/Component 3/Property 1=Tb/Demo Camera Lock/Tracker/y/7,(legacy),NAVIGATE,2531:8274,,,300.0,EASE_OUT,,,
Animate,2531:8499,7,Tracking1/Component 3/Property 1=Tb/Demo Camera Lock/Tracker/y/7,ON_HOVER,NODE,2531:8274,CHANGE_TO,,,,,,
Animate,2531:8499,7,Tracking1/Component 3/Property 1=Tb/Demo Camera Lock/Tracker/y/7,ON_HOVER,SET_VARIABLE,,,,,,,927:147,(($927:151 / 26) * 7)
Animate,2531:8499,7,Tracking1/Component 3/Property 1=Tb/Demo Camera Lock/Tracker/y/7,ON_HOVER,SET_VARIABLE,,,,,,,927:152,($927:147 * $927:145)
Animate,2531:8499,7,Tracking1/Component 3/Property 1=Tb/Demo Camera Lock/Tracker/y/7,ON_HOVER,SET_VARIABLE,,,,,,,927:143,($927:147 * $927:153)
Animate,2531:8499,7,Tracking1/Component 3/Property 1=Tb/Demo Camera Lock/Tracker/y/7,ON_HOVER,SET_VARIABLE,,,,,,,927:140,($927:147 * $927:142)
Animate,2531:8499,7,Tracking1/Component 3/Property 1=Tb/Demo Camera Lock/Tracker/y/7,ON_HOVER,SET_VARIABLE,,,,,,,927:149,($927:147 * $927:132)
Animate,2531:8499,7,Tracking1/Component 3/Property 1=Tb/Demo Camera Lock/Tracker/y/7,ON_HOVER,SET_VARIABLE,,,,,,,927:134,($927:147 * $927:136)
Animate,2531:8499,7,Tracking1/Component 3/Property 1=Tb/Demo Camera Lock/Tracker/y/7,ON_HOVER,SET_VARIABLE,,,,,,,927:144,($927:147 * $927:133)
Animate,2531:8499,7,Tracking1/Component 3/Property 1=Tb/Demo Camera Lock/Tracker/y/7,ON_HOVER,SET_VARIABLE,,,,,,,927:130,($927:147 * $927:139)
Animate,2531:8500,6,Tracking1/Component 3/Property 1=Tb/Demo Camera Lock/Tracker/y/6,(legacy),NAVIGATE,2531:8274,,,300.0,EASE_OUT,,,
Animate,2531:8500,6,Tracking1/Component 3/Property 1=Tb/Demo Camera Lock/Tracker/y/6,ON_HOVER,NODE,2531:8274,CHANGE_TO,,,,,,
Animate,2531:8500,6,Tracking1/Component 3/Property 1=Tb/Demo Camera Lock/Tracker/y/6,ON_HOVER,SET_VARIABLE,,,,,,,927:147,(($927:151 / 26) * 6)
Animate,2531:8500,6,Tracking1/Component 3/Property 1=Tb/Demo Camera Lock/Tracker/y/6,ON_HOVER,SET_VARIABLE,,,,,,,927:152,($927:147 * $927:145)
Animate,2531:8500,6,Tracking1/Component 3/Property 1=Tb/Demo Camera Lock/Tracker/y/6,ON_HOVER,SET_VARIABLE,,,,,,,927:143,($927:147 * $927:153)
Animate,2531:8500,6,Tracking1/Component 3/Property 1=Tb/Demo Camera Lock/Tracker/y/6,ON_HOVER,SET_VARIABLE,,,,,,,927:140,($927:147 * $927:142)
Animate,2531:8500,6,Tracking1/Component 3/Property 1=Tb/Demo Camera Lock/Tracker/y/6,ON_HOVER,SET_VARIABLE,,,,,,,927:149,($927:147 * $927:132)
Animate,2531:8500,6,Tracking1/Component 3/Property 1=Tb/Demo Camera Lock/Tracker/y/6,ON_HOVER,SET_VARIABLE,,,,,,,927:134,($927:147 * $927:136)
Animate,2531:8500,6,Tracking1/Component 3/Property 1=Tb/Demo Camera Lock/Tracker/y/6,ON_HOVER,SET_VARIABLE,,,,,,,927:144,($927:147 * $927:133)
Animate,2531:8500,6,Tracking1/Component 3/Property 1=Tb/Demo Camera Lock/Tracker/y/6,ON_HOVER,SET_VARIABLE,,,,,,,927:130,($927:147 * $927:139)
Animate,2531:8501,5,Tracking1/Component 3/Property 1=Tb/Demo Camera Lock/Tracker/y/5,(legacy),NAVIGATE,2531:8274,,,300.0,EASE_OUT,,,
Animate,2531:8501,5,Tracking1/Component 3/Property 1=Tb/Demo Camera Lock/Tracker/y/5,ON_HOVER,NODE,2531:8274,CHANGE_TO,,,,,,
Animate,2531:8501,5,Tracking1/Component 3/Property 1=Tb/Demo Camera Lock/Tracker/y/5,ON_HOVER,SET_VARIABLE,,,,,,,927:147,(($927:151 / 26) * 5)
Animate,2531:8501,5,Tracking1/Component 3/Property 1=Tb/Demo Camera Lock/Tracker/y/5,ON_HOVER,SET_VARIABLE,,,,,,,927:152,($927:147 * $927:145)
Animate,2531:8501,5,Tracking1/Component 3/Property 1=Tb/Demo Camera Lock/Tracker/y/5,ON_HOVER,SET_VARIABLE,,,,,,,927:143,($927:147 * $927:153)
Animate,2531:8501,5,Tracking1/Component 3/Property 1=Tb/Demo Camera Lock/Tracker/y/5,ON_HOVER,SET_VARIABLE,,,,,,,927:140,($927:147 * $927:142)
Animate,2531:8501,5,Tracking1/Component 3/Property 1=Tb/Demo Camera Lock/Tracker/y/5,ON_HOVER,SET_VARIABLE,,,,,,,927:149,($927:147 * $927:132)
Animate,2531:8501,5,Tracking1/Component 3/Property 1=Tb/Demo Camera Lock/Tracker/y/5,ON_HOVER,SET_VARIABLE,,,,,,,927:134,($927:147 * $927:136)
Animate,2531:8501,5,Tracking1/Component 3/Property 1=Tb/Demo Camera Lock/Tracker/y/5,ON_HOVER,SET_VARIABLE,,,,,,,927:144,($927:147 * $927:133)
Animate,2531:8501,5,Tracking1/Component 3/Property 1=Tb/Demo Camera Lock/Tracker/y/5,ON_HOVER,SET_VARIABLE,,,,,,,927:130,($927:147 * $927:139)
Animate,2531:8502,4,Tracking1/Component 3/Property 1=Tb/Demo Camera Lock/Tracker/y/4,(legacy),NAVIGATE,2531:8274,,,300.0,EASE_OUT,,,
Animate,2531:8502,4,Tracking1/Component 3/Property 1=Tb/Demo Camera Lock/Tracker/y/4,ON_HOVER,NODE,2531:8274,CHANGE_TO,,,,,,
Animate,2531:8502,4,Tracking1/Component 3/Property 1=Tb/Demo Camera Lock/Tracker/y/4,ON_HOVER,SET_VARIABLE,,,,,,,927:147,(($927:151 / 26) * 4)
Animate,2531:8502,4,Tracking1/Component 3/Property 1=Tb/Demo Camera Lock/Tracker/y/4,ON_HOVER,SET_VARIABLE,,,,,,,927:152,($927:147 * $927:145)
Animate,2531:8502,4,Tracking1/Component 3/Property 1=Tb/Demo Camera Lock/Tracker/y/4,ON_HOVER,SET_VARIABLE,,,,,,,927:143,($927:147 * $927:153)
Animate,2531:8502,4,Tracking1/Component 3/Property 1=Tb/Demo Camera Lock/Tracker/y/4,ON_HOVER,SET_VARIABLE,,,,,,,927:140,($927:147 * $927:142)
Animate,2531:8502,4,Tracking1/Component 3/Property 1=Tb/Demo Camera Lock/Tracker/y/4,ON_HOVER,SET_VARIABLE,,,,,,,927:149,($927:147 * $927:132)
Animate,2531:8502,4,Tracking1/Component 3/Property 1=Tb/Demo Camera Lock/Tracker/y/4,ON_HOVER,SET_VARIABLE,,,,,,,927:134,($927:147 * $927:136)
Animate,2531:8502,4,Tracking1/Component 3/Property 1=Tb/Demo Camera Lock/Tracker/y/4,ON_HOVER,SET_VARIABLE,,,,,,,927:144,($927:147 * $927:133)
Animate,2531:8502,4,Tracking1/Component 3/Property 1=Tb/Demo Camera Lock/Tracker/y/4,ON_HOVER,SET_VARIABLE,,,,,,,927:130,($927:147 * $927:139)
Animate,2531:8503,3,Tracking1/Component 3/Property 1=Tb/Demo Camera Lock/Tracker/y/3,(legacy),NAVIGATE,2531:8274,,,300.0,EASE_OUT,,,
Animate,2531:8503,3,Tracking1/Component 3/Property 1=Tb/Demo Camera Lock/Tracker/y/3,ON_HOVER,NODE,2531:8274,CHANGE_TO,,,,,,
Animate,2531:8503,3,Tracking1/Component 3/Property 1=Tb/Demo Camera Lock/Tracker/y/3,ON_HOVER,SET_VARIABLE,,,,,,,927:147,(($927:151 / 26) * 3)
Animate,2531:8503,3,Tracking1/Component 3/Property 1=Tb/Demo Camera Lock/Tracker/y/3,ON_HOVER,SET_VARIABLE,,,,,,,927:152,($927:147 * $927:145)
Animate,2531:8503,3,Tracking1/Component 3/Property 1=Tb/Demo Camera Lock/Tracker/y/3,ON_HOVER,SET_VARIABLE,,,,,,,927:143,($927:147 * $927:153)
Animate,2531:8503,3,Tracking1/Component 3/Property 1=Tb/Demo Camera Lock/Tracker/y/3,ON_HOVER,SET_VARIABLE,,,,,,,927:140,($927:147 * $927:142)
Animate,2531:8503,3,Tracking1/Component 3/Property 1=Tb/Demo Camera Lock/Tracker/y/3,ON_HOVER,SET_VARIABLE,,,,,,,927:149,($927:147 * $927:132)
Animate,2531:8503,3,Tracking1/Component 3/Property 1=Tb/Demo Camera Lock/Tracker/y/3,ON_HOVER,SET_VARIABLE,,,,,,,927:134,($927:147 * $927:136)
Animate,2531:8503,3,Tracking1/Component 3/Property 1=Tb/Demo Camera Lock/Tracker/y/3,ON_HOVER,SET_VARIABLE,,,,,,,927:144,($927:147 * $927:133)
Animate,2531:8503,3,Tracking1/Component 3/Property 1=Tb/Demo Camera Lock/Tracker/y/3,ON_HOVER,SET_VARIABLE,,,,,,,927:130,($927:147 * $927:139)
Animate,2531:8504,2,Tracking1/Component 3/Property 1=Tb/Demo Camera Lock/Tracker/y/2,(legacy),NAVIGATE,2531:8274,,,300.0,EASE_OUT,,,
Animate,2531:8504,2,Tracking1/Component 3/Property 1=Tb/Demo Camera Lock/Tracker/y/2,ON_HOVER,NODE,2531:8274,CHANGE_TO,,,,,,
Animate,2531:8504,2,Tracking1/Component 3/Property 1=Tb/Demo Camera Lock/Tracker/y/2,ON_HOVER,SET_VARIABLE,,,,,,,927:147,(($927:151 / 26) * 2)
Animate,2531:8504,2,Tracking1/Component 3/Property 1=Tb/Demo Camera Lock/Tracker/y/2,ON_HOVER,SET_VARIABLE,,,,,,,927:152,($927:147 * $927:145)
Animate,2531:8504,2,Tracking1/Component 3/Property 1=Tb/Demo Camera Lock/Tracker/y/2,ON_HOVER,SET_VARIABLE,,,,,,,927:143,($927:147 * $927:153)
Animate,2531:8504,2,Tracking1/Component 3/Property 1=Tb/Demo Camera Lock/Tracker/y/2,ON_HOVER,SET_VARIABLE,,,,,,,927:140,($927:147 * $927:142)
Animate,2531:8504,2,Tracking1/Component 3/Property 1=Tb/Demo Camera Lock/Tracker/y/2,ON_HOVER,SET_VARIABLE,,,,,,,927:149,($927:147 * $927:132)
Animate,2531:8504,2,Tracking1/Component 3/Property 1=Tb/Demo Camera Lock/Tracker/y/2,ON_HOVER,SET_VARIABLE,,,,,,,927:134,($927:147 * $927:136)
Animate,2531:8504,2,Tracking1/Component 3/Property 1=Tb/Demo Camera Lock/Tracker/y/2,ON_HOVER,SET_VARIABLE,,,,,,,927:144,($927:147 * $927:133)
Animate,2531:8504,2,Tracking1/Component 3/Property 1=Tb/Demo Camera Lock/Tracker/y/2,ON_HOVER,SET_VARIABLE,,,,,,,927:130,($927:147 * $927:139)
Animate,2531:8505,1,Tracking1/Component 3/Property 1=Tb/Demo Camera Lock/Tracker/y/1,(legacy),NAVIGATE,2531:8274,,,300.0,EASE_OUT,,,
Animate,2531:8505,1,Tracking1/Component 3/Property 1=Tb/Demo Camera Lock/Tracker/y/1,ON_HOVER,NODE,2531:8274,CHANGE_TO,,,,,,
Animate,2531:8505,1,Tracking1/Component 3/Property 1=Tb/Demo Camera Lock/Tracker/y/1,ON_HOVER,SET_VARIABLE,,,,,,,927:147,(($927:151 / 26) * 1)
Animate,2531:8505,1,Tracking1/Component 3/Property 1=Tb/Demo Camera Lock/Tracker/y/1,ON_HOVER,SET_VARIABLE,,,,,,,927:152,($927:147 * $927:145)
Animate,2531:8505,1,Tracking1/Component 3/Property 1=Tb/Demo Camera Lock/Tracker/y/1,ON_HOVER,SET_VARIABLE,,,,,,,927:143,($927:147 * $927:153)
Animate,2531:8505,1,Tracking1/Component 3/Property 1=Tb/Demo Camera Lock/Tracker/y/1,ON_HOVER,SET_VARIABLE,,,,,,,927:140,($927:147 * $927:142)
Animate,2531:8505,1,Tracking1/Component 3/Property 1=Tb/Demo Camera Lock/Tracker/y/1,ON_HOVER,SET_VARIABLE,,,,,,,927:149,($927:147 * $927:132)
Animate,2531:8505,1,Tracking1/Component 3/Property 1=Tb/Demo Camera Lock/Tracker/y/1,ON_HOVER,SET_VARIABLE,,,,,,,927:134,($927:147 * $927:136)
Animate,2531:8505,1,Tracking1/Component 3/Property 1=Tb/Demo Camera Lock/Tracker/y/1,ON_HOVER,SET_VARIABLE,,,,,,,927:144,($927:147 * $927:133)
Animate,2531:8505,1,Tracking1/Component 3/Property 1=Tb/Demo Camera Lock/Tracker/y/1,ON_HOVER,SET_VARIABLE,,,,,,,927:130,($927:147 * $927:139)
Animate,2531:8506,-1,Tracking1/Component 3/Property 1=Tb/Demo Camera Lock/Tracker/y/-1,(legacy),NAVIGATE,2531:8274,,,300.0,EASE_OUT,,,
Animate,2531:8506,-1,Tracking1/Component 3/Property 1=Tb/Demo Camera Lock/Tracker/y/-1,ON_HOVER,NODE,2531:8274,CHANGE_TO,,,,,,
Animate,2531:8506,-1,Tracking1/Component 3/Property 1=Tb/Demo Camera Lock/Tracker/y/-1,ON_HOVER,SET_VARIABLE,,,,,,,927:147,(($927:151 / 26) * 1)
Animate,2531:8506,-1,Tracking1/Component 3/Property 1=Tb/Demo Camera Lock/Tracker/y/-1,ON_HOVER,SET_VARIABLE,,,,,,,927:147,NEGATE($927:147)
Animate,2531:8506,-1,Tracking1/Component 3/Property 1=Tb/Demo Camera Lock/Tracker/y/-1,ON_HOVER,SET_VARIABLE,,,,,,,927:152,($927:147 * $927:145)
Animate,2531:8506,-1,Tracking1/Component 3/Property 1=Tb/Demo Camera Lock/Tracker/y/-1,ON_HOVER,SET_VARIABLE,,,,,,,927:143,($927:147 * $927:153)
Animate,2531:8506,-1,Tracking1/Component 3/Property 1=Tb/Demo Camera Lock/Tracker/y/-1,ON_HOVER,SET_VARIABLE,,,,,,,927:140,($927:147 * $927:142)
Animate,2531:8506,-1,Tracking1/Component 3/Property 1=Tb/Demo Camera Lock/Tracker/y/-1,ON_HOVER,SET_VARIABLE,,,,,,,927:149,($927:147 * $927:132)
Animate,2531:8506,-1,Tracking1/Component 3/Property 1=Tb/Demo Camera Lock/Tracker/y/-1,ON_HOVER,SET_VARIABLE,,,,,,,927:134,($927:147 * $927:136)
Animate,2531:8506,-1,Tracking1/Component 3/Property 1=Tb/Demo Camera Lock/Tracker/y/-1,ON_HOVER,SET_VARIABLE,,,,,,,927:144,($927:147 * $927:133)
Animate,2531:8506,-1,Tracking1/Component 3/Property 1=Tb/Demo Camera Lock/Tracker/y/-1,ON_HOVER,SET_VARIABLE,,,,,,,927:130,($927:147 * $927:139)
Animate,2531:8507,-2,Tracking1/Component 3/Property 1=Tb/Demo Camera Lock/Tracker/y/-2,(legacy),NAVIGATE,2531:8274,,,300.0,EASE_OUT,,,
Animate,2531:8507,-2,Tracking1/Component 3/Property 1=Tb/Demo Camera Lock/Tracker/y/-2,ON_HOVER,NODE,2531:8274,CHANGE_TO,,,,,,
Animate,2531:8507,-2,Tracking1/Component 3/Property 1=Tb/Demo Camera Lock/Tracker/y/-2,ON_HOVER,SET_VARIABLE,,,,,,,927:147,(($927:151 / 26) * 2)
Animate,2531:8507,-2,Tracking1/Component 3/Property 1=Tb/Demo Camera Lock/Tracker/y/-2,ON_HOVER,SET_VARIABLE,,,,,,,927:147,NEGATE($927:147)
Animate,2531:8507,-2,Tracking1/Component 3/Property 1=Tb/Demo Camera Lock/Tracker/y/-2,ON_HOVER,SET_VARIABLE,,,,,,,927:152,($927:147 * $927:145)
Animate,2531:8507,-2,Tracking1/Component 3/Property 1=Tb/Demo Camera Lock/Tracker/y/-2,ON_HOVER,SET_VARIABLE,,,,,,,927:143,($927:147 * $927:153)
Animate,2531:8507,-2,Tracking1/Component 3/Property 1=Tb/Demo Camera Lock/Tracker/y/-2,ON_HOVER,SET_VARIABLE,,,,,,,927:140,($927:147 * $927:142)
Animate,2531:8507,-2,Tracking1/Component 3/Property 1=Tb/Demo Camera Lock/Tracker/y/-2,ON_HOVER,SET_VARIABLE,,,,,,,927:149,($927:147 * $927:132)
Animate,2531:8507,-2,Tracking1/Component 3/Property 1=Tb/Demo Camera Lock/Tracker/y/-2,ON_HOVER,SET_VARIABLE,,,,,,,927:134,($927:147 * $927:136)
Animate,2531:8507,-2,Tracking1/Component 3/Property 1=Tb/Demo Camera Lock/Tracker/y/-2,ON_HOVER,SET_VARIABLE,,,,,,,927:144,($927:147 * $927:133)
Animate,2531:8507,-2,Tracking1/Component 3/Property 1=Tb/Demo Camera Lock/Tracker/y/-2,ON_HOVER,SET_VARIABLE,,,,,,,927:130,($927:147 * $927:139)
Animate,2531:8508,-3,Tracking1/Component 3/Property 1=Tb/Demo Camera Lock/Tracker/y/-3,(legacy),NAVIGATE,2531:8274,,,300.0,EASE_OUT,,,
Animate,2531:8508,-3,Tracking1/Component 3/Property 1=Tb/Demo Camera Lock/Tracker/y/-3,ON_HOVER,NODE,2531:8274,CHANGE_TO,,,,,,
Animate,2531:8508,-3,Tracking1/Component 3/Property 1=Tb/Demo Camera Lock/Tracker/y/-3,ON_HOVER,SET_VARIABLE,,,,,,,927:147,(($927:151 / 26) * 3)
Animate,2531:8508,-3,Tracking1/Component 3/Property 1=Tb/Demo Camera Lock/Tracker/y/-3,ON_HOVER,SET_VARIABLE,,,,,,,927:147,NEGATE($927:147)
Animate,2531:8508,-3,Tracking1/Component 3/Property 1=Tb/Demo Camera Lock/Tracker/y/-3,ON_HOVER,SET_VARIABLE,,,,,,,927:152,($927:147 * $927:145)
Animate,2531:8508,-3,Tracking1/Component 3/Property 1=Tb/Demo Camera Lock/Tracker/y/-3,ON_HOVER,SET_VARIABLE,,,,,,,927:143,($927:147 * $927:153)
Animate,2531:8508,-3,Tracking1/Component 3/Property 1=Tb/Demo Camera Lock/Tracker/y/-3,ON_HOVER,SET_VARIABLE,,,,,,,927:140,($927:147 * $927:142)
Animate,2531:8508,-3,Tracking1/Component 3/Property 1=Tb/Demo Camera Lock/Tracker/y/-3,ON_HOVER,SET_VARIABLE,,,,,,,927:149,($927:147 * $927:132)
Animate,2531:8508,-3,Tracking1/Component 3/Property 1=Tb/Demo Camera Lock/Tracker/y/-3,ON_HOVER,SET_VARIABLE,,,,,,,927:134,($927:147 * $927:136)
Animate,2531:8508,-3,Tracking1/Component 3/Property 1=Tb/Demo Camera Lock/Tracker/y/-3,ON_HOVER,SET_VARIABLE,,,,,,,927:144,($927:147 * $927:133)
Animate,2531:8508,-3,Tracking1/Component 3/Property 1=Tb/Demo Camera Lock/Tracker/y/-3,ON_HOVER,SET_VARIABLE,,,,,,,927:130,($927:147 * $927:139)
Animate,2531:8509,-4,Tracking1/Component 3/Property 1=Tb/Demo Camera Lock/Tracker/y/-4,(legacy),NAVIGATE,2531:8274,,,300.0,EASE_OUT,,,
Animate,2531:8509,-4,Tracking1/Component 3/Property 1=Tb/Demo Camera Lock/Tracker/y/-4,ON_HOVER,NODE,2531:8274,CHANGE_TO,,,,,,
Animate,2531:8509,-4,Tracking1/Component 3/Property 1=Tb/Demo Camera Lock/Tracker/y/-4,ON_HOVER,SET_VARIABLE,,,,,,,927:147,(($927:151 / 26) * 4)
Animate,2531:8509,-4,Tracking1/Component 3/Property 1=Tb/Demo Camera Lock/Tracker/y/-4,ON_HOVER,SET_VARIABLE,,,,,,,927:147,NEGATE($927:147)
Animate,2531:8509,-4,Tracking1/Component 3/Property 1=Tb/Demo Camera Lock/Tracker/y/-4,ON_HOVER,SET_VARIABLE,,,,,,,927:152,($927:147 * $927:145)
Animate,2531:8509,-4,Tracking1/Component 3/Property 1=Tb/Demo Camera Lock/Tracker/y/-4,ON_HOVER,SET_VARIABLE,,,,,,,927:143,($927:147 * $927:153)
Animate,2531:8509,-4,Tracking1/Component 3/Property 1=Tb/Demo Camera Lock/Tracker/y/-4,ON_HOVER,SET_VARIABLE,,,,,,,927:140,($927:147 * $927:142)
Animate,2531:8509,-4,Tracking1/Component 3/Property 1=Tb/Demo Camera Lock/Tracker/y/-4,ON_HOVER,SET_VARIABLE,,,,,,,927:149,($927:147 * $927:132)
Animate,2531:8509,-4,Tracking1/Component 3/Property 1=Tb/Demo Camera Lock/Tracker/y/-4,ON_HOVER,SET_VARIABLE,,,,,,,927:134,($927:147 * $927:136)
Animate,2531:8509,-4,Tracking1/Component 3/Property 1=Tb/Demo Camera Lock/Tracker/y/-4,ON_HOVER,SET_VARIABLE,,,,,,,927:144,($927:147 * $927:133)
Animate,2531:8509,-4,Tracking1/Component 3/Property 1=Tb/Demo Camera Lock/Tracker/y/-4,ON_HOVER,SET_VARIABLE,,,,,,,927:130,($927:147 * $927:139)
Animate,2531:8510,-5,Tracking1/Component 3/Property 1=Tb/Demo Camera Lock/Tracker/y/-5,(legacy),NAVIGATE,2531:8274,,,300.0,EASE_OUT,,,
Animate,2531:8510,-5,Tracking1/Component 3/Property 1=Tb/Demo Camera Lock/Tracker/y/-5,ON_HOVER,NODE,2531:8274,CHANGE_TO,,,,,,
Animate,2531:8510,-5,Tracking1/Component 3/Property 1=Tb/Demo Camera Lock/Tracker/y/-5,ON_HOVER,SET_VARIABLE,,,,,,,927:147,(($927:151 / 26) * 5)
Animate,2531:8510,-5,Tracking1/Component 3/Property 1=Tb/Demo Camera Lock/Tracker/y/-5,ON_HOVER,SET_VARIABLE,,,,,,,927:147,NEGATE($927:147)
Animate,2531:8510,-5,Tracking1/Component 3/Property 1=Tb/Demo Camera Lock/Tracker/y/-5,ON_HOVER,SET_VARIABLE,,,,,,,927:152,($927:147 * $927:145)
Animate,2531:8510,-5,Tracking1/Component 3/Property 1=Tb/Demo Camera Lock/Tracker/y/-5,ON_HOVER,SET_VARIABLE,,,,,,,927:143,($927:147 * $927:153)
Animate,2531:8510,-5,Tracking1/Component 3/Property 1=Tb/Demo Camera Lock/Tracker/y/-5,ON_HOVER,SET_VARIABLE,,,,,,,927:140,($927:147 * $927:142)
Animate,2531:8510,-5,Tracking1/Component 3/Property 1=Tb/Demo Camera Lock/Tracker/y/-5,ON_HOVER,SET_VARIABLE,,,,,,,927:149,($927:147 * $927:132)
Animate,2531:8510,-5,Tracking1/Component 3/Property 1=Tb/Demo Camera Lock/Tracker/y/-5,ON_HOVER,SET_VARIABLE,,,,,,,927:134,($927:147 * $927:136)
Animate,2531:8510,-5,Tracking1/Component 3/Property 1=Tb/Demo Camera Lock/Tracker/y/-5,ON_HOVER,SET_VARIABLE,,,,,,,927:144,($927:147 * $927:133)
Animate,2531:8510,-5,Tracking1/Component 3/Property 1=Tb/Demo Camera Lock/Tracker/y/-5,ON_HOVER,SET_VARIABLE,,,,,,,927:130,($927:147 * $927:139)
Animate,2531:8511,-6,Tracking1/Component 3/Property 1=Tb/Demo Camera Lock/Tracker/y/-6,(legacy),NAVIGATE,2531:8274,,,300.0,EASE_OUT,,,
Animate,2531:8511,-6,Tracking1/Component 3/Property 1=Tb/Demo Camera Lock/Tracker/y/-6,ON_HOVER,NODE,2531:8274,CHANGE_TO,,,,,,
Animate,2531:8511,-6,Tracking1/Component 3/Property 1=Tb/Demo Camera Lock/Tracker/y/-6,ON_HOVER,SET_VARIABLE,,,,,,,927:147,(($927:151 / 26) * 6)
Animate,2531:8511,-6,Tracking1/Component 3/Property 1=Tb/Demo Camera Lock/Tracker/y/-6,ON_HOVER,SET_VARIABLE,,,,,,,927:147,NEGATE($927:147)
Animate,2531:8511,-6,Tracking1/Component 3/Property 1=Tb/Demo Camera Lock/Tracker/y/-6,ON_HOVER,SET_VARIABLE,,,,,,,927:152,($927:147 * $927:145)
Animate,2531:8511,-6,Tracking1/Component 3/Property 1=Tb/Demo Camera Lock/Tracker/y/-6,ON_HOVER,SET_VARIABLE,,,,,,,927:143,($927:147 * $927:153)
Animate,2531:8511,-6,Tracking1/Component 3/Property 1=Tb/Demo Camera Lock/Tracker/y/-6,ON_HOVER,SET_VARIABLE,,,,,,,927:140,($927:147 * $927:142)
Animate,2531:8511,-6,Tracking1/Component 3/Property 1=Tb/Demo Camera Lock/Tracker/y/-6,ON_HOVER,SET_VARIABLE,,,,,,,927:149,($927:147 * $927:132)
Animate,2531:8511,-6,Tracking1/Component 3/Property 1=Tb/Demo Camera Lock/Tracker/y/-6,ON_HOVER,SET_VARIABLE,,,,,,,927:134,($927:147 * $927:136)
Animate,2531:8511,-6,Tracking1/Component 3/Property 1=Tb/Demo Camera Lock/Tracker/y/-6,ON_HOVER,SET_VARIABLE,,,,,,,927:144,($927:147 * $927:133)
Animate,2531:8511,-6,Tracking1/Component 3/Property 1=Tb/Demo Camera Lock/Tracker/y/-6,ON_HOVER,SET_VARIABLE,,,,,,,927:130,($927:147 * $927:139)
Animate,2531:8512,-7,Tracking1/Component 3/Property 1=Tb/Demo Camera Lock/Tracker/y/-7,(legacy),NAVIGATE,2531:8274,,,300.0,EASE_OUT,,,
Animate,2531:8512,-7,Tracking1/Component 3/Property 1=Tb/Demo Camera Lock/Tracker/y/-7,ON_HOVER,NODE,2531:8274,CHANGE_TO,,,,,,
Animate,2531:8512,-7,Tracking1/Component 3/Property 1=Tb/Demo Camera Lock/Tracker/y/-7,ON_HOVER,SET_VARIABLE,,,,,,,927:147,(($927:151 / 26) * 7)
Animate,2531:8512,-7,Tracking1/Component 3/Property 1=Tb/Demo Camera Lock/Tracker/y/-7,ON_HOVER,SET_VARIABLE,,,,,,,927:147,NEGATE($927:147)
Animate,2531:8512,-7,Tracking1/Component 3/Property 1=Tb/Demo Camera Lock/Tracker/y/-7,ON_HOVER,SET_VARIABLE,,,,,,,927:152,($927:147 * $927:145)
Animate,2531:8512,-7,Tracking1/Component 3/Property 1=Tb/Demo Camera Lock/Tracker/y/-7,ON_HOVER,SET_VARIABLE,,,,,,,927:143,($927:147 * $927:153)
Animate,2531:8512,-7,Tracking1/Component 3/Property 1=Tb/Demo Camera Lock/Tracker/y/-7,ON_HOVER,SET_VARIABLE,,,,,,,927:140,($927:147 * $927:142)
Animate,2531:8512,-7,Tracking1/Component 3/Property 1=Tb/Demo Camera Lock/Tracker/y/-7,ON_HOVER,SET_VARIABLE,,,,,,,927:149,($927:147 * $927:132)
Animate,2531:8512,-7,Tracking1/Component 3/Property 1=Tb/Demo Camera Lock/Tracker/y/-7,ON_HOVER,SET_VARIABLE,,,,,,,927:134,($927:147 * $927:136)
Animate,2531:8512,-7,Tracking1/Component 3/Property 1=Tb/Demo Camera Lock/Tracker/y/-7,ON_HOVER,SET_VARIABLE,,,,,,,927:144,($927:147 * $927:133)
Animate,2531:8512,-7,Tracking1/Component 3/Property 1=Tb/Demo Camera Lock/Tracker/y/-7,ON_HOVER,SET_VARIABLE,,,,,,,927:130,($927:147 * $927:139)
Animate,2531:8513,-8,Tracking1/Component 3/Property 1=Tb/Demo Camera Lock/Tracker/y/-8,(legacy),NAVIGATE,2531:8274,,,300.0,EASE_OUT,,,
Animate,2531:8513,-8,Tracking1/Component 3/Property 1=Tb/Demo Camera Lock/Tracker/y/-8,ON_HOVER,NODE,2531:8274,CHANGE_TO,,,,,,
Animate,2531:8513,-8,Tracking1/Component 3/Property 1=Tb/Demo Camera Lock/Tracker/y/-8,ON_HOVER,SET_VARIABLE,,,,,,,927:147,(($927:151 / 26) * 8)
Animate,2531:8513,-8,Tracking1/Component 3/Property 1=Tb/Demo Camera Lock/Tracker/y/-8,ON_HOVER,SET_VARIABLE,,,,,,,927:147,NEGATE($927:147)
Animate,2531:8513,-8,Tracking1/Component 3/Property 1=Tb/Demo Camera Lock/Tracker/y/-8,ON_HOVER,SET_VARIABLE,,,,,,,927:152,($927:147 * $927:145)
Animate,2531:8513,-8,Tracking1/Component 3/Property 1=Tb/Demo Camera Lock/Tracker/y/-8,ON_HOVER,SET_VARIABLE,,,,,,,927:143,($927:147 * $927:153)
Animate,2531:8513,-8,Tracking1/Component 3/Property 1=Tb/Demo Camera Lock/Tracker/y/-8,ON_HOVER,SET_VARIABLE,,,,,,,927:140,($927:147 * $927:142)
Animate,2531:8513,-8,Tracking1/Component 3/Property 1=Tb/Demo Camera Lock/Tracker/y/-8,ON_HOVER,SET_VARIABLE,,,,,,,927:149,($927:147 * $927:132)
Animate,2531:8513,-8,Tracking1/Component 3/Property 1=Tb/Demo Camera Lock/Tracker/y/-8,ON_HOVER,SET_VARIABLE,,,,,,,927:134,($927:147 * $927:136)
Animate,2531:8513,-8,Tracking1/Component 3/Property 1=Tb/Demo Camera Lock/Tracker/y/-8,ON_HOVER,SET_VARIABLE,,,,,,,927:144,($927:147 * $927:133)
Animate,2531:8513,-8,Tracking1/Component 3/Property 1=Tb/Demo Camera Lock/Tracker/y/-8,ON_HOVER,SET_VARIABLE,,,,,,,927:130,($927:147 * $927:139)
Animate,2531:8514,-9,Tracking1/Component 3/Property 1=Tb/Demo Camera Lock/Tracker/y/-9,(legacy),NAVIGATE,2531:8274,,,300.0,EASE_OUT,,,
Animate,2531:8514,-9,Tracking1/Component 3/Property 1=Tb/Demo Camera Lock/Tracker/y/-9,ON_HOVER,NODE,2531:8274,CHANGE_TO,,,,,,
Animate,2531:8514,-9,Tracking1/Component 3/Property 1=Tb/Demo Camera Lock/Tracker/y/-9,ON_HOVER,SET_VARIABLE,,,,,,,927:147,(($927:151 / 26) * 9)
Animate,2531:8514,-9,Tracking1/Component 3/Property 1=Tb/Demo Camera Lock/Tracker/y/-9,ON_HOVER,SET_VARIABLE,,,,,,,927:147,NEGATE($927:147)
Animate,2531:8514,-9,Tracking1/Component 3/Property 1=Tb/Demo Camera Lock/Tracker/y/-9,ON_HOVER,SET_VARIABLE,,,,,,,927:152,($927:147 * $927:145)
Animate,2531:8514,-9,Tracking1/Component 3/Property 1=Tb/Demo Camera Lock/Tracker/y/-9,ON_HOVER,SET_VARIABLE,,,,,,,927:143,($927:147 * $927:153)
Animate,2531:8514,-9,Tracking1/Component 3/Property 1=Tb/Demo Camera Lock/Tracker/y/-9,ON_HOVER,SET_VARIABLE,,,,,,,927:140,($927:147 * $927:142)
Animate,2531:8514,-9,Tracking1/Component 3/Property 1=Tb/Demo Camera Lock/Tracker/y/-9,ON_HOVER,SET_VARIABLE,,,,,,,927:149,($927:147 * $927:132)
Animate,2531:8514,-9,Tracking1/Component 3/Property 1=Tb/Demo Camera Lock/Tracker/y/-9,ON_HOVER,SET_VARIABLE,,,,,,,927:134,($927:147 * $927:136)
Animate,2531:8514,-9,Tracking1/Component 3/Property 1=Tb/Demo Camera Lock/Tracker/y/-9,ON_HOVER,SET_VARIABLE,,,,,,,927:144,($927:147 * $927:133)
Animate,2531:8514,-9,Tracking1/Component 3/Property 1=Tb/Demo Camera Lock/Tracker/y/-9,ON_HOVER,SET_VARIABLE,,,,,,,927:130,($927:147 * $927:139)
Animate,2531:8515,-10,Tracking1/Component 3/Property 1=Tb/Demo Camera Lock/Tracker/y/-10,(legacy),NAVIGATE,2531:8274,,,300.0,EASE_OUT,,,
Animate,2531:8515,-10,Tracking1/Component 3/Property 1=Tb/Demo Camera Lock/Tracker/y/-10,ON_HOVER,NODE,2531:8274,CHANGE_TO,,,,,,
Animate,2531:8515,-10,Tracking1/Component 3/Property 1=Tb/Demo Camera Lock/Tracker/y/-10,ON_HOVER,SET_VARIABLE,,,,,,,927:147,(($927:151 / 26) * 10)
Animate,2531:8515,-10,Tracking1/Component 3/Property 1=Tb/Demo Camera Lock/Tracker/y/-10,ON_HOVER,SET_VARIABLE,,,,,,,927:147,NEGATE($927:147)
Animate,2531:8515,-10,Tracking1/Component 3/Property 1=Tb/Demo Camera Lock/Tracker/y/-10,ON_HOVER,SET_VARIABLE,,,,,,,927:152,($927:147 * $927:145)
Animate,2531:8515,-10,Tracking1/Component 3/Property 1=Tb/Demo Camera Lock/Tracker/y/-10,ON_HOVER,SET_VARIABLE,,,,,,,927:143,($927:147 * $927:153)
Animate,2531:8515,-10,Tracking1/Component 3/Property 1=Tb/Demo Camera Lock/Tracker/y/-10,ON_HOVER,SET_VARIABLE,,,,,,,927:140,($927:147 * $927:142)
Animate,2531:8515,-10,Tracking1/Component 3/Property 1=Tb/Demo Camera Lock/Tracker/y/-10,ON_HOVER,SET_VARIABLE,,,,,,,927:149,($927:147 * $927:132)
Animate,2531:8515,-10,Tracking1/Component 3/Property 1=Tb/Demo Camera Lock/Tracker/y/-10,ON_HOVER,SET_VARIABLE,,,,,,,927:134,($927:147 * $927:136)
Animate,2531:8515,-10,Tracking1/Component 3/Property 1=Tb/Demo Camera Lock/Tracker/y/-10,ON_HOVER,SET_VARIABLE,,,,,,,927:144,($927:147 * $927:133)
Animate,2531:8515,-10,Tracking1/Component 3/Property 1=Tb/Demo Camera Lock/Tracker/y/-10,ON_HOVER,SET_VARIABLE,,,,,,,927:130,($927:147 * $927:139)
Animate,2531:8516,-11,Tracking1/Component 3/Property 1=Tb/Demo Camera Lock/Tracker/y/-11,(legacy),NAVIGATE,2531:8274,,,300.0,EASE_OUT,,,
Animate,2531:8516,-11,Tracking1/Component 3/Property 1=Tb/Demo Camera Lock/Tracker/y/-11,ON_HOVER,NODE,2531:8274,CHANGE_TO,,,,,,
Animate,2531:8516,-11,Tracking1/Component 3/Property 1=Tb/Demo Camera Lock/Tracker/y/-11,ON_HOVER,SET_VARIABLE,,,,,,,927:147,(($927:151 / 26) * 11)
Animate,2531:8516,-11,Tracking1/Component 3/Property 1=Tb/Demo Camera Lock/Tracker/y/-11,ON_HOVER,SET_VARIABLE,,,,,,,927:147,NEGATE($927:147)
Animate,2531:8516,-11,Tracking1/Component 3/Property 1=Tb/Demo Camera Lock/Tracker/y/-11,ON_HOVER,SET_VARIABLE,,,,,,,927:152,($927:147 * $927:145)
Animate,2531:8516,-11,Tracking1/Component 3/Property 1=Tb/Demo Camera Lock/Tracker/y/-11,ON_HOVER,SET_VARIABLE,,,,,,,927:143,($927:147 * $927:153)
Animate,2531:8516,-11,Tracking1/Component 3/Property 1=Tb/Demo Camera Lock/Tracker/y/-11,ON_HOVER,SET_VARIABLE,,,,,,,927:140,($927:147 * $927:142)
Animate,2531:8516,-11,Tracking1/Component 3/Property 1=Tb/Demo Camera Lock/Tracker/y/-11,ON_HOVER,SET_VARIABLE,,,,,,,927:149,($927:147 * $927:132)
Animate,2531:8516,-11,Tracking1/Component 3/Property 1=Tb/Demo Camera Lock/Tracker/y/-11,ON_HOVER,SET_VARIABLE,,,,,,,927:134,($927:147 * $927:136)
Animate,2531:8516,-11,Tracking1/Component 3/Property 1=Tb/Demo Camera Lock/Tracker/y/-11,ON_HOVER,SET_VARIABLE,,,,,,,927:144,($927:147 * $927:133)
Animate,2531:8516,-11,Tracking1/Component 3/Property 1=Tb/Demo Camera Lock/Tracker/y/-11,ON_HOVER,SET_VARIABLE,,,,,,,927:130,($927:147 * $927:139)
Animate,2531:8517,-12,Tracking1/Component 3/Property 1=Tb/Demo Camera Lock/Tracker/y/-12,(legacy),NAVIGATE,2531:8274,,,300.0,EASE_OUT,,,
Animate,2531:8517,-12,Tracking1/Component 3/Property 1=Tb/Demo Camera Lock/Tracker/y/-12,ON_HOVER,NODE,2531:8274,CHANGE_TO,,,,,,
Animate,2531:8517,-12,Tracking1/Component 3/Property 1=Tb/Demo Camera Lock/Tracker/y/-12,ON_HOVER,SET_VARIABLE,,,,,,,927:147,(($927:151 / 26) * 12)
Animate,2531:8517,-12,Tracking1/Component 3/Property 1=Tb/Demo Camera Lock/Tracker/y/-12,ON_HOVER,SET_VARIABLE,,,,,,,927:147,NEGATE($927:147)
Animate,2531:8517,-12,Tracking1/Component 3/Property 1=Tb/Demo Camera Lock/Tracker/y/-12,ON_HOVER,SET_VARIABLE,,,,,,,927:152,($927:147 * $927:145)
Animate,2531:8517,-12,Tracking1/Component 3/Property 1=Tb/Demo Camera Lock/Tracker/y/-12,ON_HOVER,SET_VARIABLE,,,,,,,927:143,($927:147 * $927:153)
Animate,2531:8517,-12,Tracking1/Component 3/Property 1=Tb/Demo Camera Lock/Tracker/y/-12,ON_HOVER,SET_VARIABLE,,,,,,,927:140,($927:147 * $927:142)
Animate,2531:8517,-12,Tracking1/Component 3/Property 1=Tb/Demo Camera Lock/Tracker/y/-12,ON_HOVER,SET_VARIABLE,,,,,,,927:149,($927:147 * $927:132)
Animate,2531:8517,-12,Tracking1/Component 3/Property 1=Tb/Demo Camera Lock/Tracker/y/-12,ON_HOVER,SET_VARIABLE,,,,,,,927:134,($927:147 * $927:136)
Animate,2531:8517,-12,Tracking1/Component 3/Property 1=Tb/Demo Camera Lock/Tracker/y/-12,ON_HOVER,SET_VARIABLE,,,,,,,927:144,($927:147 * $927:133)
Animate,2531:8517,-12,Tracking1/Component 3/Property 1=Tb/Demo Camera Lock/Tracker/y/-12,ON_HOVER,SET_VARIABLE,,,,,,,927:130,($927:147 * $927:139)
Animate,2531:8551,5,Tracking1/Component 3/Property 1=Tb/Demo Camera Lock/Group 1410103545/Layer 5/5/5,(legacy),NAVIGATE,2531:8281,,,1500.0,EASE_IN_AND_OUT,,,
Animate,2531:8551,5,Tracking1/Component 3/Property 1=Tb/Demo Camera Lock/Group 1410103545/Layer 5/5/5,AFTER_TIMEOUT(1.0ms),NODE,2531:8281,CHANGE_TO,SMART_ANIMATE,1500.0,EASE_IN_AND_OUT,,,
Animate,2531:8552,5,Tracking1/Component 3/Property 1=Tb/Demo Camera Lock/Group 1410103545/Layer 5/5/5,(legacy),NAVIGATE,2531:8281,,,900.0,EASE_IN_AND_OUT,,,
Animate,2531:8552,5,Tracking1/Component 3/Property 1=Tb/Demo Camera Lock/Group 1410103545/Layer 5/5/5,AFTER_TIMEOUT(1000.0ms),NODE,2531:8281,CHANGE_TO,SMART_ANIMATE,900.0,EASE_IN_AND_OUT,,,
Animate,2531:8553,5,Tracking1/Component 3/Property 1=Tb/Demo Camera Lock/Group 1410103545/Layer 5/5/5,(legacy),NAVIGATE,2531:8277,,,1500.0,EASE_IN_AND_OUT,,,
Animate,2531:8553,5,Tracking1/Component 3/Property 1=Tb/Demo Camera Lock/Group 1410103545/Layer 5/5/5,AFTER_TIMEOUT(1.0ms),NODE,2531:8277,CHANGE_TO,SMART_ANIMATE,1500.0,EASE_IN_AND_OUT,,,
Animate,2531:8554,5,Tracking1/Component 3/Property 1=Tb/Demo Camera Lock/Group 1410103545/Layer 5/5/5,(legacy),NAVIGATE,2531:8277,,,1500.0,EASE_IN_AND_OUT,,,
Animate,2531:8554,5,Tracking1/Component 3/Property 1=Tb/Demo Camera Lock/Group 1410103545/Layer 5/5/5,AFTER_TIMEOUT(1.0ms),NODE,2531:8277,CHANGE_TO,SMART_ANIMATE,1500.0,EASE_IN_AND_OUT,,,
Animate,2531:8555,5,Tracking1/Component 3/Property 1=Tb/Demo Camera Lock/Group 1410103545/Layer 5/5/5,(legacy),NAVIGATE,2531:8281,,,1500.0,EASE_IN_AND_OUT,,,
Animate,2531:8555,5,Tracking1/Component 3/Property 1=Tb/Demo Camera Lock/Group 1410103545/Layer 5/5/5,AFTER_TIMEOUT(500.0ms),NODE,2531:8281,CHANGE_TO,SMART_ANIMATE,1500.0,EASE_IN_AND_OUT,,,
Animate,2531:8556,5,Tracking1/Component 3/Property 1=Tb/Demo Camera Lock/Group 1410103545/Layer 5/5/5,(legacy),NAVIGATE,2531:8277,,,1500.0,EASE_IN_AND_OUT,,,
Animate,2531:8556,5,Tracking1/Component 3/Property 1=Tb/Demo Camera Lock/Group 1410103545/Layer 5/5/5,AFTER_TIMEOUT(1.0ms),NODE,2531:8277,CHANGE_TO,SMART_ANIMATE,1500.0,EASE_IN_AND_OUT,,,
Animate,2531:8557,5,Tracking1/Component 3/Property 1=Tb/Demo Camera Lock/Group 1410103545/Layer 5/5/5,(legacy),NAVIGATE,2531:8281,,,2000.0,EASE_IN_AND_OUT,,,
Animate,2531:8557,5,Tracking1/Component 3/Property 1=Tb/Demo Camera Lock/Group 1410103545/Layer 5/5/5,AFTER_TIMEOUT(400.0ms),NODE,2531:8281,CHANGE_TO,SMART_ANIMATE,2000.0,EASE_IN_AND_OUT,,,
Animate,2531:8568,4,Tracking1/Component 3/Property 1=Tb/Demo Camera Lock/Group 1410103545/Layer 4/4/4,(legacy),NAVIGATE,2531:8288,,,700.0,LINEAR,,,
Animate,2531:8568,4,Tracking1/Component 3/Property 1=Tb/Demo Camera Lock/Group 1410103545/Layer 4/4/4,AFTER_TIMEOUT(1.0ms),NODE,2531:8288,CHANGE_TO,SMART_ANIMATE,700.0,LINEAR,,,
Animate,2531:8571,3,Tracking1/Component 3/Property 1=Tb/Demo Camera Lock/Group 1410103545/Layer 3/3/3,(legacy),NAVIGATE,2531:8300,,,3000.0,EASE_IN_AND_OUT,,,
Animate,2531:8571,3,Tracking1/Component 3/Property 1=Tb/Demo Camera Lock/Group 1410103545/Layer 3/3/3,AFTER_TIMEOUT(1.0ms),NODE,2531:8300,CHANGE_TO,SMART_ANIMATE,3000.0,EASE_IN_AND_OUT,,,
Animate,2531:8572,3,Tracking1/Component 3/Property 1=Tb/Demo Camera Lock/Group 1410103545/Layer 3/3/3,(legacy),NAVIGATE,2531:8300,,,3000.0,EASE_IN_AND_OUT,,,
Animate,2531:8572,3,Tracking1/Component 3/Property 1=Tb/Demo Camera Lock/Group 1410103545/Layer 3/3/3,AFTER_TIMEOUT(750.0ms),NODE,2531:8300,CHANGE_TO,SMART_ANIMATE,3000.0,EASE_IN_AND_OUT,,,
Animate,2531:8573,3,Tracking1/Component 3/Property 1=Tb/Demo Camera Lock/Group 1410103545/Layer 3/3/3,(legacy),NAVIGATE,2531:8300,,,2000.0,EASE_IN_AND_OUT,,,
Animate,2531:8573,3,Tracking1/Component 3/Property 1=Tb/Demo Camera Lock/Group 1410103545/Layer 3/3/3,AFTER_TIMEOUT(300.0ms),NODE,2531:8300,CHANGE_TO,SMART_ANIMATE,2000.0,EASE_IN_AND_OUT,,,
Animate,2531:8576,2,Tracking1/Component 3/Property 1=Tb/Demo Camera Lock/Group 1410103545/Layer 2/2/2,(legacy),NAVIGATE,2531:8294,,,8500.0,EASE_IN_AND_OUT,,,
Animate,2531:8576,2,Tracking1/Component 3/Property 1=Tb/Demo Camera Lock/Group 1410103545/Layer 2/2/2,AFTER_TIMEOUT(1.0ms),NODE,2531:8294,CHANGE_TO,SMART_ANIMATE,8500.0,EASE_IN_AND_OUT,,,
Animate,2531:8577,2,Tracking1/Component 3/Property 1=Tb/Demo Camera Lock/Group 1410103545/Layer 2/2/2,(legacy),NAVIGATE,2531:8294,,,10000.0,EASE_IN_AND_OUT,,,
Animate,2531:8577,2,Tracking1/Component 3/Property 1=Tb/Demo Camera Lock/Group 1410103545/Layer 2/2/2,AFTER_TIMEOUT(1.0ms),NODE,2531:8294,CHANGE_TO,SMART_ANIMATE,10000.0,EASE_IN_AND_OUT,,,
Animate,2531:8578,2,Tracking1/Component 3/Property 1=Tb/Demo Camera Lock/Group 1410103545/Layer 2/2/2,(legacy),NAVIGATE,2531:8294,,,7000.0,EASE_IN_AND_OUT,,,
Animate,2531:8578,2,Tracking1/Component 3/Property 1=Tb/Demo Camera Lock/Group 1410103545/Layer 2/2/2,AFTER_TIMEOUT(1.0ms),NODE,2531:8294,CHANGE_TO,SMART_ANIMATE,7000.0,EASE_IN_AND_OUT,,,
Animate,2531:8903,Property 1=Default,Partten/Desktop - 3/Property 1=Default,(legacy),NAVIGATE,2531:8906,,,2500.0,LINEAR,,,
Animate,2531:8903,Property 1=Default,Partten/Desktop - 3/Property 1=Default,AFTER_TIMEOUT(2500.0ms),NODE,2531:8906,CHANGE_TO,SMART_ANIMATE,2500.0,LINEAR,,,
Animate,2531:8906,Property 1=Variant2,Partten/Desktop - 3/Property 1=Variant2,(legacy),NAVIGATE,2531:8903,,,2500.0,LINEAR,,,
Animate,2531:8906,Property 1=Variant2,Partten/Desktop - 3/Property 1=Variant2,AFTER_TIMEOUT(2500.0ms),NODE,2531:8903,CHANGE_TO,SMART_ANIMATE,2500.0,LINEAR,,,
Animate,2531:8910,Desktop - 4,Partten/Desktop - 4,(legacy),NAVIGATE,2531:8906,,,2500.0,LINEAR,,,
Animate,2531:8910,Desktop - 4,Partten/Desktop - 4,AFTER_TIMEOUT(2500.0ms),NODE,2531:8906,CHANGE_TO,SMART_ANIMATE,2500.0,LINEAR,,,
Animate,2985:7981,Property 1=Default,Partten/Partten Tech 1/Property 1=Default,(legacy),NAVIGATE,2985:7985,,,300.0,EASE_OUT,,,
Animate,2985:7981,Property 1=Default,Partten/Partten Tech 1/Property 1=Default,ON_HOVER,NODE,2985:7985,CHANGE_TO,SMART_ANIMATE,300.0,EASE_OUT,,,
Animate,2448:7969,"State=Default, Size=Big","Text Animation/Heading Display/State=Default, Size=Big",(legacy),NAVIGATE,2448:7971,,,1500.0,EASE_OUT,,,
Animate,2448:7969,"State=Default, Size=Big","Text Animation/Heading Display/State=Default, Size=Big",AFTER_TIMEOUT(500.0ms),NODE,2448:7971,CHANGE_TO,SMART_ANIMATE,1500.0,EASE_OUT,,,
Animate,2448:7971,"State=Shinning 1, Size=Big","Text Animation/Heading Display/State=Shinning 1, Size=Big",(legacy),NAVIGATE,2448:7973,,,1500.0,EASE_OUT,,,
Animate,2448:7971,"State=Shinning 1, Size=Big","Text Animation/Heading Display/State=Shinning 1, Size=Big",AFTER_TIMEOUT(500.0ms),NODE,2448:7973,CHANGE_TO,SMART_ANIMATE,1500.0,EASE_OUT,,,
Animate,2448:7973,"State=Shinning 2, Size=Big","Text Animation/Heading Display/State=Shinning 2, Size=Big",(legacy),NAVIGATE,2448:7969,,,1500.0,LINEAR,,,
Animate,2448:7973,"State=Shinning 2, Size=Big","Text Animation/Heading Display/State=Shinning 2, Size=Big",AFTER_TIMEOUT(800.0ms),NODE,2448:7969,CHANGE_TO,SMART_ANIMATE,1500.0,LINEAR,,,
Animate,2448:7975,"State=Default, Size=Medium","Text Animation/Heading Display/State=Default, Size=Medium",(legacy),NAVIGATE,2448:7977,,,1500.0,EASE_OUT,,,
Animate,2448:7975,"State=Default, Size=Medium","Text Animation/Heading Display/State=Default, Size=Medium",AFTER_TIMEOUT(500.0ms),NODE,2448:7977,CHANGE_TO,SMART_ANIMATE,1500.0,EASE_OUT,,,
Animate,2448:7977,"State=Shinning 1, Size=Medium","Text Animation/Heading Display/State=Shinning 1, Size=Medium",(legacy),NAVIGATE,2448:7979,,,1500.0,EASE_OUT,,,
Animate,2448:7977,"State=Shinning 1, Size=Medium","Text Animation/Heading Display/State=Shinning 1, Size=Medium",AFTER_TIMEOUT(500.0ms),NODE,2448:7979,CHANGE_TO,SMART_ANIMATE,1500.0,EASE_OUT,,,
Animate,2448:7979,"State=Shinning 2, Size=Medium","Text Animation/Heading Display/State=Shinning 2, Size=Medium",(legacy),NAVIGATE,2448:7975,,,1500.0,LINEAR,,,
Animate,2448:7979,"State=Shinning 2, Size=Medium","Text Animation/Heading Display/State=Shinning 2, Size=Medium",AFTER_TIMEOUT(800.0ms),NODE,2448:7975,CHANGE_TO,SMART_ANIMATE,1500.0,LINEAR,,,
Animate,2448:7981,"State=Default, Size=Small","Text Animation/Heading Display/State=Default, Size=Small",(legacy),NAVIGATE,2448:7983,,,1500.0,EASE_OUT,,,
Animate,2448:7981,"State=Default, Size=Small","Text Animation/Heading Display/State=Default, Size=Small",AFTER_TIMEOUT(500.0ms),NODE,2448:7983,CHANGE_TO,SMART_ANIMATE,1500.0,EASE_OUT,,,
Animate,2448:7983,"State=Shinning 1, Size=Small","Text Animation/Heading Display/State=Shinning 1, Size=Small",(legacy),NAVIGATE,2448:7985,,,1500.0,EASE_OUT,,,
Animate,2448:7983,"State=Shinning 1, Size=Small","Text Animation/Heading Display/State=Shinning 1, Size=Small",AFTER_TIMEOUT(500.0ms),NODE,2448:7985,CHANGE_TO,SMART_ANIMATE,1500.0,EASE_OUT,,,
Animate,2448:7985,"State=Shinning 2, Size=Small","Text Animation/Heading Display/State=Shinning 2, Size=Small",(legacy),NAVIGATE,2448:7981,,,1500.0,LINEAR,,,
Animate,2448:7985,"State=Shinning 2, Size=Small","Text Animation/Heading Display/State=Shinning 2, Size=Small",AFTER_TIMEOUT(800.0ms),NODE,2448:7981,CHANGE_TO,SMART_ANIMATE,1500.0,LINEAR,,,
Glass Icon,2521:6011,Property 1=Default,Section 3/Frame 48095695/Property 1=Default,(legacy),NAVIGATE,2531:6044,,,300.0,EASE_OUT,,,
Glass Icon,2521:6011,Property 1=Default,Section 3/Frame 48095695/Property 1=Default,ON_HOVER,NODE,2531:6044,CHANGE_TO,SMART_ANIMATE,300.0,EASE_OUT,,,
