page,node_id,path,characters,font_family,font_weight,font_size,color
🖼️ Cover,2753:5399,Cover/Frame 1556/Wiinvent Ad,Wiinvent Ad,Bai Jamjuree,500,48.0,#003F6B
🔵 UI_Phase 1,I2753:5408;2448:7982,Contact/Contact/Container/Heading Display/Sample text,LIÊN HỆ & HỖ TRỢ,Bai Jamjuree,600,32.0,#FFFFFF
🔵 UI_Phase 1,2753:5411,Contact/Contact/Section 1/Company Name,Công ty TNHH Một thành viên Công nghệ và Thương mại Wiinvent,Bai Jamjuree,600,24.0,#153C88
🔵 UI_Phase 1,2753:5414,Contact/Contact/Section 1/Frame 2147224779/Contact/Immediate Contact,Liên hệ ngay,Bai Jamjuree,600,32.0,#17A5FE
🔵 UI_Phase 1,I3139:5752;64:1260,Contact/Contact/Section 1/Frame 2147224779/Contact/Form Fields Container/Input/Label/Frame 2147224761/Label/Label,Họ & tên,Inter,500,16.0,#131927
🔵 UI_Phase 1,I3139:5752;2448:6770,Contact/Contact/Section 1/Frame 2147224779/Contact/Form Fields Container/Input/Label/Frame 2147224761/*,*,Inter,500,16.0,#EE443F
🔵 UI_Phase 1,I3139:5752;64:1264,Contact/Contact/Section 1/Frame 2147224779/Contact/Form Fields Container/Input/Input/Left Content/Placeholder,Nhập họ & tên của bạn,Inter,400,16.0,#9EA2AE
🔵 UI_Phase 1,I3139:5752;64:1267,Contact/Contact/Section 1/Frame 2147224779/Contact/Form Fields Container/Input/Helper Text/Helper Text,Helper Text,Inter,400,14.0,#9EA2AE
🔵 UI_Phase 1,I3139:5753;64:1260,Contact/Contact/Section 1/Frame 2147224779/Contact/Form Fields Container/Input/Label/Frame 2147224761/Label/Label,Số điện thoại,Inter,500,16.0,#131927
🔵 UI_Phase 1,I3139:5753;2448:6770,Contact/Contact/Section 1/Frame 2147224779/Contact/Form Fields Container/Input/Label/Frame 2147224761/*,*,Inter,500,16.0,#EE443F
🔵 UI_Phase 1,I3139:5753;64:1264,Contact/Contact/Section 1/Frame 2147224779/Contact/Form Fields Container/Input/Input/Left Content/Placeholder,Nhập số điện thoại của bạn,Inter,400,16.0,#9EA2AE
🔵 UI_Phase 1,I3139:5753;64:1267,Contact/Contact/Section 1/Frame 2147224779/Contact/Form Fields Container/Input/Helper Text/Helper Text,Helper Text,Inter,400,14.0,#9EA2AE
🔵 UI_Phase 1,I3139:5754;64:1260,Contact/Contact/Section 1/Frame 2147224779/Contact/Form Fields Container/Input/Label/Frame 2147224761/Label/Label,Email công ty,Inter,500,16.0,#131927
🔵 UI_Phase 1,I3139:5754;2448:6770,Contact/Contact/Section 1/Frame 2147224779/Contact/Form Fields Container/Input/Label/Frame 2147224761/*,*,Inter,500,16.0,#EE443F
🔵 UI_Phase 1,I3139:5754;64:1264,Contact/Contact/Section 1/Frame 2147224779/Contact/Form Fields Container/Input/Input/Left Content/Placeholder,Nhập số điện thoại của bạn,Inter,400,16.0,#9EA2AE
🔵 UI_Phase 1,I3139:5754;64:1267,Contact/Contact/Section 1/Frame 2147224779/Contact/Form Fields Container/Input/Helper Text/Helper Text,Helper Text,Inter,400,14.0,#9EA2AE
🔵 UI_Phase 1,I3139:5755;64:1260,Contact/Contact/Section 1/Frame 2147224779/Contact/Form Fields Container/Input/Label/Frame 2147224761/Label/Label,Tên doanh nghiệp,Inter,500,16.0,#131927
🔵 UI_Phase 1,I3139:5755;2448:6770,Contact/Contact/Section 1/Frame 2147224779/Contact/Form Fields Container/Input/Label/Frame 2147224761/*,*,Inter,500,16.0,#EE443F
🔵 UI_Phase 1,I3139:5755;64:1264,Contact/Contact/Section 1/Frame 2147224779/Contact/Form Fields Container/Input/Input/Left Content/Placeholder,Nhập tên doanh nghiệp,Inter,400,16.0,#9EA2AE
🔵 UI_Phase 1,I3139:5755;64:1267,Contact/Contact/Section 1/Frame 2147224779/Contact/Form Fields Container/Input/Helper Text/Helper Text,Helper Text,Inter,400,14.0,#9EA2AE
🔵 UI_Phase 1,I3139:5756;64:1260,Contact/Contact/Section 1/Frame 2147224779/Contact/Form Fields Container/Input/Label/Frame 2147224761/Label/Label,Website doanh nghiệp,Inter,500,16.0,#131927
🔵 UI_Phase 1,I3139:5756;2448:6770,Contact/Contact/Section 1/Frame 2147224779/Contact/Form Fields Container/Input/Label/Frame 2147224761/*,*,Inter,500,16.0,#EE443F
🔵 UI_Phase 1,I3139:5756;64:1264,Contact/Contact/Section 1/Frame 2147224779/Contact/Form Fields Container/Input/Input/Left Content/Placeholder,Nhập website của bạn,Inter,400,16.0,#9EA2AE
🔵 UI_Phase 1,I3139:5756;64:1267,Contact/Contact/Section 1/Frame 2147224779/Contact/Form Fields Container/Input/Helper Text/Helper Text,Helper Text,Inter,400,14.0,#9EA2AE
🔵 UI_Phase 1,I3139:5757;64:1260,Contact/Contact/Section 1/Frame 2147224779/Contact/Form Fields Container/Input/Label/Frame 2147224761/Label/Label,Nhu cầu của bạn,Inter,500,16.0,#131927
🔵 UI_Phase 1,I3139:5757;2448:6770,Contact/Contact/Section 1/Frame 2147224779/Contact/Form Fields Container/Input/Label/Frame 2147224761/*,*,Inter,500,16.0,#EE443F
🔵 UI_Phase 1,I3139:5757;64:1264,Contact/Contact/Section 1/Frame 2147224779/Contact/Form Fields Container/Input/Input/Left Content/Placeholder,Nhập nội dung muốn yêu cầu,Inter,400,16.0,#9EA2AE
🔵 UI_Phase 1,I3139:5757;64:1267,Contact/Contact/Section 1/Frame 2147224779/Contact/Form Fields Container/Input/Helper Text/Helper Text,Helper Text,Inter,400,14.0,#9EA2AE
🔵 UI_Phase 1,I3139:10433;80:1530,Contact/Contact/Section 1/Frame 2147224779/Contact/Submit Container/Checkbox + Text/Placeholder,"Tôi đồng ý nhận thông tin về sản phẩm, dịch vụ và các cơ hội hợp tác từ chúng tôi.",Inter,400,14.0,#131927
🔵 UI_Phase 1,I3139:10434;34:1258,Contact/Contact/Section 1/Frame 2147224779/Contact/Submit Container/Button/Text/Button,Gửi,Inter,600,14.0,#FFFFFF
🔵 UI_Phase 1,I2753:5424;2531:9878,Contact/Contact/Footer Desk/Frame 2087326388/Công ty TNHH Một thành viên Công nghệ và Thương mại Wiinvent,Công ty TNHH Một thành viên Công nghệ và Thương mại Wiinvent,Inter,400,12.0,#FFFFFF
🔵 UI_Phase 1,I2753:5424;2531:9882;2445:2775,Contact/Contact/Footer Desk/Frame 92/Frame 2147224758/Button of Nav Heading/Button,SDK,Bai Jamjuree,600,16.0,#FFFFFF
🔵 UI_Phase 1,I2753:5424;2531:9883;2445:2775,Contact/Contact/Footer Desk/Frame 92/Frame 2147224758/Button of Nav Heading/Button,Demo,Bai Jamjuree,600,16.0,#FFFFFF
🔵 UI_Phase 1,I2753:5424;2531:9884;2445:2775,Contact/Contact/Footer Desk/Frame 92/Frame 2147224758/Button of Nav Heading/Button,Liên hệ,Bai Jamjuree,600,16.0,#FFFFFF
🔵 UI_Phase 1,I2753:5424;2531:9885;2531:6499,Contact/Contact/Footer Desk/Frame 92/Frame 2147224758/Button of Nav Heading/Button,Đăng ký Demo,Bai Jamjuree,600,16.0,#FFFFFF
🔵 UI_Phase 1,I2753:5424;2531:9887,Contact/Contact/Footer Desk/Frame 90/Liên hệ,Liên hệ,Bai Jamjuree,600,16.0,#FFFFFF
🔵 UI_Phase 1,I2753:5424;2531:9897,"Contact/Contact/Footer Desk/Frame 90/Frame 1410103937/Frame 34/96 Hoàng Ngân, Yên Hoà, Cầu Giấy - Hà Nội","96 Hoàng Ngân, Yên Hoà, Cầu Giấy - Hà Nội",Inter,400,12.0,#FFFFFF
🔵 UI_Phase 1,I2753:5424;2531:9900,Contact/Contact/Footer Desk/Frame 2087326390/© Wiivent 2026,© Wiivent 2026,Inter,400,14.0,#FFFFFF
🔵 UI_Phase 1,I2753:5424;2531:10029;2445:2487,Contact/Contact/Footer Desk/Frame 2087326390/Back Button/Symbol,,Font Awesome 5 Free,900,16.0,#FFFFFF
🔵 UI_Phase 1,I2448:7643;2445:2787;2445:2775,Contact/Contact/Frame 2147224759/Frame 2147224758/Button of Nav Heading/Button,SDK,Bai Jamjuree,600,16.0,#131927
🔵 UI_Phase 1,I2448:7643;2445:2794;2445:2775,Contact/Contact/Frame 2147224759/Frame 2147224758/Button of Nav Heading/Button,Demo,Bai Jamjuree,600,16.0,#131927
🔵 UI_Phase 1,I2448:7643;2445:2801;2445:2775,Contact/Contact/Frame 2147224759/Frame 2147224758/Button of Nav Heading/Button,Liên hệ,Bai Jamjuree,600,16.0,#131927
🔵 UI_Phase 1,I2448:7643;2531:6521;2531:6497,Contact/Contact/Frame 2147224759/Frame 2147224758/Button of Nav Heading/Button,Đăng ký Demo,Bai Jamjuree,600,16.0,#FFFFFF
🔵 UI_Phase 1,I2448:7643;3139:11474;3139:11623;107:1496,Contact/Contact/Frame 2147224759/Frame 2147224758/List (Left Item)/Left Content/Avatar/A,V,Bai Jamjuree,600,16.0,#FFFFFF
🔵 UI_Phase 1,I2448:7643;3139:11474;3139:11619,Contact/Contact/Frame 2147224759/Frame 2147224758/List (Left Item)/Left Content/Title,Ngôn ngữ,Inter,600,14.0,#131927
🔵 UI_Phase 1,I2448:7988;2448:7970,Contact/Contact/Container/Heading Display/Sample text,LIÊN HỆ & HỖ TRỢ,Bai Jamjuree,600,48.0,#FFFFFF
🔵 UI_Phase 1,2519:5596,Contact/Contact/Section 1/Company Name,Công ty TNHH Một thành viên Công nghệ và Thương mại Wiinvent,Bai Jamjuree,600,32.0,#153C88
🔵 UI_Phase 1,2448:7791,Contact/Contact/Section 1/Frame 2147224779/Contact/Immediate Contact,Liên hệ ngay,Bai Jamjuree,600,32.0,#17A5FE
🔵 UI_Phase 1,I2448:7793;64:1260,Contact/Contact/Section 1/Frame 2147224779/Contact/Form Fields Container/Input/Label/Frame 2147224761/Label/Label,Họ & tên,Inter,500,16.0,#131927
🔵 UI_Phase 1,I2448:7793;2448:6770,Contact/Contact/Section 1/Frame 2147224779/Contact/Form Fields Container/Input/Label/Frame 2147224761/*,*,Inter,500,16.0,#EE443F
🔵 UI_Phase 1,I2448:7793;64:1264,Contact/Contact/Section 1/Frame 2147224779/Contact/Form Fields Container/Input/Input/Left Content/Placeholder,Nhập họ & tên của bạn,Inter,400,16.0,#9EA2AE
🔵 UI_Phase 1,I2448:7793;64:1267,Contact/Contact/Section 1/Frame 2147224779/Contact/Form Fields Container/Input/Helper Text/Helper Text,Helper Text,Inter,400,14.0,#9EA2AE
🔵 UI_Phase 1,I2448:7794;64:1260,Contact/Contact/Section 1/Frame 2147224779/Contact/Form Fields Container/Input/Label/Frame 2147224761/Label/Label,Số điện thoại,Inter,500,16.0,#131927
🔵 UI_Phase 1,I2448:7794;2448:6770,Contact/Contact/Section 1/Frame 2147224779/Contact/Form Fields Container/Input/Label/Frame 2147224761/*,*,Inter,500,16.0,#EE443F
🔵 UI_Phase 1,I2448:7794;64:1264,Contact/Contact/Section 1/Frame 2147224779/Contact/Form Fields Container/Input/Input/Left Content/Placeholder,Nhập số điện thoại của bạn,Inter,400,16.0,#9EA2AE
🔵 UI_Phase 1,I2448:7794;64:1267,Contact/Contact/Section 1/Frame 2147224779/Contact/Form Fields Container/Input/Helper Text/Helper Text,Helper Text,Inter,400,14.0,#9EA2AE
🔵 UI_Phase 1,I3139:5641;64:1260,Contact/Contact/Section 1/Frame 2147224779/Contact/Form Fields Container/Input/Label/Frame 2147224761/Label/Label,Email công ty,Inter,500,16.0,#131927
🔵 UI_Phase 1,I3139:5641;2448:6770,Contact/Contact/Section 1/Frame 2147224779/Contact/Form Fields Container/Input/Label/Frame 2147224761/*,*,Inter,500,16.0,#EE443F
🔵 UI_Phase 1,I3139:5641;64:1264,Contact/Contact/Section 1/Frame 2147224779/Contact/Form Fields Container/Input/Input/Left Content/Placeholder,Nhập số điện thoại của bạn,Inter,400,16.0,#9EA2AE
🔵 UI_Phase 1,I3139:5641;64:1267,Contact/Contact/Section 1/Frame 2147224779/Contact/Form Fields Container/Input/Helper Text/Helper Text,Helper Text,Inter,400,14.0,#9EA2AE
🔵 UI_Phase 1,I2448:7795;64:1260,Contact/Contact/Section 1/Frame 2147224779/Contact/Form Fields Container/Input/Label/Frame 2147224761/Label/Label,Tên doanh nghiệp,Inter,500,16.0,#131927
🔵 UI_Phase 1,I2448:7795;2448:6770,Contact/Contact/Section 1/Frame 2147224779/Contact/Form Fields Container/Input/Label/Frame 2147224761/*,*,Inter,500,16.0,#EE443F
🔵 UI_Phase 1,I2448:7795;64:1264,Contact/Contact/Section 1/Frame 2147224779/Contact/Form Fields Container/Input/Input/Left Content/Placeholder,Nhập tên doanh nghiệp,Inter,400,16.0,#9EA2AE
🔵 UI_Phase 1,I2448:7795;64:1267,Contact/Contact/Section 1/Frame 2147224779/Contact/Form Fields Container/Input/Helper Text/Helper Text,Helper Text,Inter,400,14.0,#9EA2AE
🔵 UI_Phase 1,I2448:7796;64:1260,Contact/Contact/Section 1/Frame 2147224779/Contact/Form Fields Container/Input/Label/Frame 2147224761/Label/Label,Website doanh nghiệp,Inter,500,16.0,#131927
🔵 UI_Phase 1,I2448:7796;2448:6770,Contact/Contact/Section 1/Frame 2147224779/Contact/Form Fields Container/Input/Label/Frame 2147224761/*,*,Inter,500,16.0,#EE443F
🔵 UI_Phase 1,I2448:7796;64:1264,Contact/Contact/Section 1/Frame 2147224779/Contact/Form Fields Container/Input/Input/Left Content/Placeholder,Nhập website của bạn,Inter,400,16.0,#9EA2AE
🔵 UI_Phase 1,I2448:7796;64:1267,Contact/Contact/Section 1/Frame 2147224779/Contact/Form Fields Container/Input/Helper Text/Helper Text,Helper Text,Inter,400,14.0,#9EA2AE
🔵 UI_Phase 1,I2448:7797;64:1260,Contact/Contact/Section 1/Frame 2147224779/Contact/Form Fields Container/Input/Label/Frame 2147224761/Label/Label,Nhu cầu của bạn,Inter,500,16.0,#131927
🔵 UI_Phase 1,I2448:7797;2448:6770,Contact/Contact/Section 1/Frame 2147224779/Contact/Form Fields Container/Input/Label/Frame 2147224761/*,*,Inter,500,16.0,#EE443F
🔵 UI_Phase 1,I2448:7797;64:1264,Contact/Contact/Section 1/Frame 2147224779/Contact/Form Fields Container/Input/Input/Left Content/Placeholder,Nhập nội dung muốn yêu cầu,Inter,400,16.0,#9EA2AE
🔵 UI_Phase 1,I2448:7797;64:1267,Contact/Contact/Section 1/Frame 2147224779/Contact/Form Fields Container/Input/Helper Text/Helper Text,Helper Text,Inter,400,14.0,#9EA2AE
🔵 UI_Phase 1,I3139:10413;80:1530,Contact/Contact/Section 1/Frame 2147224779/Contact/Submit Container/Checkbox + Text/Placeholder,"Tôi đồng ý nhận thông tin về sản phẩm, dịch vụ và các cơ hội hợp tác từ chúng tôi.",Inter,400,14.0,#131927
🔵 UI_Phase 1,I2448:7799;34:1258,Contact/Contact/Section 1/Frame 2147224779/Contact/Submit Container/Button/Text/Button,Gửi,Inter,600,14.0,#FFFFFF
🔵 UI_Phase 1,I2531:10175;2531:9822,Contact/Contact/Footer Desk/Frame 2087326388/Công ty TNHH Một thành viên Công nghệ và Thương mại Wiinvent,Công ty TNHH Một thành viên Công nghệ và Thương mại Wiinvent,Inter,400,16.0,#FFFFFF
🔵 UI_Phase 1,I2531:10175;2531:9826;2445:2775,Contact/Contact/Footer Desk/Frame 5/Frame 5/Frame 92/Frame 2147224758/Button of Nav Heading/Button,SDK,Bai Jamjuree,600,18.0,#FFFFFF
🔵 UI_Phase 1,I2531:10175;2531:9827;2445:2775,Contact/Contact/Footer Desk/Frame 5/Frame 5/Frame 92/Frame 2147224758/Button of Nav Heading/Button,Demo,Bai Jamjuree,600,18.0,#FFFFFF
🔵 UI_Phase 1,I2531:10175;2531:9828;2445:2775,Contact/Contact/Footer Desk/Frame 5/Frame 5/Frame 92/Frame 2147224758/Button of Nav Heading/Button,Liên hệ,Bai Jamjuree,600,18.0,#FFFFFF
🔵 UI_Phase 1,I2531:10175;2531:9829;2531:6497,Contact/Contact/Footer Desk/Frame 5/Frame 5/Frame 92/Frame 2147224758/Button of Nav Heading/Button,Đăng ký Demo,Bai Jamjuree,600,16.0,#FFFFFF
🔵 UI_Phase 1,I2531:10175;2531:9831,Contact/Contact/Footer Desk/Frame 5/Frame 5/Frame 90/Liên hệ,Liên hệ,Bai Jamjuree,600,18.0,#FFFFFF
🔵 UI_Phase 1,I2531:10175;2531:9841,"Contact/Contact/Footer Desk/Frame 5/Frame 5/Frame 90/Frame 1410103937/Frame 34/96 Hoàng Ngân, Yên Hoà, Cầu Giấy - Hà Nội","96 Hoàng Ngân, Yên Hoà, Cầu Giấy - Hà Nội",Inter,400,14.0,#FFFFFF
🔵 UI_Phase 1,I2531:10175;2531:10058,Contact/Contact/Footer Desk/Frame 1527/© Wiinvent 2026,© Wiinvent 2026,Manrope,600,16.0,#FFFFFF
🔵 UI_Phase 1,I2531:10175;2531:10059;2445:2487,Contact/Contact/Footer Desk/Frame 1527/Back Button/Symbol,,Font Awesome 5 Free,900,16.0,#FFFFFF
🔵 UI_Phase 1,2985:8001,Contact/Contact/Immediate Contact,Liên hệ ngay,Bai Jamjuree,600,32.0,#17A5FE
🔵 UI_Phase 1,I3139:10581;2448:6992,Contact/Contact/Form Fields Container/Input/Label/Frame 2147224761/Label/Label,Họ & tên,Inter,500,16.0,#131927
🔵 UI_Phase 1,I3139:10581;2448:6993,Contact/Contact/Form Fields Container/Input/Label/Frame 2147224761/*,*,Inter,500,16.0,#EE443F
🔵 UI_Phase 1,I3139:10581;64:1344,Contact/Contact/Form Fields Container/Input/Input/Left Content/Placeholder,Nhập họ & tên của bạn,Inter,400,16.0,#131927
🔵 UI_Phase 1,I3139:10581;64:1347,Contact/Contact/Form Fields Container/Input/Helper Text/Error Text,Vui lòng nhập họ tên,Inter,400,14.0,#EE443F
🔵 UI_Phase 1,I3139:10489;2448:6838,Contact/Contact/Form Fields Container/Input/Label/Frame 2147224761/Label/Label,Số điện thoại,Inter,500,16.0,#131927
🔵 UI_Phase 1,I3139:10489;2448:6839,Contact/Contact/Form Fields Container/Input/Label/Frame 2147224761/*,*,Inter,500,16.0,#EE443F
🔵 UI_Phase 1,I3139:10489;64:1274,Contact/Contact/Form Fields Container/Input/Input/Left Content/Placeholder,033 7723 45678,Inter,400,16.0,#131927
🔵 UI_Phase 1,I3139:10489;64:1277,Contact/Contact/Form Fields Container/Input/Helper Text/Helper Text,Helper Text,Inter,400,14.0,#9EA2AE
🔵 UI_Phase 1,I3139:10490;64:1260,Contact/Contact/Form Fields Container/Input/Label/Frame 2147224761/Label/Label,Email công ty,Inter,500,16.0,#131927
🔵 UI_Phase 1,I3139:10490;2448:6770,Contact/Contact/Form Fields Container/Input/Label/Frame 2147224761/*,*,Inter,500,16.0,#EE443F
🔵 UI_Phase 1,I3139:10490;64:1264,Contact/Contact/Form Fields Container/Input/Input/Left Content/Placeholder,Nhập số điện thoại của bạn,Inter,400,16.0,#9EA2AE
🔵 UI_Phase 1,I3139:10490;64:1267,Contact/Contact/Form Fields Container/Input/Helper Text/Helper Text,Helper Text,Inter,400,14.0,#9EA2AE
🔵 UI_Phase 1,I3139:10491;64:1260,Contact/Contact/Form Fields Container/Input/Label/Frame 2147224761/Label/Label,Tên doanh nghiệp,Inter,500,16.0,#131927
🔵 UI_Phase 1,I3139:10491;2448:6770,Contact/Contact/Form Fields Container/Input/Label/Frame 2147224761/*,*,Inter,500,16.0,#EE443F
🔵 UI_Phase 1,I3139:10491;64:1264,Contact/Contact/Form Fields Container/Input/Input/Left Content/Placeholder,Nhập tên doanh nghiệp,Inter,400,16.0,#9EA2AE
🔵 UI_Phase 1,I3139:10491;64:1267,Contact/Contact/Form Fields Container/Input/Helper Text/Helper Text,Helper Text,Inter,400,14.0,#9EA2AE
🔵 UI_Phase 1,I3139:10492;64:1260,Contact/Contact/Form Fields Container/Input/Label/Frame 2147224761/Label/Label,Website doanh nghiệp,Inter,500,16.0,#131927
🔵 UI_Phase 1,I3139:10492;2448:6770,Contact/Contact/Form Fields Container/Input/Label/Frame 2147224761/*,*,Inter,500,16.0,#EE443F
🔵 UI_Phase 1,I3139:10492;64:1264,Contact/Contact/Form Fields Container/Input/Input/Left Content/Placeholder,Nhập website của bạn,Inter,400,16.0,#9EA2AE
🔵 UI_Phase 1,I3139:10492;64:1267,Contact/Contact/Form Fields Container/Input/Helper Text/Helper Text,Helper Text,Inter,400,14.0,#9EA2AE
🔵 UI_Phase 1,I3139:10493;64:1260,Contact/Contact/Form Fields Container/Input/Label/Frame 2147224761/Label/Label,Nhu cầu của bạn,Inter,500,16.0,#131927
🔵 UI_Phase 1,I3139:10493;2448:6770,Contact/Contact/Form Fields Container/Input/Label/Frame 2147224761/*,*,Inter,500,16.0,#EE443F
🔵 UI_Phase 1,I3139:10493;64:1264,Contact/Contact/Form Fields Container/Input/Input/Left Content/Placeholder,Nhập nội dung muốn yêu cầu,Inter,400,16.0,#9EA2AE
🔵 UI_Phase 1,I3139:10493;64:1267,Contact/Contact/Form Fields Container/Input/Helper Text/Helper Text,Helper Text,Inter,400,14.0,#9EA2AE
🔵 UI_Phase 1,I3139:10467;80:1530,Contact/Contact/Submit Container/Checkbox + Text/Placeholder,"Tôi đồng ý nhận thông tin về sản phẩm, dịch vụ và các cơ hội hợp tác từ chúng tôi.",Inter,400,14.0,#131927
🔵 UI_Phase 1,I3139:10468;34:1258,Contact/Contact/Submit Container/Button/Text/Button,Gửi,Inter,600,14.0,#FFFFFF
🔵 UI_Phase 1,I2849:4337;2445:2808;2445:2775,Contact/Contact/Frame 2147224759/Frame 2147224758/Button of Nav Heading/Button,SDK,Bai Jamjuree,600,16.0,#131927
🔵 UI_Phase 1,I2849:4337;2445:2811;2445:2775,Contact/Contact/Frame 2147224759/Frame 2147224758/Button of Nav Heading/Button,Demo,Bai Jamjuree,600,16.0,#131927
🔵 UI_Phase 1,I2849:4337;2445:2814;2445:2775,Contact/Contact/Frame 2147224759/Frame 2147224758/Button of Nav Heading/Button,Liên hệ,Bai Jamjuree,600,16.0,#131927
🔵 UI_Phase 1,I2849:4337;2531:6542;2531:6497,Contact/Contact/Frame 2147224759/Frame 2147224758/Button of Nav Heading/Button,Demo,Bai Jamjuree,600,16.0,#FFFFFF
🔵 UI_Phase 1,I2849:4337;3139:11700;3139:11623;107:1496,Contact/Contact/Frame 2147224759/Frame 2147224758/List (Left Item)/Left Content/Avatar/A,V,Bai Jamjuree,600,16.0,#FFFFFF
🔵 UI_Phase 1,I2849:4337;3139:11700;3139:11619,Contact/Contact/Frame 2147224759/Frame 2147224758/List (Left Item)/Left Content/Title,Ngôn ngữ,Inter,600,14.0,#131927
🔵 UI_Phase 1,I2849:4339;2448:7970,Contact/Contact/Container/Heading Display/Sample text,LIÊN HỆ & HỖ TRỢ,Bai Jamjuree,600,48.0,#FFFFFF
🔵 UI_Phase 1,2849:4342,Contact/Contact/Section 1/Company Name,Công ty TNHH Một thành viên Công nghệ và Thương mại Wiinvent,Bai Jamjuree,600,32.0,#153C88
🔵 UI_Phase 1,2849:4345,Contact/Contact/Section 1/Frame 2147224779/Contact/Immediate Contact,Liên hệ ngay,Bai Jamjuree,600,32.0,#17A5FE
🔵 UI_Phase 1,I3139:5658;64:1260,Contact/Contact/Section 1/Frame 2147224779/Contact/Form Fields Container/Input/Label/Frame 2147224761/Label/Label,Họ & tên,Inter,500,16.0,#131927
🔵 UI_Phase 1,I3139:5658;2448:6770,Contact/Contact/Section 1/Frame 2147224779/Contact/Form Fields Container/Input/Label/Frame 2147224761/*,*,Inter,500,16.0,#EE443F
🔵 UI_Phase 1,I3139:5658;64:1264,Contact/Contact/Section 1/Frame 2147224779/Contact/Form Fields Container/Input/Input/Left Content/Placeholder,Nhập họ & tên của bạn,Inter,400,16.0,#9EA2AE
🔵 UI_Phase 1,I3139:5658;64:1267,Contact/Contact/Section 1/Frame 2147224779/Contact/Form Fields Container/Input/Helper Text/Helper Text,Helper Text,Inter,400,14.0,#9EA2AE
🔵 UI_Phase 1,I3139:5659;64:1260,Contact/Contact/Section 1/Frame 2147224779/Contact/Form Fields Container/Input/Label/Frame 2147224761/Label/Label,Số điện thoại,Inter,500,16.0,#131927
🔵 UI_Phase 1,I3139:5659;2448:6770,Contact/Contact/Section 1/Frame 2147224779/Contact/Form Fields Container/Input/Label/Frame 2147224761/*,*,Inter,500,16.0,#EE443F
🔵 UI_Phase 1,I3139:5659;64:1264,Contact/Contact/Section 1/Frame 2147224779/Contact/Form Fields Container/Input/Input/Left Content/Placeholder,Nhập số điện thoại của bạn,Inter,400,16.0,#9EA2AE
🔵 UI_Phase 1,I3139:5659;64:1267,Contact/Contact/Section 1/Frame 2147224779/Contact/Form Fields Container/Input/Helper Text/Helper Text,Helper Text,Inter,400,14.0,#9EA2AE
🔵 UI_Phase 1,I3139:5660;64:1260,Contact/Contact/Section 1/Frame 2147224779/Contact/Form Fields Container/Input/Label/Frame 2147224761/Label/Label,Email công ty,Inter,500,16.0,#131927
🔵 UI_Phase 1,I3139:5660;2448:6770,Contact/Contact/Section 1/Frame 2147224779/Contact/Form Fields Container/Input/Label/Frame 2147224761/*,*,Inter,500,16.0,#EE443F
🔵 UI_Phase 1,I3139:5660;64:1264,Contact/Contact/Section 1/Frame 2147224779/Contact/Form Fields Container/Input/Input/Left Content/Placeholder,Nhập số điện thoại của bạn,Inter,400,16.0,#9EA2AE
🔵 UI_Phase 1,I3139:5660;64:1267,Contact/Contact/Section 1/Frame 2147224779/Contact/Form Fields Container/Input/Helper Text/Helper Text,Helper Text,Inter,400,14.0,#9EA2AE
🔵 UI_Phase 1,I3139:5661;64:1260,Contact/Contact/Section 1/Frame 2147224779/Contact/Form Fields Container/Input/Label/Frame 2147224761/Label/Label,Tên doanh nghiệp,Inter,500,16.0,#131927
🔵 UI_Phase 1,I3139:5661;2448:6770,Contact/Contact/Section 1/Frame 2147224779/Contact/Form Fields Container/Input/Label/Frame 2147224761/*,*,Inter,500,16.0,#EE443F
🔵 UI_Phase 1,I3139:5661;64:1264,Contact/Contact/Section 1/Frame 2147224779/Contact/Form Fields Container/Input/Input/Left Content/Placeholder,Nhập tên doanh nghiệp,Inter,400,16.0,#9EA2AE
🔵 UI_Phase 1,I3139:5661;64:1267,Contact/Contact/Section 1/Frame 2147224779/Contact/Form Fields Container/Input/Helper Text/Helper Text,Helper Text,Inter,400,14.0,#9EA2AE
🔵 UI_Phase 1,I3139:5662;64:1260,Contact/Contact/Section 1/Frame 2147224779/Contact/Form Fields Container/Input/Label/Frame 2147224761/Label/Label,Website doanh nghiệp,Inter,500,16.0,#131927
🔵 UI_Phase 1,I3139:5662;2448:6770,Contact/Contact/Section 1/Frame 2147224779/Contact/Form Fields Container/Input/Label/Frame 2147224761/*,*,Inter,500,16.0,#EE443F
🔵 UI_Phase 1,I3139:5662;64:1264,Contact/Contact/Section 1/Frame 2147224779/Contact/Form Fields Container/Input/Input/Left Content/Placeholder,Nhập website của bạn,Inter,400,16.0,#9EA2AE
🔵 UI_Phase 1,I3139:5662;64:1267,Contact/Contact/Section 1/Frame 2147224779/Contact/Form Fields Container/Input/Helper Text/Helper Text,Helper Text,Inter,400,14.0,#9EA2AE
🔵 UI_Phase 1,I3139:5663;64:1260,Contact/Contact/Section 1/Frame 2147224779/Contact/Form Fields Container/Input/Label/Frame 2147224761/Label/Label,Nhu cầu của bạn,Inter,500,16.0,#131927
🔵 UI_Phase 1,I3139:5663;2448:6770,Contact/Contact/Section 1/Frame 2147224779/Contact/Form Fields Container/Input/Label/Frame 2147224761/*,*,Inter,500,16.0,#EE443F
🔵 UI_Phase 1,I3139:5663;64:1264,Contact/Contact/Section 1/Frame 2147224779/Contact/Form Fields Container/Input/Input/Left Content/Placeholder,Nhập nội dung muốn yêu cầu,Inter,400,16.0,#9EA2AE
🔵 UI_Phase 1,I3139:5663;64:1267,Contact/Contact/Section 1/Frame 2147224779/Contact/Form Fields Container/Input/Helper Text/Helper Text,Helper Text,Inter,400,14.0,#9EA2AE
🔵 UI_Phase 1,I3139:10420;80:1530,Contact/Contact/Section 1/Frame 2147224779/Contact/Submit Container/Checkbox + Text/Placeholder,"Tôi đồng ý nhận thông tin về sản phẩm, dịch vụ và các cơ hội hợp tác từ chúng tôi.",Inter,400,14.0,#131927
🔵 UI_Phase 1,I3139:10421;34:1258,Contact/Contact/Section 1/Frame 2147224779/Contact/Submit Container/Button/Text/Button,Gửi,Inter,600,14.0,#FFFFFF
🔵 UI_Phase 1,I2849:4356;2531:9850,Contact/Contact/Footer Desk/Frame 2087326388/Công ty TNHH Một thành viên Công nghệ và Thương mại Wiinvent,Công ty TNHH Một thành viên Công nghệ và Thương mại Wiinvent,Inter,400,16.0,#FFFFFF
🔵 UI_Phase 1,I2849:4356;2531:9855;2445:2775,Contact/Contact/Footer Desk/Frame 2087326389/Frame 92/Frame 2147224758/Button of Nav Heading/Button,SDK,Bai Jamjuree,600,18.0,#FFFFFF
🔵 UI_Phase 1,I2849:4356;2531:9856;2445:2775,Contact/Contact/Footer Desk/Frame 2087326389/Frame 92/Frame 2147224758/Button of Nav Heading/Button,Demo,Bai Jamjuree,600,18.0,#FFFFFF
🔵 UI_Phase 1,I2849:4356;2531:9857;2445:2775,Contact/Contact/Footer Desk/Frame 2087326389/Frame 92/Frame 2147224758/Button of Nav Heading/Button,Liên hệ,Bai Jamjuree,600,18.0,#FFFFFF
🔵 UI_Phase 1,I2849:4356;2531:9858;2531:6497,Contact/Contact/Footer Desk/Frame 2087326389/Frame 92/Frame 2147224758/Button of Nav Heading/Button,Đăng ký Demo,Bai Jamjuree,600,16.0,#FFFFFF
🔵 UI_Phase 1,I2849:4356;2675:12645,Contact/Contact/Footer Desk/Frame 2087326389/Frame 93/Liên hệ,Liên hệ,Bai Jamjuree,600,18.0,#FFFFFF
🔵 UI_Phase 1,I2849:4356;2675:12655,"Contact/Contact/Footer Desk/Frame 2087326389/Frame 93/Frame 1410103937/Frame 34/96 Hoàng Ngân, Yên Hoà, Cầu Giấy - Hà Nội","96 Hoàng Ngân, Yên Hoà, Cầu Giấy - Hà Nội",Inter,400,14.0,#FFFFFF
🔵 UI_Phase 1,I2849:4356;2531:9873,Contact/Contact/Footer Desk/Frame 1527/© Wiinvent 2026,© Wiinvent 2026,Manrope,600,16.0,#FFFFFF
🔵 UI_Phase 1,I2849:4356;2531:10025;2445:2487,Contact/Contact/Footer Desk/Frame 1527/Back Button/Symbol,,Font Awesome 5 Free,900,16.0,#FFFFFF
🔵 UI_Phase 1,I2675:5992;2445:2787;2445:2775,Contact/Contact_Succes/Frame 2147224759/Frame 2147224758/Button of Nav Heading/Button,SDK,Bai Jamjuree,600,16.0,#131927
🔵 UI_Phase 1,I2675:5992;2445:2794;2445:2775,Contact/Contact_Succes/Frame 2147224759/Frame 2147224758/Button of Nav Heading/Button,Demo,Bai Jamjuree,600,16.0,#131927
🔵 UI_Phase 1,I2675:5992;2445:2801;2445:2775,Contact/Contact_Succes/Frame 2147224759/Frame 2147224758/Button of Nav Heading/Button,Liên hệ,Bai Jamjuree,600,16.0,#131927
🔵 UI_Phase 1,I2675:5992;2531:6521;2531:6497,Contact/Contact_Succes/Frame 2147224759/Frame 2147224758/Button of Nav Heading/Button,Đăng ký Demo,Bai Jamjuree,600,16.0,#FFFFFF
🔵 UI_Phase 1,I2675:5992;3139:11474;3139:11623;107:1496,Contact/Contact_Succes/Frame 2147224759/Frame 2147224758/List (Left Item)/Left Content/Avatar/A,V,Bai Jamjuree,600,16.0,#FFFFFF
🔵 UI_Phase 1,I2675:5992;3139:11474;3139:11619,Contact/Contact_Succes/Frame 2147224759/Frame 2147224758/List (Left Item)/Left Content/Title,Ngôn ngữ,Inter,600,14.0,#131927
🔵 UI_Phase 1,I2675:5994;2448:7970,Contact/Contact_Succes/Container/Heading Display/Sample text,LIÊN HỆ & HỖ TRỢ,Bai Jamjuree,600,48.0,#FFFFFF
🔵 UI_Phase 1,2675:5997,Contact/Contact_Succes/Section 1/Company Name,Công ty TNHH Một thành viên Công nghệ và Thương mại Wiinvent,Bai Jamjuree,600,32.0,#153C88
🔵 UI_Phase 1,2675:6000,Contact/Contact_Succes/Section 1/Frame 2147224779/Contact/Immediate Contact,Liên hệ ngay,Bai Jamjuree,600,32.0,#17A5FE
🔵 UI_Phase 1,I2675:6002;64:1260,Contact/Contact_Succes/Section 1/Frame 2147224779/Contact/Form Fields Container/Input/Label/Frame 2147224761/Label/Label,Họ & tên,Inter,500,16.0,#131927
🔵 UI_Phase 1,I2675:6002;2448:6770,Contact/Contact_Succes/Section 1/Frame 2147224779/Contact/Form Fields Container/Input/Label/Frame 2147224761/*,*,Inter,500,16.0,#EE443F
🔵 UI_Phase 1,I2675:6002;64:1264,Contact/Contact_Succes/Section 1/Frame 2147224779/Contact/Form Fields Container/Input/Input/Left Content/Placeholder,Nhập họ & tên của bạn,Inter,400,16.0,#9EA2AE
🔵 UI_Phase 1,I2675:6002;64:1267,Contact/Contact_Succes/Section 1/Frame 2147224779/Contact/Form Fields Container/Input/Helper Text/Helper Text,Helper Text,Inter,400,14.0,#9EA2AE
🔵 UI_Phase 1,I2675:6003;64:1260,Contact/Contact_Succes/Section 1/Frame 2147224779/Contact/Form Fields Container/Input/Label/Frame 2147224761/Label/Label,Số điện thoại,Inter,500,16.0,#131927
🔵 UI_Phase 1,I2675:6003;2448:6770,Contact/Contact_Succes/Section 1/Frame 2147224779/Contact/Form Fields Container/Input/Label/Frame 2147224761/*,*,Inter,500,16.0,#EE443F
🔵 UI_Phase 1,I2675:6003;64:1264,Contact/Contact_Succes/Section 1/Frame 2147224779/Contact/Form Fields Container/Input/Input/Left Content/Placeholder,Nhập số điện thoại của bạn,Inter,400,16.0,#9EA2AE
🔵 UI_Phase 1,I2675:6003;64:1267,Contact/Contact_Succes/Section 1/Frame 2147224779/Contact/Form Fields Container/Input/Helper Text/Helper Text,Helper Text,Inter,400,14.0,#9EA2AE
🔵 UI_Phase 1,I2675:6004;64:1260,Contact/Contact_Succes/Section 1/Frame 2147224779/Contact/Form Fields Container/Input/Label/Frame 2147224761/Label/Label,Tên doanh nghiệp,Inter,500,16.0,#131927
🔵 UI_Phase 1,I2675:6004;2448:6770,Contact/Contact_Succes/Section 1/Frame 2147224779/Contact/Form Fields Container/Input/Label/Frame 2147224761/*,*,Inter,500,16.0,#EE443F
🔵 UI_Phase 1,I2675:6004;64:1264,Contact/Contact_Succes/Section 1/Frame 2147224779/Contact/Form Fields Container/Input/Input/Left Content/Placeholder,Nhập tên doanh nghiệp,Inter,400,16.0,#9EA2AE
🔵 UI_Phase 1,I2675:6004;64:1267,Contact/Contact_Succes/Section 1/Frame 2147224779/Contact/Form Fields Container/Input/Helper Text/Helper Text,Helper Text,Inter,400,14.0,#9EA2AE
🔵 UI_Phase 1,I2675:6005;64:1260,Contact/Contact_Succes/Section 1/Frame 2147224779/Contact/Form Fields Container/Input/Label/Frame 2147224761/Label/Label,Website doanh nghiệp,Inter,500,16.0,#131927
🔵 UI_Phase 1,I2675:6005;2448:6770,Contact/Contact_Succes/Section 1/Frame 2147224779/Contact/Form Fields Container/Input/Label/Frame 2147224761/*,*,Inter,500,16.0,#EE443F
🔵 UI_Phase 1,I2675:6005;64:1264,Contact/Contact_Succes/Section 1/Frame 2147224779/Contact/Form Fields Container/Input/Input/Left Content/Placeholder,Nhập website của bạn,Inter,400,16.0,#9EA2AE
🔵 UI_Phase 1,I2675:6005;64:1267,Contact/Contact_Succes/Section 1/Frame 2147224779/Contact/Form Fields Container/Input/Helper Text/Helper Text,Helper Text,Inter,400,14.0,#9EA2AE
🔵 UI_Phase 1,I2675:6006;64:1260,Contact/Contact_Succes/Section 1/Frame 2147224779/Contact/Form Fields Container/Input/Label/Frame 2147224761/Label/Label,Nhu cầu của bạn,Inter,500,16.0,#131927
🔵 UI_Phase 1,I2675:6006;2448:6770,Contact/Contact_Succes/Section 1/Frame 2147224779/Contact/Form Fields Container/Input/Label/Frame 2147224761/*,*,Inter,500,16.0,#EE443F
🔵 UI_Phase 1,I2675:6006;64:1264,Contact/Contact_Succes/Section 1/Frame 2147224779/Contact/Form Fields Container/Input/Input/Left Content/Placeholder,Nhập nội dung muốn yêu cầu,Inter,400,16.0,#9EA2AE
🔵 UI_Phase 1,I2675:6006;64:1267,Contact/Contact_Succes/Section 1/Frame 2147224779/Contact/Form Fields Container/Input/Helper Text/Helper Text,Helper Text,Inter,400,14.0,#9EA2AE
🔵 UI_Phase 1,I2675:6008;34:1258,Contact/Contact_Succes/Section 1/Frame 2147224779/Contact/Submit Container/Button/Text/Button,Gửi,Inter,600,14.0,#FFFFFF
🔵 UI_Phase 1,I2675:6010;2531:9822,Contact/Contact_Succes/Footer Desk/Frame 2087326388/Công ty TNHH Một thành viên Công nghệ và Thương mại Wiinvent,Công ty TNHH Một thành viên Công nghệ và Thương mại Wiinvent,Inter,400,16.0,#FFFFFF
🔵 UI_Phase 1,I2675:6010;2531:9826;2445:2775,Contact/Contact_Succes/Footer Desk/Frame 5/Frame 5/Frame 92/Frame 2147224758/Button of Nav Heading/Button,SDK,Bai Jamjuree,600,18.0,#FFFFFF
🔵 UI_Phase 1,I2675:6010;2531:9827;2445:2775,Contact/Contact_Succes/Footer Desk/Frame 5/Frame 5/Frame 92/Frame 2147224758/Button of Nav Heading/Button,Demo,Bai Jamjuree,600,18.0,#FFFFFF
🔵 UI_Phase 1,I2675:6010;2531:9828;2445:2775,Contact/Contact_Succes/Footer Desk/Frame 5/Frame 5/Frame 92/Frame 2147224758/Button of Nav Heading/Button,Liên hệ,Bai Jamjuree,600,18.0,#FFFFFF
🔵 UI_Phase 1,I2675:6010;2531:9829;2531:6497,Contact/Contact_Succes/Footer Desk/Frame 5/Frame 5/Frame 92/Frame 2147224758/Button of Nav Heading/Button,Đăng ký Demo,Bai Jamjuree,600,16.0,#FFFFFF
🔵 UI_Phase 1,I2675:6010;2531:9831,Contact/Contact_Succes/Footer Desk/Frame 5/Frame 5/Frame 90/Liên hệ,Liên hệ,Bai Jamjuree,600,18.0,#FFFFFF
🔵 UI_Phase 1,I2675:6010;2531:9841,"Contact/Contact_Succes/Footer Desk/Frame 5/Frame 5/Frame 90/Frame 1410103937/Frame 34/96 Hoàng Ngân, Yên Hoà, Cầu Giấy - Hà Nội","96 Hoàng Ngân, Yên Hoà, Cầu Giấy - Hà Nội",Inter,400,14.0,#FFFFFF
🔵 UI_Phase 1,I2675:6010;2531:10058,Contact/Contact_Succes/Footer Desk/Frame 1527/© Wiinvent 2026,© Wiinvent 2026,Manrope,600,16.0,#FFFFFF
🔵 UI_Phase 1,I2675:6010;2531:10059;2445:2487,Contact/Contact_Succes/Footer Desk/Frame 1527/Back Button/Symbol,,Font Awesome 5 Free,900,16.0,#FFFFFF
🔵 UI_Phase 1,I2675:6163;2448:4148,Contact/Contact_Succes/Notification Card/Frame 2087326515/Cảm ơn Quý khách,Cảm ơn Quý khách ,Bai Jamjuree,600,28.0,#FFFFFF
🔵 UI_Phase 1,I2675:6163;2448:4150,Contact/Contact_Succes/Notification Card/Frame 2087326514/Cảm ơn Quý khách đã quan tâm và để lại lời nhắn tại mục liên hệ của Wiinvent. Yêu cầu của Quý khách đã được chuyển đến bộ phận chuyên trách. Chúng tôi sẽ nghiên cứu thông tin và phản hồi lại Quý khách trong thời gian sớm nhất.,Cảm ơn Quý khách đã quan tâm và để lại lời nhắn tại mục liên hệ của Wiinvent.\nYêu cầu của Quý khách đã được chuyển đến bộ phận chuyên trách.\n Chúng tôi sẽ nghiên cứu thông tin và phản hồi lại Quý khách trong thời gian sớm nhất.,Inter,500,16.0,#6D717F
🔵 UI_Phase 1,I2675:6163;2448:4151,"Contact/Contact_Succes/Notification Card/Frame 2087326514/Chúc Quý khách một ngày tốt lành! Trân trọng, Ban quản trị Wiinvent.","Chúc Quý khách một ngày tốt lành!\nTrân trọng, Ban quản trị Wiinvent.",Bai Jamjuree,600,18.0,#3057B6
🔵 UI_Phase 1,I2985:8080;2445:2787;2445:2775,Contact/Contact_Eror_Desk/Frame 2147224759/Frame 2147224758/Button of Nav Heading/Button,SDK,Bai Jamjuree,600,16.0,#131927
🔵 UI_Phase 1,I2985:8080;2445:2794;2445:2775,Contact/Contact_Eror_Desk/Frame 2147224759/Frame 2147224758/Button of Nav Heading/Button,Demo,Bai Jamjuree,600,16.0,#131927
🔵 UI_Phase 1,I2985:8080;2445:2801;2445:2775,Contact/Contact_Eror_Desk/Frame 2147224759/Frame 2147224758/Button of Nav Heading/Button,Liên hệ,Bai Jamjuree,600,16.0,#131927
🔵 UI_Phase 1,I2985:8080;2531:6521;2531:6497,Contact/Contact_Eror_Desk/Frame 2147224759/Frame 2147224758/Button of Nav Heading/Button,Đăng ký Demo,Bai Jamjuree,600,16.0,#FFFFFF
🔵 UI_Phase 1,I2985:8080;3139:11474;3139:11623;107:1496,Contact/Contact_Eror_Desk/Frame 2147224759/Frame 2147224758/List (Left Item)/Left Content/Avatar/A,V,Bai Jamjuree,600,16.0,#FFFFFF
🔵 UI_Phase 1,I2985:8080;3139:11474;3139:11619,Contact/Contact_Eror_Desk/Frame 2147224759/Frame 2147224758/List (Left Item)/Left Content/Title,Ngôn ngữ,Inter,600,14.0,#131927
🔵 UI_Phase 1,I2985:8082;2448:7970,Contact/Contact_Eror_Desk/Container/Heading Display/Sample text,LIÊN HỆ & HỖ TRỢ,Bai Jamjuree,600,48.0,#FFFFFF
🔵 UI_Phase 1,2985:8085,Contact/Contact_Eror_Desk/Section 1/Company Name,Công ty TNHH Một thành viên Công nghệ và Thương mại Wiinvent,Bai Jamjuree,600,32.0,#153C88
🔵 UI_Phase 1,3139:10598,Contact/Contact_Eror_Desk/Section 1/Frame 2147224779/Contact/Immediate Contact,Liên hệ ngay,Bai Jamjuree,600,32.0,#17A5FE
🔵 UI_Phase 1,I3139:10600;2448:6992,Contact/Contact_Eror_Desk/Section 1/Frame 2147224779/Contact/Form Fields Container/Input/Label/Frame 2147224761/Label/Label,Họ & tên,Inter,500,16.0,#131927
🔵 UI_Phase 1,I3139:10600;2448:6993,Contact/Contact_Eror_Desk/Section 1/Frame 2147224779/Contact/Form Fields Container/Input/Label/Frame 2147224761/*,*,Inter,500,16.0,#EE443F
🔵 UI_Phase 1,I3139:10600;64:1344,Contact/Contact_Eror_Desk/Section 1/Frame 2147224779/Contact/Form Fields Container/Input/Input/Left Content/Placeholder,Nhập họ & tên của bạn,Inter,400,16.0,#131927
🔵 UI_Phase 1,I3139:10600;64:1347,Contact/Contact_Eror_Desk/Section 1/Frame 2147224779/Contact/Form Fields Container/Input/Helper Text/Error Text,Vui lòng nhập họ tên,Inter,400,14.0,#EE443F
🔵 UI_Phase 1,I3139:10601;64:1260,Contact/Contact_Eror_Desk/Section 1/Frame 2147224779/Contact/Form Fields Container/Input/Label/Frame 2147224761/Label/Label,Số điện thoại,Inter,500,16.0,#131927
🔵 UI_Phase 1,I3139:10601;2448:6770,Contact/Contact_Eror_Desk/Section 1/Frame 2147224779/Contact/Form Fields Container/Input/Label/Frame 2147224761/*,*,Inter,500,16.0,#EE443F
🔵 UI_Phase 1,I3139:10601;64:1264,Contact/Contact_Eror_Desk/Section 1/Frame 2147224779/Contact/Form Fields Container/Input/Input/Left Content/Placeholder,Nhập số điện thoại của bạn,Inter,400,16.0,#9EA2AE
🔵 UI_Phase 1,I3139:10601;64:1267,Contact/Contact_Eror_Desk/Section 1/Frame 2147224779/Contact/Form Fields Container/Input/Helper Text/Helper Text,Helper Text,Inter,400,14.0,#9EA2AE
🔵 UI_Phase 1,I3139:10602;64:1260,Contact/Contact_Eror_Desk/Section 1/Frame 2147224779/Contact/Form Fields Container/Input/Label/Frame 2147224761/Label/Label,Email công ty,Inter,500,16.0,#131927
🔵 UI_Phase 1,I3139:10602;2448:6770,Contact/Contact_Eror_Desk/Section 1/Frame 2147224779/Contact/Form Fields Container/Input/Label/Frame 2147224761/*,*,Inter,500,16.0,#EE443F
🔵 UI_Phase 1,I3139:10602;64:1264,Contact/Contact_Eror_Desk/Section 1/Frame 2147224779/Contact/Form Fields Container/Input/Input/Left Content/Placeholder,Nhập số điện thoại của bạn,Inter,400,16.0,#9EA2AE
🔵 UI_Phase 1,I3139:10602;64:1267,Contact/Contact_Eror_Desk/Section 1/Frame 2147224779/Contact/Form Fields Container/Input/Helper Text/Helper Text,Helper Text,Inter,400,14.0,#9EA2AE
🔵 UI_Phase 1,I3139:10603;64:1260,Contact/Contact_Eror_Desk/Section 1/Frame 2147224779/Contact/Form Fields Container/Input/Label/Frame 2147224761/Label/Label,Tên doanh nghiệp,Inter,500,16.0,#131927
🔵 UI_Phase 1,I3139:10603;2448:6770,Contact/Contact_Eror_Desk/Section 1/Frame 2147224779/Contact/Form Fields Container/Input/Label/Frame 2147224761/*,*,Inter,500,16.0,#EE443F
🔵 UI_Phase 1,I3139:10603;64:1264,Contact/Contact_Eror_Desk/Section 1/Frame 2147224779/Contact/Form Fields Container/Input/Input/Left Content/Placeholder,Nhập tên doanh nghiệp,Inter,400,16.0,#9EA2AE
🔵 UI_Phase 1,I3139:10603;64:1267,Contact/Contact_Eror_Desk/Section 1/Frame 2147224779/Contact/Form Fields Container/Input/Helper Text/Helper Text,Helper Text,Inter,400,14.0,#9EA2AE
🔵 UI_Phase 1,I3139:10604;64:1260,Contact/Contact_Eror_Desk/Section 1/Frame 2147224779/Contact/Form Fields Container/Input/Label/Frame 2147224761/Label/Label,Website doanh nghiệp,Inter,500,16.0,#131927
🔵 UI_Phase 1,I3139:10604;2448:6770,Contact/Contact_Eror_Desk/Section 1/Frame 2147224779/Contact/Form Fields Container/Input/Label/Frame 2147224761/*,*,Inter,500,16.0,#EE443F
🔵 UI_Phase 1,I3139:10604;64:1264,Contact/Contact_Eror_Desk/Section 1/Frame 2147224779/Contact/Form Fields Container/Input/Input/Left Content/Placeholder,Nhập website của bạn,Inter,400,16.0,#9EA2AE
🔵 UI_Phase 1,I3139:10604;64:1267,Contact/Contact_Eror_Desk/Section 1/Frame 2147224779/Contact/Form Fields Container/Input/Helper Text/Helper Text,Helper Text,Inter,400,14.0,#9EA2AE
🔵 UI_Phase 1,I3139:10605;64:1260,Contact/Contact_Eror_Desk/Section 1/Frame 2147224779/Contact/Form Fields Container/Input/Label/Frame 2147224761/Label/Label,Nhu cầu của bạn,Inter,500,16.0,#131927
🔵 UI_Phase 1,I3139:10605;2448:6770,Contact/Contact_Eror_Desk/Section 1/Frame 2147224779/Contact/Form Fields Container/Input/Label/Frame 2147224761/*,*,Inter,500,16.0,#EE443F
🔵 UI_Phase 1,I3139:10605;64:1264,Contact/Contact_Eror_Desk/Section 1/Frame 2147224779/Contact/Form Fields Container/Input/Input/Left Content/Placeholder,Nhập nội dung muốn yêu cầu,Inter,400,16.0,#9EA2AE
🔵 UI_Phase 1,I3139:10605;64:1267,Contact/Contact_Eror_Desk/Section 1/Frame 2147224779/Contact/Form Fields Container/Input/Helper Text/Helper Text,Helper Text,Inter,400,14.0,#9EA2AE
🔵 UI_Phase 1,I3139:10607;80:1530,Contact/Contact_Eror_Desk/Section 1/Frame 2147224779/Contact/Submit Container/Checkbox + Text/Placeholder,"Tôi đồng ý nhận thông tin về sản phẩm, dịch vụ và các cơ hội hợp tác từ chúng tôi.",Inter,400,14.0,#131927
🔵 UI_Phase 1,I3139:10608;34:1258,Contact/Contact_Eror_Desk/Section 1/Frame 2147224779/Contact/Submit Container/Button/Text/Button,Gửi,Inter,600,14.0,#FFFFFF
🔵 UI_Phase 1,I2985:8098;2531:9822,Contact/Contact_Eror_Desk/Footer Desk/Frame 2087326388/Công ty TNHH Một thành viên Công nghệ và Thương mại Wiinvent,Công ty TNHH Một thành viên Công nghệ và Thương mại Wiinvent,Inter,400,16.0,#FFFFFF
🔵 UI_Phase 1,I2985:8098;2531:9826;2445:2775,Contact/Contact_Eror_Desk/Footer Desk/Frame 5/Frame 5/Frame 92/Frame 2147224758/Button of Nav Heading/Button,SDK,Bai Jamjuree,600,18.0,#FFFFFF
🔵 UI_Phase 1,I2985:8098;2531:9827;2445:2775,Contact/Contact_Eror_Desk/Footer Desk/Frame 5/Frame 5/Frame 92/Frame 2147224758/Button of Nav Heading/Button,Demo,Bai Jamjuree,600,18.0,#FFFFFF
🔵 UI_Phase 1,I2985:8098;2531:9828;2445:2775,Contact/Contact_Eror_Desk/Footer Desk/Frame 5/Frame 5/Frame 92/Frame 2147224758/Button of Nav Heading/Button,Liên hệ,Bai Jamjuree,600,18.0,#FFFFFF
🔵 UI_Phase 1,I2985:8098;2531:9829;2531:6497,Contact/Contact_Eror_Desk/Footer Desk/Frame 5/Frame 5/Frame 92/Frame 2147224758/Button of Nav Heading/Button,Đăng ký Demo,Bai Jamjuree,600,16.0,#FFFFFF
🔵 UI_Phase 1,I2985:8098;2531:9831,Contact/Contact_Eror_Desk/Footer Desk/Frame 5/Frame 5/Frame 90/Liên hệ,Liên hệ,Bai Jamjuree,600,18.0,#FFFFFF
🔵 UI_Phase 1,I2985:8098;2531:9841,"Contact/Contact_Eror_Desk/Footer Desk/Frame 5/Frame 5/Frame 90/Frame 1410103937/Frame 34/96 Hoàng Ngân, Yên Hoà, Cầu Giấy - Hà Nội","96 Hoàng Ngân, Yên Hoà, Cầu Giấy - Hà Nội",Inter,400,14.0,#FFFFFF
🔵 UI_Phase 1,I2985:8098;2531:10058,Contact/Contact_Eror_Desk/Footer Desk/Frame 1527/© Wiinvent 2026,© Wiinvent 2026,Manrope,600,16.0,#FFFFFF
🔵 UI_Phase 1,I2985:8098;2531:10059;2445:2487,Contact/Contact_Eror_Desk/Footer Desk/Frame 1527/Back Button/Symbol,,Font Awesome 5 Free,900,16.0,#FFFFFF
🔵 UI_Phase 1,2448:4129,Contact/Popup/Big,Big,Bai Jamjuree,600,16.0,#FFAA00
🔵 UI_Phase 1,2448:4130,Contact/Popup/Small,Small,Bai Jamjuree,600,16.0,#FFAA00
🔵 UI_Phase 1,2448:4135,Contact/Popup/Card thông báo co giãn theo tỷ lệ với Landing Page,Card thông báo co giãn theo tỷ lệ với Landing Page,Bai Jamjuree,600,16.0,#FFAA00
🔵 UI_Phase 1,2448:4148,"Contact/Popup/Notification Card/Size=Big, State=Success/Frame 2087326515/Cảm ơn Quý khách",Cảm ơn Quý khách ,Bai Jamjuree,600,28.0,#FFFFFF
🔵 UI_Phase 1,2448:4150,"Contact/Popup/Notification Card/Size=Big, State=Success/Frame 2087326514/Cảm ơn Quý khách đã quan tâm và để lại lời nhắn tại mục liên hệ của Wiinvent. Yêu cầu của Quý khách đã được chuyển đến bộ phận chuyên trách. Chúng tôi sẽ nghiên cứu thông tin và phản hồi lại Quý khách trong thời gian sớm nhất.",Cảm ơn Quý khách đã quan tâm và để lại lời nhắn tại mục liên hệ của Wiinvent.\nYêu cầu của Quý khách đã được chuyển đến bộ phận chuyên trách.\n Chúng tôi sẽ nghiên cứu thông tin và phản hồi lại Quý khách trong thời gian sớm nhất.,Inter,500,16.0,#6D717F
🔵 UI_Phase 1,2448:4151,"Contact/Popup/Notification Card/Size=Big, State=Success/Frame 2087326514/Chúc Quý khách một ngày tốt lành! Trân trọng, Ban quản trị Wiinvent.","Chúc Quý khách một ngày tốt lành!\nTrân trọng, Ban quản trị Wiinvent.",Bai Jamjuree,600,18.0,#3057B6
🔵 UI_Phase 1,3190:6047,"Contact/Popup/Notification Card/Size=Big, State=Eror/Frame 2087326515/Gửi yêu cầu không thành công, Quý khách vui lòng thử lại sau ít phút","Gửi yêu cầu không thành công, Quý khách vui lòng thử lại sau ít phút",Bai Jamjuree,600,28.0,#FFFFFF
🔵 UI_Phase 1,3190:6050,"Contact/Popup/Notification Card/Size=Big, State=Eror/Frame 2087326514/Yêu cầu của Quý khách hiện chưa gửi thành công. Vui lòng kiểm tra lại kết nối mạng, chờ thêm ít phút và thử lại sau.","Yêu cầu của Quý khách hiện chưa gửi thành công. Vui lòng kiểm tra lại kết nối mạng, chờ thêm ít phút và thử lại sau.",Inter,500,16.0,#6D717F
🔵 UI_Phase 1,3190:6051,"Contact/Popup/Notification Card/Size=Big, State=Eror/Frame 2087326514/Quý khách vui lòng thử lại sau ít phút",Quý khách vui lòng thử lại sau ít phút,Bai Jamjuree,600,18.0,#3057B6
🔵 UI_Phase 1,2448:4154,"Contact/Popup/Notification Card/Size=Small, State=Success/Frame 2087326515/Cảm ơn Quý khách",Cảm ơn Quý khách ,Bai Jamjuree,600,18.0,#FFFFFF
🔵 UI_Phase 1,2448:4156,"Contact/Popup/Notification Card/Size=Small, State=Success/Frame 2087326514/Cảm ơn Quý khách đã quan tâm và để lại lời nhắn tại mục liên hệ của Wiinvent. Yêu cầu của Quý khách đã được chuyển đến bộ phận chuyên trách. Chúng tôi sẽ nghiên cứu thông tin và phản hồi lại Quý khách trong thời gian sớm nhất.",Cảm ơn Quý khách đã quan tâm và để lại lời nhắn tại mục liên hệ của Wiinvent.\nYêu cầu của Quý khách đã được chuyển đến bộ phận chuyên trách.\n Chúng tôi sẽ nghiên cứu thông tin và phản hồi lại Quý khách trong thời gian sớm nhất.,Inter,400,14.0,#6D717F
🔵 UI_Phase 1,2448:4157,"Contact/Popup/Notification Card/Size=Small, State=Success/Frame 2087326514/Chúc Quý khách một ngày tốt lành! Trân trọng,Ban quản trị Wiinvent","Chúc Quý khách một ngày tốt lành!\nTrân trọng,Ban quản trị Wiinvent",Bai Jamjuree,600,16.0,#3057B6
🔵 UI_Phase 1,3190:6054,"Contact/Popup/Notification Card/Size=Small, State=Eror/Frame 2087326515/Gửi yêu cầu không thành công, Quý khách vui lòng thử lạo sau ít phút","Gửi yêu cầu không thành công, Quý khách vui lòng thử lạo sau ít phút",Bai Jamjuree,600,18.0,#FFFFFF
🔵 UI_Phase 1,3190:6057,"Contact/Popup/Notification Card/Size=Small, State=Eror/Frame 2087326514/Yêu cầu của Quý khách hiện chưa gửi thành công. Vui lòng kiểm tra lại kết nối mạng, chờ thêm ít phút và thử lại sau.","Yêu cầu của Quý khách hiện chưa gửi thành công. Vui lòng kiểm tra lại kết nối mạng, chờ thêm ít phút và thử lại sau.",Inter,400,14.0,#6D717F
🔵 UI_Phase 1,3190:6058,"Contact/Popup/Notification Card/Size=Small, State=Eror/Frame 2087326514/Quý khách vui lòng thử lại sau ít phút",Quý khách vui lòng thử lại sau ít phút,Bai Jamjuree,600,16.0,#3057B6
🔵 UI_Phase 1,I2675:13397;2445:2787;2445:2775,SKU - Mobile/SKU - Mobile/Frame 2147224759/Frame 2147224758/Button of Nav Heading/Button,SDK,Bai Jamjuree,600,16.0,#131927
🔵 UI_Phase 1,I2675:13397;2445:2794;2445:2775,SKU - Mobile/SKU - Mobile/Frame 2147224759/Frame 2147224758/Button of Nav Heading/Button,Demo,Bai Jamjuree,600,16.0,#131927
🔵 UI_Phase 1,I2675:13397;2445:2801;2445:2775,SKU - Mobile/SKU - Mobile/Frame 2147224759/Frame 2147224758/Button of Nav Heading/Button,Liên hệ,Bai Jamjuree,600,16.0,#131927
🔵 UI_Phase 1,I2675:13397;2531:6521;2531:6497,SKU - Mobile/SKU - Mobile/Frame 2147224759/Frame 2147224758/Button of Nav Heading/Button,Đăng ký Demo,Bai Jamjuree,600,16.0,#FFFFFF
🔵 UI_Phase 1,I2675:13397;3139:11474;3139:11623;107:1496,SKU - Mobile/SKU - Mobile/Frame 2147224759/Frame 2147224758/List (Left Item)/Left Content/Avatar/A,V,Bai Jamjuree,600,16.0,#FFFFFF
🔵 UI_Phase 1,I2675:13397;3139:11474;3139:11619,SKU - Mobile/SKU - Mobile/Frame 2147224759/Frame 2147224758/List (Left Item)/Left Content/Title,Ngôn ngữ,Inter,600,14.0,#131927
🔵 UI_Phase 1,I2865:9195;36:1039,SKU - Mobile/SKU - Mobile/Frame 2147224830/Frame 2147224834/Pride/Button/Text/Button,Quay lại,Inter,600,14.0,#4E61F6
🔵 UI_Phase 1,2769:7016,SKU - Mobile/SKU - Mobile/Frame 2147224830/Frame 2147224834/Pride/Frame 2147224834/Leaderboard Banner,Leaderboard Banner,Bai Jamjuree,600,24.0,#3745AF
🔵 UI_Phase 1,2769:7019,"SKU - Mobile/SKU - Mobile/Frame 2147224830/Frame 2147224834/Pride/Frame 2147224834/Frame 2147224835/Format: JPG, PNJ, GIF, HTML5","Format: JPG, PNJ, GIF, HTML5",Inter,400,14.0,#000000
🔵 UI_Phase 1,2769:7020,SKU - Mobile/SKU - Mobile/Frame 2147224830/Frame 2147224834/Pride/Frame 2147224834/Frame 2147224835/Resolution - Desktop: 970x250,Resolution - Desktop: 970x250 ,Inter,400,14.0,#000000
🔵 UI_Phase 1,2769:7021,SKU - Mobile/SKU - Mobile/Frame 2147224830/Frame 2147224834/Pride/Frame 2147224834/Frame 2147224835/Resolution - Mobile: 970x250,Resolution - Mobile: 970x250 ,Inter,400,14.0,#000000
🔵 UI_Phase 1,2769:7022,SKU - Mobile/SKU - Mobile/Frame 2147224830/Frame 2147224834/Pride/Frame 2147224834/Frame 2147224835/Resolution - TV: 970x250,Resolution - TV: 970x250 ,Inter,400,14.0,#000000
🔵 UI_Phase 1,2769:7023,SKU - Mobile/SKU - Mobile/Frame 2147224830/Frame 2147224834/Pride/Frame 2147224834/Frame 2147224835/Size: <10MB,Size: <10MB,Inter,400,14.0,#000000
🔵 UI_Phase 1,2769:7025,SKU - Mobile/SKU - Mobile/Frame 2147224830/Frame 2147224834/Pride/Frame 2147224834/Tracking Metrics: Impression/ Click/ View,Tracking Metrics: Impression/ Click/ View,Inter,400,14.0,#000000
🔵 UI_Phase 1,I2769:7026;36:706,SKU - Mobile/SKU - Mobile/Frame 2147224830/Frame 2147224834/Pride/Button/Text/Button,Tư vấn,Inter,600,12.0,#4E61F6
🔵 UI_Phase 1,I2769:6165;2769:5894,SKU - Mobile/SKU - Mobile/Frame 2147224830/Frame 2147224833/segmented-control/Device Button/Text/Button,Mobile,Inter,600,16.0,#FFFFFF
🔵 UI_Phase 1,I2769:6166;2769:6009,SKU - Mobile/SKU - Mobile/Frame 2147224830/Frame 2147224833/segmented-control/Device Button/Text/Button,PC,Inter,600,16.0,#6D717F
🔵 UI_Phase 1,I2769:6167;2769:6009,SKU - Mobile/SKU - Mobile/Frame 2147224830/Frame 2147224833/segmented-control/Device Button/Text/Button,Smart TV,Inter,600,16.0,#6D717F
🔵 UI_Phase 1,I3139:8625;2675:6179,SKU - Mobile/SKU - Mobile/Section 4/Frame 2147224799/Card SKU/Frame 2147224799/Sample title,Leaderboard Banner,Inter,600,18.0,#3745AF
🔵 UI_Phase 1,I3139:8625;2675:6180,SKU - Mobile/SKU - Mobile/Section 4/Frame 2147224799/Card SKU/Frame 2147224799/Sample title,Banner Standard,Inter,600,14.0,#6D717F
🔵 UI_Phase 1,I3139:8626;2675:6179,SKU - Mobile/SKU - Mobile/Section 4/Frame 2147224799/Card SKU/Frame 2147224799/Sample title,In-Page Banner,Inter,600,18.0,#3745AF
🔵 UI_Phase 1,I3139:8626;2675:6180,SKU - Mobile/SKU - Mobile/Section 4/Frame 2147224799/Card SKU/Frame 2147224799/Sample title,Banner Standard,Inter,600,14.0,#6D717F
🔵 UI_Phase 1,I3139:8627;2675:6179,SKU - Mobile/SKU - Mobile/Section 4/Frame 2147224799/Card SKU/Frame 2147224799/Sample title,Side Banner,Inter,600,18.0,#3745AF
🔵 UI_Phase 1,I3139:8627;2675:6180,SKU - Mobile/SKU - Mobile/Section 4/Frame 2147224799/Card SKU/Frame 2147224799/Sample title,Banner Standard,Inter,600,14.0,#6D717F
🔵 UI_Phase 1,I3139:8628;2675:6179,SKU - Mobile/SKU - Mobile/Section 4/Frame 2147224799/Card SKU/Frame 2147224799/Sample title,Pause Banner,Inter,600,18.0,#3745AF
🔵 UI_Phase 1,I3139:8628;2675:6180,SKU - Mobile/SKU - Mobile/Section 4/Frame 2147224799/Card SKU/Frame 2147224799/Sample title,Banner Standard,Inter,600,14.0,#6D717F
🔵 UI_Phase 1,I3139:8629;2675:6179,SKU - Mobile/SKU - Mobile/Section 4/Frame 2147224799/Card SKU/Frame 2147224799/Sample title,Welcome Banner,Inter,600,18.0,#3745AF
🔵 UI_Phase 1,I3139:8629;2675:6180,SKU - Mobile/SKU - Mobile/Section 4/Frame 2147224799/Card SKU/Frame 2147224799/Sample title,Welcome,Inter,600,14.0,#6D717F
🔵 UI_Phase 1,I3139:8630;2675:6179,SKU - Mobile/SKU - Mobile/Section 4/Frame 2147224799/Card SKU/Frame 2147224799/Sample title,Welcome TVC,Inter,600,18.0,#3745AF
🔵 UI_Phase 1,I3139:8630;2675:6180,SKU - Mobile/SKU - Mobile/Section 4/Frame 2147224799/Card SKU/Frame 2147224799/Sample title,Welcome,Inter,600,14.0,#6D717F
🔵 UI_Phase 1,I3139:8631;2675:6468;2675:5147,SKU - Mobile/SKU - Mobile/Section 4/Frame 2147224799/Card SKU/Format/Frame 2147224762/Frame 2147224812/Frame 2147224765/Skip,Skip,Inter,500,6.0,#8ACEFF
🔵 UI_Phase 1,I3139:8631;2675:6179,SKU - Mobile/SKU - Mobile/Section 4/Frame 2147224799/Card SKU/Frame 2147224799/Sample title,Pre roll Instream,Inter,600,18.0,#3745AF
🔵 UI_Phase 1,I3139:8631;2675:6180,SKU - Mobile/SKU - Mobile/Section 4/Frame 2147224799/Card SKU/Frame 2147224799/Sample title,Instream Video,Inter,600,14.0,#6D717F
🔵 UI_Phase 1,I3139:8632;2675:6468;2675:5163,SKU - Mobile/SKU - Mobile/Section 4/Frame 2147224799/Card SKU/Format/Frame 2147224762/Frame 2147224812/Frame 2147224765/Skip,Skip,Inter,500,6.0,#8ACEFF
🔵 UI_Phase 1,I3139:8632;2675:6179,SKU - Mobile/SKU - Mobile/Section 4/Frame 2147224799/Card SKU/Frame 2147224799/Sample title,Mid roll Instream,Inter,600,18.0,#3745AF
🔵 UI_Phase 1,I3139:8632;2675:6180,SKU - Mobile/SKU - Mobile/Section 4/Frame 2147224799/Card SKU/Frame 2147224799/Sample title,Instream Video,Inter,600,14.0,#6D717F
🔵 UI_Phase 1,I3139:8633;2675:6468;2675:5131,SKU - Mobile/SKU - Mobile/Section 4/Frame 2147224799/Card SKU/Format/Frame 2147224762/Frame 2147224812/Frame 2147224765/Skip,Skip,Inter,500,6.0,#8ACEFF
🔵 UI_Phase 1,I3139:8633;2675:6179,SKU - Mobile/SKU - Mobile/Section 4/Frame 2147224799/Card SKU/Frame 2147224799/Sample title,Post Roll Instream,Inter,600,18.0,#3745AF
🔵 UI_Phase 1,I3139:8633;2675:6180,SKU - Mobile/SKU - Mobile/Section 4/Frame 2147224799/Card SKU/Frame 2147224799/Sample title,Instream Video,Inter,600,14.0,#6D717F
🔵 UI_Phase 1,2933:9355,SKU - Mobile/SKU - Mobile/Section 4/Frame 2147224797/Search/ĐỊNH DẠNG QUẢNG CÁO,ĐỊNH DẠNG QUẢNG CÁO,Bai Jamjuree,600,28.0,#3745AF
🔵 UI_Phase 1,I2933:9358;2675:4701,SKU - Mobile/SKU - Mobile/Section 4/Frame 2147224797/Frame 2147224795/Frame 2147224798/Badge & Chip/Text/Bộ lọc,Bộ lọc,Inter,600,14.0,#FFFFFF
🔵 UI_Phase 1,I2933:9358;2675:4705,SKU - Mobile/SKU - Mobile/Section 4/Frame 2147224797/Frame 2147224795/Frame 2147224798/Badge & Chip/cancel/Text/1,1,Inter,600,14.0,#0095FF
🔵 UI_Phase 1,I2933:9359;94:2148,SKU - Mobile/SKU - Mobile/Section 4/Frame 2147224797/Frame 2147224795/Frame 2147224798/Badge & Chip/Text/Badge,Thiết bị,Inter,600,14.0,#0095FF
🔵 UI_Phase 1,I2933:9359;2675:4615,SKU - Mobile/SKU - Mobile/Section 4/Frame 2147224797/Frame 2147224795/Frame 2147224798/Badge & Chip/cancel/Text/1,1,Inter,600,14.0,#0095FF
🔵 UI_Phase 1,I2933:9360;94:2148,SKU - Mobile/SKU - Mobile/Section 4/Frame 2147224797/Frame 2147224795/Frame 2147224798/Badge & Chip/Text/Badge,Định dạng,Inter,600,14.0,#0095FF
🔵 UI_Phase 1,I2933:9360;2675:4615,SKU - Mobile/SKU - Mobile/Section 4/Frame 2147224797/Frame 2147224795/Frame 2147224798/Badge & Chip/cancel/Text/1,1,Inter,600,14.0,#0095FF
🔵 UI_Phase 1,I2933:9361;94:2148,SKU - Mobile/SKU - Mobile/Section 4/Frame 2147224797/Frame 2147224795/Frame 2147224798/Badge & Chip/Text/Badge,Loại,Inter,600,14.0,#0095FF
🔵 UI_Phase 1,I2933:9361;2675:4615,SKU - Mobile/SKU - Mobile/Section 4/Frame 2147224797/Frame 2147224795/Frame 2147224798/Badge & Chip/cancel/Text/1,1,Inter,600,14.0,#0095FF
🔵 UI_Phase 1,I2933:9362;2633:5656,SKU - Mobile/SKU - Mobile/Section 4/Frame 2147224797/Frame 2147224795/Component 11/Tìm kiếm,Tìm kiếm,Bai Jamjuree,600,10.0,#3745AF
🔵 UI_Phase 1,I2675:13443;2531:9822,SKU - Mobile/SKU - Mobile/Footer Desk/Frame 2087326388/Công ty TNHH Một thành viên Công nghệ và Thương mại Wiinvent,Công ty TNHH Một thành viên Công nghệ và Thương mại Wiinvent,Inter,400,16.0,#FFFFFF
🔵 UI_Phase 1,I2675:13443;2531:9826;2445:2775,SKU - Mobile/SKU - Mobile/Footer Desk/Frame 5/Frame 5/Frame 92/Frame 2147224758/Button of Nav Heading/Button,SDK,Bai Jamjuree,600,18.0,#FFFFFF
🔵 UI_Phase 1,I2675:13443;2531:9827;2445:2775,SKU - Mobile/SKU - Mobile/Footer Desk/Frame 5/Frame 5/Frame 92/Frame 2147224758/Button of Nav Heading/Button,Demo,Bai Jamjuree,600,18.0,#FFFFFF
🔵 UI_Phase 1,I2675:13443;2531:9828;2445:2775,SKU - Mobile/SKU - Mobile/Footer Desk/Frame 5/Frame 5/Frame 92/Frame 2147224758/Button of Nav Heading/Button,Liên hệ,Bai Jamjuree,600,18.0,#FFFFFF
🔵 UI_Phase 1,I2675:13443;2531:9829;2531:6497,SKU - Mobile/SKU - Mobile/Footer Desk/Frame 5/Frame 5/Frame 92/Frame 2147224758/Button of Nav Heading/Button,Đăng ký Demo,Bai Jamjuree,600,16.0,#FFFFFF
🔵 UI_Phase 1,I2675:13443;2531:9831,SKU - Mobile/SKU - Mobile/Footer Desk/Frame 5/Frame 5/Frame 90/Liên hệ,Liên hệ,Bai Jamjuree,600,18.0,#FFFFFF
🔵 UI_Phase 1,I2675:13443;2531:9841,"SKU - Mobile/SKU - Mobile/Footer Desk/Frame 5/Frame 5/Frame 90/Frame 1410103937/Frame 34/96 Hoàng Ngân, Yên Hoà, Cầu Giấy - Hà Nội","96 Hoàng Ngân, Yên Hoà, Cầu Giấy - Hà Nội",Inter,400,14.0,#FFFFFF
🔵 UI_Phase 1,I2675:13443;2531:10058,SKU - Mobile/SKU - Mobile/Footer Desk/Frame 1527/© Wiinvent 2026,© Wiinvent 2026,Manrope,600,16.0,#FFFFFF
🔵 UI_Phase 1,I2675:13443;2531:10059;2445:2487,SKU - Mobile/SKU - Mobile/Footer Desk/Frame 1527/Back Button/Symbol,,Font Awesome 5 Free,900,16.0,#FFFFFF
🔵 UI_Phase 1,I2821:7284;2769:5904,SKU - Mobile/Mb_SKU - Mobile/Frame 2147224830/Frame 2147224833/segmented-control/Device Button/Text/Button,Mobile,Inter,600,12.0,#FFFFFF
🔵 UI_Phase 1,I2821:7285;2769:6019,SKU - Mobile/Mb_SKU - Mobile/Frame 2147224830/Frame 2147224833/segmented-control/Device Button/Text/Button,PC,Inter,600,12.0,#6D717F
🔵 UI_Phase 1,I2821:7286;2769:6019,SKU - Mobile/Mb_SKU - Mobile/Frame 2147224830/Frame 2147224833/segmented-control/Device Button/Text/Button,Smart TV,Inter,600,12.0,#6D717F
🔵 UI_Phase 1,I2995:10348;36:1039,SKU - Mobile/Mb_SKU - Mobile/Frame 2147224830/Frame 2147224836/Button/Text/Button,Quay lại,Inter,600,14.0,#4E61F6
🔵 UI_Phase 1,2995:10350,SKU - Mobile/Mb_SKU - Mobile/Frame 2147224830/Frame 2147224836/Pride/Leaderboard Banner,Leaderboard Banner,Bai Jamjuree,600,24.0,#3745AF
🔵 UI_Phase 1,2995:10353,"SKU - Mobile/Mb_SKU - Mobile/Frame 2147224830/Frame 2147224836/Pride/Frame 2147224834/Frame 2147224835/Format: JPG, PNJ, GIF, HTML5","Format: JPG, PNJ, GIF, HTML5",Inter,400,12.0,#000000
🔵 UI_Phase 1,2995:10354,SKU - Mobile/Mb_SKU - Mobile/Frame 2147224830/Frame 2147224836/Pride/Frame 2147224834/Frame 2147224835/Resolution - Desktop: 970x250,Resolution - Desktop: 970x250 ,Inter,400,12.0,#000000
🔵 UI_Phase 1,2995:10355,SKU - Mobile/Mb_SKU - Mobile/Frame 2147224830/Frame 2147224836/Pride/Frame 2147224834/Frame 2147224835/Resolution - Mobile: 970x250,Resolution - Mobile: 970x250 ,Inter,400,12.0,#000000
🔵 UI_Phase 1,2995:10356,SKU - Mobile/Mb_SKU - Mobile/Frame 2147224830/Frame 2147224836/Pride/Frame 2147224834/Frame 2147224835/Resolution - TV: 970x250,Resolution - TV: 970x250 ,Inter,400,12.0,#000000
🔵 UI_Phase 1,2995:10357,SKU - Mobile/Mb_SKU - Mobile/Frame 2147224830/Frame 2147224836/Pride/Frame 2147224834/Frame 2147224835/Size: <10MB,Size: <10MB,Inter,400,12.0,#000000
🔵 UI_Phase 1,2995:10359,SKU - Mobile/Mb_SKU - Mobile/Frame 2147224830/Frame 2147224836/Pride/Frame 2147224834/Tracking Metrics: Impression/ Click/ View,Tracking Metrics: Impression/ Click/ View,Inter,400,12.0,#000000
🔵 UI_Phase 1,I2995:10360;36:706,SKU - Mobile/Mb_SKU - Mobile/Frame 2147224830/Frame 2147224836/Button/Text/Button,Tư vấn,Inter,600,12.0,#4E61F6
🔵 UI_Phase 1,I3139:9964;2675:6179,SKU - Mobile/Mb_SKU - Mobile/Section 3/Frame 2147224798/Card SKU/Frame 2147224799/Sample title,Leaderboard Banner,Inter,600,18.0,#3745AF
🔵 UI_Phase 1,I3139:9964;2675:6180,SKU - Mobile/Mb_SKU - Mobile/Section 3/Frame 2147224798/Card SKU/Frame 2147224799/Sample title,Banner Standard,Inter,600,14.0,#6D717F
🔵 UI_Phase 1,I3139:9965;2675:6179,SKU - Mobile/Mb_SKU - Mobile/Section 3/Frame 2147224798/Card SKU/Frame 2147224799/Sample title,In-Page Banner,Inter,600,18.0,#3745AF
🔵 UI_Phase 1,I3139:9965;2675:6180,SKU - Mobile/Mb_SKU - Mobile/Section 3/Frame 2147224798/Card SKU/Frame 2147224799/Sample title,Banner Standard,Inter,600,14.0,#6D717F
🔵 UI_Phase 1,I3139:9966;2675:6179,SKU - Mobile/Mb_SKU - Mobile/Section 3/Frame 2147224798/Card SKU/Frame 2147224799/Sample title,Side Banner,Inter,600,18.0,#3745AF
🔵 UI_Phase 1,I3139:9966;2675:6180,SKU - Mobile/Mb_SKU - Mobile/Section 3/Frame 2147224798/Card SKU/Frame 2147224799/Sample title,Banner Standard,Inter,600,14.0,#6D717F
🔵 UI_Phase 1,I3139:9967;2675:6179,SKU - Mobile/Mb_SKU - Mobile/Section 3/Frame 2147224798/Card SKU/Frame 2147224799/Sample title,Pause Banner,Inter,600,18.0,#3745AF
🔵 UI_Phase 1,I3139:9967;2675:6180,SKU - Mobile/Mb_SKU - Mobile/Section 3/Frame 2147224798/Card SKU/Frame 2147224799/Sample title,Banner Standard,Inter,600,14.0,#6D717F
🔵 UI_Phase 1,I3139:9968;2675:6179,SKU - Mobile/Mb_SKU - Mobile/Section 3/Frame 2147224798/Card SKU/Frame 2147224799/Sample title,Welcome Banner,Inter,600,18.0,#3745AF
🔵 UI_Phase 1,I3139:9968;2675:6180,SKU - Mobile/Mb_SKU - Mobile/Section 3/Frame 2147224798/Card SKU/Frame 2147224799/Sample title,Welcome,Inter,600,14.0,#6D717F
🔵 UI_Phase 1,I3139:9969;2675:6179,SKU - Mobile/Mb_SKU - Mobile/Section 3/Frame 2147224798/Card SKU/Frame 2147224799/Sample title,Welcome TVC,Inter,600,18.0,#3745AF
🔵 UI_Phase 1,I3139:9969;2675:6180,SKU - Mobile/Mb_SKU - Mobile/Section 3/Frame 2147224798/Card SKU/Frame 2147224799/Sample title,Welcome,Inter,600,14.0,#6D717F
🔵 UI_Phase 1,I3139:9970;2675:6468;2675:5147,SKU - Mobile/Mb_SKU - Mobile/Section 3/Frame 2147224798/Card SKU/Format/Frame 2147224762/Frame 2147224812/Frame 2147224765/Skip,Skip,Inter,500,6.0,#8ACEFF
🔵 UI_Phase 1,I3139:9970;2675:6179,SKU - Mobile/Mb_SKU - Mobile/Section 3/Frame 2147224798/Card SKU/Frame 2147224799/Sample title,Pre roll Instream,Inter,600,18.0,#3745AF
🔵 UI_Phase 1,I3139:9970;2675:6180,SKU - Mobile/Mb_SKU - Mobile/Section 3/Frame 2147224798/Card SKU/Frame 2147224799/Sample title,Instream Video,Inter,600,14.0,#6D717F
🔵 UI_Phase 1,I3139:9971;2675:6468;2675:5163,SKU - Mobile/Mb_SKU - Mobile/Section 3/Frame 2147224798/Card SKU/Format/Frame 2147224762/Frame 2147224812/Frame 2147224765/Skip,Skip,Inter,500,6.0,#8ACEFF
🔵 UI_Phase 1,I3139:9971;2675:6179,SKU - Mobile/Mb_SKU - Mobile/Section 3/Frame 2147224798/Card SKU/Frame 2147224799/Sample title,Mid roll Instream,Inter,600,18.0,#3745AF
🔵 UI_Phase 1,I3139:9971;2675:6180,SKU - Mobile/Mb_SKU - Mobile/Section 3/Frame 2147224798/Card SKU/Frame 2147224799/Sample title,Instream Video,Inter,600,14.0,#6D717F
🔵 UI_Phase 1,I3139:9972;2675:6468;2675:5131,SKU - Mobile/Mb_SKU - Mobile/Section 3/Frame 2147224798/Card SKU/Format/Frame 2147224762/Frame 2147224812/Frame 2147224765/Skip,Skip,Inter,500,6.0,#8ACEFF
🔵 UI_Phase 1,I3139:9972;2675:6179,SKU - Mobile/Mb_SKU - Mobile/Section 3/Frame 2147224798/Card SKU/Frame 2147224799/Sample title,Post Roll Instream,Inter,600,18.0,#3745AF
🔵 UI_Phase 1,I3139:9972;2675:6180,SKU - Mobile/Mb_SKU - Mobile/Section 3/Frame 2147224798/Card SKU/Frame 2147224799/Sample title,Instream Video,Inter,600,14.0,#6D717F
🔵 UI_Phase 1,2933:8767,SKU - Mobile/Mb_SKU - Mobile/Section 3/Frame 2147224797/Search/ĐỊNH DẠNG QUẢNG CÁO,ĐỊNH DẠNG QUẢNG CÁO,Bai Jamjuree,600,28.0,#3745AF
🔵 UI_Phase 1,I2933:8768;2633:5656,SKU - Mobile/Mb_SKU - Mobile/Section 3/Frame 2147224797/Component 11/Tìm kiếm,Tìm kiếm,Bai Jamjuree,600,10.0,#3745AF
🔵 UI_Phase 1,I2933:8770;2675:4701,SKU - Mobile/Mb_SKU - Mobile/Section 3/Frame 2147224797/Frame 2147224798/Badge & Chip/Text/Bộ lọc,Bộ lọc,Inter,600,14.0,#FFFFFF
🔵 UI_Phase 1,I2933:8770;2675:4705,SKU - Mobile/Mb_SKU - Mobile/Section 3/Frame 2147224797/Frame 2147224798/Badge & Chip/cancel/Text/1,1,Inter,600,14.0,#0095FF
🔵 UI_Phase 1,I2933:8771;94:2148,SKU - Mobile/Mb_SKU - Mobile/Section 3/Frame 2147224797/Frame 2147224798/Badge & Chip/Text/Badge,Thiết bị,Inter,600,14.0,#0095FF
🔵 UI_Phase 1,I2933:8771;2675:4615,SKU - Mobile/Mb_SKU - Mobile/Section 3/Frame 2147224797/Frame 2147224798/Badge & Chip/cancel/Text/1,1,Inter,600,14.0,#0095FF
🔵 UI_Phase 1,I2933:8772;94:2148,SKU - Mobile/Mb_SKU - Mobile/Section 3/Frame 2147224797/Frame 2147224798/Badge & Chip/Text/Badge,Định dạng,Inter,600,14.0,#0095FF
🔵 UI_Phase 1,I2933:8772;2675:4615,SKU - Mobile/Mb_SKU - Mobile/Section 3/Frame 2147224797/Frame 2147224798/Badge & Chip/cancel/Text/1,1,Inter,600,14.0,#0095FF
🔵 UI_Phase 1,I2933:8773;94:2148,SKU - Mobile/Mb_SKU - Mobile/Section 3/Frame 2147224797/Frame 2147224798/Badge & Chip/Text/Badge,Loại,Inter,600,14.0,#0095FF
🔵 UI_Phase 1,I2933:8773;2675:4615,SKU - Mobile/Mb_SKU - Mobile/Section 3/Frame 2147224797/Frame 2147224798/Badge & Chip/cancel/Text/1,1,Inter,600,14.0,#0095FF
🔵 UI_Phase 1,I2821:7308;2531:9878,SKU - Mobile/Mb_SKU - Mobile/Footer Desk/Frame 2087326388/Công ty TNHH Một thành viên Công nghệ và Thương mại Wiinvent,Công ty TNHH Một thành viên Công nghệ và Thương mại Wiinvent,Inter,400,12.0,#FFFFFF
🔵 UI_Phase 1,I2821:7308;2531:9882;2445:2775,SKU - Mobile/Mb_SKU - Mobile/Footer Desk/Frame 92/Frame 2147224758/Button of Nav Heading/Button,SDK,Bai Jamjuree,600,16.0,#FFFFFF
🔵 UI_Phase 1,I2821:7308;2531:9883;2445:2775,SKU - Mobile/Mb_SKU - Mobile/Footer Desk/Frame 92/Frame 2147224758/Button of Nav Heading/Button,Demo,Bai Jamjuree,600,16.0,#FFFFFF
🔵 UI_Phase 1,I2821:7308;2531:9884;2445:2775,SKU - Mobile/Mb_SKU - Mobile/Footer Desk/Frame 92/Frame 2147224758/Button of Nav Heading/Button,Liên hệ,Bai Jamjuree,600,16.0,#FFFFFF
🔵 UI_Phase 1,I2821:7308;2531:9885;2531:6499,SKU - Mobile/Mb_SKU - Mobile/Footer Desk/Frame 92/Frame 2147224758/Button of Nav Heading/Button,Đăng ký Demo,Bai Jamjuree,600,16.0,#FFFFFF
🔵 UI_Phase 1,I2821:7308;2531:9887,SKU - Mobile/Mb_SKU - Mobile/Footer Desk/Frame 90/Liên hệ,Liên hệ,Bai Jamjuree,600,16.0,#FFFFFF
🔵 UI_Phase 1,I2821:7308;2531:9897,"SKU - Mobile/Mb_SKU - Mobile/Footer Desk/Frame 90/Frame 1410103937/Frame 34/96 Hoàng Ngân, Yên Hoà, Cầu Giấy - Hà Nội","96 Hoàng Ngân, Yên Hoà, Cầu Giấy - Hà Nội",Inter,400,12.0,#FFFFFF
🔵 UI_Phase 1,I2821:7308;2531:9900,SKU - Mobile/Mb_SKU - Mobile/Footer Desk/Frame 2087326390/© Wiivent 2026,© Wiivent 2026,Inter,400,14.0,#FFFFFF
🔵 UI_Phase 1,I2821:7308;2531:10029;2445:2487,SKU - Mobile/Mb_SKU - Mobile/Footer Desk/Frame 2087326390/Back Button/Symbol,,Font Awesome 5 Free,900,16.0,#FFFFFF
🔵 UI_Phase 1,I2769:6121;2769:5894,SKU - Mobile/segmented-control/Device Button/Text/Button,Mobile,Inter,600,16.0,#FFFFFF
🔵 UI_Phase 1,I2769:6127;2769:6009,SKU - Mobile/segmented-control/Device Button/Text/Button,PC,Inter,600,16.0,#6D717F
🔵 UI_Phase 1,I2769:6133;2769:6009,SKU - Mobile/segmented-control/Device Button/Text/Button,Smart TV,Inter,600,16.0,#6D717F
🔵 UI_Phase 1,I2769:6074;2769:5894,SKU - Mobile/Device Button/Text/Button,Mobile,Inter,600,16.0,#FFFFFF
🔵 UI_Phase 1,I2769:6084;2769:5894,SKU - Mobile/Device Button/Text/Button,PC,Inter,600,16.0,#FFFFFF
🔵 UI_Phase 1,I2769:6089;2769:5894,SKU - Mobile/Device Button/Text/Button,Smart TV,Inter,600,16.0,#FFFFFF
🔵 UI_Phase 1,I2769:6094;2769:6009,SKU - Mobile/Device Button/Text/Button,Mobile,Inter,600,16.0,#6D717F
🔵 UI_Phase 1,I2769:6095;2769:6009,SKU - Mobile/Device Button/Text/Button,PC,Inter,600,16.0,#6D717F
🔵 UI_Phase 1,I2769:6096;2769:6009,SKU - Mobile/Device Button/Text/Button,Smart TV,Inter,600,16.0,#6D717F
🔵 UI_Phase 1,I2856:8353;2445:2808;2445:2775,SKU - Mobile/Tb_SKU - Mobile/Frame 2147224759/Frame 2147224758/Button of Nav Heading/Button,SDK,Bai Jamjuree,600,16.0,#131927
🔵 UI_Phase 1,I2856:8353;2445:2811;2445:2775,SKU - Mobile/Tb_SKU - Mobile/Frame 2147224759/Frame 2147224758/Button of Nav Heading/Button,Demo,Bai Jamjuree,600,16.0,#131927
🔵 UI_Phase 1,I2856:8353;2445:2814;2445:2775,SKU - Mobile/Tb_SKU - Mobile/Frame 2147224759/Frame 2147224758/Button of Nav Heading/Button,Liên hệ,Bai Jamjuree,600,16.0,#131927
🔵 UI_Phase 1,I2856:8353;2531:6542;2531:6497,SKU - Mobile/Tb_SKU - Mobile/Frame 2147224759/Frame 2147224758/Button of Nav Heading/Button,Demo,Bai Jamjuree,600,16.0,#FFFFFF
🔵 UI_Phase 1,I2856:8353;3139:11700;3139:11623;107:1496,SKU - Mobile/Tb_SKU - Mobile/Frame 2147224759/Frame 2147224758/List (Left Item)/Left Content/Avatar/A,V,Bai Jamjuree,600,16.0,#FFFFFF
🔵 UI_Phase 1,I2856:8353;3139:11700;3139:11619,SKU - Mobile/Tb_SKU - Mobile/Frame 2147224759/Frame 2147224758/List (Left Item)/Left Content/Title,Ngôn ngữ,Inter,600,14.0,#131927
🔵 UI_Phase 1,I2995:10149;36:1039,SKU - Mobile/Tb_SKU - Mobile/Frame 2147224830/Frame 2147224834/Pride/Button/Text/Button,Quay lại,Inter,600,14.0,#4E61F6
🔵 UI_Phase 1,2995:10151,SKU - Mobile/Tb_SKU - Mobile/Frame 2147224830/Frame 2147224834/Pride/Frame 2147224834/Leaderboard Banner,Leaderboard Banner,Bai Jamjuree,600,24.0,#3745AF
🔵 UI_Phase 1,2995:10153,"SKU - Mobile/Tb_SKU - Mobile/Frame 2147224830/Frame 2147224834/Pride/Frame 2147224834/Frame 2147224835/Format: JPG, PNJ, GIF, HTML5","Format: JPG, PNJ, GIF, HTML5",Inter,400,14.0,#000000
🔵 UI_Phase 1,2995:10154,SKU - Mobile/Tb_SKU - Mobile/Frame 2147224830/Frame 2147224834/Pride/Frame 2147224834/Frame 2147224835/Resolution - Desktop: 970x250,Resolution - Desktop: 970x250 ,Inter,400,14.0,#000000
🔵 UI_Phase 1,2995:10155,SKU - Mobile/Tb_SKU - Mobile/Frame 2147224830/Frame 2147224834/Pride/Frame 2147224834/Frame 2147224835/Resolution - Mobile: 970x250,Resolution - Mobile: 970x250 ,Inter,400,14.0,#000000
🔵 UI_Phase 1,2995:10156,SKU - Mobile/Tb_SKU - Mobile/Frame 2147224830/Frame 2147224834/Pride/Frame 2147224834/Frame 2147224835/Resolution - TV: 970x250,Resolution - TV: 970x250 ,Inter,400,14.0,#000000
🔵 UI_Phase 1,2995:10157,SKU - Mobile/Tb_SKU - Mobile/Frame 2147224830/Frame 2147224834/Pride/Frame 2147224834/Frame 2147224835/Size: <10MB,Size: <10MB,Inter,400,14.0,#000000
🔵 UI_Phase 1,2995:10159,SKU - Mobile/Tb_SKU - Mobile/Frame 2147224830/Frame 2147224834/Pride/Frame 2147224834/Tracking Metrics: Impression/ Click/ View,Tracking Metrics: Impression/ Click/ View,Inter,400,14.0,#000000
🔵 UI_Phase 1,I2995:10160;36:706,SKU - Mobile/Tb_SKU - Mobile/Frame 2147224830/Frame 2147224834/Pride/Button/Text/Button,Tư vấn,Inter,600,12.0,#4E61F6
🔵 UI_Phase 1,I2856:8375;2769:5894,SKU - Mobile/Tb_SKU - Mobile/Frame 2147224830/Frame 2147224833/segmented-control/Device Button/Text/Button,Mobile,Inter,600,16.0,#FFFFFF
🔵 UI_Phase 1,I2856:8376;2769:6009,SKU - Mobile/Tb_SKU - Mobile/Frame 2147224830/Frame 2147224833/segmented-control/Device Button/Text/Button,PC,Inter,600,16.0,#6D717F
🔵 UI_Phase 1,I2856:8377;2769:6009,SKU - Mobile/Tb_SKU - Mobile/Frame 2147224830/Frame 2147224833/segmented-control/Device Button/Text/Button,Smart TV,Inter,600,16.0,#6D717F
🔵 UI_Phase 1,I3139:8775;2675:6179,SKU - Mobile/Tb_SKU - Mobile/Section 3/Frame 2147224798/Card SKU/Frame 2147224799/Sample title,Leaderboard Banner,Inter,600,18.0,#3745AF
🔵 UI_Phase 1,I3139:8775;2675:6180,SKU - Mobile/Tb_SKU - Mobile/Section 3/Frame 2147224798/Card SKU/Frame 2147224799/Sample title,Banner Standard,Inter,600,14.0,#6D717F
🔵 UI_Phase 1,I3139:8776;2675:6179,SKU - Mobile/Tb_SKU - Mobile/Section 3/Frame 2147224798/Card SKU/Frame 2147224799/Sample title,In-Page Banner,Inter,600,18.0,#3745AF
🔵 UI_Phase 1,I3139:8776;2675:6180,SKU - Mobile/Tb_SKU - Mobile/Section 3/Frame 2147224798/Card SKU/Frame 2147224799/Sample title,Banner Standard,Inter,600,14.0,#6D717F
🔵 UI_Phase 1,I3139:8777;2675:6179,SKU - Mobile/Tb_SKU - Mobile/Section 3/Frame 2147224798/Card SKU/Frame 2147224799/Sample title,Side Banner,Inter,600,18.0,#3745AF
🔵 UI_Phase 1,I3139:8777;2675:6180,SKU - Mobile/Tb_SKU - Mobile/Section 3/Frame 2147224798/Card SKU/Frame 2147224799/Sample title,Banner Standard,Inter,600,14.0,#6D717F
🔵 UI_Phase 1,I3139:8778;2675:6179,SKU - Mobile/Tb_SKU - Mobile/Section 3/Frame 2147224798/Card SKU/Frame 2147224799/Sample title,Pause Banner,Inter,600,18.0,#3745AF
🔵 UI_Phase 1,I3139:8778;2675:6180,SKU - Mobile/Tb_SKU - Mobile/Section 3/Frame 2147224798/Card SKU/Frame 2147224799/Sample title,Banner Standard,Inter,600,14.0,#6D717F
🔵 UI_Phase 1,I3139:8779;2675:6179,SKU - Mobile/Tb_SKU - Mobile/Section 3/Frame 2147224798/Card SKU/Frame 2147224799/Sample title,Welcome Banner,Inter,600,18.0,#3745AF
🔵 UI_Phase 1,I3139:8779;2675:6180,SKU - Mobile/Tb_SKU - Mobile/Section 3/Frame 2147224798/Card SKU/Frame 2147224799/Sample title,Welcome,Inter,600,14.0,#6D717F
🔵 UI_Phase 1,I3139:8780;2675:6179,SKU - Mobile/Tb_SKU - Mobile/Section 3/Frame 2147224798/Card SKU/Frame 2147224799/Sample title,Welcome TVC,Inter,600,18.0,#3745AF
🔵 UI_Phase 1,I3139:8780;2675:6180,SKU - Mobile/Tb_SKU - Mobile/Section 3/Frame 2147224798/Card SKU/Frame 2147224799/Sample title,Welcome,Inter,600,14.0,#6D717F
🔵 UI_Phase 1,I3139:8781;2675:6468;2675:5147,SKU - Mobile/Tb_SKU - Mobile/Section 3/Frame 2147224798/Card SKU/Format/Frame 2147224762/Frame 2147224812/Frame 2147224765/Skip,Skip,Inter,500,6.0,#8ACEFF
🔵 UI_Phase 1,I3139:8781;2675:6179,SKU - Mobile/Tb_SKU - Mobile/Section 3/Frame 2147224798/Card SKU/Frame 2147224799/Sample title,Pre roll Instream,Inter,600,18.0,#3745AF
🔵 UI_Phase 1,I3139:8781;2675:6180,SKU - Mobile/Tb_SKU - Mobile/Section 3/Frame 2147224798/Card SKU/Frame 2147224799/Sample title,Instream Video,Inter,600,14.0,#6D717F
🔵 UI_Phase 1,I3139:8782;2675:6468;2675:5163,SKU - Mobile/Tb_SKU - Mobile/Section 3/Frame 2147224798/Card SKU/Format/Frame 2147224762/Frame 2147224812/Frame 2147224765/Skip,Skip,Inter,500,6.0,#8ACEFF
🔵 UI_Phase 1,I3139:8782;2675:6179,SKU - Mobile/Tb_SKU - Mobile/Section 3/Frame 2147224798/Card SKU/Frame 2147224799/Sample title,Mid roll Instream,Inter,600,18.0,#3745AF
🔵 UI_Phase 1,I3139:8782;2675:6180,SKU - Mobile/Tb_SKU - Mobile/Section 3/Frame 2147224798/Card SKU/Frame 2147224799/Sample title,Instream Video,Inter,600,14.0,#6D717F
🔵 UI_Phase 1,I3139:8783;2675:6468;2675:5131,SKU - Mobile/Tb_SKU - Mobile/Section 3/Frame 2147224798/Card SKU/Format/Frame 2147224762/Frame 2147224812/Frame 2147224765/Skip,Skip,Inter,500,6.0,#8ACEFF
🔵 UI_Phase 1,I3139:8783;2675:6179,SKU - Mobile/Tb_SKU - Mobile/Section 3/Frame 2147224798/Card SKU/Frame 2147224799/Sample title,Post Roll Instream,Inter,600,18.0,#3745AF
🔵 UI_Phase 1,I3139:8783;2675:6180,SKU - Mobile/Tb_SKU - Mobile/Section 3/Frame 2147224798/Card SKU/Frame 2147224799/Sample title,Instream Video,Inter,600,14.0,#6D717F
🔵 UI_Phase 1,2933:9946,SKU - Mobile/Tb_SKU - Mobile/Section 3/Frame 2147224797/Search/ĐỊNH DẠNG QUẢNG CÁO,ĐỊNH DẠNG QUẢNG CÁO,Bai Jamjuree,600,28.0,#3745AF
🔵 UI_Phase 1,I2933:9949;2675:4701,SKU - Mobile/Tb_SKU - Mobile/Section 3/Frame 2147224797/Frame 2147224795/Frame 2147224798/Badge & Chip/Text/Bộ lọc,Bộ lọc,Inter,600,14.0,#FFFFFF
🔵 UI_Phase 1,I2933:9949;2675:4705,SKU - Mobile/Tb_SKU - Mobile/Section 3/Frame 2147224797/Frame 2147224795/Frame 2147224798/Badge & Chip/cancel/Text/1,1,Inter,600,14.0,#0095FF
🔵 UI_Phase 1,I2933:9950;94:2148,SKU - Mobile/Tb_SKU - Mobile/Section 3/Frame 2147224797/Frame 2147224795/Frame 2147224798/Badge & Chip/Text/Badge,Thiết bị,Inter,600,14.0,#0095FF
🔵 UI_Phase 1,I2933:9950;2675:4615,SKU - Mobile/Tb_SKU - Mobile/Section 3/Frame 2147224797/Frame 2147224795/Frame 2147224798/Badge & Chip/cancel/Text/1,1,Inter,600,14.0,#0095FF
🔵 UI_Phase 1,I2933:9951;94:2148,SKU - Mobile/Tb_SKU - Mobile/Section 3/Frame 2147224797/Frame 2147224795/Frame 2147224798/Badge & Chip/Text/Badge,Định dạng,Inter,600,14.0,#0095FF
🔵 UI_Phase 1,I2933:9951;2675:4615,SKU - Mobile/Tb_SKU - Mobile/Section 3/Frame 2147224797/Frame 2147224795/Frame 2147224798/Badge & Chip/cancel/Text/1,1,Inter,600,14.0,#0095FF
🔵 UI_Phase 1,I2933:9952;94:2148,SKU - Mobile/Tb_SKU - Mobile/Section 3/Frame 2147224797/Frame 2147224795/Frame 2147224798/Badge & Chip/Text/Badge,Loại,Inter,600,14.0,#0095FF
🔵 UI_Phase 1,I2933:9952;2675:4615,SKU - Mobile/Tb_SKU - Mobile/Section 3/Frame 2147224797/Frame 2147224795/Frame 2147224798/Badge & Chip/cancel/Text/1,1,Inter,600,14.0,#0095FF
🔵 UI_Phase 1,I2933:9953;2633:5656,SKU - Mobile/Tb_SKU - Mobile/Section 3/Frame 2147224797/Frame 2147224795/Component 11/Tìm kiếm,Tìm kiếm,Bai Jamjuree,600,10.0,#3745AF
🔵 UI_Phase 1,I2856:8399;2531:9850,SKU - Mobile/Tb_SKU - Mobile/Footer Desk/Frame 2087326388/Công ty TNHH Một thành viên Công nghệ và Thương mại Wiinvent,Công ty TNHH Một thành viên Công nghệ và Thương mại Wiinvent,Inter,400,16.0,#FFFFFF
🔵 UI_Phase 1,I2856:8399;2531:9855;2445:2775,SKU - Mobile/Tb_SKU - Mobile/Footer Desk/Frame 2087326389/Frame 92/Frame 2147224758/Button of Nav Heading/Button,SDK,Bai Jamjuree,600,18.0,#FFFFFF
🔵 UI_Phase 1,I2856:8399;2531:9856;2445:2775,SKU - Mobile/Tb_SKU - Mobile/Footer Desk/Frame 2087326389/Frame 92/Frame 2147224758/Button of Nav Heading/Button,Demo,Bai Jamjuree,600,18.0,#FFFFFF
🔵 UI_Phase 1,I2856:8399;2531:9857;2445:2775,SKU - Mobile/Tb_SKU - Mobile/Footer Desk/Frame 2087326389/Frame 92/Frame 2147224758/Button of Nav Heading/Button,Liên hệ,Bai Jamjuree,600,18.0,#FFFFFF
🔵 UI_Phase 1,I2856:8399;2531:9858;2531:6497,SKU - Mobile/Tb_SKU - Mobile/Footer Desk/Frame 2087326389/Frame 92/Frame 2147224758/Button of Nav Heading/Button,Đăng ký Demo,Bai Jamjuree,600,16.0,#FFFFFF
🔵 UI_Phase 1,I2856:8399;2675:12645,SKU - Mobile/Tb_SKU - Mobile/Footer Desk/Frame 2087326389/Frame 93/Liên hệ,Liên hệ,Bai Jamjuree,600,18.0,#FFFFFF
🔵 UI_Phase 1,I2856:8399;2675:12655,"SKU - Mobile/Tb_SKU - Mobile/Footer Desk/Frame 2087326389/Frame 93/Frame 1410103937/Frame 34/96 Hoàng Ngân, Yên Hoà, Cầu Giấy - Hà Nội","96 Hoàng Ngân, Yên Hoà, Cầu Giấy - Hà Nội",Inter,400,14.0,#FFFFFF
🔵 UI_Phase 1,I2856:8399;2531:9873,SKU - Mobile/Tb_SKU - Mobile/Footer Desk/Frame 1527/© Wiinvent 2026,© Wiinvent 2026,Manrope,600,16.0,#FFFFFF
🔵 UI_Phase 1,I2856:8399;2531:10025;2445:2487,SKU - Mobile/Tb_SKU - Mobile/Footer Desk/Frame 1527/Back Button/Symbol,,Font Awesome 5 Free,900,16.0,#FFFFFF
🔵 UI_Phase 1,I2769:6279;2445:2787;2445:2775,SKU - Smart TV/Desk_SKU - TV/Frame 2147224759/Frame 2147224758/Button of Nav Heading/Button,SDK,Bai Jamjuree,600,16.0,#131927
🔵 UI_Phase 1,I2769:6279;2445:2794;2445:2775,SKU - Smart TV/Desk_SKU - TV/Frame 2147224759/Frame 2147224758/Button of Nav Heading/Button,Demo,Bai Jamjuree,600,16.0,#131927
🔵 UI_Phase 1,I2769:6279;2445:2801;2445:2775,SKU - Smart TV/Desk_SKU - TV/Frame 2147224759/Frame 2147224758/Button of Nav Heading/Button,Liên hệ,Bai Jamjuree,600,16.0,#131927
🔵 UI_Phase 1,I2769:6279;2531:6521;2531:6497,SKU - Smart TV/Desk_SKU - TV/Frame 2147224759/Frame 2147224758/Button of Nav Heading/Button,Đăng ký Demo,Bai Jamjuree,600,16.0,#FFFFFF
🔵 UI_Phase 1,I2769:6279;3139:11474;3139:11623;107:1496,SKU - Smart TV/Desk_SKU - TV/Frame 2147224759/Frame 2147224758/List (Left Item)/Left Content/Avatar/A,V,Bai Jamjuree,600,16.0,#FFFFFF
🔵 UI_Phase 1,I2769:6279;3139:11474;3139:11619,SKU - Smart TV/Desk_SKU - TV/Frame 2147224759/Frame 2147224758/List (Left Item)/Left Content/Title,Ngôn ngữ,Inter,600,14.0,#131927
🔵 UI_Phase 1,I2995:10029;36:1039,SKU - Smart TV/Desk_SKU - TV/Frame 2147224830/Frame 2147224835/Pride/Button/Text/Button,Quay lại,Inter,600,14.0,#4E61F6
🔵 UI_Phase 1,2995:10031,SKU - Smart TV/Desk_SKU - TV/Frame 2147224830/Frame 2147224835/Pride/Frame 2147224834/Leaderboard Banner,Leaderboard Banner,Bai Jamjuree,600,24.0,#3745AF
🔵 UI_Phase 1,2995:10033,"SKU - Smart TV/Desk_SKU - TV/Frame 2147224830/Frame 2147224835/Pride/Frame 2147224834/Frame 2147224835/Format: JPG, PNJ, GIF, HTML5","Format: JPG, PNJ, GIF, HTML5",Inter,400,14.0,#000000
🔵 UI_Phase 1,2995:10034,SKU - Smart TV/Desk_SKU - TV/Frame 2147224830/Frame 2147224835/Pride/Frame 2147224834/Frame 2147224835/Resolution - Desktop: 970x250,Resolution - Desktop: 970x250 ,Inter,400,14.0,#000000
🔵 UI_Phase 1,2995:10035,SKU - Smart TV/Desk_SKU - TV/Frame 2147224830/Frame 2147224835/Pride/Frame 2147224834/Frame 2147224835/Resolution - Mobile: 970x250,Resolution - Mobile: 970x250 ,Inter,400,14.0,#000000
🔵 UI_Phase 1,2995:10036,SKU - Smart TV/Desk_SKU - TV/Frame 2147224830/Frame 2147224835/Pride/Frame 2147224834/Frame 2147224835/Resolution - TV: 970x250,Resolution - TV: 970x250 ,Inter,400,14.0,#000000
🔵 UI_Phase 1,2995:10037,SKU - Smart TV/Desk_SKU - TV/Frame 2147224830/Frame 2147224835/Pride/Frame 2147224834/Frame 2147224835/Size: <10MB,Size: <10MB,Inter,400,14.0,#000000
🔵 UI_Phase 1,2995:10039,SKU - Smart TV/Desk_SKU - TV/Frame 2147224830/Frame 2147224835/Pride/Frame 2147224834/Tracking Metrics: Impression/ Click/ View,Tracking Metrics: Impression/ Click/ View,Inter,400,14.0,#000000
🔵 UI_Phase 1,I2995:10040;36:706,SKU - Smart TV/Desk_SKU - TV/Frame 2147224830/Frame 2147224835/Pride/Button/Text/Button,Tư vấn,Inter,600,12.0,#4E61F6
🔵 UI_Phase 1,I2769:6309;2769:6009,SKU - Smart TV/Desk_SKU - TV/Frame 2147224830/Frame 2147224833/segmented-control/Device Button/Text/Button,Mobile,Inter,600,16.0,#6D717F
🔵 UI_Phase 1,I2769:6310;2769:6009,SKU - Smart TV/Desk_SKU - TV/Frame 2147224830/Frame 2147224833/segmented-control/Device Button/Text/Button,PC,Inter,600,16.0,#6D717F
🔵 UI_Phase 1,I2769:6311;2769:5894,SKU - Smart TV/Desk_SKU - TV/Frame 2147224830/Frame 2147224833/segmented-control/Device Button/Text/Button,Smart TV,Inter,600,16.0,#FFFFFF
🔵 UI_Phase 1,I3139:9225;2675:6179,SKU - Smart TV/Desk_SKU - TV/Section 4/Frame 2147224799/Card SKU/Frame 2147224799/Sample title,Leaderboard Banner,Inter,600,18.0,#3745AF
🔵 UI_Phase 1,I3139:9225;2675:6180,SKU - Smart TV/Desk_SKU - TV/Section 4/Frame 2147224799/Card SKU/Frame 2147224799/Sample title,Banner Standard,Inter,600,14.0,#6D717F
🔵 UI_Phase 1,I3139:9226;2675:6179,SKU - Smart TV/Desk_SKU - TV/Section 4/Frame 2147224799/Card SKU/Frame 2147224799/Sample title,In-Page Banner,Inter,600,18.0,#3745AF
🔵 UI_Phase 1,I3139:9226;2675:6180,SKU - Smart TV/Desk_SKU - TV/Section 4/Frame 2147224799/Card SKU/Frame 2147224799/Sample title,Banner Standard,Inter,600,14.0,#6D717F
🔵 UI_Phase 1,I3139:9227;2675:6179,SKU - Smart TV/Desk_SKU - TV/Section 4/Frame 2147224799/Card SKU/Frame 2147224799/Sample title,Side Banner,Inter,600,18.0,#3745AF
🔵 UI_Phase 1,I3139:9227;2675:6180,SKU - Smart TV/Desk_SKU - TV/Section 4/Frame 2147224799/Card SKU/Frame 2147224799/Sample title,Banner Standard,Inter,600,14.0,#6D717F
🔵 UI_Phase 1,I3139:9228;2675:6179,SKU - Smart TV/Desk_SKU - TV/Section 4/Frame 2147224799/Card SKU/Frame 2147224799/Sample title,Pause Banner,Inter,600,18.0,#3745AF
🔵 UI_Phase 1,I3139:9228;2675:6180,SKU - Smart TV/Desk_SKU - TV/Section 4/Frame 2147224799/Card SKU/Frame 2147224799/Sample title,Banner Standard,Inter,600,14.0,#6D717F
🔵 UI_Phase 1,I3139:9229;2675:6179,SKU - Smart TV/Desk_SKU - TV/Section 4/Frame 2147224799/Card SKU/Frame 2147224799/Sample title,Welcome Banner,Inter,600,18.0,#3745AF
🔵 UI_Phase 1,I3139:9229;2675:6180,SKU - Smart TV/Desk_SKU - TV/Section 4/Frame 2147224799/Card SKU/Frame 2147224799/Sample title,Welcome,Inter,600,14.0,#6D717F
🔵 UI_Phase 1,I3139:9230;2675:6179,SKU - Smart TV/Desk_SKU - TV/Section 4/Frame 2147224799/Card SKU/Frame 2147224799/Sample title,Welcome TVC,Inter,600,18.0,#3745AF
🔵 UI_Phase 1,I3139:9230;2675:6180,SKU - Smart TV/Desk_SKU - TV/Section 4/Frame 2147224799/Card SKU/Frame 2147224799/Sample title,Welcome,Inter,600,14.0,#6D717F
🔵 UI_Phase 1,I3139:9231;2675:6468;2675:5147,SKU - Smart TV/Desk_SKU - TV/Section 4/Frame 2147224799/Card SKU/Format/Frame 2147224762/Frame 2147224812/Frame 2147224765/Skip,Skip,Inter,500,6.0,#8ACEFF
🔵 UI_Phase 1,I3139:9231;2675:6179,SKU - Smart TV/Desk_SKU - TV/Section 4/Frame 2147224799/Card SKU/Frame 2147224799/Sample title,Pre roll Instream,Inter,600,18.0,#3745AF
🔵 UI_Phase 1,I3139:9231;2675:6180,SKU - Smart TV/Desk_SKU - TV/Section 4/Frame 2147224799/Card SKU/Frame 2147224799/Sample title,Instream Video,Inter,600,14.0,#6D717F
🔵 UI_Phase 1,I3139:9232;2675:6468;2675:5163,SKU - Smart TV/Desk_SKU - TV/Section 4/Frame 2147224799/Card SKU/Format/Frame 2147224762/Frame 2147224812/Frame 2147224765/Skip,Skip,Inter,500,6.0,#8ACEFF
🔵 UI_Phase 1,I3139:9232;2675:6179,SKU - Smart TV/Desk_SKU - TV/Section 4/Frame 2147224799/Card SKU/Frame 2147224799/Sample title,Mid roll Instream,Inter,600,18.0,#3745AF
🔵 UI_Phase 1,I3139:9232;2675:6180,SKU - Smart TV/Desk_SKU - TV/Section 4/Frame 2147224799/Card SKU/Frame 2147224799/Sample title,Instream Video,Inter,600,14.0,#6D717F
🔵 UI_Phase 1,I3139:9233;2675:6468;2675:5131,SKU - Smart TV/Desk_SKU - TV/Section 4/Frame 2147224799/Card SKU/Format/Frame 2147224762/Frame 2147224812/Frame 2147224765/Skip,Skip,Inter,500,6.0,#8ACEFF
🔵 UI_Phase 1,I3139:9233;2675:6179,SKU - Smart TV/Desk_SKU - TV/Section 4/Frame 2147224799/Card SKU/Frame 2147224799/Sample title,Post Roll Instream,Inter,600,18.0,#3745AF
🔵 UI_Phase 1,I3139:9233;2675:6180,SKU - Smart TV/Desk_SKU - TV/Section 4/Frame 2147224799/Card SKU/Frame 2147224799/Sample title,Instream Video,Inter,600,14.0,#6D717F
🔵 UI_Phase 1,2933:9749,SKU - Smart TV/Desk_SKU - TV/Section 4/Frame 2147224797/Search/ĐỊNH DẠNG QUẢNG CÁO,ĐỊNH DẠNG QUẢNG CÁO,Bai Jamjuree,600,28.0,#3745AF
🔵 UI_Phase 1,I2933:9752;2675:4701,SKU - Smart TV/Desk_SKU - TV/Section 4/Frame 2147224797/Frame 2147224795/Frame 2147224798/Badge & Chip/Text/Bộ lọc,Bộ lọc,Inter,600,14.0,#FFFFFF
🔵 UI_Phase 1,I2933:9752;2675:4705,SKU - Smart TV/Desk_SKU - TV/Section 4/Frame 2147224797/Frame 2147224795/Frame 2147224798/Badge & Chip/cancel/Text/1,1,Inter,600,14.0,#0095FF
🔵 UI_Phase 1,I2933:9753;94:2148,SKU - Smart TV/Desk_SKU - TV/Section 4/Frame 2147224797/Frame 2147224795/Frame 2147224798/Badge & Chip/Text/Badge,Thiết bị,Inter,600,14.0,#0095FF
🔵 UI_Phase 1,I2933:9753;2675:4615,SKU - Smart TV/Desk_SKU - TV/Section 4/Frame 2147224797/Frame 2147224795/Frame 2147224798/Badge & Chip/cancel/Text/1,1,Inter,600,14.0,#0095FF
🔵 UI_Phase 1,I2933:9754;94:2148,SKU - Smart TV/Desk_SKU - TV/Section 4/Frame 2147224797/Frame 2147224795/Frame 2147224798/Badge & Chip/Text/Badge,Định dạng,Inter,600,14.0,#0095FF
🔵 UI_Phase 1,I2933:9754;2675:4615,SKU - Smart TV/Desk_SKU - TV/Section 4/Frame 2147224797/Frame 2147224795/Frame 2147224798/Badge & Chip/cancel/Text/1,1,Inter,600,14.0,#0095FF
🔵 UI_Phase 1,I2933:9755;94:2148,SKU - Smart TV/Desk_SKU - TV/Section 4/Frame 2147224797/Frame 2147224795/Frame 2147224798/Badge & Chip/Text/Badge,Loại,Inter,600,14.0,#0095FF
🔵 UI_Phase 1,I2933:9755;2675:4615,SKU - Smart TV/Desk_SKU - TV/Section 4/Frame 2147224797/Frame 2147224795/Frame 2147224798/Badge & Chip/cancel/Text/1,1,Inter,600,14.0,#0095FF
🔵 UI_Phase 1,I2933:9756;2633:5656,SKU - Smart TV/Desk_SKU - TV/Section 4/Frame 2147224797/Frame 2147224795/Component 11/Tìm kiếm,Tìm kiếm,Bai Jamjuree,600,10.0,#3745AF
🔵 UI_Phase 1,I2769:6333;2531:9822,SKU - Smart TV/Desk_SKU - TV/Footer Desk/Frame 2087326388/Công ty TNHH Một thành viên Công nghệ và Thương mại Wiinvent,Công ty TNHH Một thành viên Công nghệ và Thương mại Wiinvent,Inter,400,16.0,#FFFFFF
🔵 UI_Phase 1,I2769:6333;2531:9826;2445:2775,SKU - Smart TV/Desk_SKU - TV/Footer Desk/Frame 5/Frame 5/Frame 92/Frame 2147224758/Button of Nav Heading/Button,SDK,Bai Jamjuree,600,18.0,#FFFFFF
🔵 UI_Phase 1,I2769:6333;2531:9827;2445:2775,SKU - Smart TV/Desk_SKU - TV/Footer Desk/Frame 5/Frame 5/Frame 92/Frame 2147224758/Button of Nav Heading/Button,Demo,Bai Jamjuree,600,18.0,#FFFFFF
🔵 UI_Phase 1,I2769:6333;2531:9828;2445:2775,SKU - Smart TV/Desk_SKU - TV/Footer Desk/Frame 5/Frame 5/Frame 92/Frame 2147224758/Button of Nav Heading/Button,Liên hệ,Bai Jamjuree,600,18.0,#FFFFFF
🔵 UI_Phase 1,I2769:6333;2531:9829;2531:6497,SKU - Smart TV/Desk_SKU - TV/Footer Desk/Frame 5/Frame 5/Frame 92/Frame 2147224758/Button of Nav Heading/Button,Đăng ký Demo,Bai Jamjuree,600,16.0,#FFFFFF
🔵 UI_Phase 1,I2769:6333;2531:9831,SKU - Smart TV/Desk_SKU - TV/Footer Desk/Frame 5/Frame 5/Frame 90/Liên hệ,Liên hệ,Bai Jamjuree,600,18.0,#FFFFFF
🔵 UI_Phase 1,I2769:6333;2531:9841,"SKU - Smart TV/Desk_SKU - TV/Footer Desk/Frame 5/Frame 5/Frame 90/Frame 1410103937/Frame 34/96 Hoàng Ngân, Yên Hoà, Cầu Giấy - Hà Nội","96 Hoàng Ngân, Yên Hoà, Cầu Giấy - Hà Nội",Inter,400,14.0,#FFFFFF
🔵 UI_Phase 1,I2769:6333;2531:10058,SKU - Smart TV/Desk_SKU - TV/Footer Desk/Frame 1527/© Wiinvent 2026,© Wiinvent 2026,Manrope,600,16.0,#FFFFFF
🔵 UI_Phase 1,I2769:6333;2531:10059;2445:2487,SKU - Smart TV/Desk_SKU - TV/Footer Desk/Frame 1527/Back Button/Symbol,,Font Awesome 5 Free,900,16.0,#FFFFFF
🔵 UI_Phase 1,I2821:7942;2769:6019,SKU - Smart TV/Mb_SKU - TV/Frame 2147224830/Frame 2147224833/segmented-control/Device Button/Text/Button,Mobile,Inter,600,12.0,#6D717F
🔵 UI_Phase 1,I2821:7943;2769:6019,SKU - Smart TV/Mb_SKU - TV/Frame 2147224830/Frame 2147224833/segmented-control/Device Button/Text/Button,PC,Inter,600,12.0,#6D717F
🔵 UI_Phase 1,I2821:7944;2769:5904,SKU - Smart TV/Mb_SKU - TV/Frame 2147224830/Frame 2147224833/segmented-control/Device Button/Text/Button,Smart TV,Inter,600,12.0,#FFFFFF
🔵 UI_Phase 1,I2995:10298;36:1039,SKU - Smart TV/Mb_SKU - TV/Frame 2147224830/Frame 2147224835/Button/Text/Button,Quay lại,Inter,600,14.0,#4E61F6
🔵 UI_Phase 1,2995:10300,SKU - Smart TV/Mb_SKU - TV/Frame 2147224830/Frame 2147224835/Pride/Leaderboard Banner,Leaderboard Banner,Bai Jamjuree,600,24.0,#3745AF
🔵 UI_Phase 1,2995:10303,"SKU - Smart TV/Mb_SKU - TV/Frame 2147224830/Frame 2147224835/Pride/Frame 2147224834/Frame 2147224835/Format: JPG, PNJ, GIF, HTML5","Format: JPG, PNJ, GIF, HTML5",Inter,400,12.0,#000000
🔵 UI_Phase 1,2995:10304,SKU - Smart TV/Mb_SKU - TV/Frame 2147224830/Frame 2147224835/Pride/Frame 2147224834/Frame 2147224835/Resolution - Desktop: 970x250,Resolution - Desktop: 970x250 ,Inter,400,12.0,#000000
🔵 UI_Phase 1,2995:10305,SKU - Smart TV/Mb_SKU - TV/Frame 2147224830/Frame 2147224835/Pride/Frame 2147224834/Frame 2147224835/Resolution - Mobile: 970x250,Resolution - Mobile: 970x250 ,Inter,400,12.0,#000000
🔵 UI_Phase 1,2995:10306,SKU - Smart TV/Mb_SKU - TV/Frame 2147224830/Frame 2147224835/Pride/Frame 2147224834/Frame 2147224835/Resolution - TV: 970x250,Resolution - TV: 970x250 ,Inter,400,12.0,#000000
🔵 UI_Phase 1,2995:10307,SKU - Smart TV/Mb_SKU - TV/Frame 2147224830/Frame 2147224835/Pride/Frame 2147224834/Frame 2147224835/Size: <10MB,Size: <10MB,Inter,400,12.0,#000000
🔵 UI_Phase 1,2995:10309,SKU - Smart TV/Mb_SKU - TV/Frame 2147224830/Frame 2147224835/Pride/Frame 2147224834/Tracking Metrics: Impression/ Click/ View,Tracking Metrics: Impression/ Click/ View,Inter,400,12.0,#000000
🔵 UI_Phase 1,I2995:10310;36:706,SKU - Smart TV/Mb_SKU - TV/Frame 2147224830/Frame 2147224835/Button/Text/Button,Tư vấn,Inter,600,12.0,#4E61F6
🔵 UI_Phase 1,I3139:10264;2675:6179,SKU - Smart TV/Mb_SKU - TV/Section 4/Frame 2147224798/Card SKU/Frame 2147224799/Sample title,Leaderboard Banner,Inter,600,18.0,#3745AF
🔵 UI_Phase 1,I3139:10264;2675:6180,SKU - Smart TV/Mb_SKU - TV/Section 4/Frame 2147224798/Card SKU/Frame 2147224799/Sample title,Banner Standard,Inter,600,14.0,#6D717F
🔵 UI_Phase 1,I3139:10265;2675:6179,SKU - Smart TV/Mb_SKU - TV/Section 4/Frame 2147224798/Card SKU/Frame 2147224799/Sample title,In-Page Banner,Inter,600,18.0,#3745AF
🔵 UI_Phase 1,I3139:10265;2675:6180,SKU - Smart TV/Mb_SKU - TV/Section 4/Frame 2147224798/Card SKU/Frame 2147224799/Sample title,Banner Standard,Inter,600,14.0,#6D717F
🔵 UI_Phase 1,I3139:10266;2675:6179,SKU - Smart TV/Mb_SKU - TV/Section 4/Frame 2147224798/Card SKU/Frame 2147224799/Sample title,Side Banner,Inter,600,18.0,#3745AF
🔵 UI_Phase 1,I3139:10266;2675:6180,SKU - Smart TV/Mb_SKU - TV/Section 4/Frame 2147224798/Card SKU/Frame 2147224799/Sample title,Banner Standard,Inter,600,14.0,#6D717F
🔵 UI_Phase 1,I3139:10267;2675:6179,SKU - Smart TV/Mb_SKU - TV/Section 4/Frame 2147224798/Card SKU/Frame 2147224799/Sample title,Pause Banner,Inter,600,18.0,#3745AF
🔵 UI_Phase 1,I3139:10267;2675:6180,SKU - Smart TV/Mb_SKU - TV/Section 4/Frame 2147224798/Card SKU/Frame 2147224799/Sample title,Banner Standard,Inter,600,14.0,#6D717F
🔵 UI_Phase 1,I3139:10268;2675:6179,SKU - Smart TV/Mb_SKU - TV/Section 4/Frame 2147224798/Card SKU/Frame 2147224799/Sample title,Welcome Banner,Inter,600,18.0,#3745AF
🔵 UI_Phase 1,I3139:10268;2675:6180,SKU - Smart TV/Mb_SKU - TV/Section 4/Frame 2147224798/Card SKU/Frame 2147224799/Sample title,Welcome,Inter,600,14.0,#6D717F
🔵 UI_Phase 1,I3139:10269;2675:6179,SKU - Smart TV/Mb_SKU - TV/Section 4/Frame 2147224798/Card SKU/Frame 2147224799/Sample title,Welcome TVC,Inter,600,18.0,#3745AF
🔵 UI_Phase 1,I3139:10269;2675:6180,SKU - Smart TV/Mb_SKU - TV/Section 4/Frame 2147224798/Card SKU/Frame 2147224799/Sample title,Welcome,Inter,600,14.0,#6D717F
🔵 UI_Phase 1,I3139:10270;2675:6468;2675:5147,SKU - Smart TV/Mb_SKU - TV/Section 4/Frame 2147224798/Card SKU/Format/Frame 2147224762/Frame 2147224812/Frame 2147224765/Skip,Skip,Inter,500,6.0,#8ACEFF
🔵 UI_Phase 1,I3139:10270;2675:6179,SKU - Smart TV/Mb_SKU - TV/Section 4/Frame 2147224798/Card SKU/Frame 2147224799/Sample title,Pre roll Instream,Inter,600,18.0,#3745AF
🔵 UI_Phase 1,I3139:10270;2675:6180,SKU - Smart TV/Mb_SKU - TV/Section 4/Frame 2147224798/Card SKU/Frame 2147224799/Sample title,Instream Video,Inter,600,14.0,#6D717F
🔵 UI_Phase 1,I3139:10271;2675:6468;2675:5163,SKU - Smart TV/Mb_SKU - TV/Section 4/Frame 2147224798/Card SKU/Format/Frame 2147224762/Frame 2147224812/Frame 2147224765/Skip,Skip,Inter,500,6.0,#8ACEFF
🔵 UI_Phase 1,I3139:10271;2675:6179,SKU - Smart TV/Mb_SKU - TV/Section 4/Frame 2147224798/Card SKU/Frame 2147224799/Sample title,Mid roll Instream,Inter,600,18.0,#3745AF
🔵 UI_Phase 1,I3139:10271;2675:6180,SKU - Smart TV/Mb_SKU - TV/Section 4/Frame 2147224798/Card SKU/Frame 2147224799/Sample title,Instream Video,Inter,600,14.0,#6D717F
🔵 UI_Phase 1,I3139:10272;2675:6468;2675:5131,SKU - Smart TV/Mb_SKU - TV/Section 4/Frame 2147224798/Card SKU/Format/Frame 2147224762/Frame 2147224812/Frame 2147224765/Skip,Skip,Inter,500,6.0,#8ACEFF
🔵 UI_Phase 1,I3139:10272;2675:6179,SKU - Smart TV/Mb_SKU - TV/Section 4/Frame 2147224798/Card SKU/Frame 2147224799/Sample title,Post Roll Instream,Inter,600,18.0,#3745AF
🔵 UI_Phase 1,I3139:10272;2675:6180,SKU - Smart TV/Mb_SKU - TV/Section 4/Frame 2147224798/Card SKU/Frame 2147224799/Sample title,Instream Video,Inter,600,14.0,#6D717F
🔵 UI_Phase 1,2933:9159,SKU - Smart TV/Mb_SKU - TV/Section 4/Frame 2147224797/Search/ĐỊNH DẠNG QUẢNG CÁO,ĐỊNH DẠNG QUẢNG CÁO,Bai Jamjuree,600,28.0,#3745AF
🔵 UI_Phase 1,I2933:9160;2633:5656,SKU - Smart TV/Mb_SKU - TV/Section 4/Frame 2147224797/Component 11/Tìm kiếm,Tìm kiếm,Bai Jamjuree,600,10.0,#3745AF
🔵 UI_Phase 1,I2933:9162;2675:4701,SKU - Smart TV/Mb_SKU - TV/Section 4/Frame 2147224797/Frame 2147224798/Badge & Chip/Text/Bộ lọc,Bộ lọc,Inter,600,14.0,#FFFFFF
🔵 UI_Phase 1,I2933:9162;2675:4705,SKU - Smart TV/Mb_SKU - TV/Section 4/Frame 2147224797/Frame 2147224798/Badge & Chip/cancel/Text/1,1,Inter,600,14.0,#0095FF
🔵 UI_Phase 1,I2933:9163;94:2148,SKU - Smart TV/Mb_SKU - TV/Section 4/Frame 2147224797/Frame 2147224798/Badge & Chip/Text/Badge,Thiết bị,Inter,600,14.0,#0095FF
🔵 UI_Phase 1,I2933:9163;2675:4615,SKU - Smart TV/Mb_SKU - TV/Section 4/Frame 2147224797/Frame 2147224798/Badge & Chip/cancel/Text/1,1,Inter,600,14.0,#0095FF
🔵 UI_Phase 1,I2933:9164;94:2148,SKU - Smart TV/Mb_SKU - TV/Section 4/Frame 2147224797/Frame 2147224798/Badge & Chip/Text/Badge,Định dạng,Inter,600,14.0,#0095FF
🔵 UI_Phase 1,I2933:9164;2675:4615,SKU - Smart TV/Mb_SKU - TV/Section 4/Frame 2147224797/Frame 2147224798/Badge & Chip/cancel/Text/1,1,Inter,600,14.0,#0095FF
🔵 UI_Phase 1,I2933:9165;94:2148,SKU - Smart TV/Mb_SKU - TV/Section 4/Frame 2147224797/Frame 2147224798/Badge & Chip/Text/Badge,Loại,Inter,600,14.0,#0095FF
🔵 UI_Phase 1,I2933:9165;2675:4615,SKU - Smart TV/Mb_SKU - TV/Section 4/Frame 2147224797/Frame 2147224798/Badge & Chip/cancel/Text/1,1,Inter,600,14.0,#0095FF
🔵 UI_Phase 1,I2821:7978;2531:9878,SKU - Smart TV/Mb_SKU - TV/Footer Desk/Frame 2087326388/Công ty TNHH Một thành viên Công nghệ và Thương mại Wiinvent,Công ty TNHH Một thành viên Công nghệ và Thương mại Wiinvent,Inter,400,12.0,#FFFFFF
🔵 UI_Phase 1,I2821:7978;2531:9882;2445:2775,SKU - Smart TV/Mb_SKU - TV/Footer Desk/Frame 92/Frame 2147224758/Button of Nav Heading/Button,SDK,Bai Jamjuree,600,16.0,#FFFFFF
🔵 UI_Phase 1,I2821:7978;2531:9883;2445:2775,SKU - Smart TV/Mb_SKU - TV/Footer Desk/Frame 92/Frame 2147224758/Button of Nav Heading/Button,Demo,Bai Jamjuree,600,16.0,#FFFFFF
🔵 UI_Phase 1,I2821:7978;2531:9884;2445:2775,SKU - Smart TV/Mb_SKU - TV/Footer Desk/Frame 92/Frame 2147224758/Button of Nav Heading/Button,Liên hệ,Bai Jamjuree,600,16.0,#FFFFFF
🔵 UI_Phase 1,I2821:7978;2531:9885;2531:6499,SKU - Smart TV/Mb_SKU - TV/Footer Desk/Frame 92/Frame 2147224758/Button of Nav Heading/Button,Đăng ký Demo,Bai Jamjuree,600,16.0,#FFFFFF
🔵 UI_Phase 1,I2821:7978;2531:9887,SKU - Smart TV/Mb_SKU - TV/Footer Desk/Frame 90/Liên hệ,Liên hệ,Bai Jamjuree,600,16.0,#FFFFFF
🔵 UI_Phase 1,I2821:7978;2531:9897,"SKU - Smart TV/Mb_SKU - TV/Footer Desk/Frame 90/Frame 1410103937/Frame 34/96 Hoàng Ngân, Yên Hoà, Cầu Giấy - Hà Nội","96 Hoàng Ngân, Yên Hoà, Cầu Giấy - Hà Nội",Inter,400,12.0,#FFFFFF
🔵 UI_Phase 1,I2821:7978;2531:9900,SKU - Smart TV/Mb_SKU - TV/Footer Desk/Frame 2087326390/© Wiivent 2026,© Wiivent 2026,Inter,400,14.0,#FFFFFF
🔵 UI_Phase 1,I2821:7978;2531:10029;2445:2487,SKU - Smart TV/Mb_SKU - TV/Footer Desk/Frame 2087326390/Back Button/Symbol,,Font Awesome 5 Free,900,16.0,#FFFFFF
🔵 UI_Phase 1,I2856:8031;2445:2808;2445:2775,SKU - Smart TV/Tb_SKU - TV/Frame 2147224759/Frame 2147224758/Button of Nav Heading/Button,SDK,Bai Jamjuree,600,16.0,#131927
🔵 UI_Phase 1,I2856:8031;2445:2811;2445:2775,SKU - Smart TV/Tb_SKU - TV/Frame 2147224759/Frame 2147224758/Button of Nav Heading/Button,Demo,Bai Jamjuree,600,16.0,#131927
🔵 UI_Phase 1,I2856:8031;2445:2814;2445:2775,SKU - Smart TV/Tb_SKU - TV/Frame 2147224759/Frame 2147224758/Button of Nav Heading/Button,Liên hệ,Bai Jamjuree,600,16.0,#131927
🔵 UI_Phase 1,I2856:8031;2531:6542;2531:6497,SKU - Smart TV/Tb_SKU - TV/Frame 2147224759/Frame 2147224758/Button of Nav Heading/Button,Demo,Bai Jamjuree,600,16.0,#FFFFFF
🔵 UI_Phase 1,I2856:8031;3139:11700;3139:11623;107:1496,SKU - Smart TV/Tb_SKU - TV/Frame 2147224759/Frame 2147224758/List (Left Item)/Left Content/Avatar/A,V,Bai Jamjuree,600,16.0,#FFFFFF
🔵 UI_Phase 1,I2856:8031;3139:11700;3139:11619,SKU - Smart TV/Tb_SKU - TV/Frame 2147224759/Frame 2147224758/List (Left Item)/Left Content/Title,Ngôn ngữ,Inter,600,14.0,#131927
🔵 UI_Phase 1,I2865:9372;36:1039,SKU - Smart TV/Tb_SKU - TV/Frame 2147224830/Frame 2147224835/Button/Text/Button,Quay lại,Inter,600,14.0,#4E61F6
🔵 UI_Phase 1,2865:9374,SKU - Smart TV/Tb_SKU - TV/Frame 2147224830/Frame 2147224835/Pride/Leaderboard Banner,Leaderboard Banner,Bai Jamjuree,600,24.0,#3745AF
🔵 UI_Phase 1,2865:9377,"SKU - Smart TV/Tb_SKU - TV/Frame 2147224830/Frame 2147224835/Pride/Frame 2147224834/Frame 2147224835/Format: JPG, PNJ, GIF, HTML5","Format: JPG, PNJ, GIF, HTML5",Inter,400,14.0,#000000
🔵 UI_Phase 1,2865:9378,SKU - Smart TV/Tb_SKU - TV/Frame 2147224830/Frame 2147224835/Pride/Frame 2147224834/Frame 2147224835/Resolution - Desktop: 970x250,Resolution - Desktop: 970x250 ,Inter,400,14.0,#000000
🔵 UI_Phase 1,2865:9379,SKU - Smart TV/Tb_SKU - TV/Frame 2147224830/Frame 2147224835/Pride/Frame 2147224834/Frame 2147224835/Resolution - Mobile: 970x250,Resolution - Mobile: 970x250 ,Inter,400,14.0,#000000
🔵 UI_Phase 1,2865:9380,SKU - Smart TV/Tb_SKU - TV/Frame 2147224830/Frame 2147224835/Pride/Frame 2147224834/Frame 2147224835/Resolution - TV: 970x250,Resolution - TV: 970x250 ,Inter,400,14.0,#000000
🔵 UI_Phase 1,2865:9381,SKU - Smart TV/Tb_SKU - TV/Frame 2147224830/Frame 2147224835/Pride/Frame 2147224834/Frame 2147224835/Size: <10MB,Size: <10MB,Inter,400,14.0,#000000
🔵 UI_Phase 1,2865:9383,SKU - Smart TV/Tb_SKU - TV/Frame 2147224830/Frame 2147224835/Pride/Frame 2147224834/Tracking Metrics: Impression/ Click/ View,Tracking Metrics: Impression/ Click/ View,Inter,400,14.0,#000000
🔵 UI_Phase 1,I2865:9384;36:706,SKU - Smart TV/Tb_SKU - TV/Frame 2147224830/Frame 2147224835/Button/Text/Button,Tư vấn,Inter,600,12.0,#4E61F6
🔵 UI_Phase 1,I2856:8053;2769:6009,SKU - Smart TV/Tb_SKU - TV/Frame 2147224830/Frame 2147224833/segmented-control/Device Button/Text/Button,Mobile,Inter,600,16.0,#6D717F
🔵 UI_Phase 1,I2856:8054;2769:6009,SKU - Smart TV/Tb_SKU - TV/Frame 2147224830/Frame 2147224833/segmented-control/Device Button/Text/Button,PC,Inter,600,16.0,#6D717F
🔵 UI_Phase 1,I2856:8055;2769:5894,SKU - Smart TV/Tb_SKU - TV/Frame 2147224830/Frame 2147224833/segmented-control/Device Button/Text/Button,Smart TV,Inter,600,16.0,#FFFFFF
🔵 UI_Phase 1,I3139:9375;2675:6179,SKU - Smart TV/Tb_SKU - TV/Section 3/Frame 2147224798/Card SKU/Frame 2147224799/Sample title,Leaderboard Banner,Inter,600,18.0,#3745AF
🔵 UI_Phase 1,I3139:9375;2675:6180,SKU - Smart TV/Tb_SKU - TV/Section 3/Frame 2147224798/Card SKU/Frame 2147224799/Sample title,Banner Standard,Inter,600,14.0,#6D717F
🔵 UI_Phase 1,I3139:9376;2675:6179,SKU - Smart TV/Tb_SKU - TV/Section 3/Frame 2147224798/Card SKU/Frame 2147224799/Sample title,In-Page Banner,Inter,600,18.0,#3745AF
🔵 UI_Phase 1,I3139:9376;2675:6180,SKU - Smart TV/Tb_SKU - TV/Section 3/Frame 2147224798/Card SKU/Frame 2147224799/Sample title,Banner Standard,Inter,600,14.0,#6D717F
🔵 UI_Phase 1,I3139:9377;2675:6179,SKU - Smart TV/Tb_SKU - TV/Section 3/Frame 2147224798/Card SKU/Frame 2147224799/Sample title,Side Banner,Inter,600,18.0,#3745AF
🔵 UI_Phase 1,I3139:9377;2675:6180,SKU - Smart TV/Tb_SKU - TV/Section 3/Frame 2147224798/Card SKU/Frame 2147224799/Sample title,Banner Standard,Inter,600,14.0,#6D717F
🔵 UI_Phase 1,I3139:9378;2675:6179,SKU - Smart TV/Tb_SKU - TV/Section 3/Frame 2147224798/Card SKU/Frame 2147224799/Sample title,Pause Banner,Inter,600,18.0,#3745AF
🔵 UI_Phase 1,I3139:9378;2675:6180,SKU - Smart TV/Tb_SKU - TV/Section 3/Frame 2147224798/Card SKU/Frame 2147224799/Sample title,Banner Standard,Inter,600,14.0,#6D717F
🔵 UI_Phase 1,I3139:9379;2675:6179,SKU - Smart TV/Tb_SKU - TV/Section 3/Frame 2147224798/Card SKU/Frame 2147224799/Sample title,Welcome Banner,Inter,600,18.0,#3745AF
🔵 UI_Phase 1,I3139:9379;2675:6180,SKU - Smart TV/Tb_SKU - TV/Section 3/Frame 2147224798/Card SKU/Frame 2147224799/Sample title,Welcome,Inter,600,14.0,#6D717F
🔵 UI_Phase 1,I3139:9380;2675:6179,SKU - Smart TV/Tb_SKU - TV/Section 3/Frame 2147224798/Card SKU/Frame 2147224799/Sample title,Welcome TVC,Inter,600,18.0,#3745AF
🔵 UI_Phase 1,I3139:9380;2675:6180,SKU - Smart TV/Tb_SKU - TV/Section 3/Frame 2147224798/Card SKU/Frame 2147224799/Sample title,Welcome,Inter,600,14.0,#6D717F
🔵 UI_Phase 1,I3139:9381;2675:6468;2675:5147,SKU - Smart TV/Tb_SKU - TV/Section 3/Frame 2147224798/Card SKU/Format/Frame 2147224762/Frame 2147224812/Frame 2147224765/Skip,Skip,Inter,500,6.0,#8ACEFF
🔵 UI_Phase 1,I3139:9381;2675:6179,SKU - Smart TV/Tb_SKU - TV/Section 3/Frame 2147224798/Card SKU/Frame 2147224799/Sample title,Pre roll Instream,Inter,600,18.0,#3745AF
🔵 UI_Phase 1,I3139:9381;2675:6180,SKU - Smart TV/Tb_SKU - TV/Section 3/Frame 2147224798/Card SKU/Frame 2147224799/Sample title,Instream Video,Inter,600,14.0,#6D717F
🔵 UI_Phase 1,I3139:9382;2675:6468;2675:5163,SKU - Smart TV/Tb_SKU - TV/Section 3/Frame 2147224798/Card SKU/Format/Frame 2147224762/Frame 2147224812/Frame 2147224765/Skip,Skip,Inter,500,6.0,#8ACEFF
🔵 UI_Phase 1,I3139:9382;2675:6179,SKU - Smart TV/Tb_SKU - TV/Section 3/Frame 2147224798/Card SKU/Frame 2147224799/Sample title,Mid roll Instream,Inter,600,18.0,#3745AF
🔵 UI_Phase 1,I3139:9382;2675:6180,SKU - Smart TV/Tb_SKU - TV/Section 3/Frame 2147224798/Card SKU/Frame 2147224799/Sample title,Instream Video,Inter,600,14.0,#6D717F
🔵 UI_Phase 1,I3139:9383;2675:6468;2675:5131,SKU - Smart TV/Tb_SKU - TV/Section 3/Frame 2147224798/Card SKU/Format/Frame 2147224762/Frame 2147224812/Frame 2147224765/Skip,Skip,Inter,500,6.0,#8ACEFF
🔵 UI_Phase 1,I3139:9383;2675:6179,SKU - Smart TV/Tb_SKU - TV/Section 3/Frame 2147224798/Card SKU/Frame 2147224799/Sample title,Post Roll Instream,Inter,600,18.0,#3745AF
🔵 UI_Phase 1,I3139:9383;2675:6180,SKU - Smart TV/Tb_SKU - TV/Section 3/Frame 2147224798/Card SKU/Frame 2147224799/Sample title,Instream Video,Inter,600,14.0,#6D717F
🔵 UI_Phase 1,2933:10340,SKU - Smart TV/Tb_SKU - TV/Section 3/Frame 2147224797/Search/ĐỊNH DẠNG QUẢNG CÁO,ĐỊNH DẠNG QUẢNG CÁO,Bai Jamjuree,600,28.0,#3745AF
🔵 UI_Phase 1,I2933:10343;2675:4701,SKU - Smart TV/Tb_SKU - TV/Section 3/Frame 2147224797/Frame 2147224795/Frame 2147224798/Badge & Chip/Text/Bộ lọc,Bộ lọc,Inter,600,14.0,#FFFFFF
🔵 UI_Phase 1,I2933:10343;2675:4705,SKU - Smart TV/Tb_SKU - TV/Section 3/Frame 2147224797/Frame 2147224795/Frame 2147224798/Badge & Chip/cancel/Text/1,1,Inter,600,14.0,#0095FF
🔵 UI_Phase 1,I2933:10344;94:2148,SKU - Smart TV/Tb_SKU - TV/Section 3/Frame 2147224797/Frame 2147224795/Frame 2147224798/Badge & Chip/Text/Badge,Thiết bị,Inter,600,14.0,#0095FF
🔵 UI_Phase 1,I2933:10344;2675:4615,SKU - Smart TV/Tb_SKU - TV/Section 3/Frame 2147224797/Frame 2147224795/Frame 2147224798/Badge & Chip/cancel/Text/1,1,Inter,600,14.0,#0095FF
🔵 UI_Phase 1,I2933:10345;94:2148,SKU - Smart TV/Tb_SKU - TV/Section 3/Frame 2147224797/Frame 2147224795/Frame 2147224798/Badge & Chip/Text/Badge,Định dạng,Inter,600,14.0,#0095FF
🔵 UI_Phase 1,I2933:10345;2675:4615,SKU - Smart TV/Tb_SKU - TV/Section 3/Frame 2147224797/Frame 2147224795/Frame 2147224798/Badge & Chip/cancel/Text/1,1,Inter,600,14.0,#0095FF
🔵 UI_Phase 1,I2933:10346;94:2148,SKU - Smart TV/Tb_SKU - TV/Section 3/Frame 2147224797/Frame 2147224795/Frame 2147224798/Badge & Chip/Text/Badge,Loại,Inter,600,14.0,#0095FF
🔵 UI_Phase 1,I2933:10346;2675:4615,SKU - Smart TV/Tb_SKU - TV/Section 3/Frame 2147224797/Frame 2147224795/Frame 2147224798/Badge & Chip/cancel/Text/1,1,Inter,600,14.0,#0095FF
🔵 UI_Phase 1,I2933:10347;2633:5656,SKU - Smart TV/Tb_SKU - TV/Section 3/Frame 2147224797/Frame 2147224795/Component 11/Tìm kiếm,Tìm kiếm,Bai Jamjuree,600,10.0,#3745AF
🔵 UI_Phase 1,I2856:8077;2531:9850,SKU - Smart TV/Tb_SKU - TV/Footer Desk/Frame 2087326388/Công ty TNHH Một thành viên Công nghệ và Thương mại Wiinvent,Công ty TNHH Một thành viên Công nghệ và Thương mại Wiinvent,Inter,400,16.0,#FFFFFF
🔵 UI_Phase 1,I2856:8077;2531:9855;2445:2775,SKU - Smart TV/Tb_SKU - TV/Footer Desk/Frame 2087326389/Frame 92/Frame 2147224758/Button of Nav Heading/Button,SDK,Bai Jamjuree,600,18.0,#FFFFFF
🔵 UI_Phase 1,I2856:8077;2531:9856;2445:2775,SKU - Smart TV/Tb_SKU - TV/Footer Desk/Frame 2087326389/Frame 92/Frame 2147224758/Button of Nav Heading/Button,Demo,Bai Jamjuree,600,18.0,#FFFFFF
🔵 UI_Phase 1,I2856:8077;2531:9857;2445:2775,SKU - Smart TV/Tb_SKU - TV/Footer Desk/Frame 2087326389/Frame 92/Frame 2147224758/Button of Nav Heading/Button,Liên hệ,Bai Jamjuree,600,18.0,#FFFFFF
🔵 UI_Phase 1,I2856:8077;2531:9858;2531:6497,SKU - Smart TV/Tb_SKU - TV/Footer Desk/Frame 2087326389/Frame 92/Frame 2147224758/Button of Nav Heading/Button,Đăng ký Demo,Bai Jamjuree,600,16.0,#FFFFFF
🔵 UI_Phase 1,I2856:8077;2675:12645,SKU - Smart TV/Tb_SKU - TV/Footer Desk/Frame 2087326389/Frame 93/Liên hệ,Liên hệ,Bai Jamjuree,600,18.0,#FFFFFF
🔵 UI_Phase 1,I2856:8077;2675:12655,"SKU - Smart TV/Tb_SKU - TV/Footer Desk/Frame 2087326389/Frame 93/Frame 1410103937/Frame 34/96 Hoàng Ngân, Yên Hoà, Cầu Giấy - Hà Nội","96 Hoàng Ngân, Yên Hoà, Cầu Giấy - Hà Nội",Inter,400,14.0,#FFFFFF
🔵 UI_Phase 1,I2856:8077;2531:9873,SKU - Smart TV/Tb_SKU - TV/Footer Desk/Frame 1527/© Wiinvent 2026,© Wiinvent 2026,Manrope,600,16.0,#FFFFFF
🔵 UI_Phase 1,I2856:8077;2531:10025;2445:2487,SKU - Smart TV/Tb_SKU - TV/Footer Desk/Frame 1527/Back Button/Symbol,,Font Awesome 5 Free,900,16.0,#FFFFFF
🔵 UI_Phase 1,I2633:2694;2445:2787;2445:2775,SKU Product (Demo)/Desk_SKU/Frame 2147224759/Frame 2147224758/Button of Nav Heading/Button,SDK,Bai Jamjuree,600,16.0,#131927
🔵 UI_Phase 1,I2633:2694;2445:2794;2445:2775,SKU Product (Demo)/Desk_SKU/Frame 2147224759/Frame 2147224758/Button of Nav Heading/Button,Demo,Bai Jamjuree,600,16.0,#131927
🔵 UI_Phase 1,I2633:2694;2445:2801;2445:2775,SKU Product (Demo)/Desk_SKU/Frame 2147224759/Frame 2147224758/Button of Nav Heading/Button,Liên hệ,Bai Jamjuree,600,16.0,#131927
🔵 UI_Phase 1,I2633:2694;2531:6521;2531:6497,SKU Product (Demo)/Desk_SKU/Frame 2147224759/Frame 2147224758/Button of Nav Heading/Button,Đăng ký Demo,Bai Jamjuree,600,16.0,#FFFFFF
🔵 UI_Phase 1,I2633:2694;3139:11474;3139:11623;107:1496,SKU Product (Demo)/Desk_SKU/Frame 2147224759/Frame 2147224758/List (Left Item)/Left Content/Avatar/A,V,Bai Jamjuree,600,16.0,#FFFFFF
🔵 UI_Phase 1,I2633:2694;3139:11474;3139:11619,SKU Product (Demo)/Desk_SKU/Frame 2147224759/Frame 2147224758/List (Left Item)/Left Content/Title,Ngôn ngữ,Inter,600,14.0,#131927
🔵 UI_Phase 1,2675:5050,SKU Product (Demo)/Desk_SKU/Frame 2147224830/Frame 2147224826/Leaderboard Banner,Leaderboard Banner,Bai Jamjuree,600,40.0,#FFFFFF
🔵 UI_Phase 1,2675:5051,SKU Product (Demo)/Desk_SKU/Frame 2147224830/Frame 2147224826/Frame 2147224831/Banner Standard,Banner Standard,Inter,400,16.0,#FFFFFF
🔵 UI_Phase 1,2675:5053,SKU Product (Demo)/Desk_SKU/Frame 2147224830/Frame 2147224826/Frame 2147224831/Frame 2147224825/Available on:,Available on:,Inter,400,16.0,#FFFFFF
🔵 UI_Phase 1,I2865:11867;2675:6179,SKU Product (Demo)/Desk_SKU/Section 4/Frame 2147224798/Card SKU/Frame 2147224799/Sample title,Leaderboard Banner,Inter,600,18.0,#3745AF
🔵 UI_Phase 1,I2865:11867;2675:6180,SKU Product (Demo)/Desk_SKU/Section 4/Frame 2147224798/Card SKU/Frame 2147224799/Sample title,Banner Standard,Inter,600,14.0,#6D717F
🔵 UI_Phase 1,I2865:11868;2675:6179,SKU Product (Demo)/Desk_SKU/Section 4/Frame 2147224798/Card SKU/Frame 2147224799/Sample title,In-Page Banner,Inter,600,18.0,#3745AF
🔵 UI_Phase 1,I2865:11868;2675:6180,SKU Product (Demo)/Desk_SKU/Section 4/Frame 2147224798/Card SKU/Frame 2147224799/Sample title,Banner Standard,Inter,600,14.0,#6D717F
🔵 UI_Phase 1,I2865:11869;2675:6179,SKU Product (Demo)/Desk_SKU/Section 4/Frame 2147224798/Card SKU/Frame 2147224799/Sample title,Side Banner,Inter,600,18.0,#3745AF
🔵 UI_Phase 1,I2865:11869;2675:6180,SKU Product (Demo)/Desk_SKU/Section 4/Frame 2147224798/Card SKU/Frame 2147224799/Sample title,Banner Standard,Inter,600,14.0,#6D717F
🔵 UI_Phase 1,I2865:11870;2675:6179,SKU Product (Demo)/Desk_SKU/Section 4/Frame 2147224798/Card SKU/Frame 2147224799/Sample title,Pause Banner,Inter,600,18.0,#3745AF
🔵 UI_Phase 1,I2865:11870;2675:6180,SKU Product (Demo)/Desk_SKU/Section 4/Frame 2147224798/Card SKU/Frame 2147224799/Sample title,Banner Standard,Inter,600,14.0,#6D717F
🔵 UI_Phase 1,I2865:11871;2675:6179,SKU Product (Demo)/Desk_SKU/Section 4/Frame 2147224798/Card SKU/Frame 2147224799/Sample title,Welcome Banner,Inter,600,18.0,#3745AF
🔵 UI_Phase 1,I2865:11871;2675:6180,SKU Product (Demo)/Desk_SKU/Section 4/Frame 2147224798/Card SKU/Frame 2147224799/Sample title,Welcome,Inter,600,14.0,#6D717F
🔵 UI_Phase 1,I2865:11872;2675:6179,SKU Product (Demo)/Desk_SKU/Section 4/Frame 2147224798/Card SKU/Frame 2147224799/Sample title,Welcome TVC,Inter,600,18.0,#3745AF
🔵 UI_Phase 1,I2865:11872;2675:6180,SKU Product (Demo)/Desk_SKU/Section 4/Frame 2147224798/Card SKU/Frame 2147224799/Sample title,Welcome,Inter,600,14.0,#6D717F
🔵 UI_Phase 1,I2865:11874;2675:6468;2675:5147,SKU Product (Demo)/Desk_SKU/Section 4/Frame 2147224798/Card SKU/Format/Frame 2147224762/Frame 2147224812/Frame 2147224765/Skip,Skip,Inter,500,6.0,#8ACEFF
🔵 UI_Phase 1,I2865:11874;2675:6179,SKU Product (Demo)/Desk_SKU/Section 4/Frame 2147224798/Card SKU/Frame 2147224799/Sample title,Pre roll Instream,Inter,600,18.0,#3745AF
🔵 UI_Phase 1,I2865:11874;2675:6180,SKU Product (Demo)/Desk_SKU/Section 4/Frame 2147224798/Card SKU/Frame 2147224799/Sample title,Instream Video,Inter,600,14.0,#6D717F
🔵 UI_Phase 1,I2865:11875;2675:6468;2675:5163,SKU Product (Demo)/Desk_SKU/Section 4/Frame 2147224798/Card SKU/Format/Frame 2147224762/Frame 2147224812/Frame 2147224765/Skip,Skip,Inter,500,6.0,#8ACEFF
🔵 UI_Phase 1,I2865:11875;2675:6179,SKU Product (Demo)/Desk_SKU/Section 4/Frame 2147224798/Card SKU/Frame 2147224799/Sample title,Mid roll Instream,Inter,600,18.0,#3745AF
🔵 UI_Phase 1,I2865:11875;2675:6180,SKU Product (Demo)/Desk_SKU/Section 4/Frame 2147224798/Card SKU/Frame 2147224799/Sample title,Instream Video,Inter,600,14.0,#6D717F
🔵 UI_Phase 1,I2865:11873;2675:6468;2675:5131,SKU Product (Demo)/Desk_SKU/Section 4/Frame 2147224798/Card SKU/Format/Frame 2147224762/Frame 2147224812/Frame 2147224765/Skip,Skip,Inter,500,6.0,#8ACEFF
🔵 UI_Phase 1,I2865:11873;2675:6179,SKU Product (Demo)/Desk_SKU/Section 4/Frame 2147224798/Card SKU/Frame 2147224799/Sample title,Post Roll Instream,Inter,600,18.0,#3745AF
🔵 UI_Phase 1,I2865:11873;2675:6180,SKU Product (Demo)/Desk_SKU/Section 4/Frame 2147224798/Card SKU/Frame 2147224799/Sample title,Instream Video,Inter,600,14.0,#6D717F
🔵 UI_Phase 1,2865:11878,SKU Product (Demo)/Desk_SKU/Section 4/Frame 2147224797/Search/ĐỊNH DẠNG QUẢNG CÁO,ĐỊNH DẠNG QUẢNG CÁO,Bai Jamjuree,600,28.0,#3745AF
🔵 UI_Phase 1,I2865:11881;2675:4701,SKU Product (Demo)/Desk_SKU/Section 4/Frame 2147224797/Frame 2147224795/Frame 2147224798/Badge & Chip/Text/Bộ lọc,Bộ lọc,Inter,600,14.0,#FFFFFF
🔵 UI_Phase 1,I2865:11881;2675:4705,SKU Product (Demo)/Desk_SKU/Section 4/Frame 2147224797/Frame 2147224795/Frame 2147224798/Badge & Chip/cancel/Text/1,1,Inter,600,14.0,#0095FF
🔵 UI_Phase 1,I2865:11882;94:2148,SKU Product (Demo)/Desk_SKU/Section 4/Frame 2147224797/Frame 2147224795/Frame 2147224798/Badge & Chip/Text/Badge,Thiết bị,Inter,600,14.0,#0095FF
🔵 UI_Phase 1,I2865:11882;2675:4615,SKU Product (Demo)/Desk_SKU/Section 4/Frame 2147224797/Frame 2147224795/Frame 2147224798/Badge & Chip/cancel/Text/1,1,Inter,600,14.0,#0095FF
🔵 UI_Phase 1,I2865:11883;94:2148,SKU Product (Demo)/Desk_SKU/Section 4/Frame 2147224797/Frame 2147224795/Frame 2147224798/Badge & Chip/Text/Badge,Định dạng,Inter,600,14.0,#0095FF
🔵 UI_Phase 1,I2865:11883;2675:4615,SKU Product (Demo)/Desk_SKU/Section 4/Frame 2147224797/Frame 2147224795/Frame 2147224798/Badge & Chip/cancel/Text/1,1,Inter,600,14.0,#0095FF
🔵 UI_Phase 1,I2865:11884;94:2148,SKU Product (Demo)/Desk_SKU/Section 4/Frame 2147224797/Frame 2147224795/Frame 2147224798/Badge & Chip/Text/Badge,Loại,Inter,600,14.0,#0095FF
🔵 UI_Phase 1,I2865:11884;2675:4615,SKU Product (Demo)/Desk_SKU/Section 4/Frame 2147224797/Frame 2147224795/Frame 2147224798/Badge & Chip/cancel/Text/1,1,Inter,600,14.0,#0095FF
🔵 UI_Phase 1,I2865:11885;2633:5656,SKU Product (Demo)/Desk_SKU/Section 4/Frame 2147224797/Frame 2147224795/Component 11/Tìm kiếm,Tìm kiếm,Bai Jamjuree,600,10.0,#3745AF
🔵 UI_Phase 1,I2633:2751;2531:9822,SKU Product (Demo)/Desk_SKU/Footer Desk/Frame 2087326388/Công ty TNHH Một thành viên Công nghệ và Thương mại Wiinvent,Công ty TNHH Một thành viên Công nghệ và Thương mại Wiinvent,Inter,400,16.0,#FFFFFF
🔵 UI_Phase 1,I2633:2751;2531:9826;2445:2775,SKU Product (Demo)/Desk_SKU/Footer Desk/Frame 5/Frame 5/Frame 92/Frame 2147224758/Button of Nav Heading/Button,SDK,Bai Jamjuree,600,18.0,#FFFFFF
🔵 UI_Phase 1,I2633:2751;2531:9827;2445:2775,SKU Product (Demo)/Desk_SKU/Footer Desk/Frame 5/Frame 5/Frame 92/Frame 2147224758/Button of Nav Heading/Button,Demo,Bai Jamjuree,600,18.0,#FFFFFF
🔵 UI_Phase 1,I2633:2751;2531:9828;2445:2775,SKU Product (Demo)/Desk_SKU/Footer Desk/Frame 5/Frame 5/Frame 92/Frame 2147224758/Button of Nav Heading/Button,Liên hệ,Bai Jamjuree,600,18.0,#FFFFFF
🔵 UI_Phase 1,I2633:2751;2531:9829;2531:6497,SKU Product (Demo)/Desk_SKU/Footer Desk/Frame 5/Frame 5/Frame 92/Frame 2147224758/Button of Nav Heading/Button,Đăng ký Demo,Bai Jamjuree,600,16.0,#FFFFFF
🔵 UI_Phase 1,I2633:2751;2531:9831,SKU Product (Demo)/Desk_SKU/Footer Desk/Frame 5/Frame 5/Frame 90/Liên hệ,Liên hệ,Bai Jamjuree,600,18.0,#FFFFFF
🔵 UI_Phase 1,I2633:2751;2531:9841,"SKU Product (Demo)/Desk_SKU/Footer Desk/Frame 5/Frame 5/Frame 90/Frame 1410103937/Frame 34/96 Hoàng Ngân, Yên Hoà, Cầu Giấy - Hà Nội","96 Hoàng Ngân, Yên Hoà, Cầu Giấy - Hà Nội",Inter,400,14.0,#FFFFFF
🔵 UI_Phase 1,I2633:2751;2531:10058,SKU Product (Demo)/Desk_SKU/Footer Desk/Frame 1527/© Wiinvent 2026,© Wiinvent 2026,Manrope,600,16.0,#FFFFFF
🔵 UI_Phase 1,I2633:2751;2531:10059;2445:2487,SKU Product (Demo)/Desk_SKU/Footer Desk/Frame 1527/Back Button/Symbol,,Font Awesome 5 Free,900,16.0,#FFFFFF
🔵 UI_Phase 1,2811:6786,SKU Product (Demo)/Mb_SKU/Frame 2147224830/Frame 2147224826/Leaderboard Banner,Leaderboard Banner,Bai Jamjuree,600,40.0,#FFFFFF
🔵 UI_Phase 1,2811:6788,SKU Product (Demo)/Mb_SKU/Frame 2147224830/Frame 2147224826/Frame 2147224831/Banner Standard,Banner Standard,Inter,400,16.0,#FFFFFF
🔵 UI_Phase 1,2811:6790,SKU Product (Demo)/Mb_SKU/Frame 2147224830/Frame 2147224826/Frame 2147224831/Frame 2147224825/Available on:,Available on:,Inter,400,16.0,#FFFFFF
🔵 UI_Phase 1,I3139:9525;2675:6179,SKU Product (Demo)/Mb_SKU/Section 3/Frame 2147224798/Card SKU/Frame 2147224799/Sample title,Leaderboard Banner,Inter,600,18.0,#3745AF
🔵 UI_Phase 1,I3139:9525;2675:6180,SKU Product (Demo)/Mb_SKU/Section 3/Frame 2147224798/Card SKU/Frame 2147224799/Sample title,Banner Standard,Inter,600,14.0,#6D717F
🔵 UI_Phase 1,I3139:9526;2675:6179,SKU Product (Demo)/Mb_SKU/Section 3/Frame 2147224798/Card SKU/Frame 2147224799/Sample title,In-Page Banner,Inter,600,18.0,#3745AF
🔵 UI_Phase 1,I3139:9526;2675:6180,SKU Product (Demo)/Mb_SKU/Section 3/Frame 2147224798/Card SKU/Frame 2147224799/Sample title,Banner Standard,Inter,600,14.0,#6D717F
🔵 UI_Phase 1,I3139:9527;2675:6179,SKU Product (Demo)/Mb_SKU/Section 3/Frame 2147224798/Card SKU/Frame 2147224799/Sample title,Side Banner,Inter,600,18.0,#3745AF
🔵 UI_Phase 1,I3139:9527;2675:6180,SKU Product (Demo)/Mb_SKU/Section 3/Frame 2147224798/Card SKU/Frame 2147224799/Sample title,Banner Standard,Inter,600,14.0,#6D717F
🔵 UI_Phase 1,I3139:9528;2675:6179,SKU Product (Demo)/Mb_SKU/Section 3/Frame 2147224798/Card SKU/Frame 2147224799/Sample title,Pause Banner,Inter,600,18.0,#3745AF
🔵 UI_Phase 1,I3139:9528;2675:6180,SKU Product (Demo)/Mb_SKU/Section 3/Frame 2147224798/Card SKU/Frame 2147224799/Sample title,Banner Standard,Inter,600,14.0,#6D717F
🔵 UI_Phase 1,I3139:9529;2675:6179,SKU Product (Demo)/Mb_SKU/Section 3/Frame 2147224798/Card SKU/Frame 2147224799/Sample title,Welcome Banner,Inter,600,18.0,#3745AF
🔵 UI_Phase 1,I3139:9529;2675:6180,SKU Product (Demo)/Mb_SKU/Section 3/Frame 2147224798/Card SKU/Frame 2147224799/Sample title,Welcome,Inter,600,14.0,#6D717F
🔵 UI_Phase 1,I3139:9530;2675:6179,SKU Product (Demo)/Mb_SKU/Section 3/Frame 2147224798/Card SKU/Frame 2147224799/Sample title,Welcome TVC,Inter,600,18.0,#3745AF
🔵 UI_Phase 1,I3139:9530;2675:6180,SKU Product (Demo)/Mb_SKU/Section 3/Frame 2147224798/Card SKU/Frame 2147224799/Sample title,Welcome,Inter,600,14.0,#6D717F
🔵 UI_Phase 1,I3139:9531;2675:6468;2675:5147,SKU Product (Demo)/Mb_SKU/Section 3/Frame 2147224798/Card SKU/Format/Frame 2147224762/Frame 2147224812/Frame 2147224765/Skip,Skip,Inter,500,6.0,#8ACEFF
🔵 UI_Phase 1,I3139:9531;2675:6179,SKU Product (Demo)/Mb_SKU/Section 3/Frame 2147224798/Card SKU/Frame 2147224799/Sample title,Pre roll Instream,Inter,600,18.0,#3745AF
🔵 UI_Phase 1,I3139:9531;2675:6180,SKU Product (Demo)/Mb_SKU/Section 3/Frame 2147224798/Card SKU/Frame 2147224799/Sample title,Instream Video,Inter,600,14.0,#6D717F
🔵 UI_Phase 1,I3139:9532;2675:6468;2675:5163,SKU Product (Demo)/Mb_SKU/Section 3/Frame 2147224798/Card SKU/Format/Frame 2147224762/Frame 2147224812/Frame 2147224765/Skip,Skip,Inter,500,6.0,#8ACEFF
🔵 UI_Phase 1,I3139:9532;2675:6179,SKU Product (Demo)/Mb_SKU/Section 3/Frame 2147224798/Card SKU/Frame 2147224799/Sample title,Mid roll Instream,Inter,600,18.0,#3745AF
🔵 UI_Phase 1,I3139:9532;2675:6180,SKU Product (Demo)/Mb_SKU/Section 3/Frame 2147224798/Card SKU/Frame 2147224799/Sample title,Instream Video,Inter,600,14.0,#6D717F
🔵 UI_Phase 1,I3139:9533;2675:6468;2675:5131,SKU Product (Demo)/Mb_SKU/Section 3/Frame 2147224798/Card SKU/Format/Frame 2147224762/Frame 2147224812/Frame 2147224765/Skip,Skip,Inter,500,6.0,#8ACEFF
🔵 UI_Phase 1,I3139:9533;2675:6179,SKU Product (Demo)/Mb_SKU/Section 3/Frame 2147224798/Card SKU/Frame 2147224799/Sample title,Post Roll Instream,Inter,600,18.0,#3745AF
🔵 UI_Phase 1,I3139:9533;2675:6180,SKU Product (Demo)/Mb_SKU/Section 3/Frame 2147224798/Card SKU/Frame 2147224799/Sample title,Instream Video,Inter,600,14.0,#6D717F
🔵 UI_Phase 1,2811:6822,SKU Product (Demo)/Mb_SKU/Section 3/Frame 2147224797/Search/ĐỊNH DẠNG QUẢNG CÁO,ĐỊNH DẠNG QUẢNG CÁO,Bai Jamjuree,600,28.0,#3745AF
🔵 UI_Phase 1,I2811:6829;2633:5656,SKU Product (Demo)/Mb_SKU/Section 3/Frame 2147224797/Component 11/Tìm kiếm,Tìm kiếm,Bai Jamjuree,600,10.0,#3745AF
🔵 UI_Phase 1,I2811:7216;2675:4701,SKU Product (Demo)/Mb_SKU/Section 3/Frame 2147224797/Frame 2147224798/Badge & Chip/Text/Bộ lọc,Bộ lọc,Inter,600,14.0,#FFFFFF
🔵 UI_Phase 1,I2811:7216;2675:4705,SKU Product (Demo)/Mb_SKU/Section 3/Frame 2147224797/Frame 2147224798/Badge & Chip/cancel/Text/1,1,Inter,600,14.0,#0095FF
🔵 UI_Phase 1,I2811:7217;94:2148,SKU Product (Demo)/Mb_SKU/Section 3/Frame 2147224797/Frame 2147224798/Badge & Chip/Text/Badge,Thiết bị,Inter,600,14.0,#0095FF
🔵 UI_Phase 1,I2811:7217;2675:4615,SKU Product (Demo)/Mb_SKU/Section 3/Frame 2147224797/Frame 2147224798/Badge & Chip/cancel/Text/1,1,Inter,600,14.0,#0095FF
🔵 UI_Phase 1,I2811:7218;94:2148,SKU Product (Demo)/Mb_SKU/Section 3/Frame 2147224797/Frame 2147224798/Badge & Chip/Text/Badge,Định dạng,Inter,600,14.0,#0095FF
🔵 UI_Phase 1,I2811:7218;2675:4615,SKU Product (Demo)/Mb_SKU/Section 3/Frame 2147224797/Frame 2147224798/Badge & Chip/cancel/Text/1,1,Inter,600,14.0,#0095FF
🔵 UI_Phase 1,I2811:7219;94:2148,SKU Product (Demo)/Mb_SKU/Section 3/Frame 2147224797/Frame 2147224798/Badge & Chip/Text/Badge,Loại,Inter,600,14.0,#0095FF
🔵 UI_Phase 1,I2811:7219;2675:4615,SKU Product (Demo)/Mb_SKU/Section 3/Frame 2147224797/Frame 2147224798/Badge & Chip/cancel/Text/1,1,Inter,600,14.0,#0095FF
🔵 UI_Phase 1,I2811:6830;2531:9878,SKU Product (Demo)/Mb_SKU/Footer Desk/Frame 2087326388/Công ty TNHH Một thành viên Công nghệ và Thương mại Wiinvent,Công ty TNHH Một thành viên Công nghệ và Thương mại Wiinvent,Inter,400,12.0,#FFFFFF
🔵 UI_Phase 1,I2811:6830;2531:9882;2445:2775,SKU Product (Demo)/Mb_SKU/Footer Desk/Frame 92/Frame 2147224758/Button of Nav Heading/Button,SDK,Bai Jamjuree,600,16.0,#FFFFFF
🔵 UI_Phase 1,I2811:6830;2531:9883;2445:2775,SKU Product (Demo)/Mb_SKU/Footer Desk/Frame 92/Frame 2147224758/Button of Nav Heading/Button,Demo,Bai Jamjuree,600,16.0,#FFFFFF
🔵 UI_Phase 1,I2811:6830;2531:9884;2445:2775,SKU Product (Demo)/Mb_SKU/Footer Desk/Frame 92/Frame 2147224758/Button of Nav Heading/Button,Liên hệ,Bai Jamjuree,600,16.0,#FFFFFF
🔵 UI_Phase 1,I2811:6830;2531:9885;2531:6499,SKU Product (Demo)/Mb_SKU/Footer Desk/Frame 92/Frame 2147224758/Button of Nav Heading/Button,Đăng ký Demo,Bai Jamjuree,600,16.0,#FFFFFF
🔵 UI_Phase 1,I2811:6830;2531:9887,SKU Product (Demo)/Mb_SKU/Footer Desk/Frame 90/Liên hệ,Liên hệ,Bai Jamjuree,600,16.0,#FFFFFF
🔵 UI_Phase 1,I2811:6830;2531:9897,"SKU Product (Demo)/Mb_SKU/Footer Desk/Frame 90/Frame 1410103937/Frame 34/96 Hoàng Ngân, Yên Hoà, Cầu Giấy - Hà Nội","96 Hoàng Ngân, Yên Hoà, Cầu Giấy - Hà Nội",Inter,400,12.0,#FFFFFF
🔵 UI_Phase 1,I2811:6830;2531:9900,SKU Product (Demo)/Mb_SKU/Footer Desk/Frame 2087326390/© Wiivent 2026,© Wiivent 2026,Inter,400,14.0,#FFFFFF
🔵 UI_Phase 1,I2811:6830;2531:10029;2445:2487,SKU Product (Demo)/Mb_SKU/Footer Desk/Frame 2087326390/Back Button/Symbol,,Font Awesome 5 Free,900,16.0,#FFFFFF
🔵 UI_Phase 1,I2675:7813;2445:2787;2445:2775,SKU Product (Demo)/SKU - Dropdown/Frame 2147224759/Frame 2147224758/Button of Nav Heading/Button,SDK,Bai Jamjuree,600,16.0,#131927
🔵 UI_Phase 1,I2675:7813;2445:2794;2445:2775,SKU Product (Demo)/SKU - Dropdown/Frame 2147224759/Frame 2147224758/Button of Nav Heading/Button,Demo,Bai Jamjuree,600,16.0,#131927
🔵 UI_Phase 1,I2675:7813;2445:2801;2445:2775,SKU Product (Demo)/SKU - Dropdown/Frame 2147224759/Frame 2147224758/Button of Nav Heading/Button,Liên hệ,Bai Jamjuree,600,16.0,#131927
🔵 UI_Phase 1,I2675:7813;2531:6521;2531:6497,SKU Product (Demo)/SKU - Dropdown/Frame 2147224759/Frame 2147224758/Button of Nav Heading/Button,Đăng ký Demo,Bai Jamjuree,600,16.0,#FFFFFF
🔵 UI_Phase 1,I2675:7813;3139:11474;3139:11623;107:1496,SKU Product (Demo)/SKU - Dropdown/Frame 2147224759/Frame 2147224758/List (Left Item)/Left Content/Avatar/A,V,Bai Jamjuree,600,16.0,#FFFFFF
🔵 UI_Phase 1,I2675:7813;3139:11474;3139:11619,SKU Product (Demo)/SKU - Dropdown/Frame 2147224759/Frame 2147224758/List (Left Item)/Left Content/Title,Ngôn ngữ,Inter,600,14.0,#131927
🔵 UI_Phase 1,2675:7816,SKU Product (Demo)/SKU - Dropdown/Frame 2147224830/Frame 2147224826/Leaderboard Banner,Leaderboard Banner,Bai Jamjuree,600,40.0,#FFFFFF
🔵 UI_Phase 1,2675:7818,SKU Product (Demo)/SKU - Dropdown/Frame 2147224830/Frame 2147224826/Frame 2147224831/Banner Standard,Banner Standard,Inter,400,16.0,#FFFFFF
🔵 UI_Phase 1,2675:7820,SKU Product (Demo)/SKU - Dropdown/Frame 2147224830/Frame 2147224826/Frame 2147224831/Frame 2147224825/Available on:,Available on:,Inter,400,16.0,#FFFFFF
🔵 UI_Phase 1,I3139:8475;2675:6179,SKU Product (Demo)/SKU - Dropdown/Section 3/Frame 2147224799/Card SKU/Frame 2147224799/Sample title,Leaderboard Banner,Inter,600,18.0,#3745AF
🔵 UI_Phase 1,I3139:8475;2675:6180,SKU Product (Demo)/SKU - Dropdown/Section 3/Frame 2147224799/Card SKU/Frame 2147224799/Sample title,Banner Standard,Inter,600,14.0,#6D717F
🔵 UI_Phase 1,I3139:8476;2675:6179,SKU Product (Demo)/SKU - Dropdown/Section 3/Frame 2147224799/Card SKU/Frame 2147224799/Sample title,In-Page Banner,Inter,600,18.0,#3745AF
🔵 UI_Phase 1,I3139:8476;2675:6180,SKU Product (Demo)/SKU - Dropdown/Section 3/Frame 2147224799/Card SKU/Frame 2147224799/Sample title,Banner Standard,Inter,600,14.0,#6D717F
🔵 UI_Phase 1,I3139:8477;2675:6179,SKU Product (Demo)/SKU - Dropdown/Section 3/Frame 2147224799/Card SKU/Frame 2147224799/Sample title,Side Banner,Inter,600,18.0,#3745AF
🔵 UI_Phase 1,I3139:8477;2675:6180,SKU Product (Demo)/SKU - Dropdown/Section 3/Frame 2147224799/Card SKU/Frame 2147224799/Sample title,Banner Standard,Inter,600,14.0,#6D717F
🔵 UI_Phase 1,I3139:8478;2675:6179,SKU Product (Demo)/SKU - Dropdown/Section 3/Frame 2147224799/Card SKU/Frame 2147224799/Sample title,Pause Banner,Inter,600,18.0,#3745AF
🔵 UI_Phase 1,I3139:8478;2675:6180,SKU Product (Demo)/SKU - Dropdown/Section 3/Frame 2147224799/Card SKU/Frame 2147224799/Sample title,Banner Standard,Inter,600,14.0,#6D717F
🔵 UI_Phase 1,I3139:8479;2675:6179,SKU Product (Demo)/SKU - Dropdown/Section 3/Frame 2147224799/Card SKU/Frame 2147224799/Sample title,Welcome Banner,Inter,600,18.0,#3745AF
🔵 UI_Phase 1,I3139:8479;2675:6180,SKU Product (Demo)/SKU - Dropdown/Section 3/Frame 2147224799/Card SKU/Frame 2147224799/Sample title,Welcome,Inter,600,14.0,#6D717F
🔵 UI_Phase 1,I3139:8480;2675:6179,SKU Product (Demo)/SKU - Dropdown/Section 3/Frame 2147224799/Card SKU/Frame 2147224799/Sample title,Welcome TVC,Inter,600,18.0,#3745AF
🔵 UI_Phase 1,I3139:8480;2675:6180,SKU Product (Demo)/SKU - Dropdown/Section 3/Frame 2147224799/Card SKU/Frame 2147224799/Sample title,Welcome,Inter,600,14.0,#6D717F
🔵 UI_Phase 1,I3139:8481;2675:6468;2675:5147,SKU Product (Demo)/SKU - Dropdown/Section 3/Frame 2147224799/Card SKU/Format/Frame 2147224762/Frame 2147224812/Frame 2147224765/Skip,Skip,Inter,500,6.0,#8ACEFF
🔵 UI_Phase 1,I3139:8481;2675:6179,SKU Product (Demo)/SKU - Dropdown/Section 3/Frame 2147224799/Card SKU/Frame 2147224799/Sample title,Pre roll Instream,Inter,600,18.0,#3745AF
🔵 UI_Phase 1,I3139:8481;2675:6180,SKU Product (Demo)/SKU - Dropdown/Section 3/Frame 2147224799/Card SKU/Frame 2147224799/Sample title,Instream Video,Inter,600,14.0,#6D717F
🔵 UI_Phase 1,I3139:8482;2675:6468;2675:5163,SKU Product (Demo)/SKU - Dropdown/Section 3/Frame 2147224799/Card SKU/Format/Frame 2147224762/Frame 2147224812/Frame 2147224765/Skip,Skip,Inter,500,6.0,#8ACEFF
🔵 UI_Phase 1,I3139:8482;2675:6179,SKU Product (Demo)/SKU - Dropdown/Section 3/Frame 2147224799/Card SKU/Frame 2147224799/Sample title,Mid roll Instream,Inter,600,18.0,#3745AF
🔵 UI_Phase 1,I3139:8482;2675:6180,SKU Product (Demo)/SKU - Dropdown/Section 3/Frame 2147224799/Card SKU/Frame 2147224799/Sample title,Instream Video,Inter,600,14.0,#6D717F
🔵 UI_Phase 1,I3139:8483;2675:6468;2675:5131,SKU Product (Demo)/SKU - Dropdown/Section 3/Frame 2147224799/Card SKU/Format/Frame 2147224762/Frame 2147224812/Frame 2147224765/Skip,Skip,Inter,500,6.0,#8ACEFF
🔵 UI_Phase 1,I3139:8483;2675:6179,SKU Product (Demo)/SKU - Dropdown/Section 3/Frame 2147224799/Card SKU/Frame 2147224799/Sample title,Post Roll Instream,Inter,600,18.0,#3745AF
🔵 UI_Phase 1,I3139:8483;2675:6180,SKU Product (Demo)/SKU - Dropdown/Section 3/Frame 2147224799/Card SKU/Frame 2147224799/Sample title,Instream Video,Inter,600,14.0,#6D717F
🔵 UI_Phase 1,2811:6356,SKU Product (Demo)/SKU - Dropdown/Section 3/Frame 2147224798/Search/ĐỊNH DẠNG QUẢNG CÁO,ĐỊNH DẠNG QUẢNG CÁO,Bai Jamjuree,600,28.0,#3745AF
🔵 UI_Phase 1,I2811:6359;2675:4701,SKU Product (Demo)/SKU - Dropdown/Section 3/Frame 2147224798/Frame 2147224795/Frame 2147224798/Badge & Chip/Text/Bộ lọc,Bộ lọc,Inter,600,14.0,#FFFFFF
🔵 UI_Phase 1,I2811:6359;2675:4705,SKU Product (Demo)/SKU - Dropdown/Section 3/Frame 2147224798/Frame 2147224795/Frame 2147224798/Badge & Chip/cancel/Text/1,1,Inter,600,14.0,#0095FF
🔵 UI_Phase 1,I2811:6360;94:2148,SKU Product (Demo)/SKU - Dropdown/Section 3/Frame 2147224798/Frame 2147224795/Frame 2147224798/Badge & Chip/Text/Badge,Thiết bị,Inter,600,14.0,#0095FF
🔵 UI_Phase 1,I2811:6360;2675:4615,SKU Product (Demo)/SKU - Dropdown/Section 3/Frame 2147224798/Frame 2147224795/Frame 2147224798/Badge & Chip/cancel/Text/1,1,Inter,600,14.0,#0095FF
🔵 UI_Phase 1,I2811:6361;94:2148,SKU Product (Demo)/SKU - Dropdown/Section 3/Frame 2147224798/Frame 2147224795/Frame 2147224798/Badge & Chip/Text/Badge,Định dạng,Inter,600,14.0,#0095FF
🔵 UI_Phase 1,I2811:6361;2675:4615,SKU Product (Demo)/SKU - Dropdown/Section 3/Frame 2147224798/Frame 2147224795/Frame 2147224798/Badge & Chip/cancel/Text/1,1,Inter,600,14.0,#0095FF
🔵 UI_Phase 1,I2811:6362;94:2148,SKU Product (Demo)/SKU - Dropdown/Section 3/Frame 2147224798/Frame 2147224795/Frame 2147224798/Badge & Chip/Text/Badge,Loại,Inter,600,14.0,#0095FF
🔵 UI_Phase 1,I2811:6362;2675:4615,SKU Product (Demo)/SKU - Dropdown/Section 3/Frame 2147224798/Frame 2147224795/Frame 2147224798/Badge & Chip/cancel/Text/1,1,Inter,600,14.0,#0095FF
🔵 UI_Phase 1,I2811:6363;2633:5656,SKU Product (Demo)/SKU - Dropdown/Section 3/Frame 2147224798/Frame 2147224795/Component 11/Tìm kiếm,Tìm kiếm,Bai Jamjuree,600,10.0,#3745AF
🔵 UI_Phase 1,I2811:6364;2849:4688,SKU Product (Demo)/SKU - Dropdown/Section 3/Frame 2147224798/Dropdown Option/Dropdown Option/Left Content/Sample Title,Thiết bị,Manrope,600,14.0,#FFFFFF
🔵 UI_Phase 1,I2811:6364;2849:4655;2675:6870,SKU Product (Demo)/SKU - Dropdown/Section 3/Frame 2147224798/Dropdown Option/Dropdown Menu/Left Content/Sample Text,Mobile,Manrope,600,14.0,#4E61F6
🔵 UI_Phase 1,I2811:6364;2675:6884;2675:6865,SKU Product (Demo)/SKU - Dropdown/Section 3/Frame 2147224798/Dropdown Option/Dropdown Menu/Left Content/Sample Text,Mobile,Manrope,600,14.0,#9EA2AE
🔵 UI_Phase 1,I2811:6364;3139:8273;2675:6865,SKU Product (Demo)/SKU - Dropdown/Section 3/Frame 2147224798/Dropdown Option/Dropdown Menu/Left Content/Sample Text,PC,Manrope,600,14.0,#9EA2AE
🔵 UI_Phase 1,I2811:6364;2675:6885;2675:6865,SKU Product (Demo)/SKU - Dropdown/Section 3/Frame 2147224798/Dropdown Option/Dropdown Menu/Left Content/Sample Text,Smart TV,Manrope,600,14.0,#9EA2AE
🔵 UI_Phase 1,I2675:7850;2531:9822,SKU Product (Demo)/SKU - Dropdown/Footer Desk/Frame 2087326388/Công ty TNHH Một thành viên Công nghệ và Thương mại Wiinvent,Công ty TNHH Một thành viên Công nghệ và Thương mại Wiinvent,Inter,400,16.0,#FFFFFF
🔵 UI_Phase 1,I2675:7850;2531:9826;2445:2775,SKU Product (Demo)/SKU - Dropdown/Footer Desk/Frame 5/Frame 5/Frame 92/Frame 2147224758/Button of Nav Heading/Button,SDK,Bai Jamjuree,600,18.0,#FFFFFF
🔵 UI_Phase 1,I2675:7850;2531:9827;2445:2775,SKU Product (Demo)/SKU - Dropdown/Footer Desk/Frame 5/Frame 5/Frame 92/Frame 2147224758/Button of Nav Heading/Button,Demo,Bai Jamjuree,600,18.0,#FFFFFF
🔵 UI_Phase 1,I2675:7850;2531:9828;2445:2775,SKU Product (Demo)/SKU - Dropdown/Footer Desk/Frame 5/Frame 5/Frame 92/Frame 2147224758/Button of Nav Heading/Button,Liên hệ,Bai Jamjuree,600,18.0,#FFFFFF
🔵 UI_Phase 1,I2675:7850;2531:9829;2531:6497,SKU Product (Demo)/SKU - Dropdown/Footer Desk/Frame 5/Frame 5/Frame 92/Frame 2147224758/Button of Nav Heading/Button,Đăng ký Demo,Bai Jamjuree,600,16.0,#FFFFFF
🔵 UI_Phase 1,I2675:7850;2531:9831,SKU Product (Demo)/SKU - Dropdown/Footer Desk/Frame 5/Frame 5/Frame 90/Liên hệ,Liên hệ,Bai Jamjuree,600,18.0,#FFFFFF
🔵 UI_Phase 1,I2675:7850;2531:9841,"SKU Product (Demo)/SKU - Dropdown/Footer Desk/Frame 5/Frame 5/Frame 90/Frame 1410103937/Frame 34/96 Hoàng Ngân, Yên Hoà, Cầu Giấy - Hà Nội","96 Hoàng Ngân, Yên Hoà, Cầu Giấy - Hà Nội",Inter,400,14.0,#FFFFFF
🔵 UI_Phase 1,I2675:7850;2531:10058,SKU Product (Demo)/SKU - Dropdown/Footer Desk/Frame 1527/© Wiinvent 2026,© Wiinvent 2026,Manrope,600,16.0,#FFFFFF
🔵 UI_Phase 1,I2675:7850;2531:10059;2445:2487,SKU Product (Demo)/SKU - Dropdown/Footer Desk/Frame 1527/Back Button/Symbol,,Font Awesome 5 Free,900,16.0,#FFFFFF
🔵 UI_Phase 1,I2675:10596;2849:4688,SKU Product (Demo)/Dropdown Option/Dropdown Option/Left Content/Sample Title,Sample Title,Manrope,600,14.0,#FFFFFF
🔵 UI_Phase 1,I2675:10596;2849:4655;2675:6870,SKU Product (Demo)/Dropdown Option/Dropdown Menu/Left Content/Sample Text,Mobile,Manrope,600,14.0,#4E61F6
🔵 UI_Phase 1,I2675:10596;2675:6884;2675:6865,SKU Product (Demo)/Dropdown Option/Dropdown Menu/Left Content/Sample Text,Mobile,Manrope,600,14.0,#9EA2AE
🔵 UI_Phase 1,I2675:10596;3139:8273;2675:6865,SKU Product (Demo)/Dropdown Option/Dropdown Menu/Left Content/Sample Text,PC,Manrope,600,14.0,#9EA2AE
🔵 UI_Phase 1,I2675:10596;2675:6885;2675:6865,SKU Product (Demo)/Dropdown Option/Dropdown Menu/Left Content/Sample Text,Smart TV,Manrope,600,14.0,#9EA2AE
🔵 UI_Phase 1,I2856:7128;2849:4688,SKU Product (Demo)/Dropdown Option/Dropdown Option/Left Content/Sample Title,Định dạng,Manrope,600,14.0,#FFFFFF
🔵 UI_Phase 1,I2856:7128;2849:4655;2675:6870,SKU Product (Demo)/Dropdown Option/Dropdown Menu/Left Content/Sample Text,Banner Standard,Manrope,600,14.0,#4E61F6
🔵 UI_Phase 1,I2856:7128;2675:6884;2675:6865,SKU Product (Demo)/Dropdown Option/Dropdown Menu/Left Content/Sample Text,Welcome,Manrope,600,14.0,#9EA2AE
🔵 UI_Phase 1,I2856:7128;3139:8273;2675:6865,SKU Product (Demo)/Dropdown Option/Dropdown Menu/Left Content/Sample Text,Sample Title,Manrope,600,14.0,#9EA2AE
🔵 UI_Phase 1,I2856:7128;2675:6885;2675:6865,SKU Product (Demo)/Dropdown Option/Dropdown Menu/Left Content/Sample Text,Instream Video,Manrope,600,14.0,#9EA2AE
🔵 UI_Phase 1,I2856:7151;2849:4688,SKU Product (Demo)/Dropdown Option/Dropdown Option/Left Content/Sample Title,Loại,Manrope,600,14.0,#FFFFFF
🔵 UI_Phase 1,I2856:7151;2849:4655;2675:6870,SKU Product (Demo)/Dropdown Option/Dropdown Menu/Left Content/Sample Text,Display,Manrope,600,14.0,#4E61F6
🔵 UI_Phase 1,I2856:7151;2675:6884;2675:6865,SKU Product (Demo)/Dropdown Option/Dropdown Menu/Left Content/Sample Text,Video,Manrope,600,14.0,#9EA2AE
🔵 UI_Phase 1,I2856:7151;3139:8273;2675:6865,SKU Product (Demo)/Dropdown Option/Dropdown Menu/Left Content/Sample Text,Sample Title,Manrope,600,14.0,#9EA2AE
🔵 UI_Phase 1,I2856:7151;2675:6885;2675:6865,SKU Product (Demo)/Dropdown Option/Dropdown Menu/Left Content/Sample Text,Smart TV,Manrope,600,14.0,#9EA2AE
🔵 UI_Phase 1,2675:7714,SKU Product (Demo)/Frame 2147224797/Search/ĐỊNH DẠNG QUẢNG CÁO,ĐỊNH DẠNG QUẢNG CÁO,Bai Jamjuree,600,28.0,#3745AF
🔵 UI_Phase 1,I2675:7717;2675:4701,SKU Product (Demo)/Frame 2147224797/Frame 2147224795/Frame 2147224798/Badge & Chip/Text/Bộ lọc,Bộ lọc,Inter,600,14.0,#FFFFFF
🔵 UI_Phase 1,I2675:7717;2675:4705,SKU Product (Demo)/Frame 2147224797/Frame 2147224795/Frame 2147224798/Badge & Chip/cancel/Text/1,1,Inter,600,14.0,#0095FF
🔵 UI_Phase 1,I2675:7718;94:2148,SKU Product (Demo)/Frame 2147224797/Frame 2147224795/Frame 2147224798/Badge & Chip/Text/Badge,Thiết bị,Inter,600,14.0,#0095FF
🔵 UI_Phase 1,I2675:7718;2675:4615,SKU Product (Demo)/Frame 2147224797/Frame 2147224795/Frame 2147224798/Badge & Chip/cancel/Text/1,1,Inter,600,14.0,#0095FF
🔵 UI_Phase 1,I2675:7719;94:2148,SKU Product (Demo)/Frame 2147224797/Frame 2147224795/Frame 2147224798/Badge & Chip/Text/Badge,Định dạng,Inter,600,14.0,#0095FF
🔵 UI_Phase 1,I2675:7719;2675:4615,SKU Product (Demo)/Frame 2147224797/Frame 2147224795/Frame 2147224798/Badge & Chip/cancel/Text/1,1,Inter,600,14.0,#0095FF
🔵 UI_Phase 1,I2675:7720;94:2148,SKU Product (Demo)/Frame 2147224797/Frame 2147224795/Frame 2147224798/Badge & Chip/Text/Badge,Loại,Inter,600,14.0,#0095FF
🔵 UI_Phase 1,I2675:7720;2675:4615,SKU Product (Demo)/Frame 2147224797/Frame 2147224795/Frame 2147224798/Badge & Chip/cancel/Text/1,1,Inter,600,14.0,#0095FF
🔵 UI_Phase 1,I2675:7721;2633:5656,SKU Product (Demo)/Frame 2147224797/Frame 2147224795/Component 11/Tìm kiếm,Tìm kiếm,Bai Jamjuree,600,10.0,#3745AF
🔵 UI_Phase 1,I2675:7791;2849:4688,SKU Product (Demo)/Frame 2147224797/Dropdown Option/Dropdown Option/Left Content/Sample Title,Sample Title,Manrope,600,14.0,#FFFFFF
🔵 UI_Phase 1,I2675:7791;2849:4655;2675:6870,SKU Product (Demo)/Frame 2147224797/Dropdown Option/Dropdown Menu/Left Content/Sample Text,Mobile,Manrope,600,14.0,#4E61F6
🔵 UI_Phase 1,I2675:7791;2675:6884;2675:6865,SKU Product (Demo)/Frame 2147224797/Dropdown Option/Dropdown Menu/Left Content/Sample Text,PC,Manrope,600,14.0,#9EA2AE
🔵 UI_Phase 1,I2675:7791;3139:8273;2675:6865,SKU Product (Demo)/Frame 2147224797/Dropdown Option/Dropdown Menu/Left Content/Sample Text,Sample Title,Manrope,600,14.0,#9EA2AE
🔵 UI_Phase 1,I2675:7791;2675:6885;2675:6865,SKU Product (Demo)/Frame 2147224797/Dropdown Option/Dropdown Menu/Left Content/Sample Text,Smart TV,Manrope,600,14.0,#9EA2AE
🔵 UI_Phase 1,2675:6865,SKU Product (Demo)/Dropdown Menu/Dropdown Menu/Property 1=Default/Left Content/Sample Text,Sample Text,Manrope,600,14.0,#9EA2AE
🔵 UI_Phase 1,2675:6870,SKU Product (Demo)/Dropdown Menu/Dropdown Menu/Property 1=Choose/Left Content/Sample Text,Sample Text,Manrope,600,14.0,#4E61F6
🔵 UI_Phase 1,2675:6874,SKU Product (Demo)/Dropdown Menu/Dropdown Menu/Property 1=Hover/Left Content/Sample Text,Sample Text,Manrope,600,14.0,#9EA2AE
🔵 UI_Phase 1,2675:6875,SKU Product (Demo)/Dropdown Menu/Default,Default,Manrope,600,16.0,#FFAA00
🔵 UI_Phase 1,2675:6876,SKU Product (Demo)/Dropdown Menu/Hover,Hover,Manrope,600,16.0,#FFAA00
🔵 UI_Phase 1,2675:6877,SKU Product (Demo)/Dropdown Menu/Choose,Choose,Manrope,600,16.0,#FFAA00
🔵 UI_Phase 1,2675:6878,SKU Product (Demo)/Dropdown Menu/Big,Big,Manrope,600,16.0,#FFAA00
🔵 UI_Phase 1,2675:6879,SKU Product (Demo)/Dropdown Menu/Small,Small,Manrope,600,16.0,#FFAA00
🔵 UI_Phase 1,2675:6880,SKU Product (Demo)/Dropdown Menu/Dropdown cần phải co giãn được theo độ to nhỏ của Blog Input Field,Dropdown cần phải co giãn được theo độ to nhỏ của Blog Input Field,Manrope,600,14.0,#FFAA00
🔵 UI_Phase 1,2849:4688,SKU Product (Demo)/Dropdown Menu/Dropdown Option/Size=Big/Dropdown Option/Left Content/Sample Title,Sample Title,Manrope,600,14.0,#FFFFFF
🔵 UI_Phase 1,I2849:4655;2675:6870,SKU Product (Demo)/Dropdown Menu/Dropdown Option/Size=Big/Dropdown Menu/Left Content/Sample Text,Sample Title,Manrope,600,14.0,#4E61F6
🔵 UI_Phase 1,I2675:6884;2675:6865,SKU Product (Demo)/Dropdown Menu/Dropdown Option/Size=Big/Dropdown Menu/Left Content/Sample Text,Sample Title,Manrope,600,14.0,#9EA2AE
🔵 UI_Phase 1,I3139:8273;2675:6865,SKU Product (Demo)/Dropdown Menu/Dropdown Option/Size=Big/Dropdown Menu/Left Content/Sample Text,Sample Title,Manrope,600,14.0,#9EA2AE
🔵 UI_Phase 1,I2675:6885;2675:6865,SKU Product (Demo)/Dropdown Menu/Dropdown Option/Size=Big/Dropdown Menu/Left Content/Sample Text,Sample Title,Manrope,600,14.0,#9EA2AE
🔵 UI_Phase 1,2856:4715,SKU Product (Demo)/Dropdown Menu/Dropdown Option/Size=Small/Dropdown Option/Left Content/Sample Title,Sample Title,Manrope,600,14.0,#FFFFFF
🔵 UI_Phase 1,I2675:6887;2675:6870,SKU Product (Demo)/Dropdown Menu/Dropdown Option/Size=Small/Dropdown Menu/Left Content/Sample Text,Sample title,Manrope,600,14.0,#4E61F6
🔵 UI_Phase 1,I2675:6888;2675:6865,SKU Product (Demo)/Dropdown Menu/Dropdown Option/Size=Small/Dropdown Menu/Left Content/Sample Text,Sample Title,Manrope,600,14.0,#9EA2AE
🔵 UI_Phase 1,I3139:8302;2675:6865,SKU Product (Demo)/Dropdown Menu/Dropdown Option/Size=Small/Dropdown Menu/Left Content/Sample Text,Sample Title,Manrope,600,14.0,#9EA2AE
🔵 UI_Phase 1,I2675:6889;2675:6865,SKU Product (Demo)/Dropdown Menu/Dropdown Option/Size=Small/Dropdown Menu/Left Content/Sample Text,Sample Title,Manrope,600,14.0,#9EA2AE
🔵 UI_Phase 1,I2865:23872;2849:4688,SKU Product (Demo)/Dropdown Option/Dropdown Option/Left Content/Sample Title,Sample Title,Manrope,600,14.0,#FFFFFF
🔵 UI_Phase 1,I2865:23872;2849:4655;2675:6870,SKU Product (Demo)/Dropdown Option/Dropdown Menu/Left Content/Sample Text,Sample Title,Manrope,600,14.0,#4E61F6
🔵 UI_Phase 1,I2865:23872;2675:6884;2675:6865,SKU Product (Demo)/Dropdown Option/Dropdown Menu/Left Content/Sample Text,Sample Title,Manrope,600,14.0,#9EA2AE
🔵 UI_Phase 1,I2865:23872;3139:8273;2675:6865,SKU Product (Demo)/Dropdown Option/Dropdown Menu/Left Content/Sample Text,Sample Title,Manrope,600,14.0,#9EA2AE
🔵 UI_Phase 1,I2865:23872;2675:6885;2675:6865,SKU Product (Demo)/Dropdown Option/Dropdown Menu/Left Content/Sample Text,Sample Title,Manrope,600,14.0,#9EA2AE
🔵 UI_Phase 1,I2856:8695;2445:2808;2445:2775,SKU Product (Demo)/Tb_SKU/Frame 2147224759/Frame 2147224758/Button of Nav Heading/Button,SDK,Bai Jamjuree,600,16.0,#131927
🔵 UI_Phase 1,I2856:8695;2445:2811;2445:2775,SKU Product (Demo)/Tb_SKU/Frame 2147224759/Frame 2147224758/Button of Nav Heading/Button,Demo,Bai Jamjuree,600,16.0,#131927
🔵 UI_Phase 1,I2856:8695;2445:2814;2445:2775,SKU Product (Demo)/Tb_SKU/Frame 2147224759/Frame 2147224758/Button of Nav Heading/Button,Liên hệ,Bai Jamjuree,600,16.0,#131927
🔵 UI_Phase 1,I2856:8695;2531:6542;2531:6497,SKU Product (Demo)/Tb_SKU/Frame 2147224759/Frame 2147224758/Button of Nav Heading/Button,Demo,Bai Jamjuree,600,16.0,#FFFFFF
🔵 UI_Phase 1,I2856:8695;3139:11700;3139:11623;107:1496,SKU Product (Demo)/Tb_SKU/Frame 2147224759/Frame 2147224758/List (Left Item)/Left Content/Avatar/A,V,Bai Jamjuree,600,16.0,#FFFFFF
🔵 UI_Phase 1,I2856:8695;3139:11700;3139:11619,SKU Product (Demo)/Tb_SKU/Frame 2147224759/Frame 2147224758/List (Left Item)/Left Content/Title,Ngôn ngữ,Inter,600,14.0,#131927
🔵 UI_Phase 1,2856:9090,SKU Product (Demo)/Tb_SKU/Frame 2147224831/Frame 2147224826/Leaderboard Banner,Leaderboard Banner,Bai Jamjuree,600,40.0,#FFFFFF
🔵 UI_Phase 1,2856:9092,SKU Product (Demo)/Tb_SKU/Frame 2147224831/Frame 2147224826/Frame 2147224831/Banner Standard,Banner Standard,Inter,400,16.0,#FFFFFF
🔵 UI_Phase 1,2856:9094,SKU Product (Demo)/Tb_SKU/Frame 2147224831/Frame 2147224826/Frame 2147224831/Frame 2147224825/Available on:,Available on:,Inter,400,16.0,#FFFFFF
🔵 UI_Phase 1,I3139:8325;2675:6179,SKU Product (Demo)/Tb_SKU/Section 2/Frame 2147224798/Card SKU/Frame 2147224799/Sample title,Leaderboard Banner,Inter,600,18.0,#3745AF
🔵 UI_Phase 1,I3139:8325;2675:6180,SKU Product (Demo)/Tb_SKU/Section 2/Frame 2147224798/Card SKU/Frame 2147224799/Sample title,Banner Standard,Inter,600,14.0,#6D717F
🔵 UI_Phase 1,I3139:8326;2675:6179,SKU Product (Demo)/Tb_SKU/Section 2/Frame 2147224798/Card SKU/Frame 2147224799/Sample title,In-Page Banner,Inter,600,18.0,#3745AF
🔵 UI_Phase 1,I3139:8326;2675:6180,SKU Product (Demo)/Tb_SKU/Section 2/Frame 2147224798/Card SKU/Frame 2147224799/Sample title,Banner Standard,Inter,600,14.0,#6D717F
🔵 UI_Phase 1,I3139:8327;2675:6179,SKU Product (Demo)/Tb_SKU/Section 2/Frame 2147224798/Card SKU/Frame 2147224799/Sample title,Side Banner,Inter,600,18.0,#3745AF
🔵 UI_Phase 1,I3139:8327;2675:6180,SKU Product (Demo)/Tb_SKU/Section 2/Frame 2147224798/Card SKU/Frame 2147224799/Sample title,Banner Standard,Inter,600,14.0,#6D717F
🔵 UI_Phase 1,I3139:8328;2675:6179,SKU Product (Demo)/Tb_SKU/Section 2/Frame 2147224798/Card SKU/Frame 2147224799/Sample title,Pause Banner,Inter,600,18.0,#3745AF
🔵 UI_Phase 1,I3139:8328;2675:6180,SKU Product (Demo)/Tb_SKU/Section 2/Frame 2147224798/Card SKU/Frame 2147224799/Sample title,Banner Standard,Inter,600,14.0,#6D717F
🔵 UI_Phase 1,I3139:8329;2675:6179,SKU Product (Demo)/Tb_SKU/Section 2/Frame 2147224798/Card SKU/Frame 2147224799/Sample title,Welcome Banner,Inter,600,18.0,#3745AF
🔵 UI_Phase 1,I3139:8329;2675:6180,SKU Product (Demo)/Tb_SKU/Section 2/Frame 2147224798/Card SKU/Frame 2147224799/Sample title,Welcome,Inter,600,14.0,#6D717F
🔵 UI_Phase 1,I3139:8330;2675:6179,SKU Product (Demo)/Tb_SKU/Section 2/Frame 2147224798/Card SKU/Frame 2147224799/Sample title,Welcome TVC,Inter,600,18.0,#3745AF
🔵 UI_Phase 1,I3139:8330;2675:6180,SKU Product (Demo)/Tb_SKU/Section 2/Frame 2147224798/Card SKU/Frame 2147224799/Sample title,Welcome,Inter,600,14.0,#6D717F
🔵 UI_Phase 1,I3139:8331;2675:6468;2675:5147,SKU Product (Demo)/Tb_SKU/Section 2/Frame 2147224798/Card SKU/Format/Frame 2147224762/Frame 2147224812/Frame 2147224765/Skip,Skip,Inter,500,6.0,#8ACEFF
🔵 UI_Phase 1,I3139:8331;2675:6179,SKU Product (Demo)/Tb_SKU/Section 2/Frame 2147224798/Card SKU/Frame 2147224799/Sample title,Pre roll Instream,Inter,600,18.0,#3745AF
🔵 UI_Phase 1,I3139:8331;2675:6180,SKU Product (Demo)/Tb_SKU/Section 2/Frame 2147224798/Card SKU/Frame 2147224799/Sample title,Instream Video,Inter,600,14.0,#6D717F
🔵 UI_Phase 1,I3139:8332;2675:6468;2675:5163,SKU Product (Demo)/Tb_SKU/Section 2/Frame 2147224798/Card SKU/Format/Frame 2147224762/Frame 2147224812/Frame 2147224765/Skip,Skip,Inter,500,6.0,#8ACEFF
🔵 UI_Phase 1,I3139:8332;2675:6179,SKU Product (Demo)/Tb_SKU/Section 2/Frame 2147224798/Card SKU/Frame 2147224799/Sample title,Mid roll Instream,Inter,600,18.0,#3745AF
🔵 UI_Phase 1,I3139:8332;2675:6180,SKU Product (Demo)/Tb_SKU/Section 2/Frame 2147224798/Card SKU/Frame 2147224799/Sample title,Instream Video,Inter,600,14.0,#6D717F
🔵 UI_Phase 1,I3139:8333;2675:6468;2675:5131,SKU Product (Demo)/Tb_SKU/Section 2/Frame 2147224798/Card SKU/Format/Frame 2147224762/Frame 2147224812/Frame 2147224765/Skip,Skip,Inter,500,6.0,#8ACEFF
🔵 UI_Phase 1,I3139:8333;2675:6179,SKU Product (Demo)/Tb_SKU/Section 2/Frame 2147224798/Card SKU/Frame 2147224799/Sample title,Post Roll Instream,Inter,600,18.0,#3745AF
🔵 UI_Phase 1,I3139:8333;2675:6180,SKU Product (Demo)/Tb_SKU/Section 2/Frame 2147224798/Card SKU/Frame 2147224799/Sample title,Instream Video,Inter,600,14.0,#6D717F
🔵 UI_Phase 1,2856:8741,SKU Product (Demo)/Tb_SKU/Section 2/Frame 2147224797/Search/ĐỊNH DẠNG QUẢNG CÁO,ĐỊNH DẠNG QUẢNG CÁO,Bai Jamjuree,600,28.0,#3745AF
🔵 UI_Phase 1,I2856:8744;2675:4701,SKU Product (Demo)/Tb_SKU/Section 2/Frame 2147224797/Frame 2147224795/Frame 2147224798/Badge & Chip/Text/Bộ lọc,Bộ lọc,Inter,600,14.0,#FFFFFF
🔵 UI_Phase 1,I2856:8744;2675:4705,SKU Product (Demo)/Tb_SKU/Section 2/Frame 2147224797/Frame 2147224795/Frame 2147224798/Badge & Chip/cancel/Text/1,1,Inter,600,14.0,#0095FF
🔵 UI_Phase 1,I2856:8745;94:2148,SKU Product (Demo)/Tb_SKU/Section 2/Frame 2147224797/Frame 2147224795/Frame 2147224798/Badge & Chip/Text/Badge,Thiết bị,Inter,600,14.0,#0095FF
🔵 UI_Phase 1,I2856:8745;2675:4615,SKU Product (Demo)/Tb_SKU/Section 2/Frame 2147224797/Frame 2147224795/Frame 2147224798/Badge & Chip/cancel/Text/1,1,Inter,600,14.0,#0095FF
🔵 UI_Phase 1,I2856:8746;94:2148,SKU Product (Demo)/Tb_SKU/Section 2/Frame 2147224797/Frame 2147224795/Frame 2147224798/Badge & Chip/Text/Badge,Định dạng,Inter,600,14.0,#0095FF
🔵 UI_Phase 1,I2856:8746;2675:4615,SKU Product (Demo)/Tb_SKU/Section 2/Frame 2147224797/Frame 2147224795/Frame 2147224798/Badge & Chip/cancel/Text/1,1,Inter,600,14.0,#0095FF
🔵 UI_Phase 1,I2856:8747;94:2148,SKU Product (Demo)/Tb_SKU/Section 2/Frame 2147224797/Frame 2147224795/Frame 2147224798/Badge & Chip/Text/Badge,Loại,Inter,600,14.0,#0095FF
🔵 UI_Phase 1,I2856:8747;2675:4615,SKU Product (Demo)/Tb_SKU/Section 2/Frame 2147224797/Frame 2147224795/Frame 2147224798/Badge & Chip/cancel/Text/1,1,Inter,600,14.0,#0095FF
🔵 UI_Phase 1,I2856:8748;2633:5656,SKU Product (Demo)/Tb_SKU/Section 2/Frame 2147224797/Frame 2147224795/Component 11/Tìm kiếm,Tìm kiếm,Bai Jamjuree,600,10.0,#3745AF
🔵 UI_Phase 1,I2856:8749;2531:9850,SKU Product (Demo)/Tb_SKU/Footer Desk/Frame 2087326388/Công ty TNHH Một thành viên Công nghệ và Thương mại Wiinvent,Công ty TNHH Một thành viên Công nghệ và Thương mại Wiinvent,Inter,400,16.0,#FFFFFF
🔵 UI_Phase 1,I2856:8749;2531:9855;2445:2775,SKU Product (Demo)/Tb_SKU/Footer Desk/Frame 2087326389/Frame 92/Frame 2147224758/Button of Nav Heading/Button,SDK,Bai Jamjuree,600,18.0,#FFFFFF
🔵 UI_Phase 1,I2856:8749;2531:9856;2445:2775,SKU Product (Demo)/Tb_SKU/Footer Desk/Frame 2087326389/Frame 92/Frame 2147224758/Button of Nav Heading/Button,Demo,Bai Jamjuree,600,18.0,#FFFFFF
🔵 UI_Phase 1,I2856:8749;2531:9857;2445:2775,SKU Product (Demo)/Tb_SKU/Footer Desk/Frame 2087326389/Frame 92/Frame 2147224758/Button of Nav Heading/Button,Liên hệ,Bai Jamjuree,600,18.0,#FFFFFF
🔵 UI_Phase 1,I2856:8749;2531:9858;2531:6497,SKU Product (Demo)/Tb_SKU/Footer Desk/Frame 2087326389/Frame 92/Frame 2147224758/Button of Nav Heading/Button,Đăng ký Demo,Bai Jamjuree,600,16.0,#FFFFFF
🔵 UI_Phase 1,I2856:8749;2675:12645,SKU Product (Demo)/Tb_SKU/Footer Desk/Frame 2087326389/Frame 93/Liên hệ,Liên hệ,Bai Jamjuree,600,18.0,#FFFFFF
🔵 UI_Phase 1,I2856:8749;2675:12655,"SKU Product (Demo)/Tb_SKU/Footer Desk/Frame 2087326389/Frame 93/Frame 1410103937/Frame 34/96 Hoàng Ngân, Yên Hoà, Cầu Giấy - Hà Nội","96 Hoàng Ngân, Yên Hoà, Cầu Giấy - Hà Nội",Inter,400,14.0,#FFFFFF
🔵 UI_Phase 1,I2856:8749;2531:9873,SKU Product (Demo)/Tb_SKU/Footer Desk/Frame 1527/© Wiinvent 2026,© Wiinvent 2026,Manrope,600,16.0,#FFFFFF
🔵 UI_Phase 1,I2856:8749;2531:10025;2445:2487,SKU Product (Demo)/Tb_SKU/Footer Desk/Frame 1527/Back Button/Symbol,,Font Awesome 5 Free,900,16.0,#FFFFFF
🔵 UI_Phase 1,I2769:6613;2445:2787;2445:2775,SKU - PC/Desk_SKU - Tablte/Frame 2147224759/Frame 2147224758/Button of Nav Heading/Button,SDK,Bai Jamjuree,600,16.0,#131927
🔵 UI_Phase 1,I2769:6613;2445:2794;2445:2775,SKU - PC/Desk_SKU - Tablte/Frame 2147224759/Frame 2147224758/Button of Nav Heading/Button,Demo,Bai Jamjuree,600,16.0,#131927
🔵 UI_Phase 1,I2769:6613;2445:2801;2445:2775,SKU - PC/Desk_SKU - Tablte/Frame 2147224759/Frame 2147224758/Button of Nav Heading/Button,Liên hệ,Bai Jamjuree,600,16.0,#131927
🔵 UI_Phase 1,I2769:6613;2531:6521;2531:6497,SKU - PC/Desk_SKU - Tablte/Frame 2147224759/Frame 2147224758/Button of Nav Heading/Button,Đăng ký Demo,Bai Jamjuree,600,16.0,#FFFFFF
🔵 UI_Phase 1,I2769:6613;3139:11474;3139:11623;107:1496,SKU - PC/Desk_SKU - Tablte/Frame 2147224759/Frame 2147224758/List (Left Item)/Left Content/Avatar/A,V,Bai Jamjuree,600,16.0,#FFFFFF
🔵 UI_Phase 1,I2769:6613;3139:11474;3139:11619,SKU - PC/Desk_SKU - Tablte/Frame 2147224759/Frame 2147224758/List (Left Item)/Left Content/Title,Ngôn ngữ,Inter,600,14.0,#131927
🔵 UI_Phase 1,I2995:10174;36:1039,SKU - PC/Desk_SKU - Tablte/Frame 2147224830/Frame 2147224834/Pride/Button/Text/Button,Quay lại,Inter,600,14.0,#4E61F6
🔵 UI_Phase 1,2995:10176,SKU - PC/Desk_SKU - Tablte/Frame 2147224830/Frame 2147224834/Pride/Frame 2147224834/Side Banner,Side Banner,Bai Jamjuree,600,24.0,#3745AF
🔵 UI_Phase 1,2995:10178,"SKU - PC/Desk_SKU - Tablte/Frame 2147224830/Frame 2147224834/Pride/Frame 2147224834/Frame 2147224835/Format: JPG, PNJ, GIF, HTML5","Format: JPG, PNJ, GIF, HTML5",Inter,400,14.0,#000000
🔵 UI_Phase 1,2995:10179,SKU - PC/Desk_SKU - Tablte/Frame 2147224830/Frame 2147224834/Pride/Frame 2147224834/Frame 2147224835/Resolution - Desktop: 970x250,Resolution - Desktop: 970x250 ,Inter,400,14.0,#000000
🔵 UI_Phase 1,2995:10180,SKU - PC/Desk_SKU - Tablte/Frame 2147224830/Frame 2147224834/Pride/Frame 2147224834/Frame 2147224835/Resolution - Mobile: 970x250,Resolution - Mobile: 970x250 ,Inter,400,14.0,#000000
🔵 UI_Phase 1,2995:10181,SKU - PC/Desk_SKU - Tablte/Frame 2147224830/Frame 2147224834/Pride/Frame 2147224834/Frame 2147224835/Resolution - TV: 970x250,Resolution - TV: 970x250 ,Inter,400,14.0,#000000
🔵 UI_Phase 1,2995:10182,SKU - PC/Desk_SKU - Tablte/Frame 2147224830/Frame 2147224834/Pride/Frame 2147224834/Frame 2147224835/Size: <10MB,Size: <10MB,Inter,400,14.0,#000000
🔵 UI_Phase 1,2995:10184,SKU - PC/Desk_SKU - Tablte/Frame 2147224830/Frame 2147224834/Pride/Frame 2147224834/Tracking Metrics: Impression/ Click/ View,Tracking Metrics: Impression/ Click/ View,Inter,400,14.0,#000000
🔵 UI_Phase 1,I2995:10185;36:706,SKU - PC/Desk_SKU - Tablte/Frame 2147224830/Frame 2147224834/Pride/Button/Text/Button,Tư vấn,Inter,600,12.0,#4E61F6
🔵 UI_Phase 1,I2769:6643;2769:6009,SKU - PC/Desk_SKU - Tablte/Frame 2147224830/Frame 2147224833/segmented-control/Device Button/Text/Button,Mobile,Inter,600,16.0,#6D717F
🔵 UI_Phase 1,I2769:6644;2769:5894,SKU - PC/Desk_SKU - Tablte/Frame 2147224830/Frame 2147224833/segmented-control/Device Button/Text/Button,PC,Inter,600,16.0,#FFFFFF
🔵 UI_Phase 1,I2769:6645;2769:6009,SKU - PC/Desk_SKU - Tablte/Frame 2147224830/Frame 2147224833/segmented-control/Device Button/Text/Button,Smart TV,Inter,600,16.0,#6D717F
🔵 UI_Phase 1,I3139:8925;2675:6179,SKU - PC/Desk_SKU - Tablte/Section 4/Frame 2147224799/Card SKU/Frame 2147224799/Sample title,Leaderboard Banner,Inter,600,18.0,#3745AF
🔵 UI_Phase 1,I3139:8925;2675:6180,SKU - PC/Desk_SKU - Tablte/Section 4/Frame 2147224799/Card SKU/Frame 2147224799/Sample title,Banner Standard,Inter,600,14.0,#6D717F
🔵 UI_Phase 1,I3139:8926;2675:6179,SKU - PC/Desk_SKU - Tablte/Section 4/Frame 2147224799/Card SKU/Frame 2147224799/Sample title,In-Page Banner,Inter,600,18.0,#3745AF
🔵 UI_Phase 1,I3139:8926;2675:6180,SKU - PC/Desk_SKU - Tablte/Section 4/Frame 2147224799/Card SKU/Frame 2147224799/Sample title,Banner Standard,Inter,600,14.0,#6D717F
🔵 UI_Phase 1,I3139:8927;2675:6179,SKU - PC/Desk_SKU - Tablte/Section 4/Frame 2147224799/Card SKU/Frame 2147224799/Sample title,Side Banner,Inter,600,18.0,#3745AF
🔵 UI_Phase 1,I3139:8927;2675:6180,SKU - PC/Desk_SKU - Tablte/Section 4/Frame 2147224799/Card SKU/Frame 2147224799/Sample title,Banner Standard,Inter,600,14.0,#6D717F
🔵 UI_Phase 1,I3139:8928;2675:6179,SKU - PC/Desk_SKU - Tablte/Section 4/Frame 2147224799/Card SKU/Frame 2147224799/Sample title,Pause Banner,Inter,600,18.0,#3745AF
🔵 UI_Phase 1,I3139:8928;2675:6180,SKU - PC/Desk_SKU - Tablte/Section 4/Frame 2147224799/Card SKU/Frame 2147224799/Sample title,Banner Standard,Inter,600,14.0,#6D717F
🔵 UI_Phase 1,I3139:8929;2675:6179,SKU - PC/Desk_SKU - Tablte/Section 4/Frame 2147224799/Card SKU/Frame 2147224799/Sample title,Welcome Banner,Inter,600,18.0,#3745AF
🔵 UI_Phase 1,I3139:8929;2675:6180,SKU - PC/Desk_SKU - Tablte/Section 4/Frame 2147224799/Card SKU/Frame 2147224799/Sample title,Welcome,Inter,600,14.0,#6D717F
🔵 UI_Phase 1,I3139:8930;2675:6179,SKU - PC/Desk_SKU - Tablte/Section 4/Frame 2147224799/Card SKU/Frame 2147224799/Sample title,Welcome TVC,Inter,600,18.0,#3745AF
🔵 UI_Phase 1,I3139:8930;2675:6180,SKU - PC/Desk_SKU - Tablte/Section 4/Frame 2147224799/Card SKU/Frame 2147224799/Sample title,Welcome,Inter,600,14.0,#6D717F
🔵 UI_Phase 1,I3139:8931;2675:6468;2675:5147,SKU - PC/Desk_SKU - Tablte/Section 4/Frame 2147224799/Card SKU/Format/Frame 2147224762/Frame 2147224812/Frame 2147224765/Skip,Skip,Inter,500,6.0,#8ACEFF
🔵 UI_Phase 1,I3139:8931;2675:6179,SKU - PC/Desk_SKU - Tablte/Section 4/Frame 2147224799/Card SKU/Frame 2147224799/Sample title,Pre roll Instream,Inter,600,18.0,#3745AF
🔵 UI_Phase 1,I3139:8931;2675:6180,SKU - PC/Desk_SKU - Tablte/Section 4/Frame 2147224799/Card SKU/Frame 2147224799/Sample title,Instream Video,Inter,600,14.0,#6D717F
🔵 UI_Phase 1,I3139:8932;2675:6468;2675:5163,SKU - PC/Desk_SKU - Tablte/Section 4/Frame 2147224799/Card SKU/Format/Frame 2147224762/Frame 2147224812/Frame 2147224765/Skip,Skip,Inter,500,6.0,#8ACEFF
🔵 UI_Phase 1,I3139:8932;2675:6179,SKU - PC/Desk_SKU - Tablte/Section 4/Frame 2147224799/Card SKU/Frame 2147224799/Sample title,Mid roll Instream,Inter,600,18.0,#3745AF
🔵 UI_Phase 1,I3139:8932;2675:6180,SKU - PC/Desk_SKU - Tablte/Section 4/Frame 2147224799/Card SKU/Frame 2147224799/Sample title,Instream Video,Inter,600,14.0,#6D717F
🔵 UI_Phase 1,I3139:8933;2675:6468;2675:5131,SKU - PC/Desk_SKU - Tablte/Section 4/Frame 2147224799/Card SKU/Format/Frame 2147224762/Frame 2147224812/Frame 2147224765/Skip,Skip,Inter,500,6.0,#8ACEFF
🔵 UI_Phase 1,I3139:8933;2675:6179,SKU - PC/Desk_SKU - Tablte/Section 4/Frame 2147224799/Card SKU/Frame 2147224799/Sample title,Post Roll Instream,Inter,600,18.0,#3745AF
🔵 UI_Phase 1,I3139:8933;2675:6180,SKU - PC/Desk_SKU - Tablte/Section 4/Frame 2147224799/Card SKU/Frame 2147224799/Sample title,Instream Video,Inter,600,14.0,#6D717F
🔵 UI_Phase 1,2933:9552,SKU - PC/Desk_SKU - Tablte/Section 4/Frame 2147224797/Search/ĐỊNH DẠNG QUẢNG CÁO,ĐỊNH DẠNG QUẢNG CÁO,Bai Jamjuree,600,28.0,#3745AF
🔵 UI_Phase 1,I2933:9555;2675:4701,SKU - PC/Desk_SKU - Tablte/Section 4/Frame 2147224797/Frame 2147224795/Frame 2147224798/Badge & Chip/Text/Bộ lọc,Bộ lọc,Inter,600,14.0,#FFFFFF
🔵 UI_Phase 1,I2933:9555;2675:4705,SKU - PC/Desk_SKU - Tablte/Section 4/Frame 2147224797/Frame 2147224795/Frame 2147224798/Badge & Chip/cancel/Text/1,1,Inter,600,14.0,#0095FF
🔵 UI_Phase 1,I2933:9556;94:2148,SKU - PC/Desk_SKU - Tablte/Section 4/Frame 2147224797/Frame 2147224795/Frame 2147224798/Badge & Chip/Text/Badge,Thiết bị,Inter,600,14.0,#0095FF
🔵 UI_Phase 1,I2933:9556;2675:4615,SKU - PC/Desk_SKU - Tablte/Section 4/Frame 2147224797/Frame 2147224795/Frame 2147224798/Badge & Chip/cancel/Text/1,1,Inter,600,14.0,#0095FF
🔵 UI_Phase 1,I2933:9557;94:2148,SKU - PC/Desk_SKU - Tablte/Section 4/Frame 2147224797/Frame 2147224795/Frame 2147224798/Badge & Chip/Text/Badge,Định dạng,Inter,600,14.0,#0095FF
🔵 UI_Phase 1,I2933:9557;2675:4615,SKU - PC/Desk_SKU - Tablte/Section 4/Frame 2147224797/Frame 2147224795/Frame 2147224798/Badge & Chip/cancel/Text/1,1,Inter,600,14.0,#0095FF
🔵 UI_Phase 1,I2933:9558;94:2148,SKU - PC/Desk_SKU - Tablte/Section 4/Frame 2147224797/Frame 2147224795/Frame 2147224798/Badge & Chip/Text/Badge,Loại,Inter,600,14.0,#0095FF
🔵 UI_Phase 1,I2933:9558;2675:4615,SKU - PC/Desk_SKU - Tablte/Section 4/Frame 2147224797/Frame 2147224795/Frame 2147224798/Badge & Chip/cancel/Text/1,1,Inter,600,14.0,#0095FF
🔵 UI_Phase 1,I2933:9559;2633:5656,SKU - PC/Desk_SKU - Tablte/Section 4/Frame 2147224797/Frame 2147224795/Component 11/Tìm kiếm,Tìm kiếm,Bai Jamjuree,600,10.0,#3745AF
🔵 UI_Phase 1,I2769:6667;2531:9822,SKU - PC/Desk_SKU - Tablte/Footer Desk/Frame 2087326388/Công ty TNHH Một thành viên Công nghệ và Thương mại Wiinvent,Công ty TNHH Một thành viên Công nghệ và Thương mại Wiinvent,Inter,400,16.0,#FFFFFF
🔵 UI_Phase 1,I2769:6667;2531:9826;2445:2775,SKU - PC/Desk_SKU - Tablte/Footer Desk/Frame 5/Frame 5/Frame 92/Frame 2147224758/Button of Nav Heading/Button,SDK,Bai Jamjuree,600,18.0,#FFFFFF
🔵 UI_Phase 1,I2769:6667;2531:9827;2445:2775,SKU - PC/Desk_SKU - Tablte/Footer Desk/Frame 5/Frame 5/Frame 92/Frame 2147224758/Button of Nav Heading/Button,Demo,Bai Jamjuree,600,18.0,#FFFFFF
🔵 UI_Phase 1,I2769:6667;2531:9828;2445:2775,SKU - PC/Desk_SKU - Tablte/Footer Desk/Frame 5/Frame 5/Frame 92/Frame 2147224758/Button of Nav Heading/Button,Liên hệ,Bai Jamjuree,600,18.0,#FFFFFF
🔵 UI_Phase 1,I2769:6667;2531:9829;2531:6497,SKU - PC/Desk_SKU - Tablte/Footer Desk/Frame 5/Frame 5/Frame 92/Frame 2147224758/Button of Nav Heading/Button,Đăng ký Demo,Bai Jamjuree,600,16.0,#FFFFFF
🔵 UI_Phase 1,I2769:6667;2531:9831,SKU - PC/Desk_SKU - Tablte/Footer Desk/Frame 5/Frame 5/Frame 90/Liên hệ,Liên hệ,Bai Jamjuree,600,18.0,#FFFFFF
🔵 UI_Phase 1,I2769:6667;2531:9841,"SKU - PC/Desk_SKU - Tablte/Footer Desk/Frame 5/Frame 5/Frame 90/Frame 1410103937/Frame 34/96 Hoàng Ngân, Yên Hoà, Cầu Giấy - Hà Nội","96 Hoàng Ngân, Yên Hoà, Cầu Giấy - Hà Nội",Inter,400,14.0,#FFFFFF
🔵 UI_Phase 1,I2769:6667;2531:10058,SKU - PC/Desk_SKU - Tablte/Footer Desk/Frame 1527/© Wiinvent 2026,© Wiinvent 2026,Manrope,600,16.0,#FFFFFF
🔵 UI_Phase 1,I2769:6667;2531:10059;2445:2487,SKU - PC/Desk_SKU - Tablte/Footer Desk/Frame 1527/Back Button/Symbol,,Font Awesome 5 Free,900,16.0,#FFFFFF
🔵 UI_Phase 1,I2856:7190;2445:2808;2445:2775,SKU - PC/Tb_SKU - Tablte/Frame 2147224759/Frame 2147224758/Button of Nav Heading/Button,SDK,Bai Jamjuree,600,16.0,#131927
🔵 UI_Phase 1,I2856:7190;2445:2811;2445:2775,SKU - PC/Tb_SKU - Tablte/Frame 2147224759/Frame 2147224758/Button of Nav Heading/Button,Demo,Bai Jamjuree,600,16.0,#131927
🔵 UI_Phase 1,I2856:7190;2445:2814;2445:2775,SKU - PC/Tb_SKU - Tablte/Frame 2147224759/Frame 2147224758/Button of Nav Heading/Button,Liên hệ,Bai Jamjuree,600,16.0,#131927
🔵 UI_Phase 1,I2856:7190;2531:6542;2531:6497,SKU - PC/Tb_SKU - Tablte/Frame 2147224759/Frame 2147224758/Button of Nav Heading/Button,Demo,Bai Jamjuree,600,16.0,#FFFFFF
🔵 UI_Phase 1,I2856:7190;3139:11700;3139:11623;107:1496,SKU - PC/Tb_SKU - Tablte/Frame 2147224759/Frame 2147224758/List (Left Item)/Left Content/Avatar/A,V,Bai Jamjuree,600,16.0,#FFFFFF
🔵 UI_Phase 1,I2856:7190;3139:11700;3139:11619,SKU - PC/Tb_SKU - Tablte/Frame 2147224759/Frame 2147224758/List (Left Item)/Left Content/Title,Ngôn ngữ,Inter,600,14.0,#131927
🔵 UI_Phase 1,I2995:10199;36:1039,SKU - PC/Tb_SKU - Tablte/Frame 2147224830/Frame 2147224834/Pride/Button/Text/Button,Quay lại,Inter,600,14.0,#4E61F6
🔵 UI_Phase 1,2995:10201,SKU - PC/Tb_SKU - Tablte/Frame 2147224830/Frame 2147224834/Pride/Frame 2147224834/Side Banner,Side Banner,Bai Jamjuree,600,24.0,#3745AF
🔵 UI_Phase 1,2995:10203,"SKU - PC/Tb_SKU - Tablte/Frame 2147224830/Frame 2147224834/Pride/Frame 2147224834/Frame 2147224835/Format: JPG, PNJ, GIF, HTML5","Format: JPG, PNJ, GIF, HTML5",Inter,400,14.0,#000000
🔵 UI_Phase 1,2995:10204,SKU - PC/Tb_SKU - Tablte/Frame 2147224830/Frame 2147224834/Pride/Frame 2147224834/Frame 2147224835/Resolution - Desktop: 970x250,Resolution - Desktop: 970x250 ,Inter,400,14.0,#000000
🔵 UI_Phase 1,2995:10205,SKU - PC/Tb_SKU - Tablte/Frame 2147224830/Frame 2147224834/Pride/Frame 2147224834/Frame 2147224835/Resolution - Mobile: 970x250,Resolution - Mobile: 970x250 ,Inter,400,14.0,#000000
🔵 UI_Phase 1,2995:10206,SKU - PC/Tb_SKU - Tablte/Frame 2147224830/Frame 2147224834/Pride/Frame 2147224834/Frame 2147224835/Resolution - TV: 970x250,Resolution - TV: 970x250 ,Inter,400,14.0,#000000
🔵 UI_Phase 1,2995:10207,SKU - PC/Tb_SKU - Tablte/Frame 2147224830/Frame 2147224834/Pride/Frame 2147224834/Frame 2147224835/Size: <10MB,Size: <10MB,Inter,400,14.0,#000000
🔵 UI_Phase 1,2995:10209,SKU - PC/Tb_SKU - Tablte/Frame 2147224830/Frame 2147224834/Pride/Frame 2147224834/Tracking Metrics: Impression/ Click/ View,Tracking Metrics: Impression/ Click/ View,Inter,400,14.0,#000000
🔵 UI_Phase 1,I2995:10210;36:706,SKU - PC/Tb_SKU - Tablte/Frame 2147224830/Frame 2147224834/Pride/Button/Text/Button,Tư vấn,Inter,600,12.0,#4E61F6
🔵 UI_Phase 1,I2856:7212;2769:6009,SKU - PC/Tb_SKU - Tablte/Frame 2147224830/Frame 2147224833/segmented-control/Device Button/Text/Button,Mobile,Inter,600,16.0,#6D717F
🔵 UI_Phase 1,I2856:7213;2769:5894,SKU - PC/Tb_SKU - Tablte/Frame 2147224830/Frame 2147224833/segmented-control/Device Button/Text/Button,PC,Inter,600,16.0,#FFFFFF
🔵 UI_Phase 1,I2856:7214;2769:6009,SKU - PC/Tb_SKU - Tablte/Frame 2147224830/Frame 2147224833/segmented-control/Device Button/Text/Button,Smart TV,Inter,600,16.0,#6D717F
🔵 UI_Phase 1,I3139:9075;2675:6179,SKU - PC/Tb_SKU - Tablte/Section 3/Frame 2147224798/Card SKU/Frame 2147224799/Sample title,Leaderboard Banner,Inter,600,18.0,#3745AF
🔵 UI_Phase 1,I3139:9075;2675:6180,SKU - PC/Tb_SKU - Tablte/Section 3/Frame 2147224798/Card SKU/Frame 2147224799/Sample title,Banner Standard,Inter,600,14.0,#6D717F
🔵 UI_Phase 1,I3139:9076;2675:6179,SKU - PC/Tb_SKU - Tablte/Section 3/Frame 2147224798/Card SKU/Frame 2147224799/Sample title,In-Page Banner,Inter,600,18.0,#3745AF
🔵 UI_Phase 1,I3139:9076;2675:6180,SKU - PC/Tb_SKU - Tablte/Section 3/Frame 2147224798/Card SKU/Frame 2147224799/Sample title,Banner Standard,Inter,600,14.0,#6D717F
🔵 UI_Phase 1,I3139:9077;2675:6179,SKU - PC/Tb_SKU - Tablte/Section 3/Frame 2147224798/Card SKU/Frame 2147224799/Sample title,Side Banner,Inter,600,18.0,#3745AF
🔵 UI_Phase 1,I3139:9077;2675:6180,SKU - PC/Tb_SKU - Tablte/Section 3/Frame 2147224798/Card SKU/Frame 2147224799/Sample title,Banner Standard,Inter,600,14.0,#6D717F
🔵 UI_Phase 1,I3139:9078;2675:6179,SKU - PC/Tb_SKU - Tablte/Section 3/Frame 2147224798/Card SKU/Frame 2147224799/Sample title,Pause Banner,Inter,600,18.0,#3745AF
🔵 UI_Phase 1,I3139:9078;2675:6180,SKU - PC/Tb_SKU - Tablte/Section 3/Frame 2147224798/Card SKU/Frame 2147224799/Sample title,Banner Standard,Inter,600,14.0,#6D717F
🔵 UI_Phase 1,I3139:9079;2675:6179,SKU - PC/Tb_SKU - Tablte/Section 3/Frame 2147224798/Card SKU/Frame 2147224799/Sample title,Welcome Banner,Inter,600,18.0,#3745AF
🔵 UI_Phase 1,I3139:9079;2675:6180,SKU - PC/Tb_SKU - Tablte/Section 3/Frame 2147224798/Card SKU/Frame 2147224799/Sample title,Welcome,Inter,600,14.0,#6D717F
🔵 UI_Phase 1,I3139:9080;2675:6179,SKU - PC/Tb_SKU - Tablte/Section 3/Frame 2147224798/Card SKU/Frame 2147224799/Sample title,Welcome TVC,Inter,600,18.0,#3745AF
🔵 UI_Phase 1,I3139:9080;2675:6180,SKU - PC/Tb_SKU - Tablte/Section 3/Frame 2147224798/Card SKU/Frame 2147224799/Sample title,Welcome,Inter,600,14.0,#6D717F
🔵 UI_Phase 1,I3139:9081;2675:6468;2675:5147,SKU - PC/Tb_SKU - Tablte/Section 3/Frame 2147224798/Card SKU/Format/Frame 2147224762/Frame 2147224812/Frame 2147224765/Skip,Skip,Inter,500,6.0,#8ACEFF
🔵 UI_Phase 1,I3139:9081;2675:6179,SKU - PC/Tb_SKU - Tablte/Section 3/Frame 2147224798/Card SKU/Frame 2147224799/Sample title,Pre roll Instream,Inter,600,18.0,#3745AF
🔵 UI_Phase 1,I3139:9081;2675:6180,SKU - PC/Tb_SKU - Tablte/Section 3/Frame 2147224798/Card SKU/Frame 2147224799/Sample title,Instream Video,Inter,600,14.0,#6D717F
🔵 UI_Phase 1,I3139:9082;2675:6468;2675:5163,SKU - PC/Tb_SKU - Tablte/Section 3/Frame 2147224798/Card SKU/Format/Frame 2147224762/Frame 2147224812/Frame 2147224765/Skip,Skip,Inter,500,6.0,#8ACEFF
🔵 UI_Phase 1,I3139:9082;2675:6179,SKU - PC/Tb_SKU - Tablte/Section 3/Frame 2147224798/Card SKU/Frame 2147224799/Sample title,Mid roll Instream,Inter,600,18.0,#3745AF
🔵 UI_Phase 1,I3139:9082;2675:6180,SKU - PC/Tb_SKU - Tablte/Section 3/Frame 2147224798/Card SKU/Frame 2147224799/Sample title,Instream Video,Inter,600,14.0,#6D717F
🔵 UI_Phase 1,I3139:9083;2675:6468;2675:5131,SKU - PC/Tb_SKU - Tablte/Section 3/Frame 2147224798/Card SKU/Format/Frame 2147224762/Frame 2147224812/Frame 2147224765/Skip,Skip,Inter,500,6.0,#8ACEFF
🔵 UI_Phase 1,I3139:9083;2675:6179,SKU - PC/Tb_SKU - Tablte/Section 3/Frame 2147224798/Card SKU/Frame 2147224799/Sample title,Post Roll Instream,Inter,600,18.0,#3745AF
🔵 UI_Phase 1,I3139:9083;2675:6180,SKU - PC/Tb_SKU - Tablte/Section 3/Frame 2147224798/Card SKU/Frame 2147224799/Sample title,Instream Video,Inter,600,14.0,#6D717F
🔵 UI_Phase 1,2933:10143,SKU - PC/Tb_SKU - Tablte/Section 3/Frame 2147224797/Search/ĐỊNH DẠNG QUẢNG CÁO,ĐỊNH DẠNG QUẢNG CÁO,Bai Jamjuree,600,28.0,#3745AF
🔵 UI_Phase 1,I2933:10146;2675:4701,SKU - PC/Tb_SKU - Tablte/Section 3/Frame 2147224797/Frame 2147224795/Frame 2147224798/Badge & Chip/Text/Bộ lọc,Bộ lọc,Inter,600,14.0,#FFFFFF
🔵 UI_Phase 1,I2933:10146;2675:4705,SKU - PC/Tb_SKU - Tablte/Section 3/Frame 2147224797/Frame 2147224795/Frame 2147224798/Badge & Chip/cancel/Text/1,1,Inter,600,14.0,#0095FF
🔵 UI_Phase 1,I2933:10147;94:2148,SKU - PC/Tb_SKU - Tablte/Section 3/Frame 2147224797/Frame 2147224795/Frame 2147224798/Badge & Chip/Text/Badge,Thiết bị,Inter,600,14.0,#0095FF
🔵 UI_Phase 1,I2933:10147;2675:4615,SKU - PC/Tb_SKU - Tablte/Section 3/Frame 2147224797/Frame 2147224795/Frame 2147224798/Badge & Chip/cancel/Text/1,1,Inter,600,14.0,#0095FF
🔵 UI_Phase 1,I2933:10148;94:2148,SKU - PC/Tb_SKU - Tablte/Section 3/Frame 2147224797/Frame 2147224795/Frame 2147224798/Badge & Chip/Text/Badge,Định dạng,Inter,600,14.0,#0095FF
🔵 UI_Phase 1,I2933:10148;2675:4615,SKU - PC/Tb_SKU - Tablte/Section 3/Frame 2147224797/Frame 2147224795/Frame 2147224798/Badge & Chip/cancel/Text/1,1,Inter,600,14.0,#0095FF
🔵 UI_Phase 1,I2933:10149;94:2148,SKU - PC/Tb_SKU - Tablte/Section 3/Frame 2147224797/Frame 2147224795/Frame 2147224798/Badge & Chip/Text/Badge,Loại,Inter,600,14.0,#0095FF
🔵 UI_Phase 1,I2933:10149;2675:4615,SKU - PC/Tb_SKU - Tablte/Section 3/Frame 2147224797/Frame 2147224795/Frame 2147224798/Badge & Chip/cancel/Text/1,1,Inter,600,14.0,#0095FF
🔵 UI_Phase 1,I2933:10150;2633:5656,SKU - PC/Tb_SKU - Tablte/Section 3/Frame 2147224797/Frame 2147224795/Component 11/Tìm kiếm,Tìm kiếm,Bai Jamjuree,600,10.0,#3745AF
🔵 UI_Phase 1,I2856:7236;2531:9850,SKU - PC/Tb_SKU - Tablte/Footer Desk/Frame 2087326388/Công ty TNHH Một thành viên Công nghệ và Thương mại Wiinvent,Công ty TNHH Một thành viên Công nghệ và Thương mại Wiinvent,Inter,400,16.0,#FFFFFF
🔵 UI_Phase 1,I2856:7236;2531:9855;2445:2775,SKU - PC/Tb_SKU - Tablte/Footer Desk/Frame 2087326389/Frame 92/Frame 2147224758/Button of Nav Heading/Button,SDK,Bai Jamjuree,600,18.0,#FFFFFF
🔵 UI_Phase 1,I2856:7236;2531:9856;2445:2775,SKU - PC/Tb_SKU - Tablte/Footer Desk/Frame 2087326389/Frame 92/Frame 2147224758/Button of Nav Heading/Button,Demo,Bai Jamjuree,600,18.0,#FFFFFF
🔵 UI_Phase 1,I2856:7236;2531:9857;2445:2775,SKU - PC/Tb_SKU - Tablte/Footer Desk/Frame 2087326389/Frame 92/Frame 2147224758/Button of Nav Heading/Button,Liên hệ,Bai Jamjuree,600,18.0,#FFFFFF
🔵 UI_Phase 1,I2856:7236;2531:9858;2531:6497,SKU - PC/Tb_SKU - Tablte/Footer Desk/Frame 2087326389/Frame 92/Frame 2147224758/Button of Nav Heading/Button,Đăng ký Demo,Bai Jamjuree,600,16.0,#FFFFFF
🔵 UI_Phase 1,I2856:7236;2675:12645,SKU - PC/Tb_SKU - Tablte/Footer Desk/Frame 2087326389/Frame 93/Liên hệ,Liên hệ,Bai Jamjuree,600,18.0,#FFFFFF
🔵 UI_Phase 1,I2856:7236;2675:12655,"SKU - PC/Tb_SKU - Tablte/Footer Desk/Frame 2087326389/Frame 93/Frame 1410103937/Frame 34/96 Hoàng Ngân, Yên Hoà, Cầu Giấy - Hà Nội","96 Hoàng Ngân, Yên Hoà, Cầu Giấy - Hà Nội",Inter,400,14.0,#FFFFFF
🔵 UI_Phase 1,I2856:7236;2531:9873,SKU - PC/Tb_SKU - Tablte/Footer Desk/Frame 1527/© Wiinvent 2026,© Wiinvent 2026,Manrope,600,16.0,#FFFFFF
🔵 UI_Phase 1,I2856:7236;2531:10025;2445:2487,SKU - PC/Tb_SKU - Tablte/Footer Desk/Frame 1527/Back Button/Symbol,,Font Awesome 5 Free,900,16.0,#FFFFFF
🔵 UI_Phase 1,I2825:8285;2769:6019,SKU - PC/Mb_SKU - PC/Frame 2147224830/Frame 2147224833/segmented-control/Device Button/Text/Button,Mobile,Inter,600,12.0,#6D717F
🔵 UI_Phase 1,I2825:8286;2769:6019,SKU - PC/Mb_SKU - PC/Frame 2147224830/Frame 2147224833/segmented-control/Device Button/Text/Button,PC,Inter,600,12.0,#6D717F
🔵 UI_Phase 1,I2825:8287;2769:6019,SKU - PC/Mb_SKU - PC/Frame 2147224830/Frame 2147224833/segmented-control/Device Button/Text/Button,Smart TV,Inter,600,12.0,#6D717F
🔵 UI_Phase 1,I2995:10323;36:1039,SKU - PC/Mb_SKU - PC/Frame 2147224830/Frame 2147224835/Button/Text/Button,Quay lại,Inter,600,14.0,#4E61F6
🔵 UI_Phase 1,2995:10325,SKU - PC/Mb_SKU - PC/Frame 2147224830/Frame 2147224835/Pride/Side Banner,Side Banner,Bai Jamjuree,600,24.0,#3745AF
🔵 UI_Phase 1,2995:10328,"SKU - PC/Mb_SKU - PC/Frame 2147224830/Frame 2147224835/Pride/Frame 2147224834/Frame 2147224835/Format: JPG, PNJ, GIF, HTML5","Format: JPG, PNJ, GIF, HTML5",Inter,400,12.0,#000000
🔵 UI_Phase 1,2995:10329,SKU - PC/Mb_SKU - PC/Frame 2147224830/Frame 2147224835/Pride/Frame 2147224834/Frame 2147224835/Resolution - Desktop: 970x250,Resolution - Desktop: 970x250 ,Inter,400,12.0,#000000
🔵 UI_Phase 1,2995:10330,SKU - PC/Mb_SKU - PC/Frame 2147224830/Frame 2147224835/Pride/Frame 2147224834/Frame 2147224835/Resolution - Mobile: 970x250,Resolution - Mobile: 970x250 ,Inter,400,12.0,#000000
🔵 UI_Phase 1,2995:10331,SKU - PC/Mb_SKU - PC/Frame 2147224830/Frame 2147224835/Pride/Frame 2147224834/Frame 2147224835/Resolution - TV: 970x250,Resolution - TV: 970x250 ,Inter,400,12.0,#000000
🔵 UI_Phase 1,2995:10332,SKU - PC/Mb_SKU - PC/Frame 2147224830/Frame 2147224835/Pride/Frame 2147224834/Frame 2147224835/Size: <10MB,Size: <10MB,Inter,400,12.0,#000000
🔵 UI_Phase 1,2995:10334,SKU - PC/Mb_SKU - PC/Frame 2147224830/Frame 2147224835/Pride/Frame 2147224834/Tracking Metrics: Impression/ Click/ View,Tracking Metrics: Impression/ Click/ View,Inter,400,12.0,#000000
🔵 UI_Phase 1,I2995:10335;36:706,SKU - PC/Mb_SKU - PC/Frame 2147224830/Frame 2147224835/Button/Text/Button,Tư vấn,Inter,600,12.0,#4E61F6
🔵 UI_Phase 1,I3139:10114;2675:6179,SKU - PC/Mb_SKU - PC/Section 3/Frame 2147224798/Card SKU/Frame 2147224799/Sample title,Leaderboard Banner,Inter,600,18.0,#3745AF
🔵 UI_Phase 1,I3139:10114;2675:6180,SKU - PC/Mb_SKU - PC/Section 3/Frame 2147224798/Card SKU/Frame 2147224799/Sample title,Banner Standard,Inter,600,14.0,#6D717F
🔵 UI_Phase 1,I3139:10115;2675:6179,SKU - PC/Mb_SKU - PC/Section 3/Frame 2147224798/Card SKU/Frame 2147224799/Sample title,In-Page Banner,Inter,600,18.0,#3745AF
🔵 UI_Phase 1,I3139:10115;2675:6180,SKU - PC/Mb_SKU - PC/Section 3/Frame 2147224798/Card SKU/Frame 2147224799/Sample title,Banner Standard,Inter,600,14.0,#6D717F
🔵 UI_Phase 1,I3139:10116;2675:6179,SKU - PC/Mb_SKU - PC/Section 3/Frame 2147224798/Card SKU/Frame 2147224799/Sample title,Side Banner,Inter,600,18.0,#3745AF
🔵 UI_Phase 1,I3139:10116;2675:6180,SKU - PC/Mb_SKU - PC/Section 3/Frame 2147224798/Card SKU/Frame 2147224799/Sample title,Banner Standard,Inter,600,14.0,#6D717F
🔵 UI_Phase 1,I3139:10117;2675:6179,SKU - PC/Mb_SKU - PC/Section 3/Frame 2147224798/Card SKU/Frame 2147224799/Sample title,Pause Banner,Inter,600,18.0,#3745AF
🔵 UI_Phase 1,I3139:10117;2675:6180,SKU - PC/Mb_SKU - PC/Section 3/Frame 2147224798/Card SKU/Frame 2147224799/Sample title,Banner Standard,Inter,600,14.0,#6D717F
🔵 UI_Phase 1,I3139:10118;2675:6179,SKU - PC/Mb_SKU - PC/Section 3/Frame 2147224798/Card SKU/Frame 2147224799/Sample title,Welcome Banner,Inter,600,18.0,#3745AF
🔵 UI_Phase 1,I3139:10118;2675:6180,SKU - PC/Mb_SKU - PC/Section 3/Frame 2147224798/Card SKU/Frame 2147224799/Sample title,Welcome,Inter,600,14.0,#6D717F
🔵 UI_Phase 1,I3139:10119;2675:6179,SKU - PC/Mb_SKU - PC/Section 3/Frame 2147224798/Card SKU/Frame 2147224799/Sample title,Welcome TVC,Inter,600,18.0,#3745AF
🔵 UI_Phase 1,I3139:10119;2675:6180,SKU - PC/Mb_SKU - PC/Section 3/Frame 2147224798/Card SKU/Frame 2147224799/Sample title,Welcome,Inter,600,14.0,#6D717F
🔵 UI_Phase 1,I3139:10120;2675:6468;2675:5147,SKU - PC/Mb_SKU - PC/Section 3/Frame 2147224798/Card SKU/Format/Frame 2147224762/Frame 2147224812/Frame 2147224765/Skip,Skip,Inter,500,6.0,#8ACEFF
🔵 UI_Phase 1,I3139:10120;2675:6179,SKU - PC/Mb_SKU - PC/Section 3/Frame 2147224798/Card SKU/Frame 2147224799/Sample title,Pre roll Instream,Inter,600,18.0,#3745AF
🔵 UI_Phase 1,I3139:10120;2675:6180,SKU - PC/Mb_SKU - PC/Section 3/Frame 2147224798/Card SKU/Frame 2147224799/Sample title,Instream Video,Inter,600,14.0,#6D717F
🔵 UI_Phase 1,I3139:10121;2675:6468;2675:5163,SKU - PC/Mb_SKU - PC/Section 3/Frame 2147224798/Card SKU/Format/Frame 2147224762/Frame 2147224812/Frame 2147224765/Skip,Skip,Inter,500,6.0,#8ACEFF
🔵 UI_Phase 1,I3139:10121;2675:6179,SKU - PC/Mb_SKU - PC/Section 3/Frame 2147224798/Card SKU/Frame 2147224799/Sample title,Mid roll Instream,Inter,600,18.0,#3745AF
🔵 UI_Phase 1,I3139:10121;2675:6180,SKU - PC/Mb_SKU - PC/Section 3/Frame 2147224798/Card SKU/Frame 2147224799/Sample title,Instream Video,Inter,600,14.0,#6D717F
🔵 UI_Phase 1,I3139:10122;2675:6468;2675:5131,SKU - PC/Mb_SKU - PC/Section 3/Frame 2147224798/Card SKU/Format/Frame 2147224762/Frame 2147224812/Frame 2147224765/Skip,Skip,Inter,500,6.0,#8ACEFF
🔵 UI_Phase 1,I3139:10122;2675:6179,SKU - PC/Mb_SKU - PC/Section 3/Frame 2147224798/Card SKU/Frame 2147224799/Sample title,Post Roll Instream,Inter,600,18.0,#3745AF
🔵 UI_Phase 1,I3139:10122;2675:6180,SKU - PC/Mb_SKU - PC/Section 3/Frame 2147224798/Card SKU/Frame 2147224799/Sample title,Instream Video,Inter,600,14.0,#6D717F
🔵 UI_Phase 1,2933:8963,SKU - PC/Mb_SKU - PC/Section 3/Frame 2147224797/Search/ĐỊNH DẠNG QUẢNG CÁO,ĐỊNH DẠNG QUẢNG CÁO,Bai Jamjuree,600,18.0,#3745AF
🔵 UI_Phase 1,I2933:8964;2633:5656,SKU - PC/Mb_SKU - PC/Section 3/Frame 2147224797/Component 11/Tìm kiếm,Tìm kiếm,Bai Jamjuree,600,10.0,#3745AF
🔵 UI_Phase 1,I2933:8966;2675:4701,SKU - PC/Mb_SKU - PC/Section 3/Frame 2147224797/Frame 2147224798/Badge & Chip/Text/Bộ lọc,Bộ lọc,Inter,600,14.0,#FFFFFF
🔵 UI_Phase 1,I2933:8966;2675:4705,SKU - PC/Mb_SKU - PC/Section 3/Frame 2147224797/Frame 2147224798/Badge & Chip/cancel/Text/1,1,Inter,600,14.0,#0095FF
🔵 UI_Phase 1,I2933:8967;94:2148,SKU - PC/Mb_SKU - PC/Section 3/Frame 2147224797/Frame 2147224798/Badge & Chip/Text/Badge,Thiết bị,Inter,600,14.0,#0095FF
🔵 UI_Phase 1,I2933:8967;2675:4615,SKU - PC/Mb_SKU - PC/Section 3/Frame 2147224797/Frame 2147224798/Badge & Chip/cancel/Text/1,1,Inter,600,14.0,#0095FF
🔵 UI_Phase 1,I2933:8968;94:2148,SKU - PC/Mb_SKU - PC/Section 3/Frame 2147224797/Frame 2147224798/Badge & Chip/Text/Badge,Định dạng,Inter,600,14.0,#0095FF
🔵 UI_Phase 1,I2933:8968;2675:4615,SKU - PC/Mb_SKU - PC/Section 3/Frame 2147224797/Frame 2147224798/Badge & Chip/cancel/Text/1,1,Inter,600,14.0,#0095FF
🔵 UI_Phase 1,I2933:8969;94:2148,SKU - PC/Mb_SKU - PC/Section 3/Frame 2147224797/Frame 2147224798/Badge & Chip/Text/Badge,Loại,Inter,600,14.0,#0095FF
🔵 UI_Phase 1,I2933:8969;2675:4615,SKU - PC/Mb_SKU - PC/Section 3/Frame 2147224797/Frame 2147224798/Badge & Chip/cancel/Text/1,1,Inter,600,14.0,#0095FF
🔵 UI_Phase 1,I2825:8321;2531:9878,SKU - PC/Mb_SKU - PC/Footer Desk/Frame 2087326388/Công ty TNHH Một thành viên Công nghệ và Thương mại Wiinvent,Công ty TNHH Một thành viên Công nghệ và Thương mại Wiinvent,Inter,400,12.0,#FFFFFF
🔵 UI_Phase 1,I2825:8321;2531:9882;2445:2775,SKU - PC/Mb_SKU - PC/Footer Desk/Frame 92/Frame 2147224758/Button of Nav Heading/Button,SDK,Bai Jamjuree,600,16.0,#FFFFFF
🔵 UI_Phase 1,I2825:8321;2531:9883;2445:2775,SKU - PC/Mb_SKU - PC/Footer Desk/Frame 92/Frame 2147224758/Button of Nav Heading/Button,Demo,Bai Jamjuree,600,16.0,#FFFFFF
🔵 UI_Phase 1,I2825:8321;2531:9884;2445:2775,SKU - PC/Mb_SKU - PC/Footer Desk/Frame 92/Frame 2147224758/Button of Nav Heading/Button,Liên hệ,Bai Jamjuree,600,16.0,#FFFFFF
🔵 UI_Phase 1,I2825:8321;2531:9885;2531:6499,SKU - PC/Mb_SKU - PC/Footer Desk/Frame 92/Frame 2147224758/Button of Nav Heading/Button,Đăng ký Demo,Bai Jamjuree,600,16.0,#FFFFFF
🔵 UI_Phase 1,I2825:8321;2531:9887,SKU - PC/Mb_SKU - PC/Footer Desk/Frame 90/Liên hệ,Liên hệ,Bai Jamjuree,600,16.0,#FFFFFF
🔵 UI_Phase 1,I2825:8321;2531:9897,"SKU - PC/Mb_SKU - PC/Footer Desk/Frame 90/Frame 1410103937/Frame 34/96 Hoàng Ngân, Yên Hoà, Cầu Giấy - Hà Nội","96 Hoàng Ngân, Yên Hoà, Cầu Giấy - Hà Nội",Inter,400,12.0,#FFFFFF
🔵 UI_Phase 1,I2825:8321;2531:9900,SKU - PC/Mb_SKU - PC/Footer Desk/Frame 2087326390/© Wiivent 2026,© Wiivent 2026,Inter,400,14.0,#FFFFFF
🔵 UI_Phase 1,I2825:8321;2531:10029;2445:2487,SKU - PC/Mb_SKU - PC/Footer Desk/Frame 2087326390/Back Button/Symbol,,Font Awesome 5 Free,900,16.0,#FFFFFF
🔵 UI_Phase 1,2633:5656,Section 8/Component 11/Property 1=Default/Tìm kiếm,Tìm kiếm,Bai Jamjuree,600,10.0,#3745AF
🔵 UI_Phase 1,2633:5660,Section 8/Component 11/Property 1=Hover/Tìm kiếm,Tìm kiếm,Bai Jamjuree,600,10.0,#0095FF
🔵 UI_Phase 1,2633:5712,Section 8/Component 11/Property 1=Typing/Frame 2147224798/Deskt,Deskt,Bai Jamjuree,600,10.0,#3745AF
🔵 UI_Phase 1,2633:5698,Section 8/Component 11/Property 1=Typing/Frame 2147224798/|,|,Bai Jamjuree,600,10.0,#3745AF
🔵 UI_Phase 1,2633:5692,Section 8/Component 11/Property 1=Focus/Desktop,Desktop,Bai Jamjuree,600,10.0,#3745AF
🔵 UI_Phase 1,2633:5707,Section 8/Default,Default,Inter,400,16.0,#131927
🔵 UI_Phase 1,2633:5709,Section 8/Hover,Hover,Inter,400,16.0,#131927
🔵 UI_Phase 1,2633:5710,Section 8/Typing,Typing,Inter,400,16.0,#131927
🔵 UI_Phase 1,2633:5711,Section 8/Focus,Focus,Inter,400,16.0,#131927
🔵 UI_Phase 1,2648:6170,Frame 2147224796/Frame 2147224817/ĐỊNH DẠNG QUẢNG CÁO,ĐỊNH DẠNG QUẢNG CÁO,Bai Jamjuree,600,28.0,#3745AF
🔵 UI_Phase 1,I2648:6171;2633:5656,Frame 2147224796/Frame 2147224817/Component 11/Tìm kiếm,Tìm kiếm,Bai Jamjuree,600,10.0,#3745AF
🔵 UI_Phase 1,2648:6200,Frame 2147224796/Frame 2147224820/Bộ lọc,Bộ lọc,Bai Jamjuree,600,10.0,#3745AF
🔵 UI_Phase 1,I2633:5918;101:1650,Frame 2147224796/Frame 2147224795/Badge & Chip/Text/Badge,Bộ lọc,Inter,600,14.0,#FFFFFF
🔵 UI_Phase 1,I2633:5919;101:1650,Frame 2147224796/Frame 2147224795/Badge & Chip/Text/Badge,Thiết bị,Inter,600,14.0,#FFFFFF
🔵 UI_Phase 1,I2633:5920;101:1650,Frame 2147224796/Frame 2147224795/Badge & Chip/Text/Badge,Định dạng,Inter,600,14.0,#FFFFFF
🔵 UI_Phase 1,I2633:5921;101:1650,Frame 2147224796/Frame 2147224795/Badge & Chip/Text/Badge,Loại,Inter,600,14.0,#FFFFFF
🔵 UI_Phase 1,I3043:5491;2445:2775,Section 6/Home_Desk/Frame 2147224759/Frame 2147224758/Button of Nav Heading/Button,SDK,Bai Jamjuree,600,16.0,#131927
🔵 UI_Phase 1,I3043:5492;2445:2775,Section 6/Home_Desk/Frame 2147224759/Frame 2147224758/Button of Nav Heading/Button,Demo,Bai Jamjuree,600,16.0,#131927
🔵 UI_Phase 1,I3043:5493;2445:2775,Section 6/Home_Desk/Frame 2147224759/Frame 2147224758/Button of Nav Heading/Button,Liên hệ,Bai Jamjuree,600,16.0,#131927
🔵 UI_Phase 1,I3043:5494;2531:6497,Section 6/Home_Desk/Frame 2147224759/Frame 2147224758/Button of Nav Heading/Button,Đăng ký Demo,Bai Jamjuree,600,16.0,#FFFFFF
🔵 UI_Phase 1,I3139:11783;3139:11623;107:1496,Section 6/Home_Desk/Frame 2147224759/Frame 2147224758/List (Left Item)/Left Content/Avatar/A,V,Bai Jamjuree,600,16.0,#FFFFFF
🔵 UI_Phase 1,I3139:11783;3139:11619,Section 6/Home_Desk/Frame 2147224759/Frame 2147224758/List (Left Item)/Left Content/Title,Ngôn ngữ,Inter,600,14.0,#131927
🔵 UI_Phase 1,2903:5468,Section 6/Home_Desk/Hero/Blog/Text/Frame 2147224778/Giải pháp quảng cáo trên nền tảng số,Giải pháp quảng cáo trên  nền tảng số,Bai Jamjuree,600,48.0,#0095FF
🔵 UI_Phase 1,2903:5469,"Section 6/Home_Desk/Hero/Blog/Text/Frame 2147224778/Quản trị và phân phối quảng cáo tập trung, tối ưu hiệu quả trên mọi điểm chạm.","Quản trị và phân phối quảng cáo tập trung, tối ưu hiệu quả trên mọi điểm chạm.",Bai Jamjuree,600,24.0,#D2D5DB
🔵 UI_Phase 1,I2903:5471;33:110,Section 6/Home_Desk/Hero/Blog/Text/Frame 2147224768/Button/Text/Button,Xem định dạng,Inter,600,18.0,#FFFFFF
🔵 UI_Phase 1,I2903:5472;36:691,Section 6/Home_Desk/Hero/Blog/Text/Frame 2147224768/Button/Text/Button,Liên hệ tư vấn,Inter,600,18.0,#4E61F6
🔵 UI_Phase 1,2418:44,Section 6/Home_Desk/Section 2/Frame 2147224765/Phủ sóng toàn bộ nền tảng,Phủ sóng toàn bộ nền tảng,Bai Jamjuree,600,32.0,#3745AF
🔵 UI_Phase 1,I2995:8610;2443:2970,Section 6/Home_Desk/Section 2/Frame 2147224765/Platform/Content/Title + Description/Title,IOS,Inter,600,16.0,#6D717F
🔵 UI_Phase 1,I2995:8611;2443:2970,Section 6/Home_Desk/Section 2/Frame 2147224765/Platform/Content/Title + Description/Title,Android,Inter,600,16.0,#6D717F
🔵 UI_Phase 1,I2995:8612;2443:2970,Section 6/Home_Desk/Section 2/Frame 2147224765/Platform/Content/Title + Description/Title,Smart TV,Inter,600,16.0,#6D717F
🔵 UI_Phase 1,I2995:8613;2443:2970,Section 6/Home_Desk/Section 2/Frame 2147224765/Platform/Content/Title + Description/Title,TV Box,Inter,600,16.0,#6D717F
🔵 UI_Phase 1,I2995:8614;2443:2970,Section 6/Home_Desk/Section 2/Frame 2147224765/Platform/Content/Title + Description/Title,Web,Inter,600,16.0,#6D717F
🔵 UI_Phase 1,2445:2685,Section 6/Home_Desk/Pride/Hiệu quả thực tế,Hiệu quả thực tế,Instrument Sans,600,32.0,#3745AF
🔵 UI_Phase 1,I2531:6663;2531:6606,Section 6/Home_Desk/Pride/Frame 1556/Pride/USO Card/Frame 48095670/Sample title,137M+,Bai Jamjuree,600,28.0,#3745AF
🔵 UI_Phase 1,I2531:6663;2531:6607,Section 6/Home_Desk/Pride/Frame 1556/Pride/USO Card/Frame 48095670/Sample title,Ad impression/month,Bai Jamjuree,600,18.0,#6D717F
🔵 UI_Phase 1,I2531:7870;2531:6606,Section 6/Home_Desk/Pride/Frame 1556/Pride/Component 9/Frame 48095670/Sample title,10+,Bai Jamjuree,600,28.0,#3745AF
🔵 UI_Phase 1,I2531:7870;2531:6607,Section 6/Home_Desk/Pride/Frame 1556/Pride/Component 9/Frame 48095670/Sample title,Advertiser,Bai Jamjuree,600,18.0,#6D717F
🔵 UI_Phase 1,I2531:7876;2531:6606,Section 6/Home_Desk/Pride/Frame 1556/Pride/Component 10/Frame 48095670/Sample title,5M+,Bai Jamjuree,600,28.0,#3745AF
🔵 UI_Phase 1,I2531:7876;2531:6607,Section 6/Home_Desk/Pride/Frame 1556/Pride/Component 10/Frame 48095670/Sample title,UIDs reach/month,Bai Jamjuree,600,18.0,#6D717F
🔵 UI_Phase 1,2443:4342,Section 6/Home_Desk/Section 4/Frame 2147224765/Ưu điểm,Ưu điểm,Bai Jamjuree,600,32.0,#3745AF
🔵 UI_Phase 1,I2443:4369;2443:4299,Section 6/Home_Desk/Section 4/Frame 2147224765/Frame 2147224771/Frame 2147224767/Component 1/Frame 2147224770/Component 1/Sample text,NÂNG CAO HIỆU QUẢ,Inter,600,16.0,#4E61F6
🔵 UI_Phase 1,I2443:4369;2405:2757,"Section 6/Home_Desk/Section 4/Frame 2147224765/Frame 2147224771/Frame 2147224767/Component 1/Frame 2147224769/Lorem ipsum dolor sit amet, consectetur adipiscing elit, sed do eiusmod tempor incididunt ut labore et dolore magna aliqua. Ut enim ad minim veniam.","Phân phối quảng cáo nhanh chóng, ổn định với khả năng xử lý lưu lượng lớn theo thời gian thực.",Inter,400,14.0,#6D717F
🔵 UI_Phase 1,I2443:4370;2405:2762,Section 6/Home_Desk/Section 4/Frame 2147224765/Frame 2147224771/Frame 2147224767/Component 1/Sample text,MỞ RỘNG LINH HOẠT,Inter,600,16.0,#3745AF
🔵 UI_Phase 1,I2443:4371;2405:2762,Section 6/Home_Desk/Section 4/Frame 2147224765/Frame 2147224771/Frame 2147224767/Component 2/Sample text,ĐA NỀN TẢNG,Inter,600,16.0,#3745AF
🔵 UI_Phase 1,I2443:4372;2405:2762,Section 6/Home_Desk/Section 4/Frame 2147224765/Frame 2147224771/Frame 2147224767/Component 3/Sample text,TÍCH HỢP MỞ,Inter,600,16.0,#3745AF
🔵 UI_Phase 1,I2443:4373;2405:2762,Section 6/Home_Desk/Section 4/Frame 2147224765/Frame 2147224771/Frame 2147224767/Component 4/Sample text,QUẢN TRỊ & BẢO MẬT,Inter,600,16.0,#3745AF
🔵 UI_Phase 1,I2443:4374;2405:2762,Section 6/Home_Desk/Section 4/Frame 2147224765/Frame 2147224771/Frame 2147224767/Component 5/Sample text,GIÁM SÁT THỜI GIAN THỰC,Inter,600,16.0,#3745AF
🔵 UI_Phase 1,2443:4404,Section 6/Home_Desk/Section 5/Frame 2147224765/Khách hàng,Khách hàng,Bai Jamjuree,600,32.0,#3745AF
🔵 UI_Phase 1,2443:4451,Section 6/Home_Desk/Section 5/Frame 2147224765/Frame 2147224775/Frame 2147224776/Frame 2147224773/Frame 2147224772/Liên hệ,Liên hệ ,Bai Jamjuree,600,32.0,#131927
🔵 UI_Phase 1,2443:4452,"Section 6/Home_Desk/Section 5/Frame 2147224765/Frame 2147224775/Frame 2147224776/Frame 2147224773/Frame 2147224772/Bạn có nhu cầu quảng cáo, hợp tác hoặc muốn tìm hiểu thêm về nền tảng? Hãy để lại thông tin, chúng tôi sẽ liên hệ với bạn trong thời gian sớm nhất.","Bạn có nhu cầu quảng cáo, hợp tác hoặc muốn tìm hiểu thêm về nền tảng? Hãy để lại thông tin, chúng tôi sẽ liên hệ với bạn trong thời gian sớm nhất.",Inter,400,16.0,#394050
🔵 UI_Phase 1,I2443:4453;52:814,Section 6/Home_Desk/Section 5/Frame 2147224765/Frame 2147224775/Frame 2147224776/Frame 2147224773/Button Group (Item)/Text/Button,Tư vấn,Inter,600,14.0,#FFFFFF
🔵 UI_Phase 1,I2531:9256;2531:9822,Section 6/Home_Desk/Footer Desk/Frame 2087326388/Công ty TNHH Một thành viên Công nghệ và Thương mại Wiinvent,Công ty TNHH Một thành viên Công nghệ và Thương mại Wiinvent,Inter,400,16.0,#FFFFFF
🔵 UI_Phase 1,I2531:9256;2531:9826;2445:2775,Section 6/Home_Desk/Footer Desk/Frame 5/Frame 5/Frame 92/Frame 2147224758/Button of Nav Heading/Button,SDK,Bai Jamjuree,600,18.0,#FFFFFF
🔵 UI_Phase 1,I2531:9256;2531:9827;2445:2775,Section 6/Home_Desk/Footer Desk/Frame 5/Frame 5/Frame 92/Frame 2147224758/Button of Nav Heading/Button,Demo,Bai Jamjuree,600,18.0,#FFFFFF
🔵 UI_Phase 1,I2531:9256;2531:9828;2445:2775,Section 6/Home_Desk/Footer Desk/Frame 5/Frame 5/Frame 92/Frame 2147224758/Button of Nav Heading/Button,Liên hệ,Bai Jamjuree,600,18.0,#FFFFFF
🔵 UI_Phase 1,I2531:9256;2531:9829;2531:6497,Section 6/Home_Desk/Footer Desk/Frame 5/Frame 5/Frame 92/Frame 2147224758/Button of Nav Heading/Button,Đăng ký Demo,Bai Jamjuree,600,16.0,#FFFFFF
🔵 UI_Phase 1,I2531:9256;2531:9831,Section 6/Home_Desk/Footer Desk/Frame 5/Frame 5/Frame 90/Liên hệ,Liên hệ,Bai Jamjuree,600,18.0,#FFFFFF
🔵 UI_Phase 1,I2531:9256;2531:9841,"Section 6/Home_Desk/Footer Desk/Frame 5/Frame 5/Frame 90/Frame 1410103937/Frame 34/96 Hoàng Ngân, Yên Hoà, Cầu Giấy - Hà Nội","96 Hoàng Ngân, Yên Hoà, Cầu Giấy - Hà Nội",Inter,400,14.0,#FFFFFF
🔵 UI_Phase 1,I2531:9256;2531:10058,Section 6/Home_Desk/Footer Desk/Frame 1527/© Wiinvent 2026,© Wiinvent 2026,Manrope,600,16.0,#FFFFFF
🔵 UI_Phase 1,I2531:9256;2531:10059;2445:2487,Section 6/Home_Desk/Footer Desk/Frame 1527/Back Button/Symbol,,Font Awesome 5 Free,900,16.0,#FFFFFF
🔵 UI_Phase 1,I2849:3552;2445:2808;2445:2775,Section 6/Home_Desk/Frame 2147224759/Frame 2147224758/Button of Nav Heading/Button,SDK,Bai Jamjuree,600,16.0,#131927
🔵 UI_Phase 1,I2849:3552;2445:2811;2445:2775,Section 6/Home_Desk/Frame 2147224759/Frame 2147224758/Button of Nav Heading/Button,Demo,Bai Jamjuree,600,16.0,#131927
🔵 UI_Phase 1,I2849:3552;2445:2814;2445:2775,Section 6/Home_Desk/Frame 2147224759/Frame 2147224758/Button of Nav Heading/Button,Liên hệ,Bai Jamjuree,600,16.0,#131927
🔵 UI_Phase 1,I2849:3552;2531:6542;2531:6497,Section 6/Home_Desk/Frame 2147224759/Frame 2147224758/Button of Nav Heading/Button,Demo,Bai Jamjuree,600,16.0,#FFFFFF
🔵 UI_Phase 1,I2849:3552;3139:11700;3139:11623;107:1496,Section 6/Home_Desk/Frame 2147224759/Frame 2147224758/List (Left Item)/Left Content/Avatar/A,V,Bai Jamjuree,600,16.0,#FFFFFF
🔵 UI_Phase 1,I2849:3552;3139:11700;3139:11619,Section 6/Home_Desk/Frame 2147224759/Frame 2147224758/List (Left Item)/Left Content/Title,Ngôn ngữ,Inter,600,14.0,#131927
🔵 UI_Phase 1,2903:5488,Section 6/Home_Desk/Hero/Blog/Text/Frame 2147224778/Giải pháp quảng cáo trên nền tảng số,Giải pháp quảng cáo trên  nền tảng số,Bai Jamjuree,600,48.0,#0095FF
🔵 UI_Phase 1,2903:5489,"Section 6/Home_Desk/Hero/Blog/Text/Frame 2147224778/Quản trị và phân phối quảng cáo tập trung, tối ưu hiệu quả trên mọi điểm chạm.","Quản trị và phân phối quảng cáo tập trung, tối ưu hiệu quả trên mọi điểm chạm.",Bai Jamjuree,600,24.0,#D2D5DB
🔵 UI_Phase 1,I2903:5491;33:110,Section 6/Home_Desk/Hero/Blog/Text/Frame 2147224768/Button/Text/Button,Xem định dạng,Inter,600,18.0,#FFFFFF
🔵 UI_Phase 1,I2903:5492;36:691,Section 6/Home_Desk/Hero/Blog/Text/Frame 2147224768/Button/Text/Button,Liên hệ tư vấn,Inter,600,18.0,#4E61F6
🔵 UI_Phase 1,2849:3556,Section 6/Home_Desk/Section 2/Frame 2147224765/Phủ sóng toàn bộ nền tảng,Phủ sóng toàn bộ nền tảng,Bai Jamjuree,600,32.0,#3745AF
🔵 UI_Phase 1,I2995:8994;2443:2970,Section 6/Home_Desk/Section 2/Frame 2147224765/Platform/Content/Title + Description/Title,IOS,Inter,600,16.0,#6D717F
🔵 UI_Phase 1,I2995:8995;2443:2970,Section 6/Home_Desk/Section 2/Frame 2147224765/Platform/Content/Title + Description/Title,Android,Inter,600,16.0,#6D717F
🔵 UI_Phase 1,I2995:8996;2443:2970,Section 6/Home_Desk/Section 2/Frame 2147224765/Platform/Content/Title + Description/Title,Smart TV,Inter,600,16.0,#6D717F
🔵 UI_Phase 1,I2995:8997;2443:2970,Section 6/Home_Desk/Section 2/Frame 2147224765/Platform/Content/Title + Description/Title,TV Box,Inter,600,16.0,#6D717F
🔵 UI_Phase 1,I2995:8998;2443:2970,Section 6/Home_Desk/Section 2/Frame 2147224765/Platform/Content/Title + Description/Title,Web,Inter,600,16.0,#6D717F
🔵 UI_Phase 1,2849:3565,Section 6/Home_Desk/Pride/Hiệu quả thực tế,Hiệu quả thực tế,Instrument Sans,600,32.0,#3745AF
🔵 UI_Phase 1,I2849:3568;2531:6606,Section 6/Home_Desk/Pride/Frame 1556/Pride/USO Card/Frame 48095670/Sample title,137M+,Bai Jamjuree,600,28.0,#3745AF
🔵 UI_Phase 1,I2849:3568;2531:6607,Section 6/Home_Desk/Pride/Frame 1556/Pride/USO Card/Frame 48095670/Sample title,Ad impression/month,Bai Jamjuree,600,18.0,#6D717F
🔵 UI_Phase 1,I2849:3569;2531:6606,Section 6/Home_Desk/Pride/Frame 1556/Pride/Component 9/Frame 48095670/Sample title,10+,Bai Jamjuree,600,28.0,#3745AF
🔵 UI_Phase 1,I2849:3569;2531:6607,Section 6/Home_Desk/Pride/Frame 1556/Pride/Component 9/Frame 48095670/Sample title,Advertiser,Bai Jamjuree,600,18.0,#6D717F
🔵 UI_Phase 1,I2849:3570;2531:6606,Section 6/Home_Desk/Pride/Frame 1556/Pride/Component 10/Frame 48095670/Sample title,5+,Bai Jamjuree,600,28.0,#3745AF
🔵 UI_Phase 1,I2849:3570;2531:6607,Section 6/Home_Desk/Pride/Frame 1556/Pride/Component 10/Frame 48095670/Sample title,UIDs reach/tháng,Bai Jamjuree,600,18.0,#6D717F
🔵 UI_Phase 1,2849:3651,Section 6/Home_Desk/Section 4/Frame 2147224765/Ưu điểm,Ưu điểm,Bai Jamjuree,600,32.0,#3745AF
🔵 UI_Phase 1,I2849:3654;2443:4299,Section 6/Home_Desk/Section 4/Frame 2147224765/Frame 2147224771/Frame 2147224767/Component 1/Frame 2147224770/Component 1/Sample text,NÂNG CAO HIỆU QUẢ,Inter,600,16.0,#4E61F6
🔵 UI_Phase 1,I2849:3654;2405:2757,"Section 6/Home_Desk/Section 4/Frame 2147224765/Frame 2147224771/Frame 2147224767/Component 1/Frame 2147224769/Lorem ipsum dolor sit amet, consectetur adipiscing elit, sed do eiusmod tempor incididunt ut labore et dolore magna aliqua. Ut enim ad minim veniam.","Phân phối quảng cáo nhanh chóng, ổn định với khả năng xử lý lưu lượng lớn theo thời gian thực.",Inter,400,14.0,#6D717F
🔵 UI_Phase 1,I2849:3655;2405:2762,Section 6/Home_Desk/Section 4/Frame 2147224765/Frame 2147224771/Frame 2147224767/Component 1/Sample text,MỞ RỘNG LINH HOẠT,Inter,600,16.0,#3745AF
🔵 UI_Phase 1,I2849:3656;2405:2762,Section 6/Home_Desk/Section 4/Frame 2147224765/Frame 2147224771/Frame 2147224767/Component 2/Sample text,ĐA NỀN TẢNG,Inter,600,16.0,#3745AF
🔵 UI_Phase 1,I2849:3657;2405:2762,Section 6/Home_Desk/Section 4/Frame 2147224765/Frame 2147224771/Frame 2147224767/Component 3/Sample text,TÍCH HỢP MỞ,Inter,600,16.0,#3745AF
🔵 UI_Phase 1,I2849:3658;2405:2762,Section 6/Home_Desk/Section 4/Frame 2147224765/Frame 2147224771/Frame 2147224767/Component 4/Sample text,QUẢN TRỊ & BẢO MẬT,Inter,600,16.0,#3745AF
🔵 UI_Phase 1,I2849:3659;2405:2762,Section 6/Home_Desk/Section 4/Frame 2147224765/Frame 2147224771/Frame 2147224767/Component 5/Sample text,GIÁM SÁT THỜI GIAN THỰC,Inter,600,16.0,#3745AF
🔵 UI_Phase 1,2849:3664,Section 6/Home_Desk/Section 5/Frame 2147224765/Khách hàng,Khách hàng,Bai Jamjuree,600,32.0,#3745AF
🔵 UI_Phase 1,2849:3673,Section 6/Home_Desk/Section 5/Frame 2147224765/Frame 2147224775/Frame 2147224776/Frame 2147224773/Frame 2147224772/Liên hệ,Liên hệ ,Bai Jamjuree,600,32.0,#131927
🔵 UI_Phase 1,2849:3674,"Section 6/Home_Desk/Section 5/Frame 2147224765/Frame 2147224775/Frame 2147224776/Frame 2147224773/Frame 2147224772/Bạn có nhu cầu quảng cáo, hợp tác hoặc muốn tìm hiểu thêm về nền tảng? Hãy để lại thông tin, chúng tôi sẽ liên hệ với bạn trong thời gian sớm nhất.","Bạn có nhu cầu quảng cáo, hợp tác hoặc muốn tìm hiểu thêm về nền tảng? Hãy để lại thông tin, chúng tôi sẽ liên hệ với bạn trong thời gian sớm nhất.",Inter,400,16.0,#394050
🔵 UI_Phase 1,I2849:3675;52:814,Section 6/Home_Desk/Section 5/Frame 2147224765/Frame 2147224775/Frame 2147224776/Frame 2147224773/Button Group (Item)/Text/Button,Tư vấn,Inter,600,14.0,#FFFFFF
🔵 UI_Phase 1,I2849:3708;2531:9850,Section 6/Home_Desk/Footer Desk/Frame 2087326388/Công ty TNHH Một thành viên Công nghệ và Thương mại Wiinvent,Công ty TNHH Một thành viên Công nghệ và Thương mại Wiinvent,Inter,400,16.0,#FFFFFF
🔵 UI_Phase 1,I2849:3708;2531:9855;2445:2775,Section 6/Home_Desk/Footer Desk/Frame 2087326389/Frame 92/Frame 2147224758/Button of Nav Heading/Button,SDK,Bai Jamjuree,600,18.0,#FFFFFF
🔵 UI_Phase 1,I2849:3708;2531:9856;2445:2775,Section 6/Home_Desk/Footer Desk/Frame 2087326389/Frame 92/Frame 2147224758/Button of Nav Heading/Button,Demo,Bai Jamjuree,600,18.0,#FFFFFF
🔵 UI_Phase 1,I2849:3708;2531:9857;2445:2775,Section 6/Home_Desk/Footer Desk/Frame 2087326389/Frame 92/Frame 2147224758/Button of Nav Heading/Button,Liên hệ,Bai Jamjuree,600,18.0,#FFFFFF
🔵 UI_Phase 1,I2849:3708;2531:9858;2531:6497,Section 6/Home_Desk/Footer Desk/Frame 2087326389/Frame 92/Frame 2147224758/Button of Nav Heading/Button,Đăng ký Demo,Bai Jamjuree,600,16.0,#FFFFFF
🔵 UI_Phase 1,I2849:3708;2675:12645,Section 6/Home_Desk/Footer Desk/Frame 2087326389/Frame 93/Liên hệ,Liên hệ,Bai Jamjuree,600,18.0,#FFFFFF
🔵 UI_Phase 1,I2849:3708;2675:12655,"Section 6/Home_Desk/Footer Desk/Frame 2087326389/Frame 93/Frame 1410103937/Frame 34/96 Hoàng Ngân, Yên Hoà, Cầu Giấy - Hà Nội","96 Hoàng Ngân, Yên Hoà, Cầu Giấy - Hà Nội",Inter,400,14.0,#FFFFFF
🔵 UI_Phase 1,I2849:3708;2531:9873,Section 6/Home_Desk/Footer Desk/Frame 1527/© Wiinvent 2026,© Wiinvent 2026,Manrope,600,16.0,#FFFFFF
🔵 UI_Phase 1,I2849:3708;2531:10025;2445:2487,Section 6/Home_Desk/Footer Desk/Frame 1527/Back Button/Symbol,,Font Awesome 5 Free,900,16.0,#FFFFFF
🔵 UI_Phase 1,I3139:11047;230:4040;230:3921;3139:11623;107:1496,Section 6/List (5 Rows)/List/List (Left Item)/Left Content/Avatar/A,E,Bai Jamjuree,600,16.0,#FFFFFF
🔵 UI_Phase 1,I3139:11047;230:4040;230:3921;3139:11619,Section 6/List (5 Rows)/List/List (Left Item)/Left Content/Title,English,Inter,600,14.0,#131927
🔵 UI_Phase 1,I3139:11047;230:4040;230:3926;230:3910,Section 6/List (5 Rows)/List/List (Right Item)/Right Item/Details,Details,Inter,400,14.0,#6D717F
🔵 UI_Phase 1,I3139:11047;230:4051;3139:10870;3139:11623;107:1496,Section 6/List (5 Rows)/List/List (Left Item)/Left Content/Avatar/A,V,Bai Jamjuree,600,16.0,#FFFFFF
🔵 UI_Phase 1,I3139:11047;230:4051;3139:10870;3139:11619,Section 6/List (5 Rows)/List/List (Left Item)/Left Content/Title,Tiếng Việt,Inter,600,14.0,#4E61F6
🔵 UI_Phase 1,I3139:11047;230:4051;3139:10871;230:3910,Section 6/List (5 Rows)/List/List (Right Item)/Right Item/Details,Details,Inter,400,14.0,#6D717F
🔵 UI_Phase 1,I3139:11047;230:4062;230:3921;230:3892;107:1496,Section 6/List (5 Rows)/List/List (Left Item)/Left Content/Avatar/A,A,Bai Jamjuree,600,16.0,#FFFFFF
🔵 UI_Phase 1,I3139:11047;230:4062;230:3921;230:3887,Section 6/List (5 Rows)/List/List (Left Item)/Left Content/Title,Title,Inter,600,14.0,#131927
🔵 UI_Phase 1,I3139:11047;230:4062;230:3926;230:3910,Section 6/List (5 Rows)/List/List (Right Item)/Right Item/Details,Details,Inter,400,14.0,#6D717F
🔵 UI_Phase 1,I3139:11047;230:4073;230:3921;230:3892;107:1496,Section 6/List (5 Rows)/List/List (Left Item)/Left Content/Avatar/A,A,Bai Jamjuree,600,16.0,#FFFFFF
🔵 UI_Phase 1,I3139:11047;230:4073;230:3921;230:3887,Section 6/List (5 Rows)/List/List (Left Item)/Left Content/Title,Title,Inter,600,14.0,#131927
🔵 UI_Phase 1,I3139:11047;230:4073;230:3926;230:3910,Section 6/List (5 Rows)/List/List (Right Item)/Right Item/Details,Details,Inter,400,14.0,#6D717F
🔵 UI_Phase 1,I3139:11047;230:4084;230:3921;230:3892;107:1496,Section 6/List (5 Rows)/List/List (Left Item)/Left Content/Avatar/A,A,Bai Jamjuree,600,16.0,#FFFFFF
🔵 UI_Phase 1,I3139:11047;230:4084;230:3921;230:3887,Section 6/List (5 Rows)/List/List (Left Item)/Left Content/Title,Title,Inter,600,14.0,#131927
🔵 UI_Phase 1,I3139:11047;230:4084;230:3926;230:3910,Section 6/List (5 Rows)/List/List (Right Item)/Right Item/Details,Details,Inter,400,14.0,#6D717F
🔵 UI_Phase 1,2903:5508,Section 6/Home_Mb/Hero/Blog/Frame 2147224760/Frame 2147224778/Giải pháp quảng cáo trên nền tảng số,Giải pháp quảng cáo trên  nền tảng số,Bai Jamjuree,600,32.0,#0095FF
🔵 UI_Phase 1,2903:5509,"Section 6/Home_Mb/Hero/Blog/Frame 2147224760/Frame 2147224778/Quản trị và phân phối quảng cáo tập trung, tối ưu hiệu quả trên mọi điểm chạm.","Quản trị và phân phối quảng cáo tập trung, tối ưu hiệu quả trên mọi điểm chạm.",Bai Jamjuree,600,10.0,#D2D5DB
🔵 UI_Phase 1,I2903:5511;34:1272,Section 6/Home_Mb/Hero/Blog/Frame 2147224760/Frame 2147224768/Button/Text/Button,Xem định dạng,Inter,600,12.0,#FFFFFF
🔵 UI_Phase 1,I2903:5512;36:706,Section 6/Home_Mb/Hero/Blog/Frame 2147224760/Frame 2147224768/Button/Text/Button,Liên hệ tư vấn,Inter,600,12.0,#4E61F6
🔵 UI_Phase 1,2747:3192,Section 6/Home_Mb/Section 2/Frame 2147224765/Phủ sóng toàn bộ nền tảng,Phủ sóng toàn bộ nền tảng,Bai Jamjuree,600,32.0,#3745AF
🔵 UI_Phase 1,I2995:9128;2995:9043;2443:2970,Section 6/Home_Mb/Section 2/Frame 2147224765/Platform/Content/Title + Description/Title,IOS,Inter,600,16.0,#6D717F
🔵 UI_Phase 1,I2995:9128;2995:9044;2443:2970,Section 6/Home_Mb/Section 2/Frame 2147224765/Platform/Content/Title + Description/Title,Android,Inter,600,16.0,#6D717F
🔵 UI_Phase 1,I2995:9128;2995:9045;2443:2970,Section 6/Home_Mb/Section 2/Frame 2147224765/Platform/Content/Title + Description/Title,Smart TV,Inter,600,16.0,#6D717F
🔵 UI_Phase 1,I2995:9128;2995:9046;2443:2970,Section 6/Home_Mb/Section 2/Frame 2147224765/Platform/Content/Title + Description/Title,TV Box,Inter,600,16.0,#6D717F
🔵 UI_Phase 1,I2995:9128;2995:9047;2443:2970,Section 6/Home_Mb/Section 2/Frame 2147224765/Platform/Content/Title + Description/Title,Web,Inter,600,16.0,#6D717F
🔵 UI_Phase 1,2747:3201,Section 6/Home_Mb/Pride/Hiệu quả thực tế,Hiệu quả thực tế,Bai Jamjuree,600,32.0,#3745AF
🔵 UI_Phase 1,I3162:8986;2531:6606,Section 6/Home_Mb/Pride/Frame 1556/Pride/Frame 2147224842/USO Card/Frame 48095670/Sample title,137M+,Bai Jamjuree,600,28.0,#3745AF
🔵 UI_Phase 1,I3162:8986;2531:6607,Section 6/Home_Mb/Pride/Frame 1556/Pride/Frame 2147224842/USO Card/Frame 48095670/Sample title,Ad impression/month,Bai Jamjuree,600,18.0,#6D717F
🔵 UI_Phase 1,I3162:8987;2531:6606,Section 6/Home_Mb/Pride/Frame 1556/Pride/Frame 2147224842/Component 9/Frame 48095670/Sample title,10+,Bai Jamjuree,600,28.0,#3745AF
🔵 UI_Phase 1,I3162:8987;2531:6607,Section 6/Home_Mb/Pride/Frame 1556/Pride/Frame 2147224842/Component 9/Frame 48095670/Sample title,Advertiser,Bai Jamjuree,600,18.0,#6D717F
🔵 UI_Phase 1,I3162:8988;2531:6606,Section 6/Home_Mb/Pride/Frame 1556/Pride/Frame 2147224842/Component 10/Frame 48095670/Sample title,5+,Bai Jamjuree,600,28.0,#3745AF
🔵 UI_Phase 1,I3162:8988;2531:6607,Section 6/Home_Mb/Pride/Frame 1556/Pride/Frame 2147224842/Component 10/Frame 48095670/Sample title,UIDs reach/tháng,Bai Jamjuree,600,18.0,#6D717F
🔵 UI_Phase 1,I3162:8990;2531:6606,Section 6/Home_Mb/Pride/Frame 1556/Pride/Frame 2147224843/USO Card/Frame 48095670/Sample title,137M+,Bai Jamjuree,600,28.0,#3745AF
🔵 UI_Phase 1,I3162:8990;2531:6607,Section 6/Home_Mb/Pride/Frame 1556/Pride/Frame 2147224843/USO Card/Frame 48095670/Sample title,Ad impression/month,Bai Jamjuree,600,18.0,#6D717F
🔵 UI_Phase 1,I3162:8991;2531:6606,Section 6/Home_Mb/Pride/Frame 1556/Pride/Frame 2147224843/Component 9/Frame 48095670/Sample title,10+,Bai Jamjuree,600,28.0,#3745AF
🔵 UI_Phase 1,I3162:8991;2531:6607,Section 6/Home_Mb/Pride/Frame 1556/Pride/Frame 2147224843/Component 9/Frame 48095670/Sample title,Advertiser,Bai Jamjuree,600,18.0,#6D717F
🔵 UI_Phase 1,I3162:8992;2531:6606,Section 6/Home_Mb/Pride/Frame 1556/Pride/Frame 2147224843/Component 10/Frame 48095670/Sample title,5+,Bai Jamjuree,600,28.0,#3745AF
🔵 UI_Phase 1,I3162:8992;2531:6607,Section 6/Home_Mb/Pride/Frame 1556/Pride/Frame 2147224843/Component 10/Frame 48095670/Sample title,UIDs reach/tháng,Bai Jamjuree,600,18.0,#6D717F
🔵 UI_Phase 1,I3162:8994;2531:6606,Section 6/Home_Mb/Pride/Frame 1556/Pride/Frame 2147224844/USO Card/Frame 48095670/Sample title,137M+,Bai Jamjuree,600,28.0,#3745AF
🔵 UI_Phase 1,I3162:8994;2531:6607,Section 6/Home_Mb/Pride/Frame 1556/Pride/Frame 2147224844/USO Card/Frame 48095670/Sample title,Ad impression/month,Bai Jamjuree,600,18.0,#6D717F
🔵 UI_Phase 1,I3162:8995;2531:6606,Section 6/Home_Mb/Pride/Frame 1556/Pride/Frame 2147224844/Component 9/Frame 48095670/Sample title,10+,Bai Jamjuree,600,28.0,#3745AF
🔵 UI_Phase 1,I3162:8995;2531:6607,Section 6/Home_Mb/Pride/Frame 1556/Pride/Frame 2147224844/Component 9/Frame 48095670/Sample title,Advertiser,Bai Jamjuree,600,18.0,#6D717F
🔵 UI_Phase 1,I3162:8996;2531:6606,Section 6/Home_Mb/Pride/Frame 1556/Pride/Frame 2147224844/Component 10/Frame 48095670/Sample title,5+,Bai Jamjuree,600,28.0,#3745AF
🔵 UI_Phase 1,I3162:8996;2531:6607,Section 6/Home_Mb/Pride/Frame 1556/Pride/Frame 2147224844/Component 10/Frame 48095670/Sample title,UIDs reach/tháng,Bai Jamjuree,600,18.0,#6D717F
🔵 UI_Phase 1,2747:3287,Section 6/Home_Mb/Section 4/Frame 2147224765/Ưu điểm,Ưu điểm,Bai Jamjuree,600,32.0,#3745AF
🔵 UI_Phase 1,I2747:3290;2443:4299,Section 6/Home_Mb/Section 4/Frame 2147224765/Frame 2147224771/Frame 2147224767/Component 1/Frame 2147224770/Component 1/Sample text,NÂNG CAO HIỆU QUẢ,Inter,600,16.0,#4E61F6
🔵 UI_Phase 1,I2747:3290;2405:2757,"Section 6/Home_Mb/Section 4/Frame 2147224765/Frame 2147224771/Frame 2147224767/Component 1/Frame 2147224769/Lorem ipsum dolor sit amet, consectetur adipiscing elit, sed do eiusmod tempor incididunt ut labore et dolore magna aliqua. Ut enim ad minim veniam.","Phân phối quảng cáo nhanh chóng, ổn định với khả năng xử lý lưu lượng lớn theo thời gian thực.",Inter,400,14.0,#6D717F
🔵 UI_Phase 1,I2747:3291;2405:2762,Section 6/Home_Mb/Section 4/Frame 2147224765/Frame 2147224771/Frame 2147224767/Component 1/Sample text,MỞ RỘNG LINH HOẠT,Inter,600,16.0,#3745AF
🔵 UI_Phase 1,I2747:3292;2405:2762,Section 6/Home_Mb/Section 4/Frame 2147224765/Frame 2147224771/Frame 2147224767/Component 2/Sample text,ĐA NỀN TẢNG,Inter,600,16.0,#3745AF
🔵 UI_Phase 1,I2747:3293;2405:2762,Section 6/Home_Mb/Section 4/Frame 2147224765/Frame 2147224771/Frame 2147224767/Component 3/Sample text,TÍCH HỢP MỞ,Inter,600,16.0,#3745AF
🔵 UI_Phase 1,I2747:3294;2405:2762,Section 6/Home_Mb/Section 4/Frame 2147224765/Frame 2147224771/Frame 2147224767/Component 4/Sample text,QUẢN TRỊ & BẢO MẬT,Inter,600,16.0,#3745AF
🔵 UI_Phase 1,I2747:3295;2405:2762,Section 6/Home_Mb/Section 4/Frame 2147224765/Frame 2147224771/Frame 2147224767/Component 5/Sample text,GIÁM SÁT THỜI GIAN THỰC,Inter,600,16.0,#3745AF
🔵 UI_Phase 1,2747:3300,Section 6/Home_Mb/Section 5/Frame 2147224765/Khách hàng,Khách hàng,Bai Jamjuree,600,32.0,#3745AF
🔵 UI_Phase 1,2747:3309,Section 6/Home_Mb/Section 5/Frame 2147224765/Frame 2147224775/Frame 2147224776/Frame 2147224773/Frame 2147224772/Liên hệ,Liên hệ ,Bai Jamjuree,600,32.0,#131927
🔵 UI_Phase 1,2747:3310,"Section 6/Home_Mb/Section 5/Frame 2147224765/Frame 2147224775/Frame 2147224776/Frame 2147224773/Frame 2147224772/Bạn có nhu cầu quảng cáo, hợp tác hoặc muốn tìm hiểu thêm về nền tảng? Hãy để lại thông tin, chúng tôi sẽ liên hệ với bạn trong thời gian sớm nhất.","Bạn có nhu cầu quảng cáo, hợp tác hoặc muốn tìm hiểu thêm về nền tảng? Hãy để lại thông tin, chúng tôi sẽ liên hệ với bạn trong thời gian sớm nhất.",Inter,400,14.0,#394050
🔵 UI_Phase 1,I2747:3311;52:814,Section 6/Home_Mb/Section 5/Frame 2147224765/Frame 2147224775/Frame 2147224776/Frame 2147224773/Button Group (Item)/Text/Button,Tư vấn,Inter,600,14.0,#FFFFFF
🔵 UI_Phase 1,I2747:3344;2531:9878,Section 6/Home_Mb/Footer Desk/Frame 2087326388/Công ty TNHH Một thành viên Công nghệ và Thương mại Wiinvent,Công ty TNHH Một thành viên Công nghệ và Thương mại Wiinvent,Inter,400,12.0,#FFFFFF
🔵 UI_Phase 1,I2747:3344;2531:9882;2445:2775,Section 6/Home_Mb/Footer Desk/Frame 92/Frame 2147224758/Button of Nav Heading/Button,SDK,Bai Jamjuree,600,16.0,#FFFFFF
🔵 UI_Phase 1,I2747:3344;2531:9883;2445:2775,Section 6/Home_Mb/Footer Desk/Frame 92/Frame 2147224758/Button of Nav Heading/Button,Demo,Bai Jamjuree,600,16.0,#FFFFFF
🔵 UI_Phase 1,I2747:3344;2531:9884;2445:2775,Section 6/Home_Mb/Footer Desk/Frame 92/Frame 2147224758/Button of Nav Heading/Button,Liên hệ,Bai Jamjuree,600,16.0,#FFFFFF
🔵 UI_Phase 1,I2747:3344;2531:9885;2531:6499,Section 6/Home_Mb/Footer Desk/Frame 92/Frame 2147224758/Button of Nav Heading/Button,Đăng ký Demo,Bai Jamjuree,600,16.0,#FFFFFF
🔵 UI_Phase 1,I2747:3344;2531:9887,Section 6/Home_Mb/Footer Desk/Frame 90/Liên hệ,Liên hệ,Bai Jamjuree,600,16.0,#FFFFFF
🔵 UI_Phase 1,I2747:3344;2531:9897,"Section 6/Home_Mb/Footer Desk/Frame 90/Frame 1410103937/Frame 34/96 Hoàng Ngân, Yên Hoà, Cầu Giấy - Hà Nội","96 Hoàng Ngân, Yên Hoà, Cầu Giấy - Hà Nội",Inter,400,12.0,#FFFFFF
🔵 UI_Phase 1,I2747:3344;2531:9900,Section 6/Home_Mb/Footer Desk/Frame 2087326390/© Wiivent 2026,© Wiivent 2026,Inter,400,14.0,#FFFFFF
🔵 UI_Phase 1,I2747:3344;2531:10029;2445:2487,Section 6/Home_Mb/Footer Desk/Frame 2087326390/Back Button/Symbol,,Font Awesome 5 Free,900,16.0,#FFFFFF
🔵 UI_Phase 1,I2995:9027;2531:6606,Section 6/Pride/Property 1=Default/Frame 2147224842/USO Card/Frame 48095670/Sample title,137M+,Bai Jamjuree,600,28.0,#3745AF
🔵 UI_Phase 1,I2995:9027;2531:6607,Section 6/Pride/Property 1=Default/Frame 2147224842/USO Card/Frame 48095670/Sample title,Ad impression/month,Bai Jamjuree,600,18.0,#6D717F
🔵 UI_Phase 1,I2995:9028;2531:6606,Section 6/Pride/Property 1=Default/Frame 2147224842/Component 9/Frame 48095670/Sample title,10+,Bai Jamjuree,600,28.0,#3745AF
🔵 UI_Phase 1,I2995:9028;2531:6607,Section 6/Pride/Property 1=Default/Frame 2147224842/Component 9/Frame 48095670/Sample title,Advertiser,Bai Jamjuree,600,18.0,#6D717F
🔵 UI_Phase 1,I2995:9029;2531:6606,Section 6/Pride/Property 1=Default/Frame 2147224842/Component 10/Frame 48095670/Sample title,5+,Bai Jamjuree,600,28.0,#3745AF
🔵 UI_Phase 1,I2995:9029;2531:6607,Section 6/Pride/Property 1=Default/Frame 2147224842/Component 10/Frame 48095670/Sample title,UIDs reach/tháng,Bai Jamjuree,600,18.0,#6D717F
🔵 UI_Phase 1,I3162:8366;2531:6606,Section 6/Pride/Property 1=Default/Frame 2147224843/USO Card/Frame 48095670/Sample title,137M+,Bai Jamjuree,600,28.0,#3745AF
🔵 UI_Phase 1,I3162:8366;2531:6607,Section 6/Pride/Property 1=Default/Frame 2147224843/USO Card/Frame 48095670/Sample title,Ad impression/month,Bai Jamjuree,600,18.0,#6D717F
🔵 UI_Phase 1,I3162:8367;2531:6606,Section 6/Pride/Property 1=Default/Frame 2147224843/Component 9/Frame 48095670/Sample title,10+,Bai Jamjuree,600,28.0,#3745AF
🔵 UI_Phase 1,I3162:8367;2531:6607,Section 6/Pride/Property 1=Default/Frame 2147224843/Component 9/Frame 48095670/Sample title,Advertiser,Bai Jamjuree,600,18.0,#6D717F
🔵 UI_Phase 1,I3162:8368;2531:6606,Section 6/Pride/Property 1=Default/Frame 2147224843/Component 10/Frame 48095670/Sample title,5+,Bai Jamjuree,600,28.0,#3745AF
🔵 UI_Phase 1,I3162:8368;2531:6607,Section 6/Pride/Property 1=Default/Frame 2147224843/Component 10/Frame 48095670/Sample title,UIDs reach/tháng,Bai Jamjuree,600,18.0,#6D717F
🔵 UI_Phase 1,I3162:8553;2531:6606,Section 6/Pride/Property 1=Default/Frame 2147224844/USO Card/Frame 48095670/Sample title,137M+,Bai Jamjuree,600,28.0,#3745AF
🔵 UI_Phase 1,I3162:8553;2531:6607,Section 6/Pride/Property 1=Default/Frame 2147224844/USO Card/Frame 48095670/Sample title,Ad impression/month,Bai Jamjuree,600,18.0,#6D717F
🔵 UI_Phase 1,I3162:8554;2531:6606,Section 6/Pride/Property 1=Default/Frame 2147224844/Component 9/Frame 48095670/Sample title,10+,Bai Jamjuree,600,28.0,#3745AF
🔵 UI_Phase 1,I3162:8554;2531:6607,Section 6/Pride/Property 1=Default/Frame 2147224844/Component 9/Frame 48095670/Sample title,Advertiser,Bai Jamjuree,600,18.0,#6D717F
🔵 UI_Phase 1,I3162:8555;2531:6606,Section 6/Pride/Property 1=Default/Frame 2147224844/Component 10/Frame 48095670/Sample title,5+,Bai Jamjuree,600,28.0,#3745AF
🔵 UI_Phase 1,I3162:8555;2531:6607,Section 6/Pride/Property 1=Default/Frame 2147224844/Component 10/Frame 48095670/Sample title,UIDs reach/tháng,Bai Jamjuree,600,18.0,#6D717F
🔵 UI_Phase 1,I2995:9111;2531:6606,Section 6/Pride/Property 1=Variant2/Frame 2147224844/USO Card/Frame 48095670/Sample title,137M+,Bai Jamjuree,600,28.0,#3745AF
🔵 UI_Phase 1,I2995:9111;2531:6607,Section 6/Pride/Property 1=Variant2/Frame 2147224844/USO Card/Frame 48095670/Sample title,Ad impression/month,Bai Jamjuree,600,18.0,#6D717F
🔵 UI_Phase 1,I2995:9112;2531:6606,Section 6/Pride/Property 1=Variant2/Frame 2147224844/Component 9/Frame 48095670/Sample title,10+,Bai Jamjuree,600,28.0,#3745AF
🔵 UI_Phase 1,I2995:9112;2531:6607,Section 6/Pride/Property 1=Variant2/Frame 2147224844/Component 9/Frame 48095670/Sample title,Advertiser,Bai Jamjuree,600,18.0,#6D717F
🔵 UI_Phase 1,I2995:9113;2531:6606,Section 6/Pride/Property 1=Variant2/Frame 2147224844/Component 10/Frame 48095670/Sample title,5+,Bai Jamjuree,600,28.0,#3745AF
🔵 UI_Phase 1,I2995:9113;2531:6607,Section 6/Pride/Property 1=Variant2/Frame 2147224844/Component 10/Frame 48095670/Sample title,UIDs reach/tháng,Bai Jamjuree,600,18.0,#6D717F
🔵 UI_Phase 1,I3162:8384;2531:6606,Section 6/Pride/Property 1=Variant2/Frame 2147224845/USO Card/Frame 48095670/Sample title,137M+,Bai Jamjuree,600,28.0,#3745AF
🔵 UI_Phase 1,I3162:8384;2531:6607,Section 6/Pride/Property 1=Variant2/Frame 2147224845/USO Card/Frame 48095670/Sample title,Ad impression/month,Bai Jamjuree,600,18.0,#6D717F
🔵 UI_Phase 1,I3162:8385;2531:6606,Section 6/Pride/Property 1=Variant2/Frame 2147224845/Component 9/Frame 48095670/Sample title,10+,Bai Jamjuree,600,28.0,#3745AF
🔵 UI_Phase 1,I3162:8385;2531:6607,Section 6/Pride/Property 1=Variant2/Frame 2147224845/Component 9/Frame 48095670/Sample title,Advertiser,Bai Jamjuree,600,18.0,#6D717F
🔵 UI_Phase 1,I3162:8386;2531:6606,Section 6/Pride/Property 1=Variant2/Frame 2147224845/Component 10/Frame 48095670/Sample title,5+,Bai Jamjuree,600,28.0,#3745AF
🔵 UI_Phase 1,I3162:8386;2531:6607,Section 6/Pride/Property 1=Variant2/Frame 2147224845/Component 10/Frame 48095670/Sample title,UIDs reach/tháng,Bai Jamjuree,600,18.0,#6D717F
🔵 UI_Phase 1,I3162:8586;2531:6606,Section 6/Pride/Property 1=Variant2/Frame 2147224846/USO Card/Frame 48095670/Sample title,137M+,Bai Jamjuree,600,28.0,#3745AF
🔵 UI_Phase 1,I3162:8586;2531:6607,Section 6/Pride/Property 1=Variant2/Frame 2147224846/USO Card/Frame 48095670/Sample title,Ad impression/month,Bai Jamjuree,600,18.0,#6D717F
🔵 UI_Phase 1,I3162:8587;2531:6606,Section 6/Pride/Property 1=Variant2/Frame 2147224846/Component 9/Frame 48095670/Sample title,10+,Bai Jamjuree,600,28.0,#3745AF
🔵 UI_Phase 1,I3162:8587;2531:6607,Section 6/Pride/Property 1=Variant2/Frame 2147224846/Component 9/Frame 48095670/Sample title,Advertiser,Bai Jamjuree,600,18.0,#6D717F
🔵 UI_Phase 1,I3162:8588;2531:6606,Section 6/Pride/Property 1=Variant2/Frame 2147224846/Component 10/Frame 48095670/Sample title,5+,Bai Jamjuree,600,28.0,#3745AF
🔵 UI_Phase 1,I3162:8588;2531:6607,Section 6/Pride/Property 1=Variant2/Frame 2147224846/Component 10/Frame 48095670/Sample title,UIDs reach/tháng,Bai Jamjuree,600,18.0,#6D717F
🔵 UI_Phase 1,3043:5483,Flow Connector,userflow,,,,
🔵 UI_Phase 1,3043:9941,Flow Connector,userflow,,,,
🔵 UI_Phase 1,2865:17522,Vertical Menu - Mobile/Home_Mb/Frame 13/SSK,SSK,Inter,600,18.0,#FFFFFF
🔵 UI_Phase 1,2865:17523,Vertical Menu - Mobile/Home_Mb/Frame 13/Demo,Demo,Inter,600,18.0,#FFFFFF
🔵 UI_Phase 1,2865:17524,Vertical Menu - Mobile/Home_Mb/Frame 13/Liên hệ,Liên hệ,Inter,600,18.0,#FFFFFF
🔵 UI_Phase 1,I2865:17525;2531:6497,Vertical Menu - Mobile/Home_Mb/Frame 13/Button of Nav Heading/Button,Đăng ký Demo,Bai Jamjuree,600,16.0,#FFFFFF
🔵 UI_Phase 1,2995:8503,Vertical Menu - Mobile/Home_Mb/Hero/Blog/Frame 2147224760/Frame 2147224778/Giải pháp quảng cáo trên nền tảng số,Giải pháp quảng cáo trên  nền tảng số,Bai Jamjuree,600,32.0,#0095FF
🔵 UI_Phase 1,2995:8504,"Vertical Menu - Mobile/Home_Mb/Hero/Blog/Frame 2147224760/Frame 2147224778/Quản trị và phân phối quảng cáo tập trung, tối ưu hiệu quả trên mọi điểm chạm.","Quản trị và phân phối quảng cáo tập trung, tối ưu hiệu quả trên mọi điểm chạm.",Bai Jamjuree,600,10.0,#D2D5DB
🔵 UI_Phase 1,I2995:8506;34:1272,Vertical Menu - Mobile/Home_Mb/Hero/Blog/Frame 2147224760/Frame 2147224768/Button/Text/Button,Xem định dạng,Inter,600,12.0,#FFFFFF
🔵 UI_Phase 1,I2995:8507;36:706,Vertical Menu - Mobile/Home_Mb/Hero/Blog/Frame 2147224760/Frame 2147224768/Button/Text/Button,Liên hệ tư vấn,Inter,600,12.0,#4E61F6
🔵 UI_Phase 1,2865:15313,Vertical Menu - Mobile/Home_Mb/Section 2/Frame 2147224765/Phủ sóng toàn bộ nền tảng,Phủ sóng toàn bộ nền tảng,Bai Jamjuree,600,32.0,#3745AF
🔵 UI_Phase 1,I2865:15316;2443:2970,Vertical Menu - Mobile/Home_Mb/Section 2/Frame 2147224765/Group 48095671/Frame 2147224764/Content/Title + Description/Title,IOS,Inter,600,16.0,#6D717F
🔵 UI_Phase 1,I2865:15317;2443:2970,Vertical Menu - Mobile/Home_Mb/Section 2/Frame 2147224765/Group 48095671/Frame 2147224764/Content/Title + Description/Title,Android,Inter,600,16.0,#6D717F
🔵 UI_Phase 1,I2865:15318;2443:2970,Vertical Menu - Mobile/Home_Mb/Section 2/Frame 2147224765/Group 48095671/Frame 2147224764/Content/Title + Description/Title,Smart TV,Inter,600,16.0,#6D717F
🔵 UI_Phase 1,I2865:15319;2443:2970,Vertical Menu - Mobile/Home_Mb/Section 2/Frame 2147224765/Group 48095671/Frame 2147224764/Content/Title + Description/Title,TV Box,Inter,600,16.0,#6D717F
🔵 UI_Phase 1,I2865:15320;2443:2970,Vertical Menu - Mobile/Home_Mb/Section 2/Frame 2147224765/Group 48095671/Frame 2147224764/Content/Title + Description/Title,Web,Inter,600,16.0,#6D717F
🔵 UI_Phase 1,2865:15322,Vertical Menu - Mobile/Home_Mb/Pride/Hiệu quả thực tế,Hiệu quả thực tế,Bai Jamjuree,600,32.0,#3745AF
🔵 UI_Phase 1,I2865:15325;2531:6606,Vertical Menu - Mobile/Home_Mb/Pride/Frame 1556/Pride/USO Card/Frame 48095670/Sample title,137M+,Bai Jamjuree,600,28.0,#3745AF
🔵 UI_Phase 1,I2865:15325;2531:6607,Vertical Menu - Mobile/Home_Mb/Pride/Frame 1556/Pride/USO Card/Frame 48095670/Sample title,Ad impression/month,Bai Jamjuree,600,18.0,#6D717F
🔵 UI_Phase 1,I2865:15326;2531:6606,Vertical Menu - Mobile/Home_Mb/Pride/Frame 1556/Pride/Component 9/Frame 48095670/Sample title,10+,Bai Jamjuree,600,28.0,#3745AF
🔵 UI_Phase 1,I2865:15326;2531:6607,Vertical Menu - Mobile/Home_Mb/Pride/Frame 1556/Pride/Component 9/Frame 48095670/Sample title,Advertiser,Bai Jamjuree,600,18.0,#6D717F
🔵 UI_Phase 1,I2865:15327;2531:6606,Vertical Menu - Mobile/Home_Mb/Pride/Frame 1556/Pride/Component 10/Frame 48095670/Sample title,5+,Bai Jamjuree,600,28.0,#3745AF
🔵 UI_Phase 1,I2865:15327;2531:6607,Vertical Menu - Mobile/Home_Mb/Pride/Frame 1556/Pride/Component 10/Frame 48095670/Sample title,UIDs reach/tháng,Bai Jamjuree,600,18.0,#6D717F
🔵 UI_Phase 1,2995:8547,Vertical Menu - Mobile/Home_Mb/Hero/Blog/Frame 2147224760/Frame 2147224778/Giải pháp quảng cáo trên nền tảng số,Giải pháp quảng cáo trên  nền tảng số,Bai Jamjuree,600,32.0,#0095FF
🔵 UI_Phase 1,2995:8548,"Vertical Menu - Mobile/Home_Mb/Hero/Blog/Frame 2147224760/Frame 2147224778/Quản trị và phân phối quảng cáo tập trung, tối ưu hiệu quả trên mọi điểm chạm.","Quản trị và phân phối quảng cáo tập trung, tối ưu hiệu quả trên mọi điểm chạm.",Bai Jamjuree,600,10.0,#D2D5DB
🔵 UI_Phase 1,I2995:8550;34:1272,Vertical Menu - Mobile/Home_Mb/Hero/Blog/Frame 2147224760/Frame 2147224768/Button/Text/Button,Xem định dạng,Inter,600,12.0,#FFFFFF
🔵 UI_Phase 1,I2995:8551;36:706,Vertical Menu - Mobile/Home_Mb/Hero/Blog/Frame 2147224760/Frame 2147224768/Button/Text/Button,Liên hệ tư vấn,Inter,600,12.0,#4E61F6
🔵 UI_Phase 1,2903:8270,Vertical Menu - Mobile/Home_Mb/Section 2/Frame 2147224765/Phủ sóng toàn bộ nền tảng,Phủ sóng toàn bộ nền tảng,Bai Jamjuree,600,32.0,#3745AF
🔵 UI_Phase 1,I2903:8273;2443:2970,Vertical Menu - Mobile/Home_Mb/Section 2/Frame 2147224765/Group 48095671/Frame 2147224764/Content/Title + Description/Title,IOS,Inter,600,16.0,#6D717F
🔵 UI_Phase 1,I2903:8274;2443:2970,Vertical Menu - Mobile/Home_Mb/Section 2/Frame 2147224765/Group 48095671/Frame 2147224764/Content/Title + Description/Title,Android,Inter,600,16.0,#6D717F
🔵 UI_Phase 1,I2903:8275;2443:2970,Vertical Menu - Mobile/Home_Mb/Section 2/Frame 2147224765/Group 48095671/Frame 2147224764/Content/Title + Description/Title,Smart TV,Inter,600,16.0,#6D717F
🔵 UI_Phase 1,I2903:8276;2443:2970,Vertical Menu - Mobile/Home_Mb/Section 2/Frame 2147224765/Group 48095671/Frame 2147224764/Content/Title + Description/Title,TV Box,Inter,600,16.0,#6D717F
🔵 UI_Phase 1,I2903:8277;2443:2970,Vertical Menu - Mobile/Home_Mb/Section 2/Frame 2147224765/Group 48095671/Frame 2147224764/Content/Title + Description/Title,Web,Inter,600,16.0,#6D717F
🔵 UI_Phase 1,I2903:8453;2903:8417;2445:2775,Vertical Menu - Mobile/Home_Mb/Menu/Frame 2147224841/Menu/Frame 2147224839/Button of Nav Heading/Button,SDK,Inter,600,18.0,#131927
🔵 UI_Phase 1,I2903:8453;2903:8418;2445:2775,Vertical Menu - Mobile/Home_Mb/Menu/Frame 2147224841/Menu/Frame 2147224839/Button of Nav Heading/Button,Demo,Inter,600,18.0,#131927
🔵 UI_Phase 1,I2903:8453;2903:8419;2445:2775,Vertical Menu - Mobile/Home_Mb/Menu/Frame 2147224841/Menu/Frame 2147224839/Button of Nav Heading/Button,Liên hệ,Inter,600,18.0,#131927
🔵 UI_Phase 1,I2903:8453;2903:8420;2531:6497,Vertical Menu - Mobile/Home_Mb/Menu/Frame 2147224841/Menu/Frame 2147224839/Button of Nav Heading/Button,Đăng ký Demo,Bai Jamjuree,600,16.0,#FFFFFF
🔵 UI_Phase 1,I2903:8493;2903:8487;2445:2775,Vertical Menu - Mobile/Home_Mb/Frame 2147224840/Frame 2147224841/Menu/Frame 2147224839/Button of Nav Heading/Button,SDK,Inter,600,18.0,#131927
🔵 UI_Phase 1,I2903:8493;2903:8488;2445:2775,Vertical Menu - Mobile/Home_Mb/Frame 2147224840/Frame 2147224841/Menu/Frame 2147224839/Button of Nav Heading/Button,Demo,Inter,600,18.0,#131927
🔵 UI_Phase 1,I2903:8493;2903:8489;2445:2775,Vertical Menu - Mobile/Home_Mb/Frame 2147224840/Frame 2147224841/Menu/Frame 2147224839/Button of Nav Heading/Button,Liên hệ,Inter,600,18.0,#131927
🔵 UI_Phase 1,I2903:8493;2903:8490;2531:6497,Vertical Menu - Mobile/Home_Mb/Frame 2147224840/Frame 2147224841/Menu/Frame 2147224839/Button of Nav Heading/Button,Đăng ký Demo,Bai Jamjuree,600,16.0,#FFFFFF
🔵 UI_Phase 1,I2903:8487;2445:2775,Vertical Menu - Mobile/Frame 2147224840/Property 1=Menu Hide/Frame 2147224841/Menu/Frame 2147224839/Button of Nav Heading/Button,SDK,Inter,600,18.0,#131927
🔵 UI_Phase 1,I2903:8488;2445:2775,Vertical Menu - Mobile/Frame 2147224840/Property 1=Menu Hide/Frame 2147224841/Menu/Frame 2147224839/Button of Nav Heading/Button,Demo,Inter,600,18.0,#131927
🔵 UI_Phase 1,I2903:8489;2445:2775,Vertical Menu - Mobile/Frame 2147224840/Property 1=Menu Hide/Frame 2147224841/Menu/Frame 2147224839/Button of Nav Heading/Button,Liên hệ,Inter,600,18.0,#131927
🔵 UI_Phase 1,I2903:8490;2531:6497,Vertical Menu - Mobile/Frame 2147224840/Property 1=Menu Hide/Frame 2147224841/Menu/Frame 2147224839/Button of Nav Heading/Button,Đăng ký Demo,Bai Jamjuree,600,16.0,#FFFFFF
🔵 UI_Phase 1,I2903:8440;2445:2775,Vertical Menu - Mobile/Frame 2147224840/Property 1=MMenu Expand/Frame 2147224841/Menu/Frame 2147224839/Button of Nav Heading/Button,SDK,Inter,600,18.0,#131927
🔵 UI_Phase 1,I2903:8441;2445:2775,Vertical Menu - Mobile/Frame 2147224840/Property 1=MMenu Expand/Frame 2147224841/Menu/Frame 2147224839/Button of Nav Heading/Button,Demo,Inter,600,18.0,#131927
🔵 UI_Phase 1,I2903:8442;2445:2775,Vertical Menu - Mobile/Frame 2147224840/Property 1=MMenu Expand/Frame 2147224841/Menu/Frame 2147224839/Button of Nav Heading/Button,Liên hệ,Inter,600,18.0,#131927
🔵 UI_Phase 1,I2903:8443;2531:6497,Vertical Menu - Mobile/Frame 2147224840/Property 1=MMenu Expand/Frame 2147224841/Menu/Frame 2147224839/Button of Nav Heading/Button,Đăng ký Demo,Bai Jamjuree,600,16.0,#FFFFFF
🔵 UI_Phase 1,I3043:8310;2445:2787;2445:2775,SDK/Desk_SDK/Frame 2147224760/Frame 2147224758/Button of Nav Heading/Button,SDK,Bai Jamjuree,600,16.0,#131927
🔵 UI_Phase 1,I3043:8310;2445:2794;2445:2775,SDK/Desk_SDK/Frame 2147224760/Frame 2147224758/Button of Nav Heading/Button,Demo,Bai Jamjuree,600,16.0,#131927
🔵 UI_Phase 1,I3043:8310;2445:2801;2445:2775,SDK/Desk_SDK/Frame 2147224760/Frame 2147224758/Button of Nav Heading/Button,Liên hệ,Bai Jamjuree,600,16.0,#131927
🔵 UI_Phase 1,I3043:8310;2531:6521;2531:6497,SDK/Desk_SDK/Frame 2147224760/Frame 2147224758/Button of Nav Heading/Button,Đăng ký Demo,Bai Jamjuree,600,16.0,#FFFFFF
🔵 UI_Phase 1,I3043:8310;3139:11474;3139:11623;107:1496,SDK/Desk_SDK/Frame 2147224760/Frame 2147224758/List (Left Item)/Left Content/Avatar/A,V,Bai Jamjuree,600,16.0,#FFFFFF
🔵 UI_Phase 1,I3043:8310;3139:11474;3139:11619,SDK/Desk_SDK/Frame 2147224760/Frame 2147224758/List (Left Item)/Left Content/Title,Ngôn ngữ,Inter,600,14.0,#131927
🔵 UI_Phase 1,3043:8413,"SDK/Desk_SDK/Hero/Blog/Text/Frame 2147224778/SDK được xây dựng riêng, dành riêng cho nền tảng của bạn","SDK được xây dựng riêng, dành riêng cho nền tảng của bạn",Bai Jamjuree,600,48.0,#0095FF
🔵 UI_Phase 1,3043:8414,"SDK/Desk_SDK/Hero/Blog/Text/Frame 2147224778/Chúng tôi xây dựng bộ SDK riêng cho từng khách hàng để kết nối nền tảng của bạn với Ad Server. SDK được tuỳ chỉnh hoàn toàn theo nhu cầu, hỗ trợ phân phối quảng cáo, theo dõi và đo lường hiệu quả trên tất cả sản phẩm của bạn.","Chúng tôi  xây dựng bộ SDK riêng cho từng khách hàng để kết nối nền tảng của bạn với Ad Server. SDK được tuỳ chỉnh hoàn toàn theo nhu cầu, hỗ trợ phân  phối quảng cáo, theo dõi và đo lường hiệu quả trên tất cả sản phẩm của bạn.",Bai Jamjuree,600,24.0,#D2D5DB
🔵 UI_Phase 1,I3043:8417;36:691,SDK/Desk_SDK/Hero/Blog/Text/Frame 2147224768/Button/Text/Button,Tư vấn,Inter,600,18.0,#4E61F6
🔵 UI_Phase 1,3055:11351,SDK/Desk_SDK/Section 4/wiiads-sdk-diagram/Img/code-editor-panel/code-block/WiiAds.init({,WiiAds.init({,JetBrains Mono,400,14.246013641357422,#000000
🔵 UI_Phase 1,3055:11352,"SDK/Desk_SDK/Section 4/wiiads-sdk-diagram/Img/code-editor-panel/code-block/appId: ""YOUR_APP_ID"",","appId: ""YOUR_APP_ID"",",JetBrains Mono,400,14.246013641357422,#000000
🔵 UI_Phase 1,3055:11353,"SDK/Desk_SDK/Section 4/wiiads-sdk-diagram/Img/code-editor-panel/code-block/adUnitId: ""YOUR_AD_UNIT_ID"",","adUnitId: ""YOUR_AD_UNIT_ID"",",JetBrains Mono,400,14.246013641357422,#000000
🔵 UI_Phase 1,3055:11354,"SDK/Desk_SDK/Section 4/wiiads-sdk-diagram/Img/code-editor-panel/code-block/environment: ""production""","environment: ""production""",JetBrains Mono,400,14.246013641357422,#000000
🔵 UI_Phase 1,3055:11355,SDK/Desk_SDK/Section 4/wiiads-sdk-diagram/Img/code-editor-panel/code-block/});,});,JetBrains Mono,400,14.246013641357422,#E2E8F0
🔵 UI_Phase 1,3055:11357,SDK/Desk_SDK/Section 4/wiiads-sdk-diagram/Img/code-editor-panel/code-block/WiiAds.loadAd(adUnitId);,WiiAds.loadAd(adUnitId);,JetBrains Mono,400,14.246013641357422,#000000
🔵 UI_Phase 1,3055:11359,"SDK/Desk_SDK/Section 4/wiiads-sdk-diagram/Img/code-editor-panel/code-block/WiiAds.showAd(adUnitId, {","WiiAds.showAd(adUnitId, {",JetBrains Mono,400,14.246013641357422,#000000
🔵 UI_Phase 1,3055:11360,"SDK/Desk_SDK/Section 4/wiiads-sdk-diagram/Img/code-editor-panel/code-block/onAdShow: () => {},","onAdShow: () => {},",JetBrains Mono,400,14.246013641357422,#000000
🔵 UI_Phase 1,3055:11361,"SDK/Desk_SDK/Section 4/wiiads-sdk-diagram/Img/code-editor-panel/code-block/onAdClick: () => {},","onAdClick: () => {},",JetBrains Mono,400,14.246013641357422,#000000
🔵 UI_Phase 1,3055:11362,SDK/Desk_SDK/Section 4/wiiads-sdk-diagram/Img/code-editor-panel/code-block/onAdClosed: () => {},onAdClosed: () => {},JetBrains Mono,400,14.246013641357422,#000000
🔵 UI_Phase 1,3055:11363,SDK/Desk_SDK/Section 4/wiiads-sdk-diagram/Img/code-editor-panel/code-block/});,});,JetBrains Mono,400,14.246013641357422,#E2E8F0
🔵 UI_Phase 1,3055:11415,SDK/Desk_SDK/Section 4/wiiads-sdk-diagram/Img/SDK_Floating_Badge/SDK,SDK,Instrument Sans,700,17.533554077148438,#FFFFFF
🔵 UI_Phase 1,3055:11371,SDK/Desk_SDK/Section 4/wiiads-sdk-diagram/Img/Diagram/WiiAds_Server_Card/Logo_Row/WIIADS,WIIADS,Instrument Sans,700,28.492027282714844,#000000
🔵 UI_Phase 1,3055:11372,SDK/Desk_SDK/Section 4/wiiads-sdk-diagram/Img/Diagram/WiiAds_Server_Card/AD SERVER,AD SERVER,Instrument Sans,700,13.150166511535645,#1E293B
🔵 UI_Phase 1,3055:11378,SDK/Desk_SDK/Section 4/wiiads-sdk-diagram/Img/Diagram/Platform_Cards_Row/Platform_Card_Web/Web,Web,Inter,600,12.0,#1E293B
🔵 UI_Phase 1,3055:11383,SDK/Desk_SDK/Section 4/wiiads-sdk-diagram/Img/Diagram/Platform_Cards_Row/Platform_Card_App/Android IOS,Android\nIOS,Inter,600,12.0,#1E293B
🔵 UI_Phase 1,3055:11388,SDK/Desk_SDK/Section 4/wiiads-sdk-diagram/Img/Diagram/Platform_Cards_Row/Platform_Card_Tv/Smart TV/TVbox,Smart TV/TVbox,Inter,600,12.0,#1E293B
🔵 UI_Phase 1,I3055:10205;2626:10320,SDK/Desk_SDK/Cover/Frame 1557/Frame 48095697/Frame 2147224784/Sample text,Được thiết kế riêng cho bạn,Inter,600,18.0,#3745AF
🔵 UI_Phase 1,I3055:10205;2626:10321,"SDK/Desk_SDK/Cover/Frame 1557/Frame 48095697/Frame 2147224784/Lorem ipsum dolor sit amet, consectetur adipiscing elit, sed do eiusmod tempor .","Phát triển phù hợp với nền tảng, sản phẩm và trải nghiệm của khách hàng",Inter,400,14.0,#131927
🔵 UI_Phase 1,I3055:10206;2626:10320,SDK/Desk_SDK/Cover/Frame 1557/Frame 48095698/Frame 2147224784/Sample text,Tích hợp dễ dàng,Inter,600,18.0,#3745AF
🔵 UI_Phase 1,I3055:10206;2626:10321,"SDK/Desk_SDK/Cover/Frame 1557/Frame 48095698/Frame 2147224784/Lorem ipsum dolor sit amet, consectetur adipiscing elit, sed do eiusmod tempor .",Dễ dàng tích hợp vào ứng dụng hoặc website với nỗ lực phát triển tối thiểu,Inter,400,14.0,#131927
🔵 UI_Phase 1,I3055:10207;2626:10320,SDK/Desk_SDK/Cover/Frame 1557/Frame 48095699/Frame 2147224784/Sample text,Đo lường chính xác,Inter,600,18.0,#3745AF
🔵 UI_Phase 1,I3055:10207;2626:10321,"SDK/Desk_SDK/Cover/Frame 1557/Frame 48095699/Frame 2147224784/Lorem ipsum dolor sit amet, consectetur adipiscing elit, sed do eiusmod tempor .",Thu thập dữ liệu tin cậy và đầy đủ để tối ưu hiệu quả quảng cáo,Inter,400,14.0,#131927
🔵 UI_Phase 1,I3055:10208;2626:10320,SDK/Desk_SDK/Cover/Frame 1557/Frame 48095700/Frame 2147224784/Sample text,Bảo mật & ổn định,Inter,600,18.0,#3745AF
🔵 UI_Phase 1,I3055:10208;2626:10321,"SDK/Desk_SDK/Cover/Frame 1557/Frame 48095700/Frame 2147224784/Lorem ipsum dolor sit amet, consectetur adipiscing elit, sed do eiusmod tempor .","Bảo mật cấp doanh nghiệp và hiệu năng ổn định, khả năng mở rộng theo quy mô",Inter,400,14.0,#131927
🔵 UI_Phase 1,I3043:8338;2531:9822,SDK/Desk_SDK/Footer Desk/Frame 2087326388/Công ty TNHH Một thành viên Công nghệ và Thương mại Wiinvent,Công ty TNHH Một thành viên Công nghệ và Thương mại Wiinvent,Inter,400,16.0,#FFFFFF
🔵 UI_Phase 1,I3043:8338;2531:9826;2445:2775,SDK/Desk_SDK/Footer Desk/Frame 5/Frame 5/Frame 92/Frame 2147224758/Button of Nav Heading/Button,SDK,Bai Jamjuree,600,18.0,#FFFFFF
🔵 UI_Phase 1,I3043:8338;2531:9827;2445:2775,SDK/Desk_SDK/Footer Desk/Frame 5/Frame 5/Frame 92/Frame 2147224758/Button of Nav Heading/Button,Demo,Bai Jamjuree,600,18.0,#FFFFFF
🔵 UI_Phase 1,I3043:8338;2531:9828;2445:2775,SDK/Desk_SDK/Footer Desk/Frame 5/Frame 5/Frame 92/Frame 2147224758/Button of Nav Heading/Button,Liên hệ,Bai Jamjuree,600,18.0,#FFFFFF
🔵 UI_Phase 1,I3043:8338;2531:9829;2531:6497,SDK/Desk_SDK/Footer Desk/Frame 5/Frame 5/Frame 92/Frame 2147224758/Button of Nav Heading/Button,Đăng ký Demo,Bai Jamjuree,600,16.0,#FFFFFF
🔵 UI_Phase 1,I3043:8338;2531:9831,SDK/Desk_SDK/Footer Desk/Frame 5/Frame 5/Frame 90/Liên hệ,Liên hệ,Bai Jamjuree,600,18.0,#FFFFFF
🔵 UI_Phase 1,I3043:8338;2531:9841,"SDK/Desk_SDK/Footer Desk/Frame 5/Frame 5/Frame 90/Frame 1410103937/Frame 34/96 Hoàng Ngân, Yên Hoà, Cầu Giấy - Hà Nội","96 Hoàng Ngân, Yên Hoà, Cầu Giấy - Hà Nội",Inter,400,14.0,#FFFFFF
🔵 UI_Phase 1,I3043:8338;2531:10058,SDK/Desk_SDK/Footer Desk/Frame 1527/© Wiinvent 2026,© Wiinvent 2026,Manrope,600,16.0,#FFFFFF
🔵 UI_Phase 1,I3043:8338;2531:10059;2445:2487,SDK/Desk_SDK/Footer Desk/Frame 1527/Back Button/Symbol,,Font Awesome 5 Free,900,16.0,#FFFFFF
🔵 UI_Phase 1,I3043:9731;2445:2808;2445:2775,SDK/Tb_SDK/Frame 2147224760/Frame 2147224758/Button of Nav Heading/Button,SDK,Bai Jamjuree,600,16.0,#131927
🔵 UI_Phase 1,I3043:9731;2445:2811;2445:2775,SDK/Tb_SDK/Frame 2147224760/Frame 2147224758/Button of Nav Heading/Button,Demo,Bai Jamjuree,600,16.0,#131927
🔵 UI_Phase 1,I3043:9731;2445:2814;2445:2775,SDK/Tb_SDK/Frame 2147224760/Frame 2147224758/Button of Nav Heading/Button,Liên hệ,Bai Jamjuree,600,16.0,#131927
🔵 UI_Phase 1,I3043:9731;2531:6542;2531:6497,SDK/Tb_SDK/Frame 2147224760/Frame 2147224758/Button of Nav Heading/Button,Demo,Bai Jamjuree,600,16.0,#FFFFFF
🔵 UI_Phase 1,I3043:9731;3139:11700;3139:11623;107:1496,SDK/Tb_SDK/Frame 2147224760/Frame 2147224758/List (Left Item)/Left Content/Avatar/A,V,Bai Jamjuree,600,16.0,#FFFFFF
🔵 UI_Phase 1,I3043:9731;3139:11700;3139:11619,SDK/Tb_SDK/Frame 2147224760/Frame 2147224758/List (Left Item)/Left Content/Title,Ngôn ngữ,Inter,600,14.0,#131927
🔵 UI_Phase 1,3043:9737,"SDK/Tb_SDK/Hero/Blog/Text/Frame 2147224778/SDK được xây dựng riêng, dành riêng cho nền tảng của bạn","SDK được xây dựng riêng, dành riêng cho nền tảng của bạn",Bai Jamjuree,600,48.0,#0095FF
🔵 UI_Phase 1,3043:9738,"SDK/Tb_SDK/Hero/Blog/Text/Frame 2147224778/Chúng tôi xây dựng bộ SDK riêng cho từng khách hàng để kết nối nền tảng của bạn với Ad Server. SDK được tuỳ chỉnh hoàn toàn theo nhu cầu, hỗ trợ phân phối quảng cáo, theo dõi và đo lường hiệu quả trên tất cả sản phẩm của bạn.","Chúng tôi  xây dựng bộ SDK riêng cho từng khách hàng để kết nối nền tảng của bạn với Ad Server. SDK được tuỳ chỉnh hoàn toàn theo nhu cầu, hỗ trợ phân  phối quảng cáo, theo dõi và đo lường hiệu quả trên tất cả sản phẩm của bạn.",Bai Jamjuree,600,24.0,#D2D5DB
🔵 UI_Phase 1,I3043:9740;36:691,SDK/Tb_SDK/Hero/Blog/Text/Frame 2147224768/Button/Text/Button,Tư vấn,Inter,600,18.0,#4E61F6
🔵 UI_Phase 1,3162:9727,SDK/Tb_SDK/Section 4/wiiads-sdk-diagram/Img/code-editor-panel/code-block/WiiAds.init({,WiiAds.init({,JetBrains Mono,400,11.288070678710938,#000000
🔵 UI_Phase 1,3162:9728,"SDK/Tb_SDK/Section 4/wiiads-sdk-diagram/Img/code-editor-panel/code-block/appId: ""YOUR_APP_ID"",","appId: ""YOUR_APP_ID"",",JetBrains Mono,400,11.288070678710938,#000000
🔵 UI_Phase 1,3162:9729,"SDK/Tb_SDK/Section 4/wiiads-sdk-diagram/Img/code-editor-panel/code-block/adUnitId: ""YOUR_AD_UNIT_ID"",","adUnitId: ""YOUR_AD_UNIT_ID"",",JetBrains Mono,400,11.288070678710938,#000000
🔵 UI_Phase 1,3162:9730,"SDK/Tb_SDK/Section 4/wiiads-sdk-diagram/Img/code-editor-panel/code-block/environment: ""production""","environment: ""production""",JetBrains Mono,400,11.288070678710938,#000000
🔵 UI_Phase 1,3162:9731,SDK/Tb_SDK/Section 4/wiiads-sdk-diagram/Img/code-editor-panel/code-block/});,});,JetBrains Mono,400,11.288070678710938,#E2E8F0
🔵 UI_Phase 1,3162:9733,SDK/Tb_SDK/Section 4/wiiads-sdk-diagram/Img/code-editor-panel/code-block/WiiAds.loadAd(adUnitId);,WiiAds.loadAd(adUnitId);,JetBrains Mono,400,11.288070678710938,#000000
🔵 UI_Phase 1,3162:9735,"SDK/Tb_SDK/Section 4/wiiads-sdk-diagram/Img/code-editor-panel/code-block/WiiAds.showAd(adUnitId, {","WiiAds.showAd(adUnitId, {",JetBrains Mono,400,11.288070678710938,#000000
🔵 UI_Phase 1,3162:9736,"SDK/Tb_SDK/Section 4/wiiads-sdk-diagram/Img/code-editor-panel/code-block/onAdShow: () => {},","onAdShow: () => {},",JetBrains Mono,400,11.288070678710938,#000000
🔵 UI_Phase 1,3162:9737,"SDK/Tb_SDK/Section 4/wiiads-sdk-diagram/Img/code-editor-panel/code-block/onAdClick: () => {},","onAdClick: () => {},",JetBrains Mono,400,11.288070678710938,#000000
🔵 UI_Phase 1,3162:9738,SDK/Tb_SDK/Section 4/wiiads-sdk-diagram/Img/code-editor-panel/code-block/onAdClosed: () => {},onAdClosed: () => {},JetBrains Mono,400,11.288070678710938,#000000
🔵 UI_Phase 1,3162:9739,SDK/Tb_SDK/Section 4/wiiads-sdk-diagram/Img/code-editor-panel/code-block/});,});,JetBrains Mono,400,11.288070678710938,#E2E8F0
🔵 UI_Phase 1,3162:9745,SDK/Tb_SDK/Section 4/wiiads-sdk-diagram/Img/SDK_Floating_Badge/SDK,SDK,Instrument Sans,700,13.893009185791016,#FFFFFF
🔵 UI_Phase 1,3162:9756,SDK/Tb_SDK/Section 4/wiiads-sdk-diagram/Img/Diagram/WiiAds_Server_Card/Logo_Row/WIIADS,WIIADS,Instrument Sans,700,22.576141357421875,#000000
🔵 UI_Phase 1,3162:9757,SDK/Tb_SDK/Section 4/wiiads-sdk-diagram/Img/Diagram/WiiAds_Server_Card/AD SERVER,AD SERVER,Instrument Sans,700,10.419757843017578,#1E293B
🔵 UI_Phase 1,3162:9763,SDK/Tb_SDK/Section 4/wiiads-sdk-diagram/Img/Diagram/Platform_Cards_Row/Platform_Card_Web/Web,Web,Inter,600,9.508403778076172,#1E293B
🔵 UI_Phase 1,3162:9768,SDK/Tb_SDK/Section 4/wiiads-sdk-diagram/Img/Diagram/Platform_Cards_Row/Platform_Card_App/Android IOS,Android\nIOS,Inter,600,9.508403778076172,#1E293B
🔵 UI_Phase 1,3162:9773,SDK/Tb_SDK/Section 4/wiiads-sdk-diagram/Img/Diagram/Platform_Cards_Row/Platform_Card_Tv/Smart TV/TVbox,Smart TV/TVbox,Inter,600,9.508403778076172,#1E293B
🔵 UI_Phase 1,I3055:10149;2626:10320,SDK/Tb_SDK/Cover/Frame 1557/Frame 48095697/Frame 2147224784/Sample text,Được thiết kế riêng cho bạn,Inter,600,18.0,#3745AF
🔵 UI_Phase 1,I3055:10149;2626:10321,"SDK/Tb_SDK/Cover/Frame 1557/Frame 48095697/Frame 2147224784/Lorem ipsum dolor sit amet, consectetur adipiscing elit, sed do eiusmod tempor .","Phát triển phù hợp với nền tảng, sản phẩm và trải nghiệm của khách hàng",Inter,400,14.0,#131927
🔵 UI_Phase 1,I3055:10150;2626:10320,SDK/Tb_SDK/Cover/Frame 1557/Frame 48095698/Frame 2147224784/Sample text,Tích hợp dễ dàng,Inter,600,18.0,#3745AF
🔵 UI_Phase 1,I3055:10150;2626:10321,"SDK/Tb_SDK/Cover/Frame 1557/Frame 48095698/Frame 2147224784/Lorem ipsum dolor sit amet, consectetur adipiscing elit, sed do eiusmod tempor .",Dễ dàng tích hợp vào ứng dụng hoặc website với nỗ lực phát triển tối thiểu,Inter,400,14.0,#131927
🔵 UI_Phase 1,I3055:10151;2626:10320,SDK/Tb_SDK/Cover/Frame 1557/Frame 48095699/Frame 2147224784/Sample text,Đo lường chính xác,Inter,600,18.0,#3745AF
🔵 UI_Phase 1,I3055:10151;2626:10321,"SDK/Tb_SDK/Cover/Frame 1557/Frame 48095699/Frame 2147224784/Lorem ipsum dolor sit amet, consectetur adipiscing elit, sed do eiusmod tempor .",Thu thập dữ liệu tin cậy và đầy đủ để tối ưu hiệu quả quảng cáo,Inter,400,14.0,#131927
🔵 UI_Phase 1,I3055:10152;2626:10320,SDK/Tb_SDK/Cover/Frame 1557/Frame 48095700/Frame 2147224784/Sample text,Bảo mật & ổn định,Inter,600,18.0,#3745AF
🔵 UI_Phase 1,I3055:10152;2626:10321,"SDK/Tb_SDK/Cover/Frame 1557/Frame 48095700/Frame 2147224784/Lorem ipsum dolor sit amet, consectetur adipiscing elit, sed do eiusmod tempor .","Bảo mật cấp doanh nghiệp và hiệu năng ổn định, khả năng mở rộng theo quy mô",Inter,400,14.0,#131927
🔵 UI_Phase 1,I3043:9814;2531:9850,SDK/Tb_SDK/Footer Desk/Frame 2087326388/Công ty TNHH Một thành viên Công nghệ và Thương mại Wiinvent,Công ty TNHH Một thành viên Công nghệ và Thương mại Wiinvent,Inter,400,16.0,#FFFFFF
🔵 UI_Phase 1,I3043:9814;2531:9855;2445:2775,SDK/Tb_SDK/Footer Desk/Frame 2087326389/Frame 92/Frame 2147224758/Button of Nav Heading/Button,SDK,Bai Jamjuree,600,18.0,#FFFFFF
🔵 UI_Phase 1,I3043:9814;2531:9856;2445:2775,SDK/Tb_SDK/Footer Desk/Frame 2087326389/Frame 92/Frame 2147224758/Button of Nav Heading/Button,Demo,Bai Jamjuree,600,18.0,#FFFFFF
🔵 UI_Phase 1,I3043:9814;2531:9857;2445:2775,SDK/Tb_SDK/Footer Desk/Frame 2087326389/Frame 92/Frame 2147224758/Button of Nav Heading/Button,Liên hệ,Bai Jamjuree,600,18.0,#FFFFFF
🔵 UI_Phase 1,I3043:9814;2531:9858;2531:6497,SDK/Tb_SDK/Footer Desk/Frame 2087326389/Frame 92/Frame 2147224758/Button of Nav Heading/Button,Đăng ký Demo,Bai Jamjuree,600,16.0,#FFFFFF
🔵 UI_Phase 1,I3043:9814;2675:12645,SDK/Tb_SDK/Footer Desk/Frame 2087326389/Frame 93/Liên hệ,Liên hệ,Bai Jamjuree,600,18.0,#FFFFFF
🔵 UI_Phase 1,I3043:9814;2675:12655,"SDK/Tb_SDK/Footer Desk/Frame 2087326389/Frame 93/Frame 1410103937/Frame 34/96 Hoàng Ngân, Yên Hoà, Cầu Giấy - Hà Nội","96 Hoàng Ngân, Yên Hoà, Cầu Giấy - Hà Nội",Inter,400,14.0,#FFFFFF
🔵 UI_Phase 1,I3043:9814;2531:9873,SDK/Tb_SDK/Footer Desk/Frame 1527/© Wiinvent 2026,© Wiinvent 2026,Manrope,600,16.0,#FFFFFF
🔵 UI_Phase 1,I3043:9814;2531:10025;2445:2487,SDK/Tb_SDK/Footer Desk/Frame 1527/Back Button/Symbol,,Font Awesome 5 Free,900,16.0,#FFFFFF
🔵 UI_Phase 1,3055:10267,"SDK/Tb_SDK/Hero/Blog/Text/Frame 2147224778/SDK được xây dựng riêng, dành riêng cho nền tảng của bạn","SDK được xây dựng riêng, dành riêng cho nền tảng của bạn",Bai Jamjuree,600,32.0,#0095FF
🔵 UI_Phase 1,3055:10268,"SDK/Tb_SDK/Hero/Blog/Text/Frame 2147224778/Chúng tôi xây dựng bộ SDK riêng cho từng khách hàng để kết nối nền tảng của bạn với Ad Server. SDK được tuỳ chỉnh hoàn toàn theo nhu cầu, hỗ trợ phân phối quảng cáo, theo dõi và đo lường hiệu quả trên tất cả sản phẩm của bạn.","Chúng tôi  xây dựng bộ SDK riêng cho từng khách hàng để kết nối nền tảng của bạn với Ad Server. SDK được tuỳ chỉnh hoàn toàn theo nhu cầu, hỗ trợ phân  phối quảng cáo, theo dõi và đo lường hiệu quả trên tất cả sản phẩm của bạn.",Bai Jamjuree,600,14.0,#D2D5DB
🔵 UI_Phase 1,I3055:10270;36:706,SDK/Tb_SDK/Hero/Blog/Text/Frame 2147224768/Button/Text/Button,Tư vấn,Inter,600,12.0,#4E61F6
🔵 UI_Phase 1,3162:9803,SDK/Tb_SDK/Section 4/wiiads-sdk-diagram/Img/code-editor-panel/code-block/WiiAds.init({,WiiAds.init({,JetBrains Mono,400,5.427637577056885,#000000
🔵 UI_Phase 1,3162:9804,"SDK/Tb_SDK/Section 4/wiiads-sdk-diagram/Img/code-editor-panel/code-block/appId: ""YOUR_APP_ID"",","appId: ""YOUR_APP_ID"",",JetBrains Mono,400,5.427637577056885,#000000
🔵 UI_Phase 1,3162:9805,"SDK/Tb_SDK/Section 4/wiiads-sdk-diagram/Img/code-editor-panel/code-block/adUnitId: ""YOUR_AD_UNIT_ID"",","adUnitId: ""YOUR_AD_UNIT_ID"",",JetBrains Mono,400,5.427637577056885,#000000
🔵 UI_Phase 1,3162:9806,"SDK/Tb_SDK/Section 4/wiiads-sdk-diagram/Img/code-editor-panel/code-block/environment: ""production""","environment: ""production""",JetBrains Mono,400,5.427637577056885,#000000
🔵 UI_Phase 1,3162:9807,SDK/Tb_SDK/Section 4/wiiads-sdk-diagram/Img/code-editor-panel/code-block/});,});,JetBrains Mono,400,5.427637577056885,#E2E8F0
🔵 UI_Phase 1,3162:9809,SDK/Tb_SDK/Section 4/wiiads-sdk-diagram/Img/code-editor-panel/code-block/WiiAds.loadAd(adUnitId);,WiiAds.loadAd(adUnitId);,JetBrains Mono,400,5.427637577056885,#000000
🔵 UI_Phase 1,3162:9811,"SDK/Tb_SDK/Section 4/wiiads-sdk-diagram/Img/code-editor-panel/code-block/WiiAds.showAd(adUnitId, {","WiiAds.showAd(adUnitId, {",JetBrains Mono,400,5.427637577056885,#000000
🔵 UI_Phase 1,3162:9812,"SDK/Tb_SDK/Section 4/wiiads-sdk-diagram/Img/code-editor-panel/code-block/onAdShow: () => {},","onAdShow: () => {},",JetBrains Mono,400,5.427637577056885,#000000
🔵 UI_Phase 1,3162:9813,"SDK/Tb_SDK/Section 4/wiiads-sdk-diagram/Img/code-editor-panel/code-block/onAdClick: () => {},","onAdClick: () => {},",JetBrains Mono,400,5.427637577056885,#000000
🔵 UI_Phase 1,3162:9814,SDK/Tb_SDK/Section 4/wiiads-sdk-diagram/Img/code-editor-panel/code-block/onAdClosed: () => {},onAdClosed: () => {},JetBrains Mono,400,5.427637577056885,#000000
🔵 UI_Phase 1,3162:9815,SDK/Tb_SDK/Section 4/wiiads-sdk-diagram/Img/code-editor-panel/code-block/});,});,JetBrains Mono,400,5.427637577056885,#E2E8F0
🔵 UI_Phase 1,3162:9821,SDK/Tb_SDK/Section 4/wiiads-sdk-diagram/Img/SDK_Floating_Badge/SDK,SDK,Instrument Sans,700,6.680169105529785,#FFFFFF
🔵 UI_Phase 1,3162:9832,SDK/Tb_SDK/Section 4/wiiads-sdk-diagram/Img/Diagram/WiiAds_Server_Card/Logo_Row/WIIADS,WIIADS,Instrument Sans,700,10.85527515411377,#000000
🔵 UI_Phase 1,3162:9833,SDK/Tb_SDK/Section 4/wiiads-sdk-diagram/Img/Diagram/WiiAds_Server_Card/AD SERVER,AD SERVER,Instrument Sans,700,5.010127544403076,#1E293B
🔵 UI_Phase 1,3162:9839,SDK/Tb_SDK/Section 4/wiiads-sdk-diagram/Img/Diagram/Platform_Cards_Row/Platform_Card_Web/Web,Web,Inter,600,4.571921348571777,#1E293B
🔵 UI_Phase 1,3162:9844,SDK/Tb_SDK/Section 4/wiiads-sdk-diagram/Img/Diagram/Platform_Cards_Row/Platform_Card_App/Android IOS,Android\nIOS,Inter,600,4.571921348571777,#1E293B
🔵 UI_Phase 1,3162:9849,SDK/Tb_SDK/Section 4/wiiads-sdk-diagram/Img/Diagram/Platform_Cards_Row/Platform_Card_Tv/Smart TV/TVbox,Smart TV/TVbox,Inter,600,4.571921348571777,#1E293B
🔵 UI_Phase 1,I3055:10340;2626:10320,SDK/Tb_SDK/Cover/Frame 1557/Frame 48095697/Frame 2147224784/Sample text,Được thiết kế riêng cho bạn,Inter,600,18.0,#3745AF
🔵 UI_Phase 1,I3055:10340;2626:10321,"SDK/Tb_SDK/Cover/Frame 1557/Frame 48095697/Frame 2147224784/Lorem ipsum dolor sit amet, consectetur adipiscing elit, sed do eiusmod tempor .","Phát triển phù hợp với nền tảng, sản phẩm và trải nghiệm của khách hàng",Inter,400,14.0,#131927
🔵 UI_Phase 1,I3055:10341;2626:10320,SDK/Tb_SDK/Cover/Frame 1557/Frame 48095698/Frame 2147224784/Sample text,Tích hợp dễ dàng,Inter,600,18.0,#3745AF
🔵 UI_Phase 1,I3055:10341;2626:10321,"SDK/Tb_SDK/Cover/Frame 1557/Frame 48095698/Frame 2147224784/Lorem ipsum dolor sit amet, consectetur adipiscing elit, sed do eiusmod tempor .",Dễ dàng tích hợp vào ứng dụng hoặc website với nỗ lực phát triển tối thiểu,Inter,400,14.0,#131927
🔵 UI_Phase 1,I3055:10342;2626:10320,SDK/Tb_SDK/Cover/Frame 1557/Frame 48095699/Frame 2147224784/Sample text,Đo lường chính xác,Inter,600,18.0,#3745AF
🔵 UI_Phase 1,I3055:10342;2626:10321,"SDK/Tb_SDK/Cover/Frame 1557/Frame 48095699/Frame 2147224784/Lorem ipsum dolor sit amet, consectetur adipiscing elit, sed do eiusmod tempor .",Thu thập dữ liệu tin cậy và đầy đủ để tối ưu hiệu quả quảng cáo,Inter,400,14.0,#131927
🔵 UI_Phase 1,I3055:10343;2626:10320,SDK/Tb_SDK/Cover/Frame 1557/Frame 48095700/Frame 2147224784/Sample text,Bảo mật & ổn định,Inter,600,18.0,#3745AF
🔵 UI_Phase 1,I3055:10343;2626:10321,"SDK/Tb_SDK/Cover/Frame 1557/Frame 48095700/Frame 2147224784/Lorem ipsum dolor sit amet, consectetur adipiscing elit, sed do eiusmod tempor .","Bảo mật cấp doanh nghiệp và hiệu năng ổn định, khả năng mở rộng theo quy mô",Inter,400,14.0,#131927
🔵 UI_Phase 1,I3055:10344;2531:9878,SDK/Tb_SDK/Footer Desk/Frame 2087326388/Công ty TNHH Một thành viên Công nghệ và Thương mại Wiinvent,Công ty TNHH Một thành viên Công nghệ và Thương mại Wiinvent,Inter,400,12.0,#FFFFFF
🔵 UI_Phase 1,I3055:10344;2531:9882;2445:2775,SDK/Tb_SDK/Footer Desk/Frame 92/Frame 2147224758/Button of Nav Heading/Button,SDK,Bai Jamjuree,600,16.0,#FFFFFF
🔵 UI_Phase 1,I3055:10344;2531:9883;2445:2775,SDK/Tb_SDK/Footer Desk/Frame 92/Frame 2147224758/Button of Nav Heading/Button,Demo,Bai Jamjuree,600,16.0,#FFFFFF
🔵 UI_Phase 1,I3055:10344;2531:9884;2445:2775,SDK/Tb_SDK/Footer Desk/Frame 92/Frame 2147224758/Button of Nav Heading/Button,Liên hệ,Bai Jamjuree,600,16.0,#FFFFFF
🔵 UI_Phase 1,I3055:10344;2531:9885;2531:6499,SDK/Tb_SDK/Footer Desk/Frame 92/Frame 2147224758/Button of Nav Heading/Button,Đăng ký Demo,Bai Jamjuree,600,16.0,#FFFFFF
🔵 UI_Phase 1,I3055:10344;2531:9887,SDK/Tb_SDK/Footer Desk/Frame 90/Liên hệ,Liên hệ,Bai Jamjuree,600,16.0,#FFFFFF
🔵 UI_Phase 1,I3055:10344;2531:9897,"SDK/Tb_SDK/Footer Desk/Frame 90/Frame 1410103937/Frame 34/96 Hoàng Ngân, Yên Hoà, Cầu Giấy - Hà Nội","96 Hoàng Ngân, Yên Hoà, Cầu Giấy - Hà Nội",Inter,400,12.0,#FFFFFF
🔵 UI_Phase 1,I3055:10344;2531:9900,SDK/Tb_SDK/Footer Desk/Frame 2087326390/© Wiivent 2026,© Wiivent 2026,Inter,400,14.0,#FFFFFF
🔵 UI_Phase 1,I3055:10344;2531:10029;2445:2487,SDK/Tb_SDK/Footer Desk/Frame 2087326390/Back Button/Symbol,,Font Awesome 5 Free,900,16.0,#FFFFFF
🔵 UI_Phase 1,3162:8282,PRESS SHIFT + Space to see Prototype,PRESS SHIFT + Space to see Prototype,Inter,700,200.0,#FFFFFF
Wireframe,2402:2706,Desktop - 1/Frame 1/SDK,SDK,Instrument Sans,600,32.0,#000000
Wireframe,2402:2707,Desktop - 1/Frame 1/Demo,Demo,Instrument Sans,600,32.0,#000000
Wireframe,2402:2708,Desktop - 1/Frame 1/Liên hệ,Liên hệ,Instrument Sans,600,32.0,#000000
Wireframe,2402:2709,Desktop - 1/Giải pháp quảng cáo trên nền tảng số,Giải pháp quảng cáo trên  nền tảng số,Instrument Sans,600,32.0,#056BF1
Wireframe,2402:2710,Desktop - 1/Phủ sóng toàn bộ nền tảng,Phủ sóng toàn bộ nền tảng,Instrument Sans,600,32.0,#000000
Wireframe,2402:2711,Desktop - 1/Khách hàng,Khách hàng,Instrument Sans,600,32.0,#000000
Wireframe,2402:2712,Desktop - 1/Liên hệ,Liên hệ ,Instrument Sans,600,32.0,#000000
Wireframe,2402:2713,Desktop - 1/Ưu điểm,Ưu điểm,Instrument Sans,600,32.0,#000000
Wireframe,2402:2714,"Desktop - 1/Quản trị và phân phối quảng cáo tập trung, tối ưu hiệu quả trên mọi điểm chạm.","Quản trị và phân phối quảng cáo tập trung, tối ưu hiệu quả trên mọi điểm chạm.",Instrument Sans,600,32.0,#000000
Wireframe,2402:2717,Desktop - 1/Frame 2147224739/Frame 2147224740/Xem định dạng,Xem định dạng,Instrument Sans,600,18.0,#FFFFFF
Wireframe,2402:2722,Desktop - 1/Frame 2147224749/Frame 2147224740/Tư vấn,Tư vấn,Instrument Sans,600,18.0,#FFFFFF
Wireframe,2402:2726,Desktop - 1/Frame 2147224740/Liên hệ tư vấn,Liên hệ tư vấn,Instrument Sans,600,18.0,#056BF1
Wireframe,2402:2732,Desktop - 1/Group 48095671/Frame 2147224743/Group 48095670/IOS,IOS,Instrument Sans,700,24.0,#000000
Wireframe,2402:2736,Desktop - 1/Group 48095671/Frame 2147224744/Group 48095670/Android,Android,Instrument Sans,700,24.0,#000000
Wireframe,2402:2740,Desktop - 1/Group 48095671/Frame 2147224745/Group 48095670/Web,Web,Instrument Sans,700,24.0,#000000
Wireframe,2402:2744,Desktop - 1/Group 48095671/Frame 2147224746/Group 48095670/Smart TV,Smart TV,Instrument Sans,700,24.0,#000000
Wireframe,2402:2748,Desktop - 1/Group 48095671/Frame 2147224747/Group 48095670/TVBox,TVBox,Instrument Sans,700,24.0,#000000
Wireframe,2402:2751,"Desktop - 1/Phân phối quảng cáo nhanh chóng, ổn định với khả năng xử lý lưu lượng lớn theo thời gian thực.","Phân phối quảng cáo nhanh chóng, ổn định với khả năng xử lý lưu lượng lớn theo thời gian thực.",Instrument Sans,600,33.87889862060547,#000000
Wireframe,2402:2752,"Desktop - 1/Bạn có nhu cầu quảng cáo, hợp tác hoặc muốn tìm hiểu thêm về nền tảng? Hãy để lại thông tin, chúng tôi sẽ liên hệ với bạn trong thời gian sớm nhất.","Bạn có nhu cầu quảng cáo, hợp tác hoặc muốn tìm hiểu thêm về nền tảng? Hãy để lại thông tin, chúng tôi sẽ liên hệ với bạn trong thời gian sớm nhất.",Instrument Sans,400,24.0,#000000
Wireframe,2402:2754,Desktop - 1/Group 48095672/HIỆU NĂNG CAO,HIỆU NĂNG CAO,Instrument Sans,600,32.0,#056BF1
Wireframe,2402:2757,Desktop - 1/Group 48095673/MỞ RỘNG LINH HOẠT,MỞ RỘNG LINH HOẠT,Instrument Sans,600,32.0,#056BF1
Wireframe,2402:2760,Desktop - 1/Group 48095674/ĐA NỀN TẲNG,ĐA NỀN TẲNG,Instrument Sans,600,32.0,#056BF1
Wireframe,2402:2763,Desktop - 1/Group 48095675/TÍCH HỢP MỞ,TÍCH HỢP MỞ,Instrument Sans,600,32.0,#056BF1
Wireframe,2402:2766,Desktop - 1/Group 48095676/QUẢN TRỊ & BẢO MẬT,QUẢN TRỊ & BẢO MẬT,Instrument Sans,600,32.0,#056BF1
Wireframe,2402:2769,Desktop - 1/Group 48095677/GIÁM SÁT THỜI GIAN THỰC,GIÁM SÁT THỜI GIAN THỰC,Instrument Sans,600,32.0,#056BF1
Wireframe,2402:2774,Desktop - 1/Frame 2147224750/Frame 2147224740/Đăng ký demo,Đăng ký demo,Instrument Sans,600,18.0,#FFFFFF
Wireframe,2402:2776,Desktop - 1/Frame 2147224753/Hiệu quả thực tế,Hiệu quả thực tế,Instrument Sans,600,32.0,#000000
Wireframe,2402:2779,Desktop - 1/Frame 2147224753/Frame 2147224748/Group 48095670/137M +,137M +,Instrument Sans,700,36.0,#000000
Wireframe,2402:2780,Desktop - 1/Frame 2147224753/Frame 2147224748/Group 48095670/Ad impression/month,Ad impression/month,Instrument Sans,700,24.0,#000000
Wireframe,2402:2784,Desktop - 1/Frame 2147224753/Frame 2147224751/Group 48095670/10+,10+,Instrument Sans,700,36.0,#000000
Wireframe,2402:2785,Desktop - 1/Frame 2147224753/Frame 2147224751/Group 48095670/Advertiser,Advertiser,Instrument Sans,700,24.0,#000000
Wireframe,2402:2789,Desktop - 1/Frame 2147224753/Frame 2147224752/Group 48095670/5M+,5M+,Instrument Sans,700,36.0,#000000
Wireframe,2402:2790,Desktop - 1/Frame 2147224753/Frame 2147224752/Group 48095670/UIDs reach/tháng,UIDs reach/tháng,Instrument Sans,700,24.0,#000000
Wireframe,2402:2799,Desktop - 2/Frame 1/SDK,SDK,Instrument Sans,600,32.0,#000000
Wireframe,2402:2800,Desktop - 2/Frame 1/Demo,Demo,Instrument Sans,600,32.0,#000000
Wireframe,2402:2801,Desktop - 2/Frame 1/Liên hệ,Liên hệ,Instrument Sans,600,32.0,#000000
Wireframe,2402:2804,Desktop - 2/Frame 2147224750/Frame 2147224740/Đăng ký demo,Đăng ký demo,Instrument Sans,600,18.0,#FFFFFF
Wireframe,2402:2808,Desktop - 2/Frame 2147224755/Frame 2147224756/ĐỊNH DẠNG QUẢNG CÁO,ĐỊNH DẠNG QUẢNG CÁO,Instrument Sans,600,32.0,#9E9E9E
Wireframe,2402:2809,Desktop - 2/Frame 2147224755/Frame 2147224756/ĐỊNH DẠNG QUẢNG CÁO,ĐỊNH DẠNG QUẢNG CÁO,Instrument Sans,600,32.0,#9E9E9E
Wireframe,2402:2811,Desktop - 2/Frame 2147224755/Frame 2147224756/Frame 2147224755/Bộ lọc,Bộ lọc,Instrument Sans,600,18.0,#056BF1
Wireframe,2402:2813,Desktop - 2/Frame 2147224755/Frame 2147224756/Frame 2147224760/Bộ lọc,Bộ lọc,Instrument Sans,600,18.0,#056BF1
Wireframe,2402:2815,Desktop - 2/Frame 2147224755/Frame 2147224756/Frame 2147224759/Tìm kiếm,Tìm kiếm,Instrument Sans,600,18.0,#056BF1~0.49
Wireframe,2402:2817,Desktop - 2/Frame 2147224755/Frame 2147224756/Frame 2147224761/Tìm kiếm,Tìm kiếm,Instrument Sans,600,18.0,#056BF1~0.49
Wireframe,2653:249,Desktop - 2/Frame 2147224755/Frame 2147224756/Frame 2147224766/Thiết bị,Thiết bị,Instrument Sans,600,18.0,#056BF1
Wireframe,2653:254,Desktop - 2/Frame 2147224755/Frame 2147224756/Dropdown List/Văn bản/PC,PC,Instrument Sans,400,16.0,#212121
Wireframe,2653:256,Desktop - 2/Frame 2147224755/Frame 2147224756/Dropdown List/Tiêu đề/Mobile,Mobile,Instrument Sans,400,16.0,#212121
Wireframe,2653:258,Desktop - 2/Frame 2147224755/Frame 2147224756/Dropdown List/Danh sách/Smart TV,Smart TV,Instrument Sans,400,16.0,#212121
Wireframe,2653:226,Desktop - 2/Frame 2147224755/Frame 2147224756/Frame 2147224764/Định dạng,Định dạng,Instrument Sans,600,18.0,#056BF1
Wireframe,2653:238,Desktop - 2/Frame 2147224755/Frame 2147224756/Frame 2147224765/Loại,Loại,Instrument Sans,600,18.0,#056BF1
Wireframe,2653:231,Desktop - 2/Frame 2147224755/Frame 2147224756/Dropdown List/Văn bản/Banner Standard,Banner Standard,Instrument Sans,400,16.0,#212121
Wireframe,2653:233,Desktop - 2/Frame 2147224755/Frame 2147224756/Dropdown List/Tiêu đề/Interactive Banner,Interactive Banner,Instrument Sans,400,16.0,#212121
Wireframe,2653:235,Desktop - 2/Frame 2147224755/Frame 2147224756/Dropdown List/Danh sách/Instream Video,Instream Video,Instrument Sans,400,16.0,#212121
Wireframe,2653:243,Desktop - 2/Frame 2147224755/Frame 2147224756/Dropdown List/Văn bản/Dishplay,Dishplay,Instrument Sans,400,16.0,#212121
Wireframe,2653:245,Desktop - 2/Frame 2147224755/Frame 2147224756/Dropdown List/Tiêu đề/Video,Video,Instrument Sans,400,16.0,#212121
Wireframe,2402:2849,Desktop - 2/Frame 2147224755/Frame 2147224756/Group 48095678/1,1,Instrument Sans,600,18.0,#056BF1
Wireframe,2402:2852,Desktop - 2/Frame 2147224755/Frame 2147224756/Group 48095679/1,1,Instrument Sans,600,18.0,#056BF1
Wireframe,2402:2867,Desktop - 2/Frame 2147224755/Group 48095680/Leaderboard Banner,Leaderboard Banner,Instrument Sans,600,16.0,#056BF1
Wireframe,2402:2868,Desktop - 2/Frame 2147224755/Group 48095680/Banner Standard,Banner Standard,Instrument Sans,400,16.0,#000000
Wireframe,2402:2876,Desktop - 2/Frame 2147224755/Group 48095683/Pause Banner,Pause Banner,Instrument Sans,600,16.0,#056BF1
Wireframe,2402:2877,Desktop - 2/Frame 2147224755/Group 48095683/Banner Standard,Banner Standard,Instrument Sans,400,16.0,#000000
Wireframe,2402:2887,Desktop - 2/Frame 2147224755/Group 48095686/Pre_roll Instream,Pre_roll Instream ,Instrument Sans,600,16.0,#056BF1
Wireframe,2402:2888,Desktop - 2/Frame 2147224755/Group 48095686/Banner Standard,Banner Standard,Instrument Sans,400,16.0,#000000
Wireframe,2402:2897,Desktop - 2/Frame 2147224755/Group 48095686/Frame 2147224762/Frame 2147224765/Skip,Skip,Instrument Sans,600,6.0,#056BF1
Wireframe,2402:2903,Desktop - 2/Frame 2147224755/Group 48095681/In-Page Banner,In-Page Banner,Instrument Sans,600,16.0,#056BF1
Wireframe,2402:2904,Desktop - 2/Frame 2147224755/Group 48095681/Banner Standard,Banner Standard,Instrument Sans,400,16.0,#000000
Wireframe,2402:2914,Desktop - 2/Frame 2147224755/Group 48095684/Welcome Banner,Welcome Banner,Instrument Sans,600,16.0,#056BF1
Wireframe,2402:2915,Desktop - 2/Frame 2147224755/Group 48095684/Banner Standard,Banner Standard,Instrument Sans,400,16.0,#000000
Wireframe,2402:2925,Desktop - 2/Frame 2147224755/Group 48095687/Mid_roll Instream,Mid_roll Instream ,Instrument Sans,600,16.0,#056BF1
Wireframe,2402:2926,Desktop - 2/Frame 2147224755/Group 48095687/Banner Standard,Banner Standard,Instrument Sans,400,16.0,#000000
Wireframe,2402:2935,Desktop - 2/Frame 2147224755/Group 48095687/Frame 2147224764/Frame 2147224765/Skip,Skip,Instrument Sans,600,6.0,#056BF1
Wireframe,2402:2941,Desktop - 2/Frame 2147224755/Group 48095682/Side Banner,Side Banner,Instrument Sans,600,16.0,#056BF1
Wireframe,2402:2942,Desktop - 2/Frame 2147224755/Group 48095682/Banner Standard,Banner Standard,Instrument Sans,400,16.0,#000000
Wireframe,2402:2954,Desktop - 2/Frame 2147224755/Group 48095685/Welcome TVC,Welcome TVC,Instrument Sans,600,16.0,#056BF1
Wireframe,2402:2955,Desktop - 2/Frame 2147224755/Group 48095685/Banner Standard,Banner Standard,Instrument Sans,400,16.0,#000000
Wireframe,2402:2966,Desktop - 2/Frame 2147224755/Group 48095688/Post_roll Instream,Post_roll Instream ,Instrument Sans,600,16.0,#056BF1
Wireframe,2402:2967,Desktop - 2/Frame 2147224755/Group 48095688/Banner Standard,Banner Standard,Instrument Sans,400,16.0,#000000
Wireframe,2402:2976,Desktop - 2/Frame 2147224755/Group 48095688/Frame 2147224763/Frame 2147224765/Skip,Skip,Instrument Sans,600,6.0,#056BF1
Wireframe,2402:2984,Desktop - 2/Frame 2147224755/Group 48095699/Leaderboard Banner,Leaderboard Banner,Instrument Sans,600,16.0,#FFFFFF
Wireframe,2402:2985,Desktop - 2/Frame 2147224755/Group 48095699/Banner Standard,Banner Standard,Instrument Sans,400,16.0,#FFFFFF
Wireframe,2402:2986,Desktop - 2/Frame 2147224755/Group 48095699/Available on:,Available on:,Instrument Sans,400,16.0,#FFFFFF
Wireframe,2402:2996,Desktop - 3/Frame 1/SDK,SDK,Instrument Sans,600,32.0,#000000
Wireframe,2402:2997,Desktop - 3/Frame 1/Demo,Demo,Instrument Sans,600,32.0,#000000
Wireframe,2402:2998,Desktop - 3/Frame 1/Liên hệ,Liên hệ,Instrument Sans,600,32.0,#000000
Wireframe,2402:3001,Desktop - 3/Frame 2147224750/Frame 2147224740/Đăng ký demo,Đăng ký demo,Instrument Sans,600,18.0,#FFFFFF
Wireframe,2402:3004,Desktop - 3/Frame 2147224755/Frame 2147224756/ĐỊNH DẠNG QUẢNG CÁO,ĐỊNH DẠNG QUẢNG CÁO,Instrument Sans,600,32.0,#9E9E9E
Wireframe,2402:3005,Desktop - 3/Frame 2147224755/Frame 2147224756/ĐỊNH DẠNG QUẢNG CÁO,ĐỊNH DẠNG QUẢNG CÁO,Instrument Sans,600,32.0,#9E9E9E
Wireframe,2402:3007,Desktop - 3/Frame 2147224755/Frame 2147224756/Frame 2147224755/Bộ lọc,Bộ lọc,Instrument Sans,600,18.0,#056BF1
Wireframe,2402:3009,Desktop - 3/Frame 2147224755/Frame 2147224756/Frame 2147224760/Bộ lọc,Bộ lọc,Instrument Sans,600,18.0,#056BF1
Wireframe,2402:3011,Desktop - 3/Frame 2147224755/Frame 2147224756/Frame 2147224759/Tìm kiếm,Tìm kiếm,Instrument Sans,600,18.0,#056BF1~0.49
Wireframe,2402:3013,Desktop - 3/Frame 2147224755/Frame 2147224756/Frame 2147224761/Tìm kiếm,Tìm kiếm,Instrument Sans,600,18.0,#056BF1~0.49
Wireframe,2402:3019,Desktop - 3/Frame 2147224755/Frame 2147224756/Frame 2147224756/Thiết bị,Thiết bị,Instrument Sans,600,18.0,#056BF1
Wireframe,2402:3023,Desktop - 3/Frame 2147224755/Frame 2147224756/Frame 2147224762/Thiết bị,Thiết bị,Instrument Sans,600,18.0,#056BF1
Wireframe,2402:3027,Desktop - 3/Frame 2147224755/Frame 2147224756/Frame 2147224757/Định dạng,Định dạng,Instrument Sans,600,18.0,#056BF1
Wireframe,2402:3031,Desktop - 3/Frame 2147224755/Frame 2147224756/Frame 2147224763/Định dạng,Định dạng,Instrument Sans,600,18.0,#056BF1
Wireframe,2402:3035,Desktop - 3/Frame 2147224755/Frame 2147224756/Frame 2147224758/Loại,Loại,Instrument Sans,600,18.0,#056BF1
Wireframe,2402:3039,Desktop - 3/Frame 2147224755/Frame 2147224756/Frame 2147224764/Loại,Loại,Instrument Sans,600,18.0,#056BF1
Wireframe,2402:3045,Desktop - 3/Frame 2147224755/Frame 2147224756/Group 48095678/1,1,Instrument Sans,600,18.0,#056BF1
Wireframe,2402:3048,Desktop - 3/Frame 2147224755/Frame 2147224756/Group 48095679/1,1,Instrument Sans,600,18.0,#056BF1
Wireframe,2402:3050,Desktop - 3/Frame 2147224755/Group 48095680/Leaderboard Banner,Leaderboard Banner,Instrument Sans,600,16.0,#056BF1
Wireframe,2402:3051,Desktop - 3/Frame 2147224755/Group 48095680/Leaderboard Banner,Leaderboard Banner,Instrument Sans,600,16.0,#056BF1
Wireframe,2402:3052,Desktop - 3/Frame 2147224755/Group 48095680/Banner Standard,Banner Standard,Instrument Sans,400,16.0,#000000
Wireframe,2402:3053,"Desktop - 3/Frame 2147224755/Group 48095680/Format: JPG, PNJ, GIF, HTML5","Format: JPG, PNJ, GIF, HTML5",Instrument Sans,400,16.0,#000000
Wireframe,2402:3054,Desktop - 3/Frame 2147224755/Group 48095680/Resolution - Desktop: 970x250,Resolution - Desktop: 970x250 ,Instrument Sans,400,16.0,#000000
Wireframe,2402:3055,Desktop - 3/Frame 2147224755/Group 48095680/Resolution - Mobile: 970x250,Resolution - Mobile: 970x250 ,Instrument Sans,400,16.0,#000000
Wireframe,2402:3056,Desktop - 3/Frame 2147224755/Group 48095680/Resolution - TV: 970x250,Resolution - TV: 970x250 ,Instrument Sans,400,16.0,#000000
Wireframe,2402:3057,Desktop - 3/Frame 2147224755/Group 48095680/Size: <10MB,Size: <10MB,Instrument Sans,400,16.0,#000000
Wireframe,2402:3058,Desktop - 3/Frame 2147224755/Group 48095680/Tracking Metrics: Impression/ Click/ View,Tracking Metrics: Impression/ Click/ View,Instrument Sans,400,16.0,#000000
Wireframe,2402:3066,Desktop - 3/Frame 2147224755/Group 48095683/Pause Banner,Pause Banner,Instrument Sans,600,16.0,#056BF1
Wireframe,2402:3067,Desktop - 3/Frame 2147224755/Group 48095683/Banner Standard,Banner Standard,Instrument Sans,400,16.0,#000000
Wireframe,2402:3077,Desktop - 3/Frame 2147224755/Group 48095686/Pre_roll Instream,Pre_roll Instream ,Instrument Sans,600,16.0,#056BF1
Wireframe,2402:3078,Desktop - 3/Frame 2147224755/Group 48095686/Banner Standard,Banner Standard,Instrument Sans,400,16.0,#000000
Wireframe,2402:3087,Desktop - 3/Frame 2147224755/Group 48095686/Frame 2147224762/Frame 2147224765/Skip,Skip,Instrument Sans,600,6.0,#056BF1
Wireframe,2402:3093,Desktop - 3/Frame 2147224755/Group 48095681/In-Page Banner,In-Page Banner,Instrument Sans,600,16.0,#056BF1
Wireframe,2402:3094,Desktop - 3/Frame 2147224755/Group 48095681/Banner Standard,Banner Standard,Instrument Sans,400,16.0,#000000
Wireframe,2402:3104,Desktop - 3/Frame 2147224755/Group 48095684/Welcome Banner,Welcome Banner,Instrument Sans,600,16.0,#056BF1
Wireframe,2402:3105,Desktop - 3/Frame 2147224755/Group 48095684/Banner Standard,Banner Standard,Instrument Sans,400,16.0,#000000
Wireframe,2936:5279,Desktop - 3/Frame 2147224755/Group 48095684/Frame 2147224760/Group 48095706/Chưa có,Chưa có,Inter,400,24.0,#056BF1
Wireframe,2402:3115,Desktop - 3/Frame 2147224755/Group 48095687/Mid_roll Instream,Mid_roll Instream ,Instrument Sans,600,16.0,#056BF1
Wireframe,2402:3116,Desktop - 3/Frame 2147224755/Group 48095687/Banner Standard,Banner Standard,Instrument Sans,400,16.0,#000000
Wireframe,2402:3125,Desktop - 3/Frame 2147224755/Group 48095687/Frame 2147224764/Frame 2147224765/Skip,Skip,Instrument Sans,600,6.0,#056BF1
Wireframe,2402:3131,Desktop - 3/Frame 2147224755/Group 48095682/Side Banner,Side Banner,Instrument Sans,600,16.0,#056BF1
Wireframe,2402:3132,Desktop - 3/Frame 2147224755/Group 48095682/Banner Standard,Banner Standard,Instrument Sans,400,16.0,#000000
Wireframe,2402:3144,Desktop - 3/Frame 2147224755/Group 48095685/Welcome TVC,Welcome TVC,Instrument Sans,600,16.0,#056BF1
Wireframe,2402:3145,Desktop - 3/Frame 2147224755/Group 48095685/Banner Standard,Banner Standard,Instrument Sans,400,16.0,#000000
Wireframe,2936:5283,Desktop - 3/Frame 2147224755/Group 48095707/Chưa có,Chưa có,Inter,400,24.0,#056BF1
Wireframe,2936:5286,Desktop - 3/Frame 2147224755/Group 48095708/Chưa có,Chưa có,Inter,400,24.0,#056BF1
Wireframe,2402:3156,Desktop - 3/Frame 2147224755/Group 48095688/Post_roll Instream,Post_roll Instream ,Instrument Sans,600,16.0,#056BF1
Wireframe,2402:3157,Desktop - 3/Frame 2147224755/Group 48095688/Banner Standard,Banner Standard,Instrument Sans,400,16.0,#000000
Wireframe,2402:3166,Desktop - 3/Frame 2147224755/Group 48095688/Frame 2147224763/Frame 2147224765/Skip,Skip,Instrument Sans,600,6.0,#056BF1
Wireframe,2402:3188,Desktop - 3/Frame 2147224755/segmented-control/tab-mobile-active/label-mobile,Mobile,Instrument Sans,600,15.0,#FFFFFF
Wireframe,2402:3192,Desktop - 3/Frame 2147224755/segmented-control/tab-pc-inactive/label-pc,PC,Instrument Sans,500,15.0,#4A4C50
Wireframe,2402:3196,Desktop - 3/Frame 2147224755/segmented-control/tab-tv-inactive/label-tv,Smart TV,Instrument Sans,500,15.0,#4A4C50
Wireframe,2402:3197,Desktop - 3/Frame 2147224755/Tư vấn,Tư vấn,Instrument Sans,600,18.0,#056BF1
Wireframe,2936:5244,Desktop - 3/Frame 2147224755/Group 48095700/Mobile /Web = Tv,Mobile /Web = Tv,Inter,400,24.0,#056BF1
Wireframe,2936:5272,Desktop - 3/Frame 2147224755/Group 48095704/Mobile / Tv,Mobile / Tv,Inter,400,24.0,#056BF1
Wireframe,2936:5267,Desktop - 3/Frame 2147224755/Group 48095703/Web,Web,Inter,400,24.0,#056BF1
Wireframe,2936:5276,Desktop - 3/Frame 2147224755/Group 48095705/Web,Web,Inter,400,24.0,#056BF1
Wireframe,2936:5263,Desktop - 3/Frame 2147224755/Group 48095702/Mobile /Web = Tv,Mobile /Web = Tv,Inter,400,24.0,#056BF1
Wireframe,2936:5251,Desktop - 3/Frame 2147224755/Group 48095701/Mobile /Web = Tv,Mobile /Web = Tv,Inter,400,24.0,#056BF1
Wireframe,2936:5255,Desktop - 3/Frame 2147224755/Group 48095701/Group 48095700/Mobile /Web = Tv,Mobile /Web = Tv,Inter,400,24.0,#056BF1
Wireframe,2936:5259,Desktop - 3/Frame 2147224755/Group 48095700/Mobile /Web = Tv,Mobile /Web = Tv,Inter,400,24.0,#056BF1
Wireframe,2402:3206,Desktop - 4/Frame 1/SDK,SDK,Instrument Sans,600,32.0,#000000
Wireframe,2402:3207,Desktop - 4/Frame 1/Demo,Demo,Instrument Sans,600,32.0,#000000
Wireframe,2402:3208,Desktop - 4/Frame 1/Liên hệ,Liên hệ,Instrument Sans,600,32.0,#000000
Wireframe,2402:3211,Desktop - 4/Frame 2147224750/Frame 2147224740/Đăng ký demo,Đăng ký demo,Instrument Sans,600,18.0,#FFFFFF
Wireframe,2402:3214,Desktop - 4/Frame 2147224755/Frame 2147224756/ĐỊNH DẠNG QUẢNG CÁO,ĐỊNH DẠNG QUẢNG CÁO,Instrument Sans,600,32.0,#9E9E9E
Wireframe,2402:3215,Desktop - 4/Frame 2147224755/Frame 2147224756/ĐỊNH DẠNG QUẢNG CÁO,ĐỊNH DẠNG QUẢNG CÁO,Instrument Sans,600,32.0,#9E9E9E
Wireframe,2402:3217,Desktop - 4/Frame 2147224755/Frame 2147224756/Frame 2147224755/Bộ lọc,Bộ lọc,Instrument Sans,600,18.0,#056BF1
Wireframe,2402:3219,Desktop - 4/Frame 2147224755/Frame 2147224756/Frame 2147224760/Bộ lọc,Bộ lọc,Instrument Sans,600,18.0,#056BF1
Wireframe,2402:3221,Desktop - 4/Frame 2147224755/Frame 2147224756/Frame 2147224759/Tìm kiếm,Tìm kiếm,Instrument Sans,600,18.0,#056BF1~0.49
Wireframe,2402:3223,Desktop - 4/Frame 2147224755/Frame 2147224756/Frame 2147224761/Tìm kiếm,Tìm kiếm,Instrument Sans,600,18.0,#056BF1~0.49
Wireframe,2402:3229,Desktop - 4/Frame 2147224755/Frame 2147224756/Frame 2147224756/Thiết bị,Thiết bị,Instrument Sans,600,18.0,#056BF1
Wireframe,2402:3233,Desktop - 4/Frame 2147224755/Frame 2147224756/Frame 2147224762/Thiết bị,Thiết bị,Instrument Sans,600,18.0,#056BF1
Wireframe,2402:3237,Desktop - 4/Frame 2147224755/Frame 2147224756/Frame 2147224757/Định dạng,Định dạng,Instrument Sans,600,18.0,#056BF1
Wireframe,2402:3241,Desktop - 4/Frame 2147224755/Frame 2147224756/Frame 2147224763/Định dạng,Định dạng,Instrument Sans,600,18.0,#056BF1
Wireframe,2402:3245,Desktop - 4/Frame 2147224755/Frame 2147224756/Frame 2147224758/Loại,Loại,Instrument Sans,600,18.0,#056BF1
Wireframe,2402:3249,Desktop - 4/Frame 2147224755/Frame 2147224756/Frame 2147224764/Loại,Loại,Instrument Sans,600,18.0,#056BF1
Wireframe,2402:3255,Desktop - 4/Frame 2147224755/Frame 2147224756/Group 48095678/1,1,Instrument Sans,600,18.0,#056BF1
Wireframe,2402:3258,Desktop - 4/Frame 2147224755/Frame 2147224756/Group 48095679/1,1,Instrument Sans,600,18.0,#056BF1
Wireframe,2402:3260,Desktop - 4/Frame 2147224755/Group 48095680/Leaderboard Banner,Leaderboard Banner,Instrument Sans,600,16.0,#056BF1
Wireframe,2402:3261,Desktop - 4/Frame 2147224755/Group 48095680/Leaderboard Banner,Leaderboard Banner,Instrument Sans,600,16.0,#056BF1
Wireframe,2402:3262,Desktop - 4/Frame 2147224755/Group 48095680/Banner Standard,Banner Standard,Instrument Sans,400,16.0,#000000
Wireframe,2402:3263,"Desktop - 4/Frame 2147224755/Group 48095680/Format: JPG, PNJ, GIF, HTML5","Format: JPG, PNJ, GIF, HTML5",Instrument Sans,400,16.0,#000000
Wireframe,2402:3264,Desktop - 4/Frame 2147224755/Group 48095680/Resolution - Desktop: 970x250,Resolution - Desktop: 970x250 ,Instrument Sans,400,16.0,#000000
Wireframe,2402:3265,Desktop - 4/Frame 2147224755/Group 48095680/Resolution - Mobile: 970x250,Resolution - Mobile: 970x250 ,Instrument Sans,400,16.0,#000000
Wireframe,2402:3266,Desktop - 4/Frame 2147224755/Group 48095680/Resolution - TV: 970x250,Resolution - TV: 970x250 ,Instrument Sans,400,16.0,#000000
Wireframe,2402:3267,Desktop - 4/Frame 2147224755/Group 48095680/Size: <10MB,Size: <10MB,Instrument Sans,400,16.0,#000000
Wireframe,2402:3268,Desktop - 4/Frame 2147224755/Group 48095680/Tracking Metrics: Impression/ Click/ View,Tracking Metrics: Impression/ Click/ View,Instrument Sans,400,16.0,#000000
Wireframe,2402:3276,Desktop - 4/Frame 2147224755/Group 48095683/Pause Banner,Pause Banner,Instrument Sans,600,16.0,#056BF1
Wireframe,2402:3277,Desktop - 4/Frame 2147224755/Group 48095683/Banner Standard,Banner Standard,Instrument Sans,400,16.0,#000000
Wireframe,2402:3287,Desktop - 4/Frame 2147224755/Group 48095686/Pre_roll Instream,Pre_roll Instream ,Instrument Sans,600,16.0,#056BF1
Wireframe,2402:3288,Desktop - 4/Frame 2147224755/Group 48095686/Banner Standard,Banner Standard,Instrument Sans,400,16.0,#000000
Wireframe,2402:3297,Desktop - 4/Frame 2147224755/Group 48095686/Frame 2147224762/Frame 2147224765/Skip,Skip,Instrument Sans,600,6.0,#056BF1
Wireframe,2402:3303,Desktop - 4/Frame 2147224755/Group 48095681/In-Page Banner,In-Page Banner,Instrument Sans,600,16.0,#056BF1
Wireframe,2402:3304,Desktop - 4/Frame 2147224755/Group 48095681/Banner Standard,Banner Standard,Instrument Sans,400,16.0,#000000
Wireframe,2402:3314,Desktop - 4/Frame 2147224755/Group 48095684/Welcome Banner,Welcome Banner,Instrument Sans,600,16.0,#056BF1
Wireframe,2402:3315,Desktop - 4/Frame 2147224755/Group 48095684/Banner Standard,Banner Standard,Instrument Sans,400,16.0,#000000
Wireframe,2402:3325,Desktop - 4/Frame 2147224755/Group 48095687/Mid_roll Instream,Mid_roll Instream ,Instrument Sans,600,16.0,#056BF1
Wireframe,2402:3326,Desktop - 4/Frame 2147224755/Group 48095687/Banner Standard,Banner Standard,Instrument Sans,400,16.0,#000000
Wireframe,2402:3335,Desktop - 4/Frame 2147224755/Group 48095687/Frame 2147224764/Frame 2147224765/Skip,Skip,Instrument Sans,600,6.0,#056BF1
Wireframe,2402:3341,Desktop - 4/Frame 2147224755/Group 48095682/Side Banner,Side Banner,Instrument Sans,600,16.0,#056BF1
Wireframe,2402:3342,Desktop - 4/Frame 2147224755/Group 48095682/Banner Standard,Banner Standard,Instrument Sans,400,16.0,#000000
Wireframe,2402:3354,Desktop - 4/Frame 2147224755/Group 48095685/Welcome TVC,Welcome TVC,Instrument Sans,600,16.0,#056BF1
Wireframe,2402:3355,Desktop - 4/Frame 2147224755/Group 48095685/Banner Standard,Banner Standard,Instrument Sans,400,16.0,#000000
Wireframe,2402:3366,Desktop - 4/Frame 2147224755/Group 48095688/Post_roll Instream,Post_roll Instream ,Instrument Sans,600,16.0,#056BF1
Wireframe,2402:3367,Desktop - 4/Frame 2147224755/Group 48095688/Banner Standard,Banner Standard,Instrument Sans,400,16.0,#000000
Wireframe,2402:3376,Desktop - 4/Frame 2147224755/Group 48095688/Frame 2147224763/Frame 2147224765/Skip,Skip,Instrument Sans,600,6.0,#056BF1
Wireframe,2402:3387,Desktop - 4/Frame 2147224755/segmented-control/tab-mobile-active/label-mobile,Mobile,Instrument Sans,600,15.0,#4A4C50
Wireframe,2402:3391,Desktop - 4/Frame 2147224755/segmented-control/tab-pc-inactive/label-pc,PC,Instrument Sans,500,15.0,#FFFFFF
Wireframe,2402:3395,Desktop - 4/Frame 2147224755/segmented-control/tab-tv-inactive/label-tv,Smart TV,Instrument Sans,500,15.0,#4A4C50
Wireframe,2402:3396,Desktop - 4/Frame 2147224755/Tư vấn,Tư vấn,Instrument Sans,600,18.0,#056BF1
Wireframe,2402:3403,Desktop - 5/Frame 1/SDK,SDK,Instrument Sans,600,32.0,#000000
Wireframe,2402:3404,Desktop - 5/Frame 1/Demo,Demo,Instrument Sans,600,32.0,#000000
Wireframe,2402:3405,Desktop - 5/Frame 1/Liên hệ,Liên hệ,Instrument Sans,600,32.0,#000000
Wireframe,2402:3408,Desktop - 5/Frame 2147224750/Frame 2147224740/Đăng ký demo,Đăng ký demo,Instrument Sans,600,18.0,#FFFFFF
Wireframe,2402:3409,Desktop - 5/Liên hệ chúng tôi,Liên hệ chúng tôi,Instrument Sans,600,64.0,#056BF1
Wireframe,2402:3410,"Desktop - 5/Bạn có nhu cầu quảng cáo, hợp tác hoặc muốn tìm hiểu thêm về nền tảng? Hãy để lại thông tin, chúng tôi sẽ liên hệ với bạn trong thời gian sớm nhất.","Bạn có nhu cầu quảng cáo, hợp tác hoặc muốn tìm hiểu thêm về nền tảng? Hãy để lại thông tin, chúng tôi sẽ liên hệ với bạn trong thời gian sớm nhất.",Instrument Sans,400,20.0,#000000
Wireframe,2402:3411,"Desktop - 5/☐ Tôi đồng ý nhận thông tin về sản phẩm, dịch vụ và các cơ hội hợp tác từ chúng tôi.","☐ Tôi đồng ý nhận thông tin về sản phẩm, dịch vụ và các cơ hội hợp tác từ chúng tôi.",Instrument Sans,400,20.0,#000000
Wireframe,2402:3412,Desktop - 5/Họ và tên*,Họ và tên*,Instrument Sans,400,20.0,#000000
Wireframe,2402:3413,Desktop - 5/Email công ty*,Email công ty*,Instrument Sans,400,20.0,#000000
Wireframe,2402:3414,Desktop - 5/Số điện thoại*,Số điện thoại*,Instrument Sans,400,20.0,#000000
Wireframe,2402:3415,Desktop - 5/Tên doanh nghiệp*,Tên doanh nghiệp*,Instrument Sans,400,20.0,#000000
Wireframe,2402:3416,Desktop - 5/Website doanh nghiệp,Website doanh nghiệp,Instrument Sans,400,20.0,#000000
Wireframe,2402:3417,Desktop - 5/Nhu cầu của bạn*,Nhu cầu của bạn*,Instrument Sans,400,20.0,#000000
Wireframe,2402:3426,Desktop - 5/Frame 2147224755/Gửi yêu cầu, Gửi yêu cầu,Instrument Sans,600,18.0,#FFFFFF
Wireframe,2402:3432,Desktop - 6/Frame 1/SDK,SDK,Instrument Sans,600,32.0,#000000
Wireframe,2402:3433,Desktop - 6/Frame 1/Demo,Demo,Instrument Sans,600,32.0,#000000
Wireframe,2402:3434,Desktop - 6/Frame 1/Liên hệ,Liên hệ,Instrument Sans,600,32.0,#000000
Wireframe,2402:3437,Desktop - 6/Frame 2147224750/Frame 2147224740/Đăng ký demo,Đăng ký demo,Instrument Sans,600,18.0,#FFFFFF
Wireframe,2402:3438,"Desktop - 6/SDK được xây dựng riêng, dành riêng cho nền tảng của bạn","SDK được xây dựng riêng, dành riêng cho nền tảng của bạn",Instrument Sans,600,56.0,#056BF1
Wireframe,2402:3439,"Desktop - 6/Chúng tôi xây dựng bộ SDK riêng cho từng khách hàng để kết nối nền tảng của bạn với Ad Server. SDK được tuỳ chỉnh hoàn toàn theo nhu cầu, hỗ trợ phân phối quảng cáo, theo dõi và đo lường hiệu quả trên tất cả sản phẩm của bạn.","Chúng tôi  xây dựng bộ SDK riêng cho từng khách hàng để kết nối nền tảng của bạn với Ad Server. SDK được tuỳ chỉnh hoàn toàn theo nhu cầu, hỗ trợ phân  phối quảng cáo, theo dõi và đo lường hiệu quả trên tất cả sản phẩm của bạn.",Instrument Sans,400,20.0,#000000
Wireframe,2402:3447,Desktop - 6/wiiads-sdk-diagram/diagram-canvas/code-editor-panel/code-block/WiiAds.init({,WiiAds.init({,JetBrains Mono,400,13.0,#000000
Wireframe,2402:3448,"Desktop - 6/wiiads-sdk-diagram/diagram-canvas/code-editor-panel/code-block/appId: ""YOUR_APP_ID"",","appId: ""YOUR_APP_ID"",",JetBrains Mono,400,13.0,#000000
Wireframe,2402:3449,"Desktop - 6/wiiads-sdk-diagram/diagram-canvas/code-editor-panel/code-block/adUnitId: ""YOUR_AD_UNIT_ID"",","adUnitId: ""YOUR_AD_UNIT_ID"",",JetBrains Mono,400,13.0,#000000
Wireframe,2402:3450,"Desktop - 6/wiiads-sdk-diagram/diagram-canvas/code-editor-panel/code-block/environment: ""production""","environment: ""production""",JetBrains Mono,400,13.0,#000000
Wireframe,2402:3451,Desktop - 6/wiiads-sdk-diagram/diagram-canvas/code-editor-panel/code-block/});,});,JetBrains Mono,400,13.0,#E2E8F0
Wireframe,2402:3453,Desktop - 6/wiiads-sdk-diagram/diagram-canvas/code-editor-panel/code-block/WiiAds.loadAd(adUnitId);,WiiAds.loadAd(adUnitId);,JetBrains Mono,400,13.0,#000000
Wireframe,2402:3455,"Desktop - 6/wiiads-sdk-diagram/diagram-canvas/code-editor-panel/code-block/WiiAds.showAd(adUnitId, {","WiiAds.showAd(adUnitId, {",JetBrains Mono,400,13.0,#000000
Wireframe,2402:3456,"Desktop - 6/wiiads-sdk-diagram/diagram-canvas/code-editor-panel/code-block/onAdShow: () => {},","onAdShow: () => {},",JetBrains Mono,400,13.0,#000000
Wireframe,2402:3457,"Desktop - 6/wiiads-sdk-diagram/diagram-canvas/code-editor-panel/code-block/onAdClick: () => {},","onAdClick: () => {},",JetBrains Mono,400,13.0,#000000
Wireframe,2402:3458,Desktop - 6/wiiads-sdk-diagram/diagram-canvas/code-editor-panel/code-block/onAdClosed: () => {},onAdClosed: () => {},JetBrains Mono,400,13.0,#000000
Wireframe,2402:3459,Desktop - 6/wiiads-sdk-diagram/diagram-canvas/code-editor-panel/code-block/});,});,JetBrains Mono,400,13.0,#E2E8F0
Wireframe,2402:3462,Desktop - 6/wiiads-sdk-diagram/diagram-canvas/WiiAds_Server_Card/Logo_Row/WIIADS,WIIADS,Instrument Sans,700,26.0,#000000
Wireframe,2402:3463,Desktop - 6/wiiads-sdk-diagram/diagram-canvas/WiiAds_Server_Card/AD SERVER,AD SERVER,Instrument Sans,700,12.0,#1E293B
Wireframe,2402:3469,Desktop - 6/wiiads-sdk-diagram/diagram-canvas/Platform_Cards_Row/Platform_Card_Web/Web,Web,Instrument Sans,600,11.0,#1E293B
Wireframe,2402:3474,Desktop - 6/wiiads-sdk-diagram/diagram-canvas/Platform_Cards_Row/Platform_Card_App/Mobile,Mobile,Instrument Sans,600,11.0,#1E293B
Wireframe,2402:3479,Desktop - 6/wiiads-sdk-diagram/diagram-canvas/Platform_Cards_Row/Platform_Card_Tv/Smart TV/TVbox,Smart TV/TVbox,Instrument Sans,600,11.0,#1E293B
Wireframe,2402:3481,Desktop - 6/wiiads-sdk-diagram/diagram-canvas/SDK_Floating_Badge/SDK,SDK,Instrument Sans,700,16.0,#FFFFFF
Wireframe,2402:3507,"Desktop - 6/Group 48095695/Phát triển phù hợp với nền tảng, sản phẩm và trải nghiệm của khách hàng","Phát triển phù hợp với nền tảng, sản phẩm và trải nghiệm của khách hàng",Instrument Sans,400,20.0,#000000
Wireframe,2402:3508,Desktop - 6/Group 48095695/Được thiết kế riêng cho bạn,Được thiết kế riêng cho bạn,Instrument Sans,600,24.0,#056BF1
Wireframe,2402:3522,Desktop - 6/Group 48095696/Dễ dàng tích hợp vào ứng dụng hoặc website với nỗ lực phát triển tối thiểu,Dễ dàng tích hợp vào ứng dụng hoặc website với nỗ lực phát triển tối thiểu,Instrument Sans,400,20.0,#000000
Wireframe,2402:3523,Desktop - 6/Group 48095696/Tích hợp dễ dàng,Tích hợp dễ dàng,Instrument Sans,600,24.0,#056BF1
Wireframe,2402:3534,Desktop - 6/Group 48095697/Thu thập dữ liệu tin cậy và đầy đủ để tối ưu hiệu quả quảng cáo,Thu thập dữ liệu tin cậy và đầy đủ để tối ưu hiệu quả quảng cáo,Instrument Sans,400,20.0,#000000
Wireframe,2402:3535,Desktop - 6/Group 48095697/Đo lường chính xác,Đo lường chính xác,Instrument Sans,600,24.0,#056BF1
Wireframe,2402:3545,"Desktop - 6/Group 48095698/Bảo mật cấp doanh nghiệp và hiệu năng ổn định, khả năng mở rộng theo quy mô","Bảo mật cấp doanh nghiệp và hiệu năng ổn định, khả năng mở rộng theo quy mô",Instrument Sans,400,20.0,#000000
Wireframe,2402:3546,Desktop - 6/Group 48095698/Bảo mật & ổn định,Bảo mật & ổn định,Instrument Sans,600,24.0,#056BF1
Wireframe,2402:3554,Desktop - 6/Tư vấn,Tư vấn,Instrument Sans,600,18.0,#056BF1
🔵 Design System,2433:2651,Grids/Desk Grid/Frame 17/label/fixed,fixed,Inter,700,100.0,#1C2026
🔵 Design System,2433:2631,Grids/Desk Grid/Frame 17/title/Desktop,Desktop,Inter,700,200.0,#FFFFFF
🔵 Design System,2433:2613,Grids/Desk Grid/Frame 17/Frame 16/Frame 12/Info/Desktop 1440px Macbook Pro / 15.4” 2880x1800px 1440x900px 1320px (fixed) Extra Extra Large (XXL) 12 86px 24px (12px on each side of a column),\nDesktop 1440px\nMacbook Pro / 15.4”\n2880x1800px\n1440x900px\n\n\n1320px  (fixed)\nExtra Extra Large (XXL)\n12\n86px\n24px (12px on each side of a column),Roboto,700,30.0,#FFFFFF
🔵 Design System,2433:2614,Grids/Desk Grid/Frame 17/Frame 16/Frame 12/Info/Device options Device type: Device: Display resolution: Viewport: Grid options Max. container width: Grid size: Number of columns: Column width: Gutter width:,Device options\nDevice type:\nDevice:\nDisplay resolution:\nViewport:\n\nGrid options\nMax. container width:\nGrid size:\nNumber of columns:\nColumn width:\nGutter width:,Roboto,700,30.0,#81A1B7
🔵 Design System,2433:2610,Grids/Desk Grid/Frame 17/Frame 16/Frame 13/Info/Desktop 1920px (FullHD) Monitor Dell / 24” 1920x1080px 1920x1080px 1320px (fixed) Extra Extra Large (XXL) 12 86px 24px (12px on each side of a column),\nDesktop 1920px (FullHD)\nMonitor Dell / 24”\n1920x1080px\n1920x1080px\n\n\n1320px  (fixed)\nExtra Extra Large (XXL)\n12\n86px\n24px (12px on each side of a column),Roboto,700,30.0,#FFFFFF
🔵 Design System,2433:2611,Grids/Desk Grid/Frame 17/Frame 16/Frame 13/Info/Device options Device type: Device: Display resolution: Viewport: Grid options Max. container width: Grid size: Number of columns: Column width: Gutter width:,Device options\nDevice type:\nDevice:\nDisplay resolution:\nViewport:\n\nGrid options\nMax. container width:\nGrid size:\nNumber of columns:\nColumn width:\nGutter width:,Roboto,700,30.0,#81A1B7
🔵 Design System,2433:2654,Grids/Tb Grid/label/fixed,fixed,Inter,700,100.0,#1C2026
🔵 Design System,2433:2636,Grids/Tb Grid/title/Tablet,Tablet,Inter,700,200.0,#FFFFFF
🔵 Design System,2433:2616,Grids/Tb Grid/Frame 11/Info/Tablet 768px iPad Mini / 7.9” 1536x2048px 768x1024px 720px (fixed) Medium (MD) 6 96px 24px (12px on each side of a column),\nTablet 768px\niPad Mini / 7.9”\n1536x2048px\n768x1024px\n\n\n720px  (fixed)\nMedium (MD)\n6\n96px\n24px (12px on each side of a column),Roboto,700,30.0,#FFFFFF
🔵 Design System,2433:2617,Grids/Tb Grid/Frame 11/Info/Device options Device type: Device: Display resolution: Viewport: Grid options Max. container width: Grid size: Number of columns: Column width: Gutter width:,Device options\nDevice type:\nDevice:\nDisplay resolution:\nViewport:\n\nGrid options\nMax. container width:\nGrid size:\nNumber of columns:\nColumn width:\nGutter width:,Roboto,700,30.0,#81A1B7
🔵 Design System,2436:2622,Grids/Mb Grid/Frame 15/label/fluid,fluid,Inter,700,100.0,#1C2026
🔵 Design System,2436:2617,Grids/Mb Grid/Frame 15/title/XXS | XS,XXS | XS,Poppins,400,200.0,#81A1B7
🔵 Design System,2436:2618,Grids/Mb Grid/Frame 15/title/•,•,Poppins,700,200.0,#AEB6FB
🔵 Design System,2436:2619,Grids/Mb Grid/Frame 15/title/Mobile,Mobile,Inter,700,200.0,#FFFFFF
🔵 Design System,2436:2611,Grids/Mb Grid/Frame 15/Frame 14/Frame 6/Info/Mobile 320px iPhone SE / 4.7” 750x1334px 320x568px 100% (fluid) Extra Extra Small (XXS) 6 / 4 / 2 Responsive 24px (24px on each side of a column),\nMobile 320px\niPhone SE / 4.7”\n750x1334px\n320x568px\n\n\n100%  (fluid)\nExtra Extra Small (XXS)\n6 / 4 / 2\nResponsive\n24px (24px on each side of a column),Roboto,700,30.0,#FFFFFF
🔵 Design System,2436:2612,Grids/Mb Grid/Frame 15/Frame 14/Frame 6/Info/Device options Device type: Device: Display resolution: Viewport: Grid options Max. container width: Grid size: Number of columns: Column width: Gutter width:,Device options\nDevice type:\nDevice:\nDisplay resolution:\nViewport:\n\nGrid options\nMax. container width:\nGrid size:\nNumber of columns:\nColumn width:\nGutter width:,Roboto,700,30.0,#81A1B7
🔵 Design System,2436:2608,Grids/Mb Grid/Frame 15/Frame 14/Frame 7/Info/Mobile 360px Huawei Ascend G630 / 5” 1280х720px 360x640px 100% (fluid) Extra Small (XS) 6 / 4 / 2 Responsive 24px (24px on each side of a column),\nMobile 360px\nHuawei Ascend G630 / 5”\n1280х720px\n360x640px\n\n\n100%  (fluid)\nExtra Small (XS)\n6 / 4 / 2\nResponsive\n24px (24px on each side of a column),Roboto,700,30.0,#FFFFFF
🔵 Design System,2436:2609,Grids/Mb Grid/Frame 15/Frame 14/Frame 7/Info/Device options Device type: Device: Display resolution: Viewport: Grid options Max. container width: Grid size: Number of columns: Column width: Gutter width:,Device options\nDevice type:\nDevice:\nDisplay resolution:\nViewport:\n\nGrid options\nMax. container width:\nGrid size:\nNumber of columns:\nColumn width:\nGutter width:,Roboto,700,30.0,#81A1B7
🔵 Design System,2436:2605,Grids/Mb Grid/Frame 15/Frame 14/Frame 8/Info/Mobile 375px iPhone 13 mini / 5.4” 2340х1080px 375x812px 100% (fluid) Extra Small (XS) 6 / 4 / 2 Responsive 24px (24px on each side of a column),\nMobile 375px\niPhone 13 mini / 5.4”\n2340х1080px\n375x812px\n\n\n100%  (fluid)\nExtra Small (XS)\n6 / 4 / 2\nResponsive\n24px (24px on each side of a column),Roboto,700,30.0,#FFFFFF
🔵 Design System,2436:2606,Grids/Mb Grid/Frame 15/Frame 14/Frame 8/Info/Device options Device type: Device: Display resolution: Viewport: Grid options Max. container width: Grid size: Number of columns: Column width: Gutter width:,Device options\nDevice type:\nDevice:\nDisplay resolution:\nViewport:\n\nGrid options\nMax. container width:\nGrid size:\nNumber of columns:\nColumn width:\nGutter width:,Roboto,700,30.0,#81A1B7
🔵 Design System,2436:2602,Grids/Mb Grid/Frame 15/Frame 14/Frame 9/Info/Mobile 390px iPhone 13 Pro / 6.1” 2532x1170px 390x844px 100% (fluid) Extra Small (XS) 6 / 4 / 2 Responsive 24px (24px on each side of a column),\nMobile 390px\niPhone 13 Pro / 6.1”\n2532x1170px\n390x844px\n\n\n100%  (fluid)\nExtra Small (XS)\n6 / 4 / 2\nResponsive\n24px (24px on each side of a column),Roboto,700,30.0,#FFFFFF
🔵 Design System,2436:2603,Grids/Mb Grid/Frame 15/Frame 14/Frame 9/Info/Device options Device type: Device: Display resolution: Viewport: Grid options Max. container width: Grid size: Number of columns: Column width: Gutter width:,Device options\nDevice type:\nDevice:\nDisplay resolution:\nViewport:\n\nGrid options\nMax. container width:\nGrid size:\nNumber of columns:\nColumn width:\nGutter width:,Roboto,700,30.0,#81A1B7
🔵 Design System,2436:2599,Grids/Mb Grid/Frame 15/Frame 14/Frame 10/Info/Mobile 428px iPhone 13 Pro Max / 6.7” 2778x1284px 428x926px 100% (fluid) Extra Small (XS) 6 / 4 / 2 Responsive 24px (24px on each side of a column),\nMobile 428px\niPhone 13 Pro Max / 6.7”\n2778x1284px\n428x926px\n\n\n100%  (fluid)\nExtra Small (XS)\n6 / 4 / 2\nResponsive\n24px (24px on each side of a column),Roboto,700,30.0,#FFFFFF
🔵 Design System,2436:2600,Grids/Mb Grid/Frame 15/Frame 14/Frame 10/Info/Device options Device type: Device: Display resolution: Viewport: Grid options Max. container width: Grid size: Number of columns: Column width: Gutter width:,Device options\nDevice type:\nDevice:\nDisplay resolution:\nViewport:\n\nGrid options\nMax. container width:\nGrid size:\nNumber of columns:\nColumn width:\nGutter width:,Roboto,700,30.0,#81A1B7
🔵 Design System,2433:2646,Grids/title/XXS | XS | MD | XXL | XXL FullHD,XXS | XS | MD | XXL | XXL FullHD,Poppins,400,200.0,#81A1B7
🔵 Design System,2433:2647,Grids/title/•,•,Poppins,700,200.0,#0099FF
🔵 Design System,2433:2648,Grids/title/grids,grids,Inter,700,200.0,#FFFFFF
🔵 Design System,2484:8324,Grids/title/PRESS SHIFT + G to see Grid,PRESS SHIFT + G to see Grid,Inter,700,200.0,#FFFFFF
🔵 Design System,8:12,Text Font/Heading/Heading/Typeface,Typeface,Inter,400,16.0,#131927
🔵 Design System,8:15,Text Font/Heading/Heading/Weight,Weight,Inter,400,16.0,#131927
🔵 Design System,8:16,Text Font/Heading/Heading/Size,Size,Inter,400,16.0,#131927
🔵 Design System,8:17,Text Font/Heading/Heading/Line,Line,Inter,400,16.0,#131927
🔵 Design System,8:18,Text Font/Heading/Heading/Spacing,Spacing,Inter,400,16.0,#131927
🔵 Design System,2443:4014,Text Font/Heading/Heading/Typeface,Typeface,Inter,400,16.0,#131927
🔵 Design System,2443:4015,Text Font/Heading/Heading/Weight,Weight,Inter,400,16.0,#131927
🔵 Design System,2443:4016,Text Font/Heading/Heading/Size,Size,Inter,400,16.0,#131927
🔵 Design System,2443:4017,Text Font/Heading/Heading/Line,Line,Inter,400,16.0,#131927
🔵 Design System,2443:4018,Text Font/Heading/Heading/Spacing,Spacing,Inter,400,16.0,#131927
🔵 Design System,33:148,Text Font/Text Font/Desktop & Tablet Text Font,Desktop & Tablet Text Font,Bai Jamjuree,600,24.0,#4E61F6
🔵 Design System,2443:4021,Text Font/Text Font/Mobile Text Font,Mobile Text Font,Bai Jamjuree,600,24.0,#4E61F6
🔵 Design System,9:112,Text Font/Typography,Typography,Bai Jamjuree,600,48.0,#131927
🔵 Design System,8:123,Text Font/LABEL/Label,Label,Inter,500,12.0,#131927
🔵 Design System,8:124,Text Font/LABEL/Medium,Medium,Inter,400,16.0,#131927
🔵 Design System,8:125,Text Font/LABEL/12,12,Inter,400,16.0,#131927
🔵 Design System,8:126,Text Font/LABEL/16,16,Inter,400,16.0,#131927
🔵 Design System,8:127,Text Font/LABEL/0,0,Inter,400,16.0,#131927
🔵 Design System,2443:4024,Text Font/LABEL/Label MB,Label MB,Inter,500,12.0,#131927
🔵 Design System,2443:4025,Text Font/LABEL/Medium,Medium,Inter,400,16.0,#131927
🔵 Design System,2443:4026,Text Font/LABEL/8,8,Inter,400,16.0,#131927
🔵 Design System,2443:4027,Text Font/LABEL/12,12,Inter,400,16.0,#131927
🔵 Design System,2443:4028,Text Font/LABEL/0,0,Inter,400,16.0,#131927
🔵 Design System,8:106,Text Font/C1 - C2/C1/C1. Caption,C1. Caption,Inter,400,12.0,#131927
🔵 Design System,8:107,Text Font/C1 - C2/C1/Regular,Regular,Inter,400,16.0,#131927
🔵 Design System,8:108,Text Font/C1 - C2/C1/12,12,Inter,400,16.0,#131927
🔵 Design System,8:109,Text Font/C1 - C2/C1/16,16,Inter,400,16.0,#131927
🔵 Design System,8:110,Text Font/C1 - C2/C1/0,0,Inter,400,16.0,#131927
🔵 Design System,8:112,Text Font/C1 - C2/C2/C2. Caption,C2. Caption,Inter,500,12.0,#131927
🔵 Design System,8:113,Text Font/C1 - C2/C2/Medium,Medium,Inter,400,16.0,#131927
🔵 Design System,8:114,Text Font/C1 - C2/C2/12,12,Inter,400,16.0,#131927
🔵 Design System,8:115,Text Font/C1 - C2/C2/16,16,Inter,400,16.0,#131927
🔵 Design System,8:116,Text Font/C1 - C2/C2/0,0,Inter,400,16.0,#131927
🔵 Design System,116:1511,Text Font/C1 - C2/C2/C3. Caption,C3. Caption,Inter,400,10.0,#131927
🔵 Design System,116:1512,Text Font/C1 - C2/C2/Regular,Regular,Inter,400,16.0,#131927
🔵 Design System,116:1513,Text Font/C1 - C2/C2/10,10,Inter,400,16.0,#131927
🔵 Design System,116:1514,Text Font/C1 - C2/C2/14,14,Inter,400,16.0,#131927
🔵 Design System,116:1515,Text Font/C1 - C2/C2/0,0,Inter,400,16.0,#131927
🔵 Design System,2995:10009,Text Font/C1 - C2/C2/C4. Caption,C4. Caption,Inter,500,10.0,#131927
🔵 Design System,2995:10010,Text Font/C1 - C2/C2/Medium,Medium,Inter,400,16.0,#131927
🔵 Design System,2995:10011,Text Font/C1 - C2/C2/10,10,Inter,400,16.0,#131927
🔵 Design System,2995:10012,Text Font/C1 - C2/C2/14,14,Inter,400,16.0,#131927
🔵 Design System,2995:10013,Text Font/C1 - C2/C2/0,0,Inter,400,16.0,#131927
🔵 Design System,2443:4031,Text Font/C1 - C2/C1/C1 MB. Caption,C1 MB. Caption,Inter,400,12.0,#131927
🔵 Design System,2443:4032,Text Font/C1 - C2/C1/Regular,Regular,Inter,400,16.0,#131927
🔵 Design System,2443:4033,Text Font/C1 - C2/C1/10,10,Inter,400,16.0,#131927
🔵 Design System,2443:4034,Text Font/C1 - C2/C1/14,14,Inter,400,16.0,#131927
🔵 Design System,2443:4035,Text Font/C1 - C2/C1/0,0,Inter,400,16.0,#131927
🔵 Design System,2443:4037,Text Font/C1 - C2/C2/C2 MB. Caption,C2 MB. Caption,Inter,500,12.0,#131927
🔵 Design System,2443:4038,Text Font/C1 - C2/C2/Medium,Medium,Inter,400,16.0,#131927
🔵 Design System,2443:4039,Text Font/C1 - C2/C2/10,10,Inter,400,16.0,#131927
🔵 Design System,2443:4040,Text Font/C1 - C2/C2/14,14,Inter,400,16.0,#131927
🔵 Design System,2443:4041,Text Font/C1 - C2/C2/0,0,Inter,400,16.0,#131927
🔵 Design System,2443:4043,Text Font/C1 - C2/C2/C3 MB. Caption,C3 MB. Caption,Inter,400,10.0,#131927
🔵 Design System,2443:4044,Text Font/C1 - C2/C2/Medium,Medium,Inter,400,16.0,#131927
🔵 Design System,2443:4045,Text Font/C1 - C2/C2/10,10,Inter,400,16.0,#131927
🔵 Design System,2443:4046,Text Font/C1 - C2/C2/14,14,Inter,400,16.0,#131927
🔵 Design System,2443:4047,Text Font/C1 - C2/C2/0,0,Inter,400,16.0,#131927
🔵 Design System,2995:10002,Text Font/C1 - C2/C2/C4 MB. Caption,C4 MB. Caption,Inter,400,10.0,#131927
🔵 Design System,2995:10003,Text Font/C1 - C2/C2/Medium,Medium,Inter,400,16.0,#131927
🔵 Design System,2995:10004,Text Font/C1 - C2/C2/10,10,Inter,400,16.0,#131927
🔵 Design System,2995:10005,Text Font/C1 - C2/C2/14,14,Inter,400,16.0,#131927
🔵 Design System,2995:10006,Text Font/C1 - C2/C2/0,0,Inter,400,16.0,#131927
🔵 Design System,8:39,Text Font/B1 - B4/B1/B1. Body,B1. Body,Inter,400,16.0,#131927
🔵 Design System,8:83,Text Font/B1 - B4/B1/Regular,Regular,Inter,400,16.0,#131927
🔵 Design System,8:84,Text Font/B1 - B4/B1/16,16,Inter,400,16.0,#131927
🔵 Design System,8:85,Text Font/B1 - B4/B1/24,24,Inter,400,16.0,#131927
🔵 Design System,8:86,Text Font/B1 - B4/B1/0,0,Inter,400,16.0,#131927
🔵 Design System,27:2626,Text Font/B1 - B4/B2/B2. Body,B2. Body,Inter,500,16.0,#131927
🔵 Design System,27:2627,Text Font/B1 - B4/B2/Medium,Medium,Inter,400,16.0,#131927
🔵 Design System,27:2628,Text Font/B1 - B4/B2/16,16,Inter,400,16.0,#131927
🔵 Design System,27:2629,Text Font/B1 - B4/B2/24,24,Inter,400,16.0,#131927
🔵 Design System,27:2630,Text Font/B1 - B4/B2/0,0,Inter,400,16.0,#131927
🔵 Design System,8:35,Text Font/B1 - B4/B3/B3. Body,B3. Body,Inter,400,14.0,#131927
🔵 Design System,8:93,Text Font/B1 - B4/B3/Regular,Regular,Inter,400,16.0,#131927
🔵 Design System,8:94,Text Font/B1 - B4/B3/14,14,Inter,400,16.0,#131927
🔵 Design System,8:95,Text Font/B1 - B4/B3/20,20,Inter,400,16.0,#131927
🔵 Design System,8:96,Text Font/B1 - B4/B3/0,0,Inter,400,16.0,#131927
🔵 Design System,27:2633,Text Font/B1 - B4/B4/B4. Body,B4. Body,Inter,500,14.0,#131927
🔵 Design System,27:2634,Text Font/B1 - B4/B4/Medium,Medium,Inter,400,16.0,#131927
🔵 Design System,27:2635,Text Font/B1 - B4/B4/14,14,Inter,400,16.0,#131927
🔵 Design System,27:2636,Text Font/B1 - B4/B4/20,20,Inter,400,16.0,#131927
🔵 Design System,27:2637,Text Font/B1 - B4/B4/0,0,Inter,400,16.0,#131927
🔵 Design System,2443:4050,Text Font/B1 - B4/B1/B1 MB. Body,B1 MB. Body,Inter,400,16.0,#131927
🔵 Design System,2443:4051,Text Font/B1 - B4/B1/Regular,Regular,Inter,400,16.0,#131927
🔵 Design System,2443:4052,Text Font/B1 - B4/B1/14,14,Inter,400,16.0,#131927
🔵 Design System,2443:4053,Text Font/B1 - B4/B1/20,20,Inter,400,16.0,#131927
🔵 Design System,2443:4054,Text Font/B1 - B4/B1/0,0,Inter,400,16.0,#131927
🔵 Design System,2443:4056,Text Font/B1 - B4/B2/B2 MB. Body,B2 MB. Body,Inter,500,16.0,#131927
🔵 Design System,2443:4057,Text Font/B1 - B4/B2/Medium,Medium,Inter,400,16.0,#131927
🔵 Design System,2443:4058,Text Font/B1 - B4/B2/14,14,Inter,400,16.0,#131927
🔵 Design System,2443:4059,Text Font/B1 - B4/B2/20,20,Inter,400,16.0,#131927
🔵 Design System,2443:4060,Text Font/B1 - B4/B2/0,0,Inter,400,16.0,#131927
🔵 Design System,2443:4062,Text Font/B1 - B4/B3/B3 MB. Body,B3 MB. Body,Inter,400,14.0,#131927
🔵 Design System,2443:4063,Text Font/B1 - B4/B3/Regular,Regular,Inter,400,16.0,#131927
🔵 Design System,2443:4064,Text Font/B1 - B4/B3/12,12,Inter,400,16.0,#131927
🔵 Design System,2443:4065,Text Font/B1 - B4/B3/16,16,Inter,400,16.0,#131927
🔵 Design System,2443:4066,Text Font/B1 - B4/B3/0,0,Inter,400,16.0,#131927
🔵 Design System,2443:4068,Text Font/B1 - B4/B4/B4 MB. Body,B4 MB. Body,Inter,500,14.0,#131927
🔵 Design System,2443:4069,Text Font/B1 - B4/B4/Medium,Medium,Inter,400,16.0,#131927
🔵 Design System,2443:4070,Text Font/B1 - B4/B4/12,12,Inter,400,16.0,#131927
🔵 Design System,2443:4071,Text Font/B1 - B4/B4/16,16,Inter,400,16.0,#131927
🔵 Design System,2443:4072,Text Font/B1 - B4/B4/0,0,Inter,400,16.0,#131927
🔵 Design System,8:44,Text Font/S1 - S2/S1/S1. Subtitle,S1. Subtitle,Bai Jamjuree,600,18.0,#131927
🔵 Design System,8:75,Text Font/S1 - S2/S1/Semi Bold,Semi Bold,Inter,400,16.0,#131927
🔵 Design System,8:76,Text Font/S1 - S2/S1/18,18,Inter,400,16.0,#131927
🔵 Design System,8:77,Text Font/S1 - S2/S1/28,28,Inter,400,16.0,#131927
🔵 Design System,8:78,Text Font/S1 - S2/S1/0,0,Inter,400,16.0,#131927
🔵 Design System,8:33,Text Font/S1 - S2/S2/S2. Subtitle,S2. Subtitle,Bai Jamjuree,600,16.0,#131927
🔵 Design System,8:79,Text Font/S1 - S2/S2/Semi Bold,Semi Bold,Inter,400,16.0,#131927
🔵 Design System,8:80,Text Font/S1 - S2/S2/16,16,Inter,400,16.0,#131927
🔵 Design System,8:81,Text Font/S1 - S2/S2/24,24,Inter,400,16.0,#131927
🔵 Design System,8:82,Text Font/S1 - S2/S2/0,0,Inter,400,16.0,#131927
🔵 Design System,2531:6515,Text Font/S2/S3. Subtitle,S3. Subtitle,Bai Jamjuree,600,10.0,#131927
🔵 Design System,2531:6516,Text Font/S2/Semi Bold,Semi Bold,Inter,400,16.0,#131927
🔵 Design System,2531:6517,Text Font/S2/12,12,Inter,400,16.0,#131927
🔵 Design System,2531:6518,Text Font/S2/16,16,Inter,400,16.0,#131927
🔵 Design System,2531:6519,Text Font/S2/0,0,Inter,400,16.0,#131927
🔵 Design System,2443:4075,Text Font/S1 - S2/S1/S1 MB. Subtitle,S1 MB. Subtitle,Bai Jamjuree,600,16.0,#131927
🔵 Design System,2443:4076,Text Font/S1 - S2/S1/Semi Bold,Semi Bold,Inter,400,16.0,#131927
🔵 Design System,2443:4077,Text Font/S1 - S2/S1/14,14,Inter,400,16.0,#131927
🔵 Design System,2443:4078,Text Font/S1 - S2/S1/20,20,Inter,400,16.0,#131927
🔵 Design System,2443:4079,Text Font/S1 - S2/S1/0,0,Inter,400,16.0,#131927
🔵 Design System,2443:4081,Text Font/S1 - S2/S2/S2 MB. Subtitle,S2 MB. Subtitle,Bai Jamjuree,600,12.0,#131927
🔵 Design System,2443:4082,Text Font/S1 - S2/S2/Semi Bold,Semi Bold,Inter,400,16.0,#131927
🔵 Design System,2443:4083,Text Font/S1 - S2/S2/12,12,Inter,400,16.0,#131927
🔵 Design System,2443:4084,Text Font/S1 - S2/S2/16,16,Inter,400,16.0,#131927
🔵 Design System,2443:4085,Text Font/S1 - S2/S2/0,0,Inter,400,16.0,#131927
🔵 Design System,2675:5030,Text Font/S1 - S2/S2/S3. MB Subtitle,S3. MB Subtitle,Bai Jamjuree,600,10.0,#131927
🔵 Design System,2675:5031,Text Font/S1 - S2/S2/Semi Bold,Semi Bold,Inter,400,16.0,#131927
🔵 Design System,2675:5032,Text Font/S1 - S2/S2/10,10,Inter,400,16.0,#131927
🔵 Design System,2675:5033,Text Font/S1 - S2/S2/14,14,Inter,400,16.0,#131927
🔵 Design System,2675:5034,Text Font/S1 - S2/S2/0,0,Inter,400,16.0,#131927
🔵 Design System,8:2,Text Font/H1 - H5/H1/H1. Headline,H1. Headline,Bai Jamjuree,600,48.0,#131927
🔵 Design System,8:46,Text Font/H1 - H5/H1/Semi Bold,Semi Bold,Inter,400,16.0,#131927
🔵 Design System,8:47,Text Font/H1 - H5/H1/48,48,Inter,400,16.0,#131927
🔵 Design System,8:48,Text Font/H1 - H5/H1/58,58,Inter,400,16.0,#131927
🔵 Design System,8:49,Text Font/H1 - H5/H1/0,0,Inter,400,16.0,#131927
🔵 Design System,8:21,Text Font/H1 - H5/H2/H2. Headline,H2. Headline,Bai Jamjuree,600,40.0,#131927
🔵 Design System,8:52,Text Font/H1 - H5/H2/Semi Bold,Semi Bold,Inter,400,16.0,#131927
🔵 Design System,8:53,Text Font/H1 - H5/H2/40,40,Inter,400,16.0,#131927
🔵 Design System,8:54,Text Font/H1 - H5/H2/48,48,Inter,400,16.0,#131927
🔵 Design System,8:55,Text Font/H1 - H5/H2/0,0,Inter,400,16.0,#131927
🔵 Design System,8:22,Text Font/H1 - H5/H3/H3. Headline,H3. Headline,Bai Jamjuree,600,32.0,#131927
🔵 Design System,8:56,Text Font/H1 - H5/H3/Semi Bold,Semi Bold,Inter,400,16.0,#131927
🔵 Design System,8:57,Text Font/H1 - H5/H3/32,32,Inter,400,16.0,#131927
🔵 Design System,8:58,Text Font/H1 - H5/H3/38,38,Inter,400,16.0,#131927
🔵 Design System,8:59,Text Font/H1 - H5/H3/0,0,Inter,400,16.0,#131927
🔵 Design System,8:23,Text Font/H1 - H5/H4/H4. Headline,H4. Headline,Bai Jamjuree,600,28.0,#131927
🔵 Design System,8:60,Text Font/H1 - H5/H4/Semi Bold,Semi Bold,Inter,400,16.0,#131927
🔵 Design System,8:61,Text Font/H1 - H5/H4/28,28,Inter,400,16.0,#131927
🔵 Design System,8:62,Text Font/H1 - H5/H4/34,34,Inter,400,16.0,#131927
🔵 Design System,8:63,Text Font/H1 - H5/H4/0,0,Inter,400,16.0,#131927
🔵 Design System,8:24,Text Font/H1 - H5/H5/H5. Headline,H5. Headline,Bai Jamjuree,600,24.0,#131927
🔵 Design System,8:64,Text Font/H1 - H5/H5/Semi Bold,Semi Bold,Inter,400,16.0,#131927
🔵 Design System,8:65,Text Font/H1 - H5/H5/24,24,Inter,400,16.0,#131927
🔵 Design System,8:66,Text Font/H1 - H5/H5/28,28,Inter,400,16.0,#131927
🔵 Design System,8:67,Text Font/H1 - H5/H5/0,0,Inter,400,16.0,#131927
🔵 Design System,2443:4088,Text Font/H1 - H5/H1/H1 MB. Headline,H1 MB. Headline,Bai Jamjuree,600,32.0,#131927
🔵 Design System,2443:4089,Text Font/H1 - H5/H1/Semi Bold,Semi Bold,Inter,400,16.0,#131927
🔵 Design System,2443:4090,Text Font/H1 - H5/H1/32,32,Inter,400,16.0,#131927
🔵 Design System,2443:4091,Text Font/H1 - H5/H1/38,38,Inter,400,16.0,#131927
🔵 Design System,2443:4092,Text Font/H1 - H5/H1/0,0,Inter,400,16.0,#131927
🔵 Design System,2443:4094,Text Font/H1 - H5/H2/H2 MB. Headline,H2 MB. Headline,Bai Jamjuree,600,28.0,#131927
🔵 Design System,2443:4095,Text Font/H1 - H5/H2/Semi Bold,Semi Bold,Inter,400,16.0,#131927
🔵 Design System,2443:4096,Text Font/H1 - H5/H2/28,28,Inter,400,16.0,#131927
🔵 Design System,2443:4097,Text Font/H1 - H5/H2/34,34,Inter,400,16.0,#131927
🔵 Design System,2443:4098,Text Font/H1 - H5/H2/0,0,Inter,400,16.0,#131927
🔵 Design System,2443:4100,Text Font/H1 - H5/H3/H3 MB. Headline,H3 MB. Headline,Bai Jamjuree,600,24.0,#131927
🔵 Design System,2443:4101,Text Font/H1 - H5/H3/Semi Bold,Semi Bold,Inter,400,16.0,#131927
🔵 Design System,2443:4102,Text Font/H1 - H5/H3/24,24,Inter,400,16.0,#131927
🔵 Design System,2443:4103,Text Font/H1 - H5/H3/28,28,Inter,400,16.0,#131927
🔵 Design System,2443:4104,Text Font/H1 - H5/H3/0,0,Inter,400,16.0,#131927
🔵 Design System,2443:4106,Text Font/H1 - H5/H4/H4 MB. Headline,H4 MB. Headline,Bai Jamjuree,600,18.0,#131927
🔵 Design System,2443:4107,Text Font/H1 - H5/H4/Semi Bold,Semi Bold,Inter,400,16.0,#131927
🔵 Design System,2443:4108,Text Font/H1 - H5/H4/18,18,Inter,400,16.0,#131927
🔵 Design System,2443:4109,Text Font/H1 - H5/H4/28,28,Inter,400,16.0,#131927
🔵 Design System,2443:4110,Text Font/H1 - H5/H4/0,0,Inter,400,16.0,#131927
🔵 Design System,2443:4112,Text Font/H1 - H5/H5/H5 MB. Headline,H5 MB. Headline,Bai Jamjuree,600,14.0,#131927
🔵 Design System,2443:4113,Text Font/H1 - H5/H5/Semi Bold,Semi Bold,Inter,400,16.0,#131927
🔵 Design System,2443:4114,Text Font/H1 - H5/H5/16,16,Inter,400,16.0,#131927
🔵 Design System,2443:4115,Text Font/H1 - H5/H5/24,24,Inter,400,16.0,#131927
🔵 Design System,2443:4116,Text Font/H1 - H5/H5/0,0,Inter,400,16.0,#131927
🔵 Design System,2479:8320,Text Font/Frame 2147224763/Body text:,Body text:,Bai Jamjuree,600,48.0,#3745AF
🔵 Design System,2479:8321,Text Font/Frame 2147224763/Inter,Inter,Bai Jamjuree,600,48.0,#4E61F6
🔵 Design System,2844:5997,Text Font/Font:,Font:,Bai Jamjuree,600,48.0,#3745AF
🔵 Design System,2844:5998,Text Font/Bai Jamjuree,Bai Jamjuree,Bai Jamjuree,600,48.0,#4E61F6
🔵 Design System,23:1019,Button Font/Giant - Tiny/Giant/Giant,Giant,Inter,600,18.0,#131927
🔵 Design System,23:1020,Button Font/Giant - Tiny/Giant/Semi Bold,Semi Bold,Inter,400,16.0,#131927
🔵 Design System,23:1021,Button Font/Giant - Tiny/Giant/18,18,Inter,400,16.0,#131927
🔵 Design System,23:1022,Button Font/Giant - Tiny/Giant/24,24,Inter,400,16.0,#131927
🔵 Design System,23:1023,Button Font/Giant - Tiny/Giant/0,0,Inter,400,16.0,#131927
🔵 Design System,33:121,Button Font/Giant - Tiny/Large/Large,Large,Inter,600,16.0,#131927
🔵 Design System,33:122,Button Font/Giant - Tiny/Large/Semi Bold,Semi Bold,Inter,400,16.0,#131927
🔵 Design System,33:123,Button Font/Giant - Tiny/Large/16,16,Inter,400,16.0,#131927
🔵 Design System,33:124,Button Font/Giant - Tiny/Large/20,20,Inter,400,16.0,#131927
🔵 Design System,33:125,Button Font/Giant - Tiny/Large/0,0,Inter,400,16.0,#131927
🔵 Design System,33:128,Button Font/Giant - Tiny/Medium/Medium,Medium,Inter,600,14.0,#131927
🔵 Design System,33:129,Button Font/Giant - Tiny/Medium/Semi Bold,Semi Bold,Inter,400,16.0,#131927
🔵 Design System,33:130,Button Font/Giant - Tiny/Medium/14,14,Inter,400,16.0,#131927
🔵 Design System,33:131,Button Font/Giant - Tiny/Medium/16,16,Inter,400,16.0,#131927
🔵 Design System,33:132,Button Font/Giant - Tiny/Medium/0,0,Inter,400,16.0,#131927
🔵 Design System,2995:10019,Button Font/Giant - Tiny/Medium/Medium R,Medium R,Inter,600,14.0,#131927
🔵 Design System,2995:10020,Button Font/Giant - Tiny/Medium/Regular,Regular,Inter,400,16.0,#131927
🔵 Design System,2995:10021,Button Font/Giant - Tiny/Medium/14,14,Inter,400,16.0,#131927
🔵 Design System,2995:10022,Button Font/Giant - Tiny/Medium/16,16,Inter,400,16.0,#131927
🔵 Design System,2995:10023,Button Font/Giant - Tiny/Medium/0,0,Inter,400,16.0,#131927
🔵 Design System,33:135,Button Font/Giant - Tiny/Small/Small,Small,Inter,600,12.0,#131927
🔵 Design System,33:136,Button Font/Giant - Tiny/Small/Semi Bold,Semi Bold,Inter,400,16.0,#131927
🔵 Design System,33:137,Button Font/Giant - Tiny/Small/12,12,Inter,400,16.0,#131927
🔵 Design System,33:138,Button Font/Giant - Tiny/Small/16,16,Inter,400,16.0,#131927
🔵 Design System,33:139,Button Font/Giant - Tiny/Small/0,0,Inter,400,16.0,#131927
🔵 Design System,33:141,Button Font/Giant - Tiny/Tiny/Tiny,Tiny,Inter,600,6.0,#131927
🔵 Design System,33:142,Button Font/Giant - Tiny/Tiny/Semi Bold,Semi Bold,Inter,400,16.0,#131927
🔵 Design System,33:143,Button Font/Giant - Tiny/Tiny/10,10,Inter,400,16.0,#131927
🔵 Design System,33:144,Button Font/Giant - Tiny/Tiny/12,12,Inter,400,16.0,#131927
🔵 Design System,33:145,Button Font/Giant - Tiny/Tiny/0,0,Inter,400,16.0,#131927
🔵 Design System,2675:4590,Button Font/Giant - Tiny/Tiny/Supper Tiny,Supper Tiny,Inter,600,6.0,#131927
🔵 Design System,2675:4591,Button Font/Giant - Tiny/Tiny/Semi Bold,Semi Bold,Inter,400,16.0,#131927
🔵 Design System,2675:4592,Button Font/Giant - Tiny/Tiny/6,6,Inter,400,16.0,#131927
🔵 Design System,2675:4593,Button Font/Giant - Tiny/Tiny/8,8,Inter,400,16.0,#131927
🔵 Design System,2675:4594,Button Font/Giant - Tiny/Tiny/0,0,Inter,400,16.0,#131927
🔵 Design System,33:154,Button Font/Heading/Heading/Typeface,Typeface,Inter,400,16.0,#131927
🔵 Design System,33:155,Button Font/Heading/Heading/Weight,Weight,Inter,400,16.0,#131927
🔵 Design System,33:156,Button Font/Heading/Heading/Size,Size,Inter,400,16.0,#131927
🔵 Design System,33:157,Button Font/Heading/Heading/Line,Line,Inter,400,16.0,#131927
🔵 Design System,33:158,Button Font/Heading/Heading/Spacing,Spacing,Inter,400,16.0,#131927
🔵 Design System,33:150,Button Font/Button Font/Button Font,Button Font,Bai Jamjuree,600,24.0,#131927
🔵 Design System,18:105,Colors/Colors,Colors,Bai Jamjuree,600,48.0,#131927
🔵 Design System,24:2341,Colors/Colors/Black/Black/Black,Black,Bai Jamjuree,600,24.0,#131927
🔵 Design System,24:2345,Colors/Colors/Black/Black/100-10%/100%/alfa 100%,alfa\n100%,Inter,400,16.0,#FFFFFF
🔵 Design System,24:2348,Colors/Colors/Black/Black/100-10%/90%/alfa 90%,alfa\n90%,Inter,400,16.0,#FFFFFF
🔵 Design System,24:2351,Colors/Colors/Black/Black/100-10%/80%/alfa 80%,alfa\n80%,Inter,400,16.0,#FFFFFF
🔵 Design System,24:2354,Colors/Colors/Black/Black/100-10%/70%/alfa 70%,alfa\n70%,Inter,400,16.0,#FFFFFF
🔵 Design System,24:2357,Colors/Colors/Black/Black/100-10%/60%/alfa 60%,alfa\n60%,Inter,400,16.0,#FFFFFF
🔵 Design System,24:2360,Colors/Colors/Black/Black/100-10%/50%/alfa 50%,alfa\n50%,Inter,400,16.0,#FFFFFF
🔵 Design System,24:2363,Colors/Colors/Black/Black/100-10%/40%/alfa 40%,alfa\n40%,Inter,400,16.0,#131927
🔵 Design System,24:2366,Colors/Colors/Black/Black/100-10%/30%/alfa 30%,alfa\n30%,Inter,400,16.0,#131927
🔵 Design System,24:2369,Colors/Colors/Black/Black/100-10%/20%/alfa 20%,alfa\n20%,Inter,400,16.0,#131927
🔵 Design System,24:2372,Colors/Colors/Black/Black/100-10%/10%/alfa 10%,alfa\n10%,Inter,400,16.0,#131927
🔵 Design System,25:2399,Colors/Colors/White/White/White,White,Bai Jamjuree,600,24.0,#131927
🔵 Design System,25:2403,Colors/Colors/White/White/100-10%/100%/alfa 100%,alfa\n100%,Inter,400,16.0,#131927
🔵 Design System,25:2406,Colors/Colors/White/White/100-10%/90%/alfa 90%,alfa\n90%,Inter,400,16.0,#131927
🔵 Design System,25:2409,Colors/Colors/White/White/100-10%/80%/alfa 80%,alfa\n80%,Inter,400,16.0,#131927
🔵 Design System,25:2412,Colors/Colors/White/White/100-10%/70%/alfa 70%,alfa\n70%,Inter,400,16.0,#131927
🔵 Design System,25:2415,Colors/Colors/White/White/100-10%/60%/alfa 60%,alfa\n60%,Inter,400,16.0,#131927
🔵 Design System,25:2418,Colors/Colors/White/White/100-10%/50%/alfa 50%,alfa\n50%,Inter,400,16.0,#131927
🔵 Design System,25:2421,Colors/Colors/White/White/100-10%/40%/alfa 40%,alfa\n40%,Inter,400,16.0,#131927
🔵 Design System,25:2424,Colors/Colors/White/White/100-10%/30%/alfa 30%,alfa\n30%,Inter,400,16.0,#131927
🔵 Design System,25:2427,Colors/Colors/White/White/100-10%/20%/alfa 20%,alfa\n20%,Inter,400,16.0,#131927
🔵 Design System,25:2430,Colors/Colors/White/White/100-10%/10%/alfa 10%,alfa\n10%,Inter,400,16.0,#131927
🔵 Design System,19:111,Colors/Colors/Primary/Primary,Primary,Bai Jamjuree,600,24.0,#131927
🔵 Design System,19:424,Colors/Colors/Primary/900-50/900/900,900,Inter,400,16.0,#FFFFFF
🔵 Design System,19:426,Colors/Colors/Primary/900-50/800/800,800,Inter,400,16.0,#FFFFFF
🔵 Design System,19:427,Colors/Colors/Primary/900-50/700/700,700,Inter,400,16.0,#FFFFFF
🔵 Design System,19:428,Colors/Colors/Primary/900-50/600/600,600,Inter,400,16.0,#FFFFFF
🔵 Design System,19:430,Colors/Colors/Primary/900-50/500/500,500,Inter,400,16.0,#FFFFFF
🔵 Design System,19:431,Colors/Colors/Primary/900-50/400/400,400,Inter,400,16.0,#FFFFFF
🔵 Design System,19:432,Colors/Colors/Primary/900-50/300/300,300,Inter,400,16.0,#131927
🔵 Design System,19:433,Colors/Colors/Primary/900-50/200/200,200,Inter,400,16.0,#131927
🔵 Design System,19:435,Colors/Colors/Primary/900-50/100/100,100,Inter,400,16.0,#131927
🔵 Design System,19:436,Colors/Colors/Primary/900-50/50/50,50,Inter,400,16.0,#131927
🔵 Design System,19:483,Colors/Colors/Grey/Grey,Grey,Bai Jamjuree,600,24.0,#131927
🔵 Design System,19:487,Colors/Colors/Grey/900-50/900/900,900,Inter,400,16.0,#FFFFFF
🔵 Design System,19:490,Colors/Colors/Grey/900-50/800/800,800,Inter,400,16.0,#FFFFFF
🔵 Design System,19:493,Colors/Colors/Grey/900-50/700/700,700,Inter,400,16.0,#FFFFFF
🔵 Design System,19:496,Colors/Colors/Grey/900-50/600/600,600,Inter,400,16.0,#FFFFFF
🔵 Design System,19:499,Colors/Colors/Grey/900-50/500/500,500,Inter,400,16.0,#FFFFFF
🔵 Design System,19:502,Colors/Colors/Grey/900-50/400/400,400,Inter,400,16.0,#FFFFFF
🔵 Design System,19:505,Colors/Colors/Grey/900-50/300/300,300,Inter,400,16.0,#131927
🔵 Design System,19:508,Colors/Colors/Grey/900-50/200/200,200,Inter,400,16.0,#131927
🔵 Design System,19:511,Colors/Colors/Grey/900-50/100/100,100,Inter,400,16.0,#131927
🔵 Design System,19:514,Colors/Colors/Grey/900-50/50/50,50,Inter,400,16.0,#131927
🔵 Design System,24:1026,Colors/Colors/Green/Green / Success,Green / Success,Bai Jamjuree,600,24.0,#131927
🔵 Design System,24:1030,Colors/Colors/Green/900-50/900/900,900,Inter,400,16.0,#FFFFFF
🔵 Design System,24:1033,Colors/Colors/Green/900-50/800/800,800,Inter,400,16.0,#FFFFFF
🔵 Design System,24:1036,Colors/Colors/Green/900-50/700/700,700,Inter,400,16.0,#FFFFFF
🔵 Design System,24:1039,Colors/Colors/Green/900-50/600/600,600,Inter,400,16.0,#FFFFFF
🔵 Design System,24:1042,Colors/Colors/Green/900-50/500/500,500,Inter,400,16.0,#FFFFFF
🔵 Design System,24:1045,Colors/Colors/Green/900-50/400/400,400,Inter,400,16.0,#FFFFFF
🔵 Design System,24:1048,Colors/Colors/Green/900-50/300/300,300,Inter,400,16.0,#131927
🔵 Design System,24:1051,Colors/Colors/Green/900-50/200/200,200,Inter,400,16.0,#131927
🔵 Design System,24:1054,Colors/Colors/Green/900-50/100/100,100,Inter,400,16.0,#131927
🔵 Design System,24:1057,Colors/Colors/Green/900-50/50/50,50,Inter,400,16.0,#131927
🔵 Design System,24:1714,Colors/Colors/Red/Red / Danger,Red / Danger,Bai Jamjuree,600,24.0,#131927
🔵 Design System,24:1718,Colors/Colors/Red/900-50/900/900,900,Inter,400,16.0,#FFFFFF
🔵 Design System,24:1721,Colors/Colors/Red/900-50/800/800,800,Inter,400,16.0,#FFFFFF
🔵 Design System,24:1724,Colors/Colors/Red/900-50/700/700,700,Inter,400,16.0,#FFFFFF
🔵 Design System,24:1727,Colors/Colors/Red/900-50/600/600,600,Inter,400,16.0,#FFFFFF
🔵 Design System,24:1730,Colors/Colors/Red/900-50/500/500,500,Inter,400,16.0,#FFFFFF
🔵 Design System,24:1733,Colors/Colors/Red/900-50/400/400,400,Inter,400,16.0,#FFFFFF
🔵 Design System,24:1736,Colors/Colors/Red/900-50/300/300,300,Inter,400,16.0,#131927
🔵 Design System,24:1739,Colors/Colors/Red/900-50/200/200,200,Inter,400,16.0,#131927
🔵 Design System,24:1742,Colors/Colors/Red/900-50/100/100,100,Inter,400,16.0,#131927
🔵 Design System,24:1745,Colors/Colors/Red/900-50/50/50,50,Inter,400,16.0,#131927
🔵 Design System,24:1781,Colors/Colors/Yellow/Yellow / Warning,Yellow / Warning,Bai Jamjuree,600,24.0,#131927
🔵 Design System,24:1785,Colors/Colors/Yellow/900-50/900/900,900,Inter,400,16.0,#FFFFFF
🔵 Design System,24:1788,Colors/Colors/Yellow/900-50/800/800,800,Inter,400,16.0,#FFFFFF
🔵 Design System,24:1791,Colors/Colors/Yellow/900-50/700/700,700,Inter,400,16.0,#FFFFFF
🔵 Design System,24:1794,Colors/Colors/Yellow/900-50/600/600,600,Inter,400,16.0,#FFFFFF
🔵 Design System,24:1797,Colors/Colors/Yellow/900-50/500/500,500,Inter,400,16.0,#FFFFFF
🔵 Design System,24:1800,Colors/Colors/Yellow/900-50/400/400,400,Inter,400,16.0,#FFFFFF
🔵 Design System,24:1803,Colors/Colors/Yellow/900-50/300/300,300,Inter,400,16.0,#131927
🔵 Design System,24:1806,Colors/Colors/Yellow/900-50/200/200,200,Inter,400,16.0,#131927
🔵 Design System,24:1809,Colors/Colors/Yellow/900-50/100/100,100,Inter,400,16.0,#131927
🔵 Design System,24:1812,Colors/Colors/Yellow/900-50/50/50,50,Inter,400,16.0,#131927
🔵 Design System,24:2184,Colors/Colors/Blue/Blue / Info,Blue / Info,Bai Jamjuree,600,24.0,#131927
🔵 Design System,24:2188,Colors/Colors/Blue/900-50/900/900,900,Inter,400,16.0,#FFFFFF
🔵 Design System,24:2191,Colors/Colors/Blue/900-50/800/800,800,Inter,400,16.0,#FFFFFF
🔵 Design System,24:2194,Colors/Colors/Blue/900-50/700/700,700,Inter,400,16.0,#FFFFFF
🔵 Design System,24:2197,Colors/Colors/Blue/900-50/600/600,600,Inter,400,16.0,#FFFFFF
🔵 Design System,24:2200,Colors/Colors/Blue/900-50/500/500,500,Inter,400,16.0,#FFFFFF
🔵 Design System,24:2203,Colors/Colors/Blue/900-50/400/400,400,Inter,400,16.0,#FFFFFF
🔵 Design System,24:2206,Colors/Colors/Blue/900-50/300/300,300,Inter,400,16.0,#131927
🔵 Design System,24:2209,Colors/Colors/Blue/900-50/200/200,200,Inter,400,16.0,#131927
🔵 Design System,24:2212,Colors/Colors/Blue/900-50/100/100,100,Inter,400,16.0,#131927
🔵 Design System,24:2215,Colors/Colors/Blue/900-50/50/50,50,Inter,400,16.0,#131927
🔵 Design System,270:9890,Card/Card: Vertical,Card: Vertical,Bai Jamjuree,600,48.0,#131927
🔵 Design System,279:2941,Card/Card: Horizontal - Small,Card: Horizontal - Small,Bai Jamjuree,600,48.0,#131927
🔵 Design System,277:3162,Card/Examples/Title + Message/Examples,Examples,Bai Jamjuree,600,24.0,#131927
🔵 Design System,277:3163,Card/Examples/Title + Message/Customizing content within a component.,Customizing content within a component.,Inter,400,16.0,#6D717F
🔵 Design System,I277:3165;277:3058,Card/Card (Vertical)/Content/Title + Description/Title,Title,Bai Jamjuree,600,16.0,#131927
🔵 Design System,I277:3165;277:3059,"Card/Card (Vertical)/Content/Title + Description/Keep your messages short, but make sure they cover everything you need to say.","Keep your messages short, but make sure they cover everything you need to say.",Inter,400,14.0,#6D717F
🔵 Design System,I277:3165;277:3061;34:1244,Card/Card (Vertical)/Content/Buttons/Button/Text/Button,Button,Inter,600,16.0,#FFFFFF
🔵 Design System,I277:3165;277:3062;36:696,Card/Card (Vertical)/Content/Buttons/Button/Text/Button,Button,Inter,600,16.0,#4E61F6
🔵 Design System,I279:2817;277:3058,Card/Card (Vertical)/Content/Title + Description/Title,Title,Bai Jamjuree,600,16.0,#131927
🔵 Design System,I279:2817;277:3059,"Card/Card (Vertical)/Content/Title + Description/Keep your messages short, but make sure they cover everything you need to say.","Keep your messages short, but make sure they cover everything you need to say.",Inter,400,14.0,#6D717F
🔵 Design System,I279:2817;277:3061;34:1244,Card/Card (Vertical)/Content/Buttons/Button/Text/Button,Button,Inter,600,16.0,#FFFFFF
🔵 Design System,I279:2817;277:3062;36:696,Card/Card (Vertical)/Content/Buttons/Button/Text/Button,Button,Inter,600,16.0,#4E61F6
🔵 Design System,I279:2834;277:3058,Card/Card (Vertical)/Content/Title + Description/Title,Title,Bai Jamjuree,600,16.0,#131927
🔵 Design System,I279:2834;277:3059,"Card/Card (Vertical)/Content/Title + Description/Keep your messages short, but make sure they cover everything you need to say.","Keep your messages short, but make sure they cover everything you need to say.",Inter,400,14.0,#6D717F
🔵 Design System,I279:2834;277:3061;34:1244,Card/Card (Vertical)/Content/Buttons/Button/Text/Button,Button,Inter,600,16.0,#FFFFFF
🔵 Design System,I279:2834;277:3062;36:696,Card/Card (Vertical)/Content/Buttons/Button/Text/Button,Button,Inter,600,16.0,#4E61F6
🔵 Design System,279:2930,Card/Card (Horizontal - Small)/Content/Title + Description/Title,Title,Bai Jamjuree,600,16.0,#131927
🔵 Design System,279:2931,"Card/Card (Horizontal - Small)/Content/Title + Description/Keep your messages short, but make sure they cover everything you need to say.","Keep your messages short, but make sure they cover everything you need to say.",Inter,400,14.0,#6D717F
🔵 Design System,277:3058,"Card/Card (Vertical)/Size=Large, State=Default/Content/Title + Description/Title",Title,Bai Jamjuree,600,16.0,#131927
🔵 Design System,277:3059,"Card/Card (Vertical)/Size=Large, State=Default/Content/Title + Description/Keep your messages short, but make sure they cover everything you need to say.","Keep your messages short, but make sure they cover everything you need to say.",Inter,400,14.0,#6D717F
🔵 Design System,I277:3061;34:1244,"Card/Card (Vertical)/Size=Large, State=Default/Content/Buttons/Button/Text/Button",Button,Inter,600,16.0,#FFFFFF
🔵 Design System,I277:3062;36:696,"Card/Card (Vertical)/Size=Large, State=Default/Content/Buttons/Button/Text/Button",Button,Inter,600,16.0,#4E61F6
🔵 Design System,2439:2852,"Card/Card (Vertical)/Size=Large, State=Hover/Content/Title + Description/Title",Title,Bai Jamjuree,600,16.0,#131927
🔵 Design System,2439:2853,"Card/Card (Vertical)/Size=Large, State=Hover/Content/Title + Description/Keep your messages short, but make sure they cover everything you need to say.","Keep your messages short, but make sure they cover everything you need to say.",Inter,400,14.0,#6D717F
🔵 Design System,I2439:2855;34:1244,"Card/Card (Vertical)/Size=Large, State=Hover/Content/Buttons/Button/Text/Button",Button,Inter,600,16.0,#FFFFFF
🔵 Design System,I2439:2856;36:696,"Card/Card (Vertical)/Size=Large, State=Hover/Content/Buttons/Button/Text/Button",Button,Inter,600,16.0,#4E61F6
🔵 Design System,2439:2817,"Card/Card (Vertical)/Size=Medium, State=Default/Content/Title + Description/Title",Title,Bai Jamjuree,600,16.0,#131927
🔵 Design System,2439:2818,"Card/Card (Vertical)/Size=Medium, State=Default/Content/Title + Description/Keep your messages short, but make sure they cover everything you need to say.","Keep your messages short, but make sure they cover everything you need to say.",Inter,400,14.0,#6D717F
🔵 Design System,I2439:2820;34:1244,"Card/Card (Vertical)/Size=Medium, State=Default/Content/Buttons/Button/Text/Button",Button,Inter,600,16.0,#FFFFFF
🔵 Design System,I2439:2821;36:696,"Card/Card (Vertical)/Size=Medium, State=Default/Content/Buttons/Button/Text/Button",Button,Inter,600,16.0,#4E61F6
🔵 Design System,2443:3812,"Card/Card _ Glass/State=Default, Color=White, Size=Big/Text/Frame 1410103915/Frame 1410103917/Sample Sub Title",Sample Sub Title,Manrope,500,20.0,#17A5FE
🔵 Design System,2443:3813,"Card/Card _ Glass/State=Default, Color=White, Size=Big/Text/Frame 1410103915/Frame 1410103917/Sample Text",Sample Text,Manrope,800,30.0,#17A5FE
🔵 Design System,2443:3815,"Card/Card _ Glass/State=Default, Color=White, Size=Big/Text/Frame 1410103915/Frame 1410103913/Không còn quảng cáo đại trà. Với nền tảng của bạn, quảng cáo sẽ đúng người, đúng nhu cầu, đúng khoảnh khắc, giúp vừa tăng trải nghiệm người dùng – vừa mang lại dòng tiền.","Không còn quảng cáo đại trà. Với nền tảng của bạn, quảng cáo sẽ đúng người, đúng nhu cầu, đúng khoảnh khắc, giúp vừa tăng trải nghiệm người dùng – vừa mang lại dòng tiền.",Manrope,500,14.0,#7F8391
🔵 Design System,I2443:3817;36:696,"Card/Card _ Glass/State=Default, Color=White, Size=Big/Text/Frame 1410103912/Button/Text/Button",Button,Manrope,600,16.0,#44DEFF
🔵 Design System,2443:3823,"Card/Card _ Glass/State=Hover, Color=White, Size=Big/Text/Frame 1410103916/Frame 1410103918/Sample Sub Title",Sample Sub Title,Manrope,500,20.0,#153C88
🔵 Design System,2443:3824,"Card/Card _ Glass/State=Hover, Color=White, Size=Big/Text/Frame 1410103916/Frame 1410103918/Sample Text",Sample Text,Manrope,800,30.0,#153C88
🔵 Design System,2443:3826,"Card/Card _ Glass/State=Hover, Color=White, Size=Big/Text/Frame 1410103916/Frame 1410103914/Không còn quảng cáo đại trà. Với nền tảng của bạn, quảng cáo sẽ đúng người, đúng nhu cầu, đúng khoảnh khắc, giúp vừa tăng trải nghiệm người dùng – vừa mang lại dòng tiền.","Không còn quảng cáo đại trà. Với nền tảng của bạn, quảng cáo sẽ đúng người, đúng nhu cầu, đúng khoảnh khắc, giúp vừa tăng trải nghiệm người dùng – vừa mang lại dòng tiền.",Manrope,500,14.0,#7F8391
🔵 Design System,I2443:3828;36:696,"Card/Card _ Glass/State=Hover, Color=White, Size=Big/Text/Frame 1410103917/Button/Text/Button",Button,Manrope,600,16.0,#44DEFF
🔵 Design System,2443:3834,"Card/Card _ Glass/State=Default, Color=Blue, Size=Big/Text/Frame 1410103915/Frame 1410103917/Sample Sub Title",Sample Sub Title,Manrope,500,20.0,#3D5AF1
🔵 Design System,2443:3835,"Card/Card _ Glass/State=Default, Color=Blue, Size=Big/Text/Frame 1410103915/Frame 1410103917/Sample Text",Sample Text,Manrope,800,30.0,#3D5AF1
🔵 Design System,2443:3837,"Card/Card _ Glass/State=Default, Color=Blue, Size=Big/Text/Frame 1410103915/Frame 1410103913/Không còn quảng cáo đại trà. Với nền tảng của bạn, quảng cáo sẽ đúng người, đúng nhu cầu, đúng khoảnh khắc, giúp vừa tăng trải nghiệm người dùng – vừa mang lại dòng tiền.","Không còn quảng cáo đại trà. Với nền tảng của bạn, quảng cáo sẽ đúng người, đúng nhu cầu, đúng khoảnh khắc, giúp vừa tăng trải nghiệm người dùng – vừa mang lại dòng tiền.",Manrope,500,14.0,#394050
🔵 Design System,I2443:3839;36:696,"Card/Card _ Glass/State=Default, Color=Blue, Size=Big/Text/Frame 1410103912/Button/Text/Button",Button,Manrope,600,16.0,#44DEFF
🔵 Design System,2443:3845,"Card/Card _ Glass/State=Hover, Color=Blue, Size=Big/Text/Frame 1410103916/Frame 1410103917/Sample Sub Title",Sample Sub Title,Manrope,500,20.0,#174293
🔵 Design System,2443:3846,"Card/Card _ Glass/State=Hover, Color=Blue, Size=Big/Text/Frame 1410103916/Frame 1410103917/Sample Text",Sample Text,Manrope,800,30.0,#174293
🔵 Design System,2443:3848,"Card/Card _ Glass/State=Hover, Color=Blue, Size=Big/Text/Frame 1410103916/Frame 1410103913/Không còn quảng cáo đại trà. Với nền tảng của bạn, quảng cáo sẽ đúng người, đúng nhu cầu, đúng khoảnh khắc, giúp vừa tăng trải nghiệm người dùng – vừa mang lại dòng tiền.","Không còn quảng cáo đại trà. Với nền tảng của bạn, quảng cáo sẽ đúng người, đúng nhu cầu, đúng khoảnh khắc, giúp vừa tăng trải nghiệm người dùng – vừa mang lại dòng tiền.",Manrope,500,14.0,#3057B6
🔵 Design System,I2443:3850;36:696,"Card/Card _ Glass/State=Hover, Color=Blue, Size=Big/Text/Frame 1410103917/Button/Text/Button",Button,Manrope,600,16.0,#44DEFF
🔵 Design System,2443:3856,"Card/Card _ Glass/State=Default, Color=White, Size=Small/Text/Frame 1410103915/Frame 1410103917/Sample Sub Title",Sample Sub Title,Manrope,500,12.0,#17A5FE
🔵 Design System,2443:3857,"Card/Card _ Glass/State=Default, Color=White, Size=Small/Text/Frame 1410103915/Frame 1410103917/Sample Text",Sample Text,Manrope,700,20.0,#17A5FE
🔵 Design System,2443:3859,"Card/Card _ Glass/State=Default, Color=White, Size=Small/Text/Frame 1410103915/Frame 1410103913/Không còn quảng cáo đại trà. Với nền tảng của bạn, quảng cáo sẽ đúng người, đúng nhu cầu, đúng khoảnh khắc, giúp vừa tăng trải nghiệm người dùng – vừa mang lại dòng tiền.","Không còn quảng cáo đại trà. Với nền tảng của bạn, quảng cáo sẽ đúng người, đúng nhu cầu, đúng khoảnh khắc, giúp vừa tăng trải nghiệm người dùng – vừa mang lại dòng tiền.",Manrope,500,12.0,#7F8391
🔵 Design System,I2443:3861;36:696,"Card/Card _ Glass/State=Default, Color=White, Size=Small/Text/Frame 1410103912/Button/Text/Button",Button,Manrope,600,16.0,#44DEFF
🔵 Design System,2443:3867,"Card/Card _ Glass/State=Hover, Color=White, Size=Small/Text/Frame 1410103916/Frame 1410103918/Sample Sub Title",Sample Sub Title,Manrope,500,12.0,#25A2CC
🔵 Design System,2443:3868,"Card/Card _ Glass/State=Hover, Color=White, Size=Small/Text/Frame 1410103916/Frame 1410103918/Sample Text",Sample Text,Manrope,700,20.0,#25A2CC
🔵 Design System,2443:3870,"Card/Card _ Glass/State=Hover, Color=White, Size=Small/Text/Frame 1410103916/Frame 1410103914/Không còn quảng cáo đại trà. Với nền tảng của bạn, quảng cáo sẽ đúng người, đúng nhu cầu, đúng khoảnh khắc, giúp vừa tăng trải nghiệm người dùng – vừa mang lại dòng tiền.","Không còn quảng cáo đại trà. Với nền tảng của bạn, quảng cáo sẽ đúng người, đúng nhu cầu, đúng khoảnh khắc, giúp vừa tăng trải nghiệm người dùng – vừa mang lại dòng tiền.",Manrope,500,12.0,#09799F
🔵 Design System,I2443:3872;36:696,"Card/Card _ Glass/State=Hover, Color=White, Size=Small/Text/Frame 1410103917/Button/Text/Button",Button,Manrope,600,16.0,#44DEFF
🔵 Design System,2443:3878,"Card/Card _ Glass/State=Default, Color=Blue, Size=Small/Text/Frame 1410103915/Frame 1410103917/Sample Sub Title",Sample Sub Title,Manrope,500,12.0,#174293
🔵 Design System,2443:3879,"Card/Card _ Glass/State=Default, Color=Blue, Size=Small/Text/Frame 1410103915/Frame 1410103917/Sample Text",Sample Text,Manrope,800,20.0,#174293
🔵 Design System,2443:3881,"Card/Card _ Glass/State=Default, Color=Blue, Size=Small/Text/Frame 1410103915/Frame 1410103913/Không còn quảng cáo đại trà. Với nền tảng của bạn, quảng cáo sẽ đúng người, đúng nhu cầu, đúng khoảnh khắc, giúp vừa tăng trải nghiệm người dùng – vừa mang lại dòng tiền.","Không còn quảng cáo đại trà. Với nền tảng của bạn, quảng cáo sẽ đúng người, đúng nhu cầu, đúng khoảnh khắc, giúp vừa tăng trải nghiệm người dùng – vừa mang lại dòng tiền.",Manrope,500,12.0,#3057B6
🔵 Design System,I2443:3883;36:696,"Card/Card _ Glass/State=Default, Color=Blue, Size=Small/Text/Frame 1410103912/Button/Text/Button",Button,Manrope,600,16.0,#44DEFF
🔵 Design System,2443:3889,"Card/Card _ Glass/State=Hover, Color=Blue, Size=Small/Text/Frame 1410103916/Frame 1410103917/Sample Sub Title",Sample Sub Title,Manrope,500,12.0,#174293
🔵 Design System,2443:3890,"Card/Card _ Glass/State=Hover, Color=Blue, Size=Small/Text/Frame 1410103916/Frame 1410103917/Sample Text",Sample Text,Manrope,800,20.0,#174293
🔵 Design System,2443:3892,"Card/Card _ Glass/State=Hover, Color=Blue, Size=Small/Text/Frame 1410103916/Frame 1410103913/Không còn quảng cáo đại trà. Với nền tảng của bạn, quảng cáo sẽ đúng người, đúng nhu cầu, đúng khoảnh khắc, giúp vừa tăng trải nghiệm người dùng – vừa mang lại dòng tiền.","Không còn quảng cáo đại trà. Với nền tảng của bạn, quảng cáo sẽ đúng người, đúng nhu cầu, đúng khoảnh khắc, giúp vừa tăng trải nghiệm người dùng – vừa mang lại dòng tiền.",Manrope,500,12.0,#3057B6
🔵 Design System,I2443:3894;36:696,"Card/Card _ Glass/State=Hover, Color=Blue, Size=Small/Text/Frame 1410103917/Button/Text/Button",Button,Manrope,600,16.0,#44DEFF
🔵 Design System,2443:3900,"Card/row/State=Default, Property 2=Big/Frame 1410104009/Frame 1410104007/h5 #product-title",Camera Giám sát,Manrope,700,18.0,#494949
🔵 Design System,2443:3901,"Card/row/State=Default, Property 2=Big/Frame 1410104009/Frame 1410104007/h5 #product-title","Người dùng cá nhân với ngân sách hạn chế, tập trung vào lắp đặt dễ dàng và giám sát đơn giản",Manrope,400,10.0,#494949
🔵 Design System,I2443:3902;36:1138,"Card/row/State=Default, Property 2=Big/Button/Text/Button",Xem tất cả,Manrope,600,12.0,#3057B6
🔵 Design System,2443:3907,"Card/row/State=Hover, Property 2=Big/Frame 1410104009/Frame 1410104007/h5 #product-title",Camera Giám sát,Manrope,700,18.0,#494949
🔵 Design System,2443:3908,"Card/row/State=Hover, Property 2=Big/Frame 1410104009/Frame 1410104007/h5 #product-title","Người dùng cá nhân với ngân sách hạn chế, tập trung vào lắp đặt dễ dàng và giám sát đơn giản",Manrope,400,10.0,#494949
🔵 Design System,I2443:3909;36:1138,"Card/row/State=Hover, Property 2=Big/Button/Text/Button",Xem tất cả,Manrope,600,12.0,#3057B6
🔵 Design System,2443:3914,"Card/row/State=Variant2, Property 2=Small/Frame 1410104010/Frame 1410104008/h5 #product-title",Camera Giám sát,Manrope,600,14.0,#494949
🔵 Design System,2443:3915,"Card/row/State=Variant2, Property 2=Small/Frame 1410104010/Frame 1410104008/h5 #product-title","Người dùng cá nhân với ngân sách hạn chế, tập trung vào lắp đặt dễ dàng và giám sát đơn giản",Manrope,400,8.0,#494949
🔵 Design System,I2443:3916;36:1143,"Card/row/State=Variant2, Property 2=Small/Button/Text/Button",Xem tất cả,Manrope,700,10.0,#3057B6
🔵 Design System,2443:3921,"Card/row/State=Hover, Property 2=Small/Frame 1410104010/Frame 1410104008/h5 #product-title",Camera Giám sát,Manrope,600,14.0,#494949
🔵 Design System,2443:3922,"Card/row/State=Hover, Property 2=Small/Frame 1410104010/Frame 1410104008/h5 #product-title","Người dùng cá nhân với ngân sách hạn chế, tập trung vào lắp đặt dễ dàng và giám sát đơn giản",Manrope,400,8.0,#494949
🔵 Design System,I2443:3923;36:1143,"Card/row/State=Hover, Property 2=Small/Button/Text/Button",Xem tất cả,Manrope,700,10.0,#3057B6
🔵 Design System,2675:6179,Card/Card SKU/State=Default/Frame 2147224799/Sample title,Sample title,Inter,600,18.0,#3745AF
🔵 Design System,2675:6180,Card/Card SKU/State=Default/Frame 2147224799/Sample title,Sample title,Inter,600,14.0,#6D717F
🔵 Design System,2675:6201,Card/Card SKU/State=Hover/Frame 2147224799/Sample title,Sample title,Inter,600,18.0,#0095FF
🔵 Design System,2675:6202,Card/Card SKU/State=Hover/Frame 2147224799/Sample title,Sample title,Inter,600,14.0,#0095FF
🔵 Design System,2675:5131,"Card/Format/State=Pre_roll Instream, Style=Default/Frame 2147224762/Frame 2147224812/Frame 2147224765/Skip",Skip,Inter,500,6.0,#8ACEFF
🔵 Design System,2675:5147,"Card/Format/State=Mid_roll Instream, Style=Default/Frame 2147224762/Frame 2147224812/Frame 2147224765/Skip",Skip,Inter,500,6.0,#8ACEFF
🔵 Design System,2675:5163,"Card/Format/State=Post_roll Instream, Style=Default/Frame 2147224762/Frame 2147224812/Frame 2147224765/Skip",Skip,Inter,500,6.0,#8ACEFF
🔵 Design System,2675:6419,"Card/Format/State=Pre_roll Instream, Style=Hover/Frame 2147224762/Frame 2147224812/Frame 2147224765/Skip",Skip,Inter,500,6.0,#8ACEFF
🔵 Design System,2675:6435,"Card/Format/State=Mid_roll Instream, Style=Hover/Frame 2147224762/Frame 2147224812/Frame 2147224765/Skip",Skip,Inter,500,6.0,#8ACEFF
🔵 Design System,2675:6451,"Card/Format/State=Post_roll Instream, Style=Hover/Frame 2147224762/Frame 2147224812/Frame 2147224765/Skip",Skip,Inter,500,6.0,#8ACEFF
🔵 Design System,2626:10320,Card/Glass Liquid_Card/Frame 48095697/Property 1=Default/Frame 2147224784/Sample text,Sample text,Inter,600,18.0,#3745AF
🔵 Design System,2626:10321,"Card/Glass Liquid_Card/Frame 48095697/Property 1=Default/Frame 2147224784/Lorem ipsum dolor sit amet, consectetur adipiscing elit, sed do eiusmod tempor .","Lorem ipsum dolor sit amet, consectetur adipiscing elit, sed do eiusmod tempor .",Inter,400,14.0,#131927
🔵 Design System,2626:10325,Card/Glass Liquid_Card/Frame 48095697/Property 1=Variant2/Frame 2147224784/Sample text,Sample text,Inter,600,18.0,#3745AF
🔵 Design System,2626:10326,"Card/Glass Liquid_Card/Frame 48095697/Property 1=Variant2/Frame 2147224784/Lorem ipsum dolor sit amet, consectetur adipiscing elit, sed do eiusmod tempor .","Lorem ipsum dolor sit amet, consectetur adipiscing elit, sed do eiusmod tempor .",Inter,400,14.0,#131927
🔵 Design System,2443:2970,Card/Platform Info/Content/Property 1=Default/Title + Description/Title,Title,Inter,600,16.0,#6D717F
🔵 Design System,2513:2453,Card/Platform Info/Content/Property 1=Variant2/Title + Description/Title,Title,Inter,600,18.0,#4E61F6
🔵 Design System,I3043:8454;2448:2857,Card/USP Card/Pride/USO Card/Frame 48095670/Sample title,137M+,Bai Jamjuree,600,32.0,#3745AF
🔵 Design System,I3043:8454;2448:2858,Card/USP Card/Pride/USO Card/Frame 48095670/Sample title,Ad impression/month,Bai Jamjuree,600,18.0,#6D717F
🔵 Design System,I3043:8455;2448:2857,Card/USP Card/Pride/Component 7/Frame 48095670/Sample title,10+,Bai Jamjuree,600,32.0,#3745AF
🔵 Design System,I3043:8455;2448:2858,Card/USP Card/Pride/Component 7/Frame 48095670/Sample title,Advertiser,Bai Jamjuree,600,18.0,#6D717F
🔵 Design System,I3043:8456;2448:2857,Card/USP Card/Pride/Component 8/Frame 48095670/Sample title,5+,Bai Jamjuree,600,32.0,#3745AF
🔵 Design System,I3043:8456;2448:2858,Card/USP Card/Pride/Component 8/Frame 48095670/Sample title,UIDs reach/tháng,Bai Jamjuree,600,18.0,#6D717F
🔵 Design System,2448:2857,"Card/USP Card/USO Card/Property 1=Default, Type=Iconly/Frame 48095670/Sample title",Sample title,Bai Jamjuree,600,32.0,#3745AF
🔵 Design System,2448:2858,"Card/USP Card/USO Card/Property 1=Default, Type=Iconly/Frame 48095670/Sample title",Sample title,Bai Jamjuree,600,18.0,#6D717F
🔵 Design System,2496:2359,"Card/USP Card/USO Card/Property 1=Hover, Type=Iconly/Frame 48095670/Sample title",Sample title,Bai Jamjuree,600,40.0,#3745AF
🔵 Design System,2496:2360,"Card/USP Card/USO Card/Property 1=Hover, Type=Iconly/Frame 48095670/Sample title",Sample title,Bai Jamjuree,600,18.0,#6D717F
🔵 Design System,2531:6606,"Card/USP Card/USO Card/Property 1=Default, Type=Img/Frame 48095670/Sample title",Sample title,Bai Jamjuree,600,28.0,#3745AF
🔵 Design System,2531:6607,"Card/USP Card/USO Card/Property 1=Default, Type=Img/Frame 48095670/Sample title",Sample title,Bai Jamjuree,600,18.0,#6D717F
🔵 Design System,2531:6628,"Card/USP Card/USO Card/Property 1=Hover, Type=Img/Frame 48095670/Sample title",Sample title,Bai Jamjuree,600,28.0,#3745AF
🔵 Design System,2531:6629,"Card/USP Card/USO Card/Property 1=Hover, Type=Img/Frame 48095670/Sample title",Sample title,Bai Jamjuree,600,18.0,#6D717F
🔵 Design System,2626:10383,"Footer/Footer Desk/Size=Desk, Style=Light Mode/Frame 2087326388/Công ty TNHH Một thành viên Công nghệ và Thương mại Wiinvent",Công ty TNHH Một thành viên Công nghệ và Thương mại Wiinvent,Inter,400,16.0,#153C88
🔵 Design System,I2497:7770;2445:2775,"Footer/Footer Desk/Size=Desk, Style=Light Mode/Frame 5/Frame 5/Frame 92/Frame 2147224758/Button of Nav Heading/Button",SDK,Bai Jamjuree,600,18.0,#131927
🔵 Design System,I2497:7771;2445:2775,"Footer/Footer Desk/Size=Desk, Style=Light Mode/Frame 5/Frame 5/Frame 92/Frame 2147224758/Button of Nav Heading/Button",Demo,Bai Jamjuree,600,18.0,#131927
🔵 Design System,I2497:7772;2445:2775,"Footer/Footer Desk/Size=Desk, Style=Light Mode/Frame 5/Frame 5/Frame 92/Frame 2147224758/Button of Nav Heading/Button",Liên hệ,Bai Jamjuree,600,18.0,#131927
🔵 Design System,I2531:6560;2531:6497,"Footer/Footer Desk/Size=Desk, Style=Light Mode/Frame 5/Frame 5/Frame 92/Frame 2147224758/Button of Nav Heading/Button",Đăng ký Demo,Bai Jamjuree,600,16.0,#FFFFFF
🔵 Design System,2445:2391,"Footer/Footer Desk/Size=Desk, Style=Light Mode/Frame 5/Frame 5/Frame 90/Liên hệ",Liên hệ,Bai Jamjuree,600,18.0,GRADIENT_LINEAR(#1B1F3E>#000318)
🔵 Design System,2445:2395,"Footer/Footer Desk/Size=Desk, Style=Light Mode/Frame 5/Frame 5/Frame 90/Frame 1410103937/Frame 33/0965356024",0965356024,Inter,400,14.0,#6D717F
🔵 Design System,2445:2398,"Footer/Footer Desk/Size=Desk, Style=Light Mode/Frame 5/Frame 5/Frame 90/Frame 1410103937/Frame 32/contact@newgen.vn",contact@newgen.vn,Inter,400,14.0,#6D717F
🔵 Design System,2445:2401,"Footer/Footer Desk/Size=Desk, Style=Light Mode/Frame 5/Frame 5/Frame 90/Frame 1410103937/Frame 34/96 Hoàng Ngân, Yên Hoà, Cầu Giấy - Hà Nội","96 Hoàng Ngân, Yên Hoà, Cầu Giấy - Hà Nội",Inter,400,14.0,#6D717F
🔵 Design System,2445:2405,"Footer/Footer Desk/Size=Desk, Style=Light Mode/Frame 224/Frame 2087326390/© Wiivent 2026",© Wiivent 2026,Bai Jamjuree,600,16.0,#18191A
🔵 Design System,I2445:2406;2445:2487,"Footer/Footer Desk/Size=Desk, Style=Light Mode/Frame 224/Frame 2087326390/Back Button/Symbol",,Font Awesome 5 Free,900,16.0,#FFFFFF
🔵 Design System,2531:9120,"Footer/Footer Desk/Size=Tb, Style=Light Mode/Frame 2087326388/Công ty TNHH Một thành viên Công nghệ và Thương mại Wiinvent",Công ty TNHH Một thành viên Công nghệ và Thương mại Wiinvent,Inter,400,16.0,#153C88
🔵 Design System,I2497:7798;2445:2775,"Footer/Footer Desk/Size=Tb, Style=Light Mode/Frame 2087326389/Frame 92/Frame 2147224758/Button of Nav Heading/Button",SDK,Bai Jamjuree,600,18.0,#131927
🔵 Design System,I2497:7799;2445:2775,"Footer/Footer Desk/Size=Tb, Style=Light Mode/Frame 2087326389/Frame 92/Frame 2147224758/Button of Nav Heading/Button",Demo,Bai Jamjuree,600,18.0,#131927
🔵 Design System,I2497:7800;2445:2775,"Footer/Footer Desk/Size=Tb, Style=Light Mode/Frame 2087326389/Frame 92/Frame 2147224758/Button of Nav Heading/Button",Liên hệ,Bai Jamjuree,600,18.0,#131927
🔵 Design System,I2531:6566;2531:6497,"Footer/Footer Desk/Size=Tb, Style=Light Mode/Frame 2087326389/Frame 92/Frame 2147224758/Button of Nav Heading/Button",Đăng ký Demo,Bai Jamjuree,600,16.0,#FFFFFF
🔵 Design System,2445:2423,"Footer/Footer Desk/Size=Tb, Style=Light Mode/Frame 2087326389/Frame 90/Liên hệ",Liên hệ,Bai Jamjuree,600,18.0,GRADIENT_LINEAR(#1B1F3E>#000318)
🔵 Design System,2445:2427,"Footer/Footer Desk/Size=Tb, Style=Light Mode/Frame 2087326389/Frame 90/Frame 1410103937/Frame 33/0965356024",0965356024,Inter,400,14.0,#6D717F
🔵 Design System,2445:2430,"Footer/Footer Desk/Size=Tb, Style=Light Mode/Frame 2087326389/Frame 90/Frame 1410103937/Frame 32/contact@newgen.vn",contact@newgen.vn,Inter,400,12.0,#6D717F
🔵 Design System,2445:2433,"Footer/Footer Desk/Size=Tb, Style=Light Mode/Frame 2087326389/Frame 90/Frame 1410103937/Frame 34/96 Hoàng Ngân, Yên Hoà, Cầu Giấy - Hà Nội","96 Hoàng Ngân, Yên Hoà, Cầu Giấy - Hà Nội",Inter,400,14.0,#6D717F
🔵 Design System,2445:2436,"Footer/Footer Desk/Size=Tb, Style=Light Mode/Frame 1527/© Newgen 2026",© Newgen 2026,Manrope,600,16.0,#18191A
🔵 Design System,I2445:2437;2445:2487,"Footer/Footer Desk/Size=Tb, Style=Light Mode/Frame 1527/Back Button/Symbol",,Font Awesome 5 Free,900,16.0,#FFFFFF
🔵 Design System,2531:9122,"Footer/Footer Desk/Size=Mb, Style=Light Mode/Frame 2087326388/Công ty TNHH Một thành viên Công nghệ và Thương mại Wiinvent",Công ty TNHH Một thành viên Công nghệ và Thương mại Wiinvent,Inter,400,14.0,#153C88
🔵 Design System,I2531:9126;2445:2775,"Footer/Footer Desk/Size=Mb, Style=Light Mode/Frame 92/Frame 2147224758/Button of Nav Heading/Button",SDK,Bai Jamjuree,600,16.0,#131927
🔵 Design System,I2531:9127;2445:2775,"Footer/Footer Desk/Size=Mb, Style=Light Mode/Frame 92/Frame 2147224758/Button of Nav Heading/Button",Demo,Bai Jamjuree,600,16.0,#131927
🔵 Design System,I2531:9128;2445:2775,"Footer/Footer Desk/Size=Mb, Style=Light Mode/Frame 92/Frame 2147224758/Button of Nav Heading/Button",Liên hệ,Bai Jamjuree,600,16.0,#131927
🔵 Design System,I2531:9129;2531:6497,"Footer/Footer Desk/Size=Mb, Style=Light Mode/Frame 92/Frame 2147224758/Button of Nav Heading/Button",Đăng ký Demo,Bai Jamjuree,600,16.0,#FFFFFF
🔵 Design System,2445:2453,"Footer/Footer Desk/Size=Mb, Style=Light Mode/Frame 90/Liên hệ",Liên hệ,Bai Jamjuree,600,16.0,GRADIENT_LINEAR(#1B1F3E>#000318)
🔵 Design System,2445:2457,"Footer/Footer Desk/Size=Mb, Style=Light Mode/Frame 90/Frame 1410103937/Frame 33/0965356024",0965356024,Inter,400,12.0,#6D717F
🔵 Design System,2445:2460,"Footer/Footer Desk/Size=Mb, Style=Light Mode/Frame 90/Frame 1410103937/Frame 32/contact@newgen.vn",contact@newgen.vn,Inter,400,12.0,#6D717F
🔵 Design System,2445:2463,"Footer/Footer Desk/Size=Mb, Style=Light Mode/Frame 90/Frame 1410103937/Frame 34/96 Hoàng Ngân, Yên Hoà, Cầu Giấy - Hà Nội","96 Hoàng Ngân, Yên Hoà, Cầu Giấy - Hà Nội",Inter,400,12.0,#6D717F
🔵 Design System,2497:7811,"Footer/Footer Desk/Size=Mb, Style=Light Mode/Frame 2087326390/© Wiivent 2026",© Wiivent 2026,Inter,400,14.0,#18191A
🔵 Design System,I2497:7812;2445:2487,"Footer/Footer Desk/Size=Mb, Style=Light Mode/Frame 2087326390/Back Button/Symbol",,Font Awesome 5 Free,900,16.0,#FFFFFF
🔵 Design System,2531:9822,"Footer/Footer Desk/Size=Desk, Style=Dark Mode/Frame 2087326388/Công ty TNHH Một thành viên Công nghệ và Thương mại Wiinvent",Công ty TNHH Một thành viên Công nghệ và Thương mại Wiinvent,Inter,400,16.0,#FFFFFF
🔵 Design System,I2531:9826;2445:2775,"Footer/Footer Desk/Size=Desk, Style=Dark Mode/Frame 5/Frame 5/Frame 92/Frame 2147224758/Button of Nav Heading/Button",SDK,Bai Jamjuree,600,18.0,#FFFFFF
🔵 Design System,I2531:9827;2445:2775,"Footer/Footer Desk/Size=Desk, Style=Dark Mode/Frame 5/Frame 5/Frame 92/Frame 2147224758/Button of Nav Heading/Button",Demo,Bai Jamjuree,600,18.0,#FFFFFF
🔵 Design System,I2531:9828;2445:2775,"Footer/Footer Desk/Size=Desk, Style=Dark Mode/Frame 5/Frame 5/Frame 92/Frame 2147224758/Button of Nav Heading/Button",Liên hệ,Bai Jamjuree,600,18.0,#FFFFFF
🔵 Design System,I2531:9829;2531:6497,"Footer/Footer Desk/Size=Desk, Style=Dark Mode/Frame 5/Frame 5/Frame 92/Frame 2147224758/Button of Nav Heading/Button",Đăng ký Demo,Bai Jamjuree,600,16.0,#FFFFFF
🔵 Design System,2531:9831,"Footer/Footer Desk/Size=Desk, Style=Dark Mode/Frame 5/Frame 5/Frame 90/Liên hệ",Liên hệ,Bai Jamjuree,600,18.0,#FFFFFF
🔵 Design System,2531:9841,"Footer/Footer Desk/Size=Desk, Style=Dark Mode/Frame 5/Frame 5/Frame 90/Frame 1410103937/Frame 34/96 Hoàng Ngân, Yên Hoà, Cầu Giấy - Hà Nội","96 Hoàng Ngân, Yên Hoà, Cầu Giấy - Hà Nội",Inter,400,14.0,#FFFFFF
🔵 Design System,2531:10058,"Footer/Footer Desk/Size=Desk, Style=Dark Mode/Frame 1527/© Wiinvent 2026",© Wiinvent 2026,Manrope,600,16.0,#FFFFFF
🔵 Design System,I2531:10059;2445:2487,"Footer/Footer Desk/Size=Desk, Style=Dark Mode/Frame 1527/Back Button/Symbol",,Font Awesome 5 Free,900,16.0,#FFFFFF
🔵 Design System,2531:9850,"Footer/Footer Desk/Size=Tb, Style=Dark Mode/Frame 2087326388/Công ty TNHH Một thành viên Công nghệ và Thương mại Wiinvent",Công ty TNHH Một thành viên Công nghệ và Thương mại Wiinvent,Inter,400,16.0,#FFFFFF
🔵 Design System,I2531:9855;2445:2775,"Footer/Footer Desk/Size=Tb, Style=Dark Mode/Frame 2087326389/Frame 92/Frame 2147224758/Button of Nav Heading/Button",SDK,Bai Jamjuree,600,18.0,#FFFFFF
🔵 Design System,I2531:9856;2445:2775,"Footer/Footer Desk/Size=Tb, Style=Dark Mode/Frame 2087326389/Frame 92/Frame 2147224758/Button of Nav Heading/Button",Demo,Bai Jamjuree,600,18.0,#FFFFFF
🔵 Design System,I2531:9857;2445:2775,"Footer/Footer Desk/Size=Tb, Style=Dark Mode/Frame 2087326389/Frame 92/Frame 2147224758/Button of Nav Heading/Button",Liên hệ,Bai Jamjuree,600,18.0,#FFFFFF
🔵 Design System,I2531:9858;2531:6497,"Footer/Footer Desk/Size=Tb, Style=Dark Mode/Frame 2087326389/Frame 92/Frame 2147224758/Button of Nav Heading/Button",Đăng ký Demo,Bai Jamjuree,600,16.0,#FFFFFF
🔵 Design System,2675:12645,"Footer/Footer Desk/Size=Tb, Style=Dark Mode/Frame 2087326389/Frame 93/Liên hệ",Liên hệ,Bai Jamjuree,600,18.0,#FFFFFF
🔵 Design System,2675:12655,"Footer/Footer Desk/Size=Tb, Style=Dark Mode/Frame 2087326389/Frame 93/Frame 1410103937/Frame 34/96 Hoàng Ngân, Yên Hoà, Cầu Giấy - Hà Nội","96 Hoàng Ngân, Yên Hoà, Cầu Giấy - Hà Nội",Inter,400,14.0,#FFFFFF
🔵 Design System,2531:9873,"Footer/Footer Desk/Size=Tb, Style=Dark Mode/Frame 1527/© Wiinvent 2026",© Wiinvent 2026,Manrope,600,16.0,#FFFFFF
🔵 Design System,I2531:10025;2445:2487,"Footer/Footer Desk/Size=Tb, Style=Dark Mode/Frame 1527/Back Button/Symbol",,Font Awesome 5 Free,900,16.0,#FFFFFF
🔵 Design System,2531:9878,"Footer/Footer Desk/Size=Mb, Style=Dark Mode/Frame 2087326388/Công ty TNHH Một thành viên Công nghệ và Thương mại Wiinvent",Công ty TNHH Một thành viên Công nghệ và Thương mại Wiinvent,Inter,400,12.0,#FFFFFF
🔵 Design System,I2531:9882;2445:2775,"Footer/Footer Desk/Size=Mb, Style=Dark Mode/Frame 92/Frame 2147224758/Button of Nav Heading/Button",SDK,Bai Jamjuree,600,16.0,#FFFFFF
🔵 Design System,I2531:9883;2445:2775,"Footer/Footer Desk/Size=Mb, Style=Dark Mode/Frame 92/Frame 2147224758/Button of Nav Heading/Button",Demo,Bai Jamjuree,600,16.0,#FFFFFF
🔵 Design System,I2531:9884;2445:2775,"Footer/Footer Desk/Size=Mb, Style=Dark Mode/Frame 92/Frame 2147224758/Button of Nav Heading/Button",Liên hệ,Bai Jamjuree,600,16.0,#FFFFFF
🔵 Design System,I2531:9885;2531:6499,"Footer/Footer Desk/Size=Mb, Style=Dark Mode/Frame 92/Frame 2147224758/Button of Nav Heading/Button",Đăng ký Demo,Bai Jamjuree,600,16.0,#FFFFFF
🔵 Design System,2531:9887,"Footer/Footer Desk/Size=Mb, Style=Dark Mode/Frame 90/Liên hệ",Liên hệ,Bai Jamjuree,600,16.0,#FFFFFF
🔵 Design System,2531:9897,"Footer/Footer Desk/Size=Mb, Style=Dark Mode/Frame 90/Frame 1410103937/Frame 34/96 Hoàng Ngân, Yên Hoà, Cầu Giấy - Hà Nội","96 Hoàng Ngân, Yên Hoà, Cầu Giấy - Hà Nội",Inter,400,12.0,#FFFFFF
🔵 Design System,2531:9900,"Footer/Footer Desk/Size=Mb, Style=Dark Mode/Frame 2087326390/© Wiivent 2026",© Wiivent 2026,Inter,400,14.0,#FFFFFF
🔵 Design System,I2531:10029;2445:2487,"Footer/Footer Desk/Size=Mb, Style=Dark Mode/Frame 2087326390/Back Button/Symbol",,Font Awesome 5 Free,900,16.0,#FFFFFF
🔵 Design System,2531:9891,Footer/Frame 33/0965356024,0965356024,Inter,400,12.0,#FFFFFF
🔵 Design System,2531:9894,Footer/Frame 32/contact@newgen.vn,contact@newgen.vn,Inter,400,12.0,#FFFFFF
🔵 Design System,2675:12649,Footer/Frame 33/0965356024,0965356024,Inter,400,14.0,#FFFFFF
🔵 Design System,2675:12652,Footer/Frame 32/contact@newgen.vn,contact@newgen.vn,Inter,400,14.0,#FFFFFF
🔵 Design System,2531:9835,Footer/Frame 33/0965356024,0965356024,Inter,400,14.0,#FFFFFF
🔵 Design System,2531:9838,Footer/Frame 32/contact@newgen.vn,contact@newgen.vn,Inter,400,14.0,#FFFFFF
🔵 Design System,2445:2487,Footer/Back Button/Style=Square/Symbol,,Font Awesome 5 Free,900,16.0,#FFFFFF
🔵 Design System,2445:2490,Footer/Back Button/Style=Style3/Symbol,,Font Awesome 5 Free,900,16.0,#FFFFFF
🔵 Design System,2405:2762,Accordion/Component 1/State=Default/Sample text,Sample text,Inter,600,16.0,#3745AF
🔵 Design System,2444:4546,Accordion/Component 1/State=Hover/Sample text,Sample text,Inter,600,16.0,#0095FF
🔵 Design System,2443:4299,Accordion/Component 1/State=Expand/Frame 2147224770/Component 1/Sample text,Sample text,Inter,600,16.0,#4E61F6
🔵 Design System,2405:2757,"Accordion/Component 1/State=Expand/Frame 2147224769/Lorem ipsum dolor sit amet, consectetur adipiscing elit, sed do eiusmod tempor incididunt ut labore et dolore magna aliqua. Ut enim ad minim veniam.","Lorem ipsum dolor sit amet, consectetur adipiscing elit, sed do eiusmod tempor incididunt ut labore et dolore magna aliqua. Ut enim ad minim veniam.",Inter,400,14.0,#6D717F
🔵 Design System,I2445:2787;2445:2775,Header/Frame 2147224759/Size=Desk/Frame 2147224758/Button of Nav Heading/Button,SDK,Bai Jamjuree,600,16.0,#131927
🔵 Design System,I2445:2794;2445:2775,Header/Frame 2147224759/Size=Desk/Frame 2147224758/Button of Nav Heading/Button,Demo,Bai Jamjuree,600,16.0,#131927
🔵 Design System,I2445:2801;2445:2775,Header/Frame 2147224759/Size=Desk/Frame 2147224758/Button of Nav Heading/Button,Liên hệ,Bai Jamjuree,600,16.0,#131927
🔵 Design System,I2531:6521;2531:6497,Header/Frame 2147224759/Size=Desk/Frame 2147224758/Button of Nav Heading/Button,Đăng ký Demo,Bai Jamjuree,600,16.0,#FFFFFF
🔵 Design System,I3139:11474;3139:11623;107:1496,Header/Frame 2147224759/Size=Desk/Frame 2147224758/List (Left Item)/Left Content/Avatar/A,V,Bai Jamjuree,600,16.0,#FFFFFF
🔵 Design System,I3139:11474;3139:11619,Header/Frame 2147224759/Size=Desk/Frame 2147224758/List (Left Item)/Left Content/Title,Ngôn ngữ,Inter,600,14.0,#131927
🔵 Design System,I2445:2808;2445:2775,Header/Frame 2147224759/Size=Tablet/Frame 2147224758/Button of Nav Heading/Button,SDK,Bai Jamjuree,600,16.0,#131927
🔵 Design System,I2445:2811;2445:2775,Header/Frame 2147224759/Size=Tablet/Frame 2147224758/Button of Nav Heading/Button,Demo,Bai Jamjuree,600,16.0,#131927
🔵 Design System,I2445:2814;2445:2775,Header/Frame 2147224759/Size=Tablet/Frame 2147224758/Button of Nav Heading/Button,Liên hệ,Bai Jamjuree,600,16.0,#131927
🔵 Design System,I2531:6542;2531:6497,Header/Frame 2147224759/Size=Tablet/Frame 2147224758/Button of Nav Heading/Button,Demo,Bai Jamjuree,600,16.0,#FFFFFF
🔵 Design System,I3139:11700;3139:11623;107:1496,Header/Frame 2147224759/Size=Tablet/Frame 2147224758/List (Left Item)/Left Content/Avatar/A,V,Bai Jamjuree,600,16.0,#FFFFFF
🔵 Design System,I3139:11700;3139:11619,Header/Frame 2147224759/Size=Tablet/Frame 2147224758/List (Left Item)/Left Content/Title,Ngôn ngữ,Inter,600,14.0,#131927
🔵 Design System,2445:2775,"Header/Button of Nav Heading/State=Default, Style=Unbox/Button",Button,Bai Jamjuree,600,16.0,#131927
🔵 Design System,2445:2777,"Header/Button of Nav Heading/State=Hover, Style=Unbox/Button",Button,Bai Jamjuree,600,16.0,#0095FF
🔵 Design System,2445:2822,"Header/Button of Nav Heading/State=Press, Style=Unbox/Button",Button,Bai Jamjuree,600,16.0,#3745AF
🔵 Design System,2531:6497,"Header/Button of Nav Heading/State=Default, Style=Box/Button",Button,Bai Jamjuree,600,16.0,#FFFFFF
🔵 Design System,2531:6499,"Header/Button of Nav Heading/State=Hover, Style=Box/Button",Button,Bai Jamjuree,600,16.0,#FFFFFF
🔵 Design System,2531:6501,"Header/Button of Nav Heading/State=Press, Style=Box/Button",Button,Bai Jamjuree,600,16.0,#FFFFFF
🔵 Design System,2445:2817,Header/Default,Default,Inter,400,16.0,#131927
🔵 Design System,2445:2818,Header/Hover,Hover,Inter,400,16.0,#131927
🔵 Design System,2445:2820,Header/Press,Press,Inter,400,16.0,#131927
🔵 Design System,I3139:11227;230:4040;230:3921;3139:11623;107:1496,Header/List (5 Rows)/List/List (Left Item)/Left Content/Avatar/A,L,Bai Jamjuree,600,16.0,#FFFFFF
🔵 Design System,I3139:11227;230:4040;230:3921;3139:11619,Header/List (5 Rows)/List/List (Left Item)/Left Content/Title,Title,Inter,600,14.0,#131927
🔵 Design System,I3139:11227;230:4040;230:3926;230:3910,Header/List (5 Rows)/List/List (Right Item)/Right Item/Details,Details,Inter,400,14.0,#6D717F
🔵 Design System,I3139:11227;230:4051;230:3921;3139:11623;107:1496,Header/List (5 Rows)/List/List (Left Item)/Left Content/Avatar/A,L,Bai Jamjuree,600,16.0,#FFFFFF
🔵 Design System,I3139:11227;230:4051;230:3921;3139:11619,Header/List (5 Rows)/List/List (Left Item)/Left Content/Title,Title,Inter,600,14.0,#131927
🔵 Design System,I3139:11227;230:4051;230:3926;230:3910,Header/List (5 Rows)/List/List (Right Item)/Right Item/Details,Details,Inter,400,14.0,#6D717F
🔵 Design System,I3139:11227;230:4062;230:3921;230:3892;107:1496,Header/List (5 Rows)/List/List (Left Item)/Left Content/Avatar/A,A,Bai Jamjuree,600,16.0,#FFFFFF
🔵 Design System,I3139:11227;230:4062;230:3921;230:3887,Header/List (5 Rows)/List/List (Left Item)/Left Content/Title,Title,Inter,600,14.0,#131927
🔵 Design System,I3139:11227;230:4062;230:3926;230:3910,Header/List (5 Rows)/List/List (Right Item)/Right Item/Details,Details,Inter,400,14.0,#6D717F
🔵 Design System,I3139:11227;230:4073;230:3921;230:3892;107:1496,Header/List (5 Rows)/List/List (Left Item)/Left Content/Avatar/A,A,Bai Jamjuree,600,16.0,#FFFFFF
🔵 Design System,I3139:11227;230:4073;230:3921;230:3887,Header/List (5 Rows)/List/List (Left Item)/Left Content/Title,Title,Inter,600,14.0,#131927
🔵 Design System,I3139:11227;230:4073;230:3926;230:3910,Header/List (5 Rows)/List/List (Right Item)/Right Item/Details,Details,Inter,400,14.0,#6D717F
🔵 Design System,I3139:11227;230:4084;230:3921;230:3892;107:1496,Header/List (5 Rows)/List/List (Left Item)/Left Content/Avatar/A,A,Bai Jamjuree,600,16.0,#FFFFFF
🔵 Design System,I3139:11227;230:4084;230:3921;230:3887,Header/List (5 Rows)/List/List (Left Item)/Left Content/Title,Title,Inter,600,14.0,#131927
🔵 Design System,I3139:11227;230:4084;230:3926;230:3910,Header/List (5 Rows)/List/List (Right Item)/Right Item/Details,Details,Inter,400,14.0,#6D717F
🔵 Design System,2675:12672,Shadow/Shadow,Shadow,Bai Jamjuree,600,48.0,#131927
🔵 Design System,2675:12678,Shadow/Shadows/Shadows/100/100,100,Inter,400,16.0,#131927
🔵 Design System,2675:12681,Shadow/Shadows/Shadows/200/200,200,Inter,400,16.0,#131927
🔵 Design System,2675:12684,Shadow/Shadows/Shadows/300/300,300,Inter,400,16.0,#131927
🔵 Design System,2675:12687,Shadow/Shadows/Shadows/400/400,400,Inter,400,16.0,#131927
🔵 Design System,2675:12690,Shadow/Shadows/Shadows/500/500,500,Inter,400,16.0,#131927
🔵 Design System,2675:12693,Shadow/Shadows/Shadows/600/600,600,Inter,400,16.0,#131927
🔵 Design System,2675:12696,Shadow/Shadows/Shadows/700/700,700,Inter,400,16.0,#131927
🔵 Design System,2675:12699,Shadow/Shadows/Shadows/800/800,800,Inter,400,16.0,#131927
🔵 Design System,36:1312,Icons/Icons,Icons,Bai Jamjuree,600,48.0,#131927
🔵 Design System,36:1313,Icons/Iconoir,Iconoir,Bai Jamjuree,600,24.0,#131927
🔵 Design System,36:1314,"Icons/A high-quality selection of free icons. No premium options or sign-ups. Your new alternative to Noun Project, Flaticon, and all Figma resources. Available in SVG, Font, React, React Native, Flutter, Figma and Framer.","A high-quality selection of free icons. No premium options or sign-ups. Your new alternative to Noun Project, Flaticon, and all Figma resources. \nAvailable in SVG, Font, React, React Native, Flutter, Figma and Framer.",Inter,400,16.0,#6D717F
🔵 Design System,I36:1315;34:1244,Icons/Button/Text/Button,iconoir.com,Inter,600,16.0,#FFFFFF
🔵 Design System,I36:1324;34:1244,Icons/Button/Text/Button,Figma,Inter,600,16.0,#FFFFFF
🔵 Design System,34:802,Icons/Icons,Icons,Bai Jamjuree,600,48.0,#131927
🔵 Design System,34:814,Icons/Navigation/Navigation,Navigation,Bai Jamjuree,600,24.0,#131927
🔵 Design System,57:1719,Icons/Organization/Organization,Organization,Bai Jamjuree,600,24.0,#131927
🔵 Design System,78:1204,Icons/Actions/Actions,Actions,Bai Jamjuree,600,24.0,#131927
🔵 Design System,97:1282,Icons/Analytics/Analytics,Analytics,Bai Jamjuree,600,24.0,#131927
🔵 Design System,101:1962,Icons/Development/Development,Development,Bai Jamjuree,600,24.0,#131927
🔵 Design System,107:1531,Icons/Users/Users,Users,Bai Jamjuree,600,24.0,#131927
🔵 Design System,107:1620,Icons/Emojis/Emojis,Emojis,Bai Jamjuree,600,24.0,#131927
🔵 Design System,130:1584,Icons/Activities/Activities,Activities\n,Bai Jamjuree,600,24.0,#131927
🔵 Design System,130:3183,Icons/Design Tools/Design Tools,Design Tools,Bai Jamjuree,600,24.0,#131927
🔵 Design System,130:7514,Icons/3D Editor/3D Editor,3D Editor,Bai Jamjuree,600,24.0,#131927
🔵 Design System,130:7520,Icons/Animations/Animations,Animations,Bai Jamjuree,600,24.0,#131927
🔵 Design System,130:7526,Icons/Audio/Audio,Audio,Bai Jamjuree,600,24.0,#131927
🔵 Design System,130:7530,Icons/Animals/Animals,Animals,Bai Jamjuree,600,24.0,#131927
🔵 Design System,130:7534,Icons/Buildings/Buildings,Buildings,Bai Jamjuree,600,24.0,#131927
🔵 Design System,130:7539,Icons/Business/Business,Business,Bai Jamjuree,600,24.0,#131927
🔵 Design System,130:7543,Icons/Clothing/Clothing,Clothing,Bai Jamjuree,600,24.0,#131927
🔵 Design System,130:7548,Icons/Cloud/Cloud,Cloud,Bai Jamjuree,600,24.0,#131927
🔵 Design System,130:7553,Icons/Communication/Communication,Communication,Bai Jamjuree,600,24.0,#131927
🔵 Design System,130:7561,Icons/Connectivity/Connectivity,Connectivity,Bai Jamjuree,600,24.0,#131927
🔵 Design System,130:7567,Icons/Database/Database,Database,Bai Jamjuree,600,24.0,#131927
🔵 Design System,130:7572,Icons/Docs/Docs,Docs,Bai Jamjuree,600,24.0,#131927
🔵 Design System,130:7578,Icons/Editor/Editor,Editor,Bai Jamjuree,600,24.0,#131927
🔵 Design System,130:7584,Icons/Finance/Finance,Finance,Bai Jamjuree,600,24.0,#131927
🔵 Design System,130:7590,Icons/Food/Food,Food,Bai Jamjuree,600,24.0,#131927
🔵 Design System,130:7595,Icons/Gaming/Gaming,Gaming,Bai Jamjuree,600,24.0,#131927
🔵 Design System,130:7601,Icons/Git/Git,Git,Bai Jamjuree,600,24.0,#131927
🔵 Design System,130:7606,Icons/Gestures/Gestures,Gestures,Bai Jamjuree,600,24.0,#131927
🔵 Design System,130:7611,Icons/Health/Health,Health,Bai Jamjuree,600,24.0,#131927
🔵 Design System,130:7616,Icons/Home/Home,Home,Bai Jamjuree,600,24.0,#131927
🔵 Design System,130:7623,Icons/Layout/Layout,Layout,Bai Jamjuree,600,24.0,#131927
🔵 Design System,130:7628,Icons/Maps/Maps,Maps,Bai Jamjuree,600,24.0,#131927
🔵 Design System,130:7633,Icons/Music/Music,Music,Bai Jamjuree,600,24.0,#131927
🔵 Design System,130:7639,Icons/Other/Other,Other,Bai Jamjuree,600,24.0,#131927
🔵 Design System,130:7646,Icons/Nature/Nature,Nature,Bai Jamjuree,600,24.0,#131927
🔵 Design System,130:7651,Icons/Photos and Videos/Photos and Videos,Photos and Videos,Bai Jamjuree,600,24.0,#131927
🔵 Design System,130:7658,Icons/Security/Security,Security,Bai Jamjuree,600,24.0,#131927
🔵 Design System,130:7665,Icons/Shapes/Shapes,Shapes,Bai Jamjuree,600,24.0,#131927
🔵 Design System,130:7669,Icons/Shopping/Shopping,Shopping,Bai Jamjuree,600,24.0,#131927
🔵 Design System,130:7674,Icons/Science/Science,Science,Bai Jamjuree,600,24.0,#131927
🔵 Design System,130:7681,Icons/Social/Social,Social,Bai Jamjuree,600,24.0,#131927
🔵 Design System,130:7687,Icons/System/System,System,Bai Jamjuree,600,24.0,#131927
🔵 Design System,130:7698,Icons/Transport/Transport,Transport,Bai Jamjuree,600,24.0,#131927
🔵 Design System,130:7705,Icons/Tools/Tools,Tools,Bai Jamjuree,600,24.0,#131927
🔵 Design System,130:7709,Icons/Weather/Weather,Weather,Bai Jamjuree,600,24.0,#131927
🔵 Design System,130:7714,Icons/Identity/Identity,Identity,Bai Jamjuree,600,24.0,#131927
🔵 Design System,130:7719,Icons/Devices/Devices,Devices,Bai Jamjuree,600,24.0,#131927
🔵 Design System,94:1633,Badge & Chip/Badge & Chip,Badge & Chip,Bai Jamjuree,600,48.0,#131927
🔵 Design System,3113:8376,Badge & Chip/Medium,Medium,Inter,400,16.0,#131927
🔵 Design System,3113:8377,Badge & Chip/Small,Small,Inter,400,16.0,#131927
🔵 Design System,3113:8378,Badge & Chip/Tiny,Tiny,Inter,400,16.0,#131927
🔵 Design System,94:1923,"Badge & Chip/Badge & Chip/Size=Medium, State=Default, Content=Icons + Text, Style=Outline/Text/Badge",Badge,Inter,600,14.0,#3745AF
🔵 Design System,94:1928,"Badge & Chip/Badge & Chip/Size=Small, State=Default, Content=Icons + Text, Style=Outline/Text/Badge",Badge,Inter,600,12.0,#3745AF
🔵 Design System,94:1933,"Badge & Chip/Badge & Chip/Size=Tiny, State=Default, Content=Icons + Text, Style=Outline/Text/Button",Button,Inter,600,10.0,#3745AF
🔵 Design System,94:2073,"Badge & Chip/Badge & Chip/Size=Medium, State=Error, Content=Icons + Text, Style=Outline/Text/Badge",Badge,Inter,600,14.0,#EE443F
🔵 Design System,94:2078,"Badge & Chip/Badge & Chip/Size=Small, State=Error, Content=Icons + Text, Style=Outline/Text/Badge",Badge,Inter,600,12.0,#EE443F
🔵 Design System,94:2083,"Badge & Chip/Badge & Chip/Size=Tiny, State=Error, Content=Icons + Text, Style=Outline/Text/Button",Button,Inter,600,10.0,#EE443F
🔵 Design System,94:2098,"Badge & Chip/Badge & Chip/Size=Medium, State=Success, Content=Icons + Text, Style=Outline/Text/Badge",Badge,Inter,600,14.0,#43B75D
🔵 Design System,94:2103,"Badge & Chip/Badge & Chip/Size=Small, State=Success, Content=Icons + Text, Style=Outline/Text/Badge",Badge,Inter,600,12.0,#43B75D
🔵 Design System,94:2108,"Badge & Chip/Badge & Chip/Size=Tiny, State=Success, Content=Icons + Text, Style=Outline/Text/Button",Button,Inter,600,10.0,#43B75D
🔵 Design System,94:2123,"Badge & Chip/Badge & Chip/Size=Medium, State=Warning, Content=Icons + Text, Style=Outline/Text/Badge",Badge,Inter,600,14.0,#FFAA00
🔵 Design System,94:2128,"Badge & Chip/Badge & Chip/Size=Small, State=Warning, Content=Icons + Text, Style=Outline/Text/Badge",Badge,Inter,600,12.0,#FFAA00
🔵 Design System,94:2133,"Badge & Chip/Badge & Chip/Size=Tiny, State=Warning, Content=Icons + Text, Style=Outline/Text/Button",Button,Inter,600,10.0,#FFAA00
🔵 Design System,94:2148,"Badge & Chip/Badge & Chip/Size=Medium, State=Info, Content=Icons + Text, Style=Outline/Text/Badge",Badge,Inter,600,14.0,#0095FF
🔵 Design System,2675:4615,"Badge & Chip/Badge & Chip/Size=Medium, State=Info, Content=Icons + Text, Style=Outline/cancel/Text/1",1,Inter,600,14.0,#0095FF
🔵 Design System,2675:4693,"Badge & Chip/Badge & Chip/Size=Medium, State=Fillter, Content=Icons + Text, Style=Outline/Text/Bộ lọc",Bộ lọc,Inter,600,14.0,#0095FF
🔵 Design System,2675:4697,"Badge & Chip/Badge & Chip/Size=Medium, State=Fillter, Content=Icons + Text, Style=Outline/cancel/Text/1",1,Inter,600,14.0,#0095FF
🔵 Design System,101:1650,"Badge & Chip/Badge & Chip/Size=Medium, State=Default, Content=Icons + Text, Style=Filled/Text/Badge",Badge,Inter,600,14.0,#FFFFFF
🔵 Design System,101:1655,"Badge & Chip/Badge & Chip/Size=Medium, State=Error, Content=Icons + Text, Style=Filled/Text/Badge",Badge,Inter,600,14.0,#FFFFFF
🔵 Design System,101:1660,"Badge & Chip/Badge & Chip/Size=Medium, State=Success, Content=Icons + Text, Style=Filled/Text/Badge",Badge,Inter,600,14.0,#FFFFFF
🔵 Design System,101:1670,"Badge & Chip/Badge & Chip/Size=Medium, State=Info, Content=Icons + Text, Style=Filled/Text/Badge",Badge,Inter,600,14.0,#FFFFFF
🔵 Design System,2675:4583,"Badge & Chip/Badge & Chip/Size=Medium, State=Info, Content=Icons + Text, Style=Filled/cancel/Text/1",1,Inter,600,14.0,#0095FF
🔵 Design System,94:2153,"Badge & Chip/Badge & Chip/Size=Small, State=Info, Content=Icons + Text, Style=Outline/Text/Badge",Badge,Inter,600,12.0,#0095FF
🔵 Design System,2675:4599,"Badge & Chip/Badge & Chip/Size=Small, State=Info, Content=Icons + Text, Style=Outline/cancel/Text/1",1,Inter,600,10.0,#0095FF
🔵 Design System,2675:4701,"Badge & Chip/Badge & Chip/Size=Medium, State=Fillter, Content=Icons + Text, Style=Filled/Text/Bộ lọc",Bộ lọc,Inter,600,14.0,#FFFFFF
🔵 Design System,2675:4705,"Badge & Chip/Badge & Chip/Size=Medium, State=Fillter, Content=Icons + Text, Style=Filled/cancel/Text/1",1,Inter,600,14.0,#0095FF
🔵 Design System,101:1665,"Badge & Chip/Badge & Chip/Size=Medium, State=Warning, Content=Icons + Text, Style=Filled/Text/Badge",Badge,Inter,600,14.0,#FFFFFF
🔵 Design System,2675:4709,"Badge & Chip/Badge & Chip/Size=Small, State=Fillter, Content=Icons + Text, Style=Outline/Text/Bộ lọc",Bộ lọc,Inter,600,12.0,#0095FF
🔵 Design System,2675:4713,"Badge & Chip/Badge & Chip/Size=Small, State=Fillter, Content=Icons + Text, Style=Outline/cancel/Text/1",1,Inter,600,10.0,#0095FF
🔵 Design System,101:1727,"Badge & Chip/Badge & Chip/Size=Small, State=Default, Content=Icons + Text, Style=Filled/Text/Badge",Badge,Inter,600,12.0,#FFFFFF
🔵 Design System,101:1732,"Badge & Chip/Badge & Chip/Size=Small, State=Error, Content=Icons + Text, Style=Filled/Text/Badge",Badge,Inter,600,12.0,#FFFFFF
🔵 Design System,94:2158,"Badge & Chip/Badge & Chip/Size=Tiny, State=Info, Content=Icons + Text, Style=Outline/Text/Button",Button,Inter,600,10.0,#0095FF
🔵 Design System,2675:4611,"Badge & Chip/Badge & Chip/Size=Tiny, State=Info, Content=Icons + Text, Style=Outline/cancel/Text/1",1,Inter,600,10.0,#0095FF
🔵 Design System,101:1737,"Badge & Chip/Badge & Chip/Size=Small, State=Success, Content=Icons + Text, Style=Filled/Text/Badge",Badge,Inter,600,12.0,#FFFFFF
🔵 Design System,101:1742,"Badge & Chip/Badge & Chip/Size=Small, State=Warning, Content=Icons + Text, Style=Filled/Text/Badge",Badge,Inter,600,12.0,#FFFFFF
🔵 Design System,101:1747,"Badge & Chip/Badge & Chip/Size=Small, State=Info, Content=Icons + Text, Style=Filled/Text/Badge",Badge,Inter,600,12.0,#FFFFFF
🔵 Design System,2675:4587,"Badge & Chip/Badge & Chip/Size=Small, State=Info, Content=Icons + Text, Style=Filled/cancel/Text/1",1,Inter,600,10.0,#0095FF
🔵 Design System,2675:4782,"Badge & Chip/Badge & Chip/Size=Small, State=Fillter, Content=Icons + Text, Style=Filled/Text/Badge",Badge,Inter,600,12.0,#FFFFFF
🔵 Design System,2675:4786,"Badge & Chip/Badge & Chip/Size=Small, State=Fillter, Content=Icons + Text, Style=Filled/cancel/Text/1",1,Inter,600,10.0,#0095FF
🔵 Design System,2675:4717,"Badge & Chip/Badge & Chip/Size=Tiny, State=Fillter, Content=Icons + Text, Style=Outline/Text/Bộ lọc",Bộ lọc,Inter,600,10.0,#0095FF
🔵 Design System,2675:4721,"Badge & Chip/Badge & Chip/Size=Tiny, State=Fillter, Content=Icons + Text, Style=Outline/cancel/Text/1",1,Inter,600,10.0,#0095FF
🔵 Design System,101:1813,"Badge & Chip/Badge & Chip/Size=Tiny, State=Info, Content=Icons + Text, Style=Filled/Text/Badge",Badge,Inter,600,10.0,#FFFFFF
🔵 Design System,2675:4607,"Badge & Chip/Badge & Chip/Size=Tiny, State=Info, Content=Icons + Text, Style=Filled/cancel/Text/1",1,Inter,600,10.0,#0095FF
🔵 Design System,101:1793,"Badge & Chip/Badge & Chip/Size=Tiny, State=Default, Content=Icons + Text, Style=Filled/Text/Badge",Badge,Inter,600,10.0,#FFFFFF
🔵 Design System,101:1798,"Badge & Chip/Badge & Chip/Size=Tiny, State=Error, Content=Icons + Text, Style=Filled/Text/Badge",Badge,Inter,600,10.0,#FFFFFF
🔵 Design System,101:1803,"Badge & Chip/Badge & Chip/Size=Tiny, State=Success, Content=Icons + Text, Style=Filled/Text/Badge",Badge,Inter,600,10.0,#FFFFFF
🔵 Design System,101:1808,"Badge & Chip/Badge & Chip/Size=Tiny, State=Warning, Content=Icons + Text, Style=Filled/Text/Badge",Badge,Inter,600,10.0,#FFFFFF
🔵 Design System,2675:4725,"Badge & Chip/Badge & Chip/Size=Tiny, State=Fillter, Content=Icons + Text, Style=Filled/Text/Bộ lọc",Bộ lọc,Inter,600,10.0,#FFFFFF
🔵 Design System,2675:4729,"Badge & Chip/Badge & Chip/Size=Tiny, State=Fillter, Content=Icons + Text, Style=Filled/cancel/Text/1",1,Inter,600,10.0,#0095FF
🔵 Design System,94:2170,Badge & Chip/Default,Default,Inter,400,16.0,#131927
🔵 Design System,94:2171,Badge & Chip/Success,Success,Inter,400,16.0,#131927
🔵 Design System,94:2172,Badge & Chip/Info,Info,Inter,400,16.0,#131927
🔵 Design System,94:2173,Badge & Chip/Warning,Warning,Inter,400,16.0,#131927
🔵 Design System,94:2174,Badge & Chip/Error,Error,Inter,400,16.0,#131927
🔵 Design System,2675:4740,Badge & Chip/Fillter,Fillter,Inter,400,16.0,#131927
🔵 Design System,104:1635,Loader/Loader,Loader,Bai Jamjuree,600,48.0,#131927
🔵 Design System,104:1492,Section 2/Tooltip,Tooltip,Bai Jamjuree,600,48.0,#131927
🔵 Design System,104:1494,Section 2/State/Bottom,Bottom,Inter,400,16.0,#131927
🔵 Design System,104:1495,Section 2/State/Top,Top,Inter,400,16.0,#131927
🔵 Design System,104:1496,Section 2/State/Left,Left,Inter,400,16.0,#131927
🔵 Design System,104:1497,Section 2/State/Right,Right,Inter,400,16.0,#131927
🔵 Design System,104:1557,Section 2/Tooltip/Position=Bottom/This is a Tooltip,This is a Tooltip,Inter,400,14.0,#FFFFFF
🔵 Design System,104:1573,Section 2/Tooltip/Position=Top/This is a Tooltip,This is a Tooltip,Inter,400,14.0,#FFFFFF
🔵 Design System,104:1579,Section 2/Tooltip/Position=Left/This is a Tooltip,This is a Tooltip,Inter,400,14.0,#FFFFFF
🔵 Design System,104:1585,Section 2/Tooltip/Position=Right/This is a Tooltip,This is a Tooltip,Inter,400,14.0,#FFFFFF
🔵 Design System,101:1831,Breadcrumbs/Breadcrumbs,Breadcrumbs,Bai Jamjuree,600,48.0,#131927
🔵 Design System,101:1833,Breadcrumbs/State/Default,Default,Inter,400,16.0,#131927
🔵 Design System,101:1834,Breadcrumbs/State/Hover,Hover,Inter,400,16.0,#131927
🔵 Design System,101:1836,Breadcrumbs/State/Focus,Focus,Inter,400,16.0,#131927
🔵 Design System,101:2141,Breadcrumbs/State/Selected,Selected,Inter,400,16.0,#131927
🔵 Design System,101:2150,Breadcrumbs/State/Disabled,Disabled,Inter,400,16.0,#131927
🔵 Design System,101:1921,Breadcrumbs/Breadcrumbs (Item)/State=Default/Text/Badge,Text,Inter,600,14.0,#9EA2AE
🔵 Design System,101:1947,Breadcrumbs/Breadcrumbs (Item)/State=Focus/Text/Text,Text,Inter,600,14.0,#3745AF
🔵 Design System,101:2137,Breadcrumbs/Breadcrumbs (Item)/State=Selected/Text/Text,Text,Inter,600,14.0,#131927
🔵 Design System,101:2154,Breadcrumbs/Breadcrumbs (Item)/State=Disabled/Text/Text,Text,Inter,600,14.0,#9EA2AE
🔵 Design System,101:1940,Breadcrumbs/Breadcrumbs (Item)/State=Hover/Text/Text,Text,Inter,600,14.0,#6D717F
🔵 Design System,I101:1954;101:1921,Breadcrumbs/Breadcrumbs (Group)/Amount=5/Crumb/Breadcrumbs (Item)/Text/Badge,Text,Inter,600,14.0,#9EA2AE
🔵 Design System,I101:2084;101:2137,Breadcrumbs/Breadcrumbs (Group)/Amount=5/Crumb/Breadcrumbs (Item)/Text/Text,Text,Inter,600,14.0,#131927
🔵 Design System,I101:2091;101:1921,Breadcrumbs/Breadcrumbs (Group)/Amount=5/Crumb/Breadcrumbs (Item)/Text/Badge,Text,Inter,600,14.0,#9EA2AE
🔵 Design System,I101:2100;101:1921,Breadcrumbs/Breadcrumbs (Group)/Amount=5/Crumb/Breadcrumbs (Item)/Text/Badge,Text,Inter,600,14.0,#9EA2AE
🔵 Design System,I101:2124;101:1921,Breadcrumbs/Breadcrumbs (Group)/Amount=5/Crumb/Breadcrumbs (Item)/Text/Badge,Text,Inter,600,14.0,#9EA2AE
🔵 Design System,I101:2225;101:1921,Breadcrumbs/Breadcrumbs (Group)/Amount=4/Crumb/Breadcrumbs (Item)/Text/Badge,Text,Inter,600,14.0,#9EA2AE
🔵 Design System,I101:2228;101:2137,Breadcrumbs/Breadcrumbs (Group)/Amount=4/Crumb/Breadcrumbs (Item)/Text/Text,Text,Inter,600,14.0,#131927
🔵 Design System,I101:2231;101:1921,Breadcrumbs/Breadcrumbs (Group)/Amount=4/Crumb/Breadcrumbs (Item)/Text/Badge,Text,Inter,600,14.0,#9EA2AE
🔵 Design System,I101:2234;101:1921,Breadcrumbs/Breadcrumbs (Group)/Amount=4/Crumb/Breadcrumbs (Item)/Text/Badge,Text,Inter,600,14.0,#9EA2AE
🔵 Design System,I101:2237;101:1921,Breadcrumbs/Breadcrumbs (Group)/Amount=4/Crumb/Breadcrumbs (Item)/Text/Badge,Text,Inter,600,14.0,#9EA2AE
🔵 Design System,I101:2314;101:1921,Breadcrumbs/Breadcrumbs (Group)/Amount=3/Crumb/Breadcrumbs (Item)/Text/Badge,Text,Inter,600,14.0,#9EA2AE
🔵 Design System,I101:2317;101:2137,Breadcrumbs/Breadcrumbs (Group)/Amount=3/Crumb/Breadcrumbs (Item)/Text/Text,Text,Inter,600,14.0,#131927
🔵 Design System,I101:2320;101:1921,Breadcrumbs/Breadcrumbs (Group)/Amount=3/Crumb/Breadcrumbs (Item)/Text/Badge,Text,Inter,600,14.0,#9EA2AE
🔵 Design System,I101:2323;101:1921,Breadcrumbs/Breadcrumbs (Group)/Amount=3/Crumb/Breadcrumbs (Item)/Text/Badge,Text,Inter,600,14.0,#9EA2AE
🔵 Design System,I101:2326;101:1921,Breadcrumbs/Breadcrumbs (Group)/Amount=3/Crumb/Breadcrumbs (Item)/Text/Badge,Text,Inter,600,14.0,#9EA2AE
🔵 Design System,I101:2365;101:1921,Breadcrumbs/Breadcrumbs (Group)/Amount=2/Crumb/Breadcrumbs (Item)/Text/Badge,Text,Inter,600,14.0,#9EA2AE
🔵 Design System,I101:2368;101:2137,Breadcrumbs/Breadcrumbs (Group)/Amount=2/Crumb/Breadcrumbs (Item)/Text/Text,Text,Inter,600,14.0,#131927
🔵 Design System,I101:2371;101:1921,Breadcrumbs/Breadcrumbs (Group)/Amount=2/Crumb/Breadcrumbs (Item)/Text/Badge,Text,Inter,600,14.0,#9EA2AE
🔵 Design System,I101:2374;101:1921,Breadcrumbs/Breadcrumbs (Group)/Amount=2/Crumb/Breadcrumbs (Item)/Text/Badge,Text,Inter,600,14.0,#9EA2AE
🔵 Design System,I101:2377;101:1921,Breadcrumbs/Breadcrumbs (Group)/Amount=2/Crumb/Breadcrumbs (Item)/Text/Badge,Text,Inter,600,14.0,#9EA2AE
🔵 Design System,104:1748,Progress Bar/Progress Bar,Progress Bar,Bai Jamjuree,600,48.0,#131927
🔵 Design System,104:2014,"Progress Bar/Progress Bar/Position=Left, State=Active, Procent=0%/0%",0%,Inter,400,14.0,#131927
🔵 Design System,104:2089,"Progress Bar/Progress Bar/Position=Left, State=Disabled, Procent=0%/0%",0%,Inter,400,14.0,#9EA2AE
🔵 Design System,104:2049,"Progress Bar/Progress Bar/Position=Left, State=Active, Procent=20%/20%",20%,Inter,400,14.0,#131927
🔵 Design System,104:2057,"Progress Bar/Progress Bar/Position=Left, State=Active, Procent=40%/40%",40%,Inter,400,14.0,#131927
🔵 Design System,104:2065,"Progress Bar/Progress Bar/Position=Left, State=Active, Procent=60%/60%",60%,Inter,400,14.0,#131927
🔵 Design System,104:2073,"Progress Bar/Progress Bar/Position=Left, State=Active, Procent=80%/80%",80%,Inter,400,14.0,#131927
🔵 Design System,104:2081,"Progress Bar/Progress Bar/Position=Left, State=Active, Procent=100%/100%",100%,Inter,400,14.0,#131927
🔵 Design System,104:2113,"Progress Bar/Progress Bar/Position=Right, State=Active, Procent=0%/0%",0%,Inter,400,14.0,#131927
🔵 Design System,104:2121,"Progress Bar/Progress Bar/Position=Right, State=Disabled, Procent=0%/0%",0%,Inter,400,14.0,#9EA2AE
🔵 Design System,104:2129,"Progress Bar/Progress Bar/Position=Right, State=Active, Procent=20%/20%",20%,Inter,400,14.0,#131927
🔵 Design System,104:2137,"Progress Bar/Progress Bar/Position=Right, State=Active, Procent=40%/40%",40%,Inter,400,14.0,#131927
🔵 Design System,104:2145,"Progress Bar/Progress Bar/Position=Right, State=Active, Procent=60%/60%",60%,Inter,400,14.0,#131927
🔵 Design System,104:2153,"Progress Bar/Progress Bar/Position=Right, State=Active, Procent=80%/80%",80%,Inter,400,14.0,#131927
🔵 Design System,104:2161,"Progress Bar/Progress Bar/Position=Right, State=Active, Procent=100%/100%",100%,Inter,400,14.0,#131927
🔵 Design System,104:2207,Avatar/Avatar,Avatar,Bai Jamjuree,600,48.0,#131927
🔵 Design System,106:1544,"Avatar/Avatar/Size=XXXL Giant, Type=Letter/A",A,Bai Jamjuree,600,48.0,#FFFFFF
🔵 Design System,107:1491,"Avatar/Avatar/Size=XXL Giant, Type=Letter/A",A,Bai Jamjuree,600,48.0,#FFFFFF
🔵 Design System,107:1492,"Avatar/Avatar/Size=XL Giant, Type=Letter/A",A,Bai Jamjuree,600,32.0,#FFFFFF
🔵 Design System,107:1493,"Avatar/Avatar/Size=Giant, Type=Letter/A",A,Bai Jamjuree,600,28.0,#FFFFFF
🔵 Design System,107:1494,"Avatar/Avatar/Size=Large, Type=Letter/A",A,Bai Jamjuree,600,24.0,#FFFFFF
🔵 Design System,107:1495,"Avatar/Avatar/Size=Medium, Type=Letter/A",A,Bai Jamjuree,600,18.0,#FFFFFF
🔵 Design System,107:1496,"Avatar/Avatar/Size=Small, Type=Letter/A",A,Bai Jamjuree,600,16.0,#FFFFFF
🔵 Design System,107:1497,"Avatar/Avatar/Size=Tiny, Type=Letter/A",A,Inter,500,12.0,#FFFFFF
🔵 Design System,81:1217,Toggle/Toggle,Toggle,Bai Jamjuree,600,48.0,#131927
🔵 Design System,81:1219,Toggle/State/Default,Default,Inter,400,16.0,#131927
🔵 Design System,81:1220,Toggle/State/Hover,Hover,Inter,400,16.0,#131927
🔵 Design System,81:1221,Toggle/State/Focus,Focus,Inter,400,16.0,#131927
🔵 Design System,81:1222,Toggle/State/Disabled,Disabled,Inter,400,16.0,#131927
🔵 Design System,81:1234,"Toggle/Toggle + Text/State=Default, Text Side=Left/Placeholder",Placeholder,Inter,400,16.0,#131927
🔵 Design System,81:1237,"Toggle/Toggle + Text/State=Hover, Text Side=Left/Placeholder",Placeholder,Inter,400,16.0,#131927
🔵 Design System,81:1240,"Toggle/Toggle + Text/State=Focus, Text Side=Left/Placeholder",Placeholder,Inter,400,16.0,#131927
🔵 Design System,81:1243,"Toggle/Toggle + Text/State=Selected, Text Side=Left/Placeholder",Placeholder,Inter,400,16.0,#9EA2AE
🔵 Design System,81:1248,"Toggle/Toggle + Text/State=Default, Text Side=Right/Placeholder",Placeholder,Inter,400,16.0,#131927
🔵 Design System,81:1251,"Toggle/Toggle + Text/State=Hover, Text Side=Right/Placeholder",Placeholder,Inter,400,16.0,#131927
🔵 Design System,81:1254,"Toggle/Toggle + Text/State=Focus, Text Side=Right/Placeholder",Placeholder,Inter,400,16.0,#131927
🔵 Design System,81:1257,"Toggle/Toggle + Text/State=Selected, Text Side=Right/Placeholder",Placeholder,Inter,400,16.0,#9EA2AE
🔵 Design System,80:1693,Radio/Radio,Radio,Bai Jamjuree,600,48.0,#131927
🔵 Design System,80:1695,Radio/State/Default,Default,Inter,400,16.0,#131927
🔵 Design System,80:1696,Radio/State/Hover,Hover,Inter,400,16.0,#131927
🔵 Design System,80:1697,Radio/State/Focus,Focus,Inter,400,16.0,#131927
🔵 Design System,80:1698,Radio/State/Selected,Selected,Inter,400,16.0,#131927
🔵 Design System,80:1700,Radio/State/Disabled,Disabled,Inter,400,16.0,#131927
🔵 Design System,80:1713,"Radio/Radio + Text/State=Default, Text Side=Left/Placeholder",Placeholder,Inter,400,16.0,#131927
🔵 Design System,80:1716,"Radio/Radio + Text/State=Hover, Text Side=Left/Placeholder",Placeholder,Inter,400,16.0,#131927
🔵 Design System,80:1719,"Radio/Radio + Text/State=Focus, Text Side=Left/Placeholder",Placeholder,Inter,400,16.0,#131927
🔵 Design System,80:1722,"Radio/Radio + Text/State=Selected, Text Side=Left/Placeholder",Placeholder,Inter,400,16.0,#131927
🔵 Design System,80:1728,"Radio/Radio + Text/State=Disabled, Text Side=Left/Placeholder",Placeholder,Inter,400,16.0,#9EA2AE
🔵 Design System,80:1730,"Radio/Radio + Text/State=Default, Text Side=Right/Placeholder",Placeholder,Inter,400,16.0,#131927
🔵 Design System,80:1733,"Radio/Radio + Text/State=Hover, Text Side=Right/Placeholder",Placeholder,Inter,400,16.0,#131927
🔵 Design System,80:1736,"Radio/Radio + Text/State=Focus, Text Side=Right/Placeholder",Placeholder,Inter,400,16.0,#131927
🔵 Design System,80:1739,"Radio/Radio + Text/State=Selected, Text Side=Right/Placeholder",Placeholder,Inter,400,16.0,#131927
🔵 Design System,80:1745,"Radio/Radio + Text/State=Disabled, Text Side=Right/Placeholder",Placeholder,Inter,400,16.0,#9EA2AE
🔵 Design System,77:1204,Checkbox/Checkbox,Checkbox,Bai Jamjuree,600,48.0,#131927
🔵 Design System,78:1489,Checkbox/State/Default,Default,Inter,400,16.0,#131927
🔵 Design System,78:1490,Checkbox/State/Hover,Hover,Inter,400,16.0,#131927
🔵 Design System,78:1491,Checkbox/State/Focus,Focus,Inter,400,16.0,#131927
🔵 Design System,78:1492,Checkbox/State/Selected,Selected,Inter,400,16.0,#131927
🔵 Design System,78:1493,Checkbox/State/Indeterminate,Indeterminate,Inter,400,16.0,#131927
🔵 Design System,78:1495,Checkbox/State/Disabled,Disabled,Inter,400,16.0,#131927
🔵 Design System,78:1510,"Checkbox/Checkbox + Text/State=Default, Text Side=Left/Placeholder",Placeholder,Inter,400,14.0,#131927
🔵 Design System,80:1522,"Checkbox/Checkbox + Text/State=Hover, Text Side=Left/Placeholder",Placeholder,Inter,400,14.0,#131927
🔵 Design System,80:1526,"Checkbox/Checkbox + Text/State=Focus, Text Side=Left/Placeholder",Placeholder,Inter,400,14.0,#131927
🔵 Design System,80:1530,"Checkbox/Checkbox + Text/State=Selected, Text Side=Left/Placeholder",Placeholder,Inter,400,14.0,#131927
🔵 Design System,80:1538,"Checkbox/Checkbox + Text/State=Indeterminate, Text Side=Left/Placeholder",Placeholder,Inter,400,14.0,#131927
🔵 Design System,80:1558,"Checkbox/Checkbox + Text/State=Disabled, Text Side=Left/Placeholder",Placeholder,Inter,400,14.0,#9EA2AE
🔵 Design System,80:1652,"Checkbox/Checkbox + Text/State=Default, Text Side=Right/Placeholder",Placeholder,Inter,400,14.0,#131927
🔵 Design System,80:1656,"Checkbox/Checkbox + Text/State=Hover, Text Side=Right/Placeholder",Placeholder,Inter,400,14.0,#131927
🔵 Design System,80:1660,"Checkbox/Checkbox + Text/State=Focus, Text Side=Right/Placeholder",Placeholder,Inter,400,14.0,#131927
🔵 Design System,80:1664,"Checkbox/Checkbox + Text/State=Selected, Text Side=Right/Placeholder",Placeholder,Inter,400,14.0,#131927
🔵 Design System,80:1668,"Checkbox/Checkbox + Text/State=Indeterminate, Text Side=Right/Placeholder",Placeholder,Inter,400,14.0,#131927
🔵 Design System,80:1672,"Checkbox/Checkbox + Text/State=Disabled, Text Side=Right/Placeholder",Placeholder,Inter,400,14.0,#9EA2AE
🔵 Design System,116:2140,Navbar: Top/Navbar: Top,Navbar: Top,Bai Jamjuree,600,48.0,#131927
🔵 Design System,232:4655,Navbar: Top/Examples/Title + Message/Examples,Examples,Bai Jamjuree,600,24.0,#131927
🔵 Design System,232:4656,Navbar: Top/Examples/Title + Message/Customizing content within a component.,Customizing content within a component.,Inter,400,16.0,#6D717F
🔵 Design System,I118:1690;118:1561;118:1537,Navbar: Top/Navbar Top/Navbar Top (Left Item)/Text + Icon/Label,Label,Inter,400,16.0,#131927
🔵 Design System,I118:1690;118:1611;118:1597,Navbar: Top/Navbar Top/Navbar Top (Middle Item)/Title + Secondary Text/Title,Title,Inter,500,16.0,#131927
🔵 Design System,I118:1690;118:1611;118:1600,Navbar: Top/Navbar Top/Navbar Top (Middle Item)/Title + Secondary Text/Secondary Text,Secondary Text,Inter,400,12.0,#9EA2AE
🔵 Design System,I118:1654;118:1561;118:1537,Navbar: Top/Navbar Top/Navbar Top (Left Item)/Text + Icon/Label,Label,Inter,400,16.0,#131927
🔵 Design System,I118:1654;118:1611;118:1590,Navbar: Top/Navbar Top/Navbar Top (Middle Item)/Title/Title,Title,Inter,500,16.0,#131927
🔵 Design System,I118:1669;118:1561;118:1537,Navbar: Top/Navbar Top/Navbar Top (Left Item)/Text + Icon/Label,Label,Inter,400,16.0,#131927
🔵 Design System,I118:1669;118:1611;118:1590,Navbar: Top/Navbar Top/Navbar Top (Middle Item)/Title/Title,Title,Inter,500,16.0,#131927
🔵 Design System,I118:1669;118:1566;116:3884,Navbar: Top/Navbar Top/Navbar Top (Right Item)/Text + Icon/Label,Label,Inter,400,16.0,#131927
🔵 Design System,I118:1620;118:1561;118:1537,Navbar: Top/Navbar Top/Navbar Top (Left Item)/Text + Icon/Label,Label,Inter,400,16.0,#131927
🔵 Design System,I118:1620;118:1611;118:1590,Navbar: Top/Navbar Top/Navbar Top (Middle Item)/Title/Title,Title,Inter,500,16.0,#131927
🔵 Design System,I118:1637;118:1561;118:1537,Navbar: Top/Navbar Top/Navbar Top (Left Item)/Text + Icon/Label,Label,Inter,400,16.0,#131927
🔵 Design System,I118:1637;118:1611;118:1590,Navbar: Top/Navbar Top/Navbar Top (Middle Item)/Title/Title,Title,Inter,500,16.0,#131927
🔵 Design System,I118:1561;118:1537,Navbar: Top/Navbar Top/Navbar Top (Left Item)/Text + Icon/Label,Label,Inter,400,16.0,#131927
🔵 Design System,I118:1611;118:1590,Navbar: Top/Navbar Top/Navbar Top (Middle Item)/Title/Title,Title,Inter,500,16.0,#131927
🔵 Design System,116:3884,Navbar: Top/Navbar Top (Right Item)/Content=Text + Icon/Text + Icon/Label,Label,Inter,400,16.0,#131927
🔵 Design System,118:1537,Navbar: Top/Navbar Top (Left Item)/Content=Text + Icon/Text + Icon/Label,Label,Inter,400,16.0,#131927
🔵 Design System,118:1590,Navbar: Top/Navbar Top (Middle Item)/Content=Title/Title/Title,Title,Inter,500,16.0,#131927
🔵 Design System,118:1597,Navbar: Top/Navbar Top (Middle Item)/Content=Title + Secondary Text/Title + Secondary Text/Title,Title,Inter,500,16.0,#131927
🔵 Design System,118:1600,Navbar: Top/Navbar Top (Middle Item)/Content=Title + Secondary Text/Title + Secondary Text/Secondary Text,Secondary Text,Inter,400,12.0,#9EA2AE
🔵 Design System,116:1272,Navbar: Bottom/Navbar: Bottom,Navbar: Bottom,Bai Jamjuree,600,48.0,#131927
🔵 Design System,116:1500,"Navbar: Bottom/Navbar Bottom (Item)/State=Selected, Style=Text + Icon/Icon + Text/Text",Text,Inter,400,10.0,#3745AF
🔵 Design System,116:1530,"Navbar: Bottom/Navbar Bottom (Item)/State=Inactive, Style=Text + Icon/Icon + Text/Text",Text,Inter,400,10.0,#9EA2AE
🔵 Design System,I116:1806;116:1500,"Navbar: Bottom/Navbar Bottom (Group)/Amount=5, Style=Text + Icon/Navbar Bottom (Item)/Icon + Text/Text",Text,Inter,400,10.0,#3745AF
🔵 Design System,I116:1807;116:1530,"Navbar: Bottom/Navbar Bottom (Group)/Amount=5, Style=Text + Icon/Navbar Bottom (Item)/Icon + Text/Text",Text,Inter,400,10.0,#9EA2AE
🔵 Design System,I116:1808;116:1530,"Navbar: Bottom/Navbar Bottom (Group)/Amount=5, Style=Text + Icon/Navbar Bottom (Item)/Icon + Text/Text",Text,Inter,400,10.0,#9EA2AE
🔵 Design System,I116:1809;116:1530,"Navbar: Bottom/Navbar Bottom (Group)/Amount=5, Style=Text + Icon/Navbar Bottom (Item)/Icon + Text/Text",Text,Inter,400,10.0,#9EA2AE
🔵 Design System,I116:1810;116:1530,"Navbar: Bottom/Navbar Bottom (Group)/Amount=5, Style=Text + Icon/Navbar Bottom (Item)/Icon + Text/Text",Text,Inter,400,10.0,#9EA2AE
🔵 Design System,I116:1812;116:1500,"Navbar: Bottom/Navbar Bottom (Group)/Amount=4, Style=Text + Icon/Navbar Bottom (Item)/Icon + Text/Text",Text,Inter,400,10.0,#3745AF
🔵 Design System,I116:1813;116:1530,"Navbar: Bottom/Navbar Bottom (Group)/Amount=4, Style=Text + Icon/Navbar Bottom (Item)/Icon + Text/Text",Text,Inter,400,10.0,#9EA2AE
🔵 Design System,I116:1814;116:1530,"Navbar: Bottom/Navbar Bottom (Group)/Amount=4, Style=Text + Icon/Navbar Bottom (Item)/Icon + Text/Text",Text,Inter,400,10.0,#9EA2AE
🔵 Design System,I116:1815;116:1530,"Navbar: Bottom/Navbar Bottom (Group)/Amount=4, Style=Text + Icon/Navbar Bottom (Item)/Icon + Text/Text",Text,Inter,400,10.0,#9EA2AE
🔵 Design System,I116:1817;116:1500,"Navbar: Bottom/Navbar Bottom (Group)/Amount=3, Style=Text + Icon/Navbar Bottom (Item)/Icon + Text/Text",Text,Inter,400,10.0,#3745AF
🔵 Design System,I116:1818;116:1530,"Navbar: Bottom/Navbar Bottom (Group)/Amount=3, Style=Text + Icon/Navbar Bottom (Item)/Icon + Text/Text",Text,Inter,400,10.0,#9EA2AE
🔵 Design System,I116:1819;116:1530,"Navbar: Bottom/Navbar Bottom (Group)/Amount=3, Style=Text + Icon/Navbar Bottom (Item)/Icon + Text/Text",Text,Inter,400,10.0,#9EA2AE
🔵 Design System,I116:1821;116:1500,"Navbar: Bottom/Navbar Bottom (Group)/Amount=2, Style=Text + Icon/Navbar Bottom (Item)/Icon + Text/Text",Text,Inter,400,10.0,#3745AF
🔵 Design System,I116:1822;116:1530,"Navbar: Bottom/Navbar Bottom (Group)/Amount=2, Style=Text + Icon/Navbar Bottom (Item)/Icon + Text/Text",Text,Inter,400,10.0,#9EA2AE
🔵 Design System,88:1265,Alert/Alert,Alert,Bai Jamjuree,600,48.0,#131927
🔵 Design System,93:1517,Alert/State/Default,Default,Inter,400,16.0,#131927
🔵 Design System,93:1518,Alert/State/Success,Success,Inter,400,16.0,#131927
🔵 Design System,93:1519,Alert/State/Info,Info,Inter,400,16.0,#131927
🔵 Design System,93:1520,Alert/State/Warning,Warning,Inter,400,16.0,#131927
🔵 Design System,93:1524,Alert/State/Error,Error,Inter,400,16.0,#131927
🔵 Design System,89:1360,Alert/Text Button/Style=Primary/Button,Button,Inter,600,16.0,#3745AF
🔵 Design System,91:1226,Alert/Text Button/Style=Secondary/Button,Button,Inter,600,16.0,#9EA2AE
🔵 Design System,89:1321,"Alert/Alert/State=Default, Style=Outline/Content/Text/Title",Title,Bai Jamjuree,600,16.0,#131927
🔵 Design System,89:1322,"Alert/Alert/State=Default, Style=Outline/Content/Text/Get immediate alerts and a notification badge.",Get immediate alerts and a notification badge.,Inter,400,14.0,#6D717F
🔵 Design System,I92:1230;89:1360,"Alert/Alert/State=Default, Style=Outline/Content/Buttons/Text Button/Button",Button,Inter,600,16.0,#3745AF
🔵 Design System,I92:1232;91:1226,"Alert/Alert/State=Default, Style=Outline/Content/Buttons/Text Button/Button",Button,Inter,600,16.0,#9EA2AE
🔵 Design System,93:1439,"Alert/Alert/State=Success, Style=Outline/Content/Text/Title",Title,Bai Jamjuree,600,16.0,#131927
🔵 Design System,93:1440,"Alert/Alert/State=Success, Style=Outline/Content/Text/Get immediate alerts and a notification badge.",Get immediate alerts and a notification badge.,Inter,400,14.0,#6D717F
🔵 Design System,I93:1442;89:1360,"Alert/Alert/State=Success, Style=Outline/Content/Buttons/Text Button/Button",Button,Inter,600,16.0,#43B75D
🔵 Design System,I93:1443;91:1226,"Alert/Alert/State=Success, Style=Outline/Content/Buttons/Text Button/Button",Button,Inter,600,16.0,#9EA2AE
🔵 Design System,93:1451,"Alert/Alert/State=Info, Style=Outline/Content/Text/Title",Title,Bai Jamjuree,600,16.0,#131927
🔵 Design System,93:1452,"Alert/Alert/State=Info, Style=Outline/Content/Text/Get immediate alerts and a notification badge.",Get immediate alerts and a notification badge.,Inter,400,14.0,#6D717F
🔵 Design System,I93:1454;89:1360,"Alert/Alert/State=Info, Style=Outline/Content/Buttons/Text Button/Button",Button,Inter,600,16.0,#0095FF
🔵 Design System,I93:1455;91:1226,"Alert/Alert/State=Info, Style=Outline/Content/Buttons/Text Button/Button",Button,Inter,600,16.0,#9EA2AE
🔵 Design System,93:1474,"Alert/Alert/State=Warning, Style=Outline/Content/Text/Title",Title,Bai Jamjuree,600,16.0,#131927
🔵 Design System,93:1475,"Alert/Alert/State=Warning, Style=Outline/Content/Text/Get immediate alerts and a notification badge.",Get immediate alerts and a notification badge.,Inter,400,14.0,#6D717F
🔵 Design System,I93:1477;89:1360,"Alert/Alert/State=Warning, Style=Outline/Content/Buttons/Text Button/Button",Button,Inter,600,16.0,#FFAA00
🔵 Design System,I93:1478;91:1226,"Alert/Alert/State=Warning, Style=Outline/Content/Buttons/Text Button/Button",Button,Inter,600,16.0,#9EA2AE
🔵 Design System,93:1508,"Alert/Alert/State=Error, Style=Outline/Content/Text/Title",Title,Bai Jamjuree,600,16.0,#131927
🔵 Design System,93:1509,"Alert/Alert/State=Error, Style=Outline/Content/Text/Get immediate alerts and a notification badge.",Get immediate alerts and a notification badge.,Inter,400,14.0,#6D717F
🔵 Design System,I93:1511;89:1360,"Alert/Alert/State=Error, Style=Outline/Content/Buttons/Text Button/Button",Button,Inter,600,16.0,#EE443F
🔵 Design System,I93:1512;91:1226,"Alert/Alert/State=Error, Style=Outline/Content/Buttons/Text Button/Button",Button,Inter,600,16.0,#9EA2AE
🔵 Design System,101:1578,"Alert/Alert/State=Default, Style=Filled/Content/Text/Title",Title,Bai Jamjuree,600,16.0,#FFFFFF
🔵 Design System,101:1579,"Alert/Alert/State=Default, Style=Filled/Content/Text/Get immediate alerts and a notification badge.",Get immediate alerts and a notification badge.,Inter,400,14.0,#FFFFFF
🔵 Design System,I101:1581;89:1360,"Alert/Alert/State=Default, Style=Filled/Content/Buttons/Text Button/Button",Button,Inter,600,16.0,#FFFFFF
🔵 Design System,I101:1582;91:1226,"Alert/Alert/State=Default, Style=Filled/Content/Buttons/Text Button/Button",Button,Inter,600,16.0,#FFFFFF~0.6
🔵 Design System,101:1587,"Alert/Alert/State=Success, Style=Filled/Content/Text/Title",Title,Bai Jamjuree,600,16.0,#FFFFFF
🔵 Design System,101:1588,"Alert/Alert/State=Success, Style=Filled/Content/Text/Get immediate alerts and a notification badge.",Get immediate alerts and a notification badge.,Inter,400,14.0,#FFFFFF
🔵 Design System,I101:1590;89:1360,"Alert/Alert/State=Success, Style=Filled/Content/Buttons/Text Button/Button",Button,Inter,600,16.0,#FFFFFF
🔵 Design System,I101:1591;91:1226,"Alert/Alert/State=Success, Style=Filled/Content/Buttons/Text Button/Button",Button,Inter,600,16.0,#FFFFFF~0.6
🔵 Design System,101:1596,"Alert/Alert/State=Info, Style=Filled/Content/Text/Title",Title,Bai Jamjuree,600,16.0,#FFFFFF
🔵 Design System,101:1597,"Alert/Alert/State=Info, Style=Filled/Content/Text/Get immediate alerts and a notification badge.",Get immediate alerts and a notification badge.,Inter,400,14.0,#FFFFFF
🔵 Design System,I101:1599;89:1360,"Alert/Alert/State=Info, Style=Filled/Content/Buttons/Text Button/Button",Button,Inter,600,16.0,#FFFFFF
🔵 Design System,I101:1600;91:1226,"Alert/Alert/State=Info, Style=Filled/Content/Buttons/Text Button/Button",Button,Inter,600,16.0,#FFFFFF~0.6
🔵 Design System,101:1605,"Alert/Alert/State=Warning, Style=Filled/Content/Text/Title",Title,Bai Jamjuree,600,16.0,#FFFFFF
🔵 Design System,101:1606,"Alert/Alert/State=Warning, Style=Filled/Content/Text/Get immediate alerts and a notification badge.",Get immediate alerts and a notification badge.,Inter,400,14.0,#FFFFFF
🔵 Design System,I101:1608;89:1360,"Alert/Alert/State=Warning, Style=Filled/Content/Buttons/Text Button/Button",Button,Inter,600,16.0,#FFFFFF
🔵 Design System,I101:1609;91:1226,"Alert/Alert/State=Warning, Style=Filled/Content/Buttons/Text Button/Button",Button,Inter,600,16.0,#FFFFFF~0.6
🔵 Design System,101:1614,"Alert/Alert/State=Error, Style=Filled/Content/Text/Title",Title,Bai Jamjuree,600,16.0,#FFFFFF
🔵 Design System,101:1615,"Alert/Alert/State=Error, Style=Filled/Content/Text/Get immediate alerts and a notification badge.",Get immediate alerts and a notification badge.,Inter,400,14.0,#FFFFFF~0.6
🔵 Design System,I101:1617;89:1360,"Alert/Alert/State=Error, Style=Filled/Content/Buttons/Text Button/Button",Button,Inter,600,16.0,#FFFFFF
🔵 Design System,I101:1618;91:1226,"Alert/Alert/State=Error, Style=Filled/Content/Buttons/Text Button/Button",Button,Inter,600,16.0,#FFFFFF~0.6
🔵 Design System,57:893,Input/Input,Input,Bai Jamjuree,600,48.0,#131927
🔵 Design System,64:1152,Input/Size/Heading/Large,Large,Inter,400,16.0,#131927
🔵 Design System,64:1153,Input/Size/Heading/Medium,Medium,Inter,400,16.0,#131927
🔵 Design System,64:1158,Input/State/Default,Default,Inter,400,16.0,#131927
🔵 Design System,64:1159,Input/State/Filled,Filled,Inter,400,16.0,#131927
🔵 Design System,64:1160,Input/State/Hover,Hover,Inter,400,16.0,#131927
🔵 Design System,64:1161,Input/State/Focus,Focus,Inter,400,16.0,#131927
🔵 Design System,64:1162,Input/State/Disabled,Disabled,Inter,400,16.0,#131927
🔵 Design System,64:1163,Input/State/Success,Success,Inter,400,16.0,#131927
🔵 Design System,64:1165,Input/State/Info,Info,Inter,400,16.0,#131927
🔵 Design System,64:1166,Input/State/Warning,Warning,Inter,400,16.0,#131927
🔵 Design System,64:1167,Input/State/Error,Error,Inter,400,16.0,#131927
🔵 Design System,2448:6782,"Input/Input/State=Default, Size=Large, Style=Outline/Label/Frame 2147224761/Label/Label",Label,Inter,500,16.0,#131927
🔵 Design System,2448:6783,"Input/Input/State=Default, Size=Large, Style=Outline/Label/Frame 2147224761/*",*,Inter,500,16.0,#EE443F
🔵 Design System,64:1078,"Input/Input/State=Default, Size=Large, Style=Outline/Input/Left Content/Placeholder",Placeholder,Inter,400,16.0,#9EA2AE
🔵 Design System,64:1081,"Input/Input/State=Default, Size=Large, Style=Outline/Helper Text/Helper Text",Helper Text,Inter,400,14.0,#9EA2AE
🔵 Design System,2448:6844,"Input/Input/State=Filled, Size=Large, Style=Outline/Label/Frame 2147224761/Label/Label",Label,Inter,500,16.0,#131927
🔵 Design System,2448:6845,"Input/Input/State=Filled, Size=Large, Style=Outline/Label/Frame 2147224761/*",*,Inter,500,16.0,#EE443F
🔵 Design System,64:1108,"Input/Input/State=Filled, Size=Large, Style=Outline/Input/Left Content/Placeholder",Placeholder,Inter,400,16.0,#131927
🔵 Design System,64:1111,"Input/Input/State=Filled, Size=Large, Style=Outline/Helper Text/Helper Text",Helper Text,Inter,400,14.0,#9EA2AE
🔵 Design System,2448:6856,"Input/Input/State=Hover, Size=Large, Style=Outline/Label/Frame 2147224761/Label/Label",Label,Inter,500,16.0,#131927
🔵 Design System,2448:6857,"Input/Input/State=Hover, Size=Large, Style=Outline/Label/Frame 2147224761/*",*,Inter,500,16.0,#EE443F
🔵 Design System,64:1120,"Input/Input/State=Hover, Size=Large, Style=Outline/Input/Left Content/Placeholder",Placeholder,Inter,400,16.0,#9EA2AE
🔵 Design System,64:1123,"Input/Input/State=Hover, Size=Large, Style=Outline/Helper Text/Helper Text",Helper Text,Inter,400,14.0,#9EA2AE
🔵 Design System,2448:6862,"Input/Input/State=Focus, Size=Large, Style=Outline/Label/Frame 2147224761/Label/Label",Label,Inter,500,16.0,#131927
🔵 Design System,2448:6863,"Input/Input/State=Focus, Size=Large, Style=Outline/Label/Frame 2147224761/*",*,Inter,500,16.0,#EE443F
🔵 Design System,64:1132,"Input/Input/State=Focus, Size=Large, Style=Outline/Input/Left Content/|Typing",|Typing,Inter,400,16.0,#131927
🔵 Design System,64:1135,"Input/Input/State=Focus, Size=Large, Style=Outline/Helper Text/Helper Text",Helper Text,Inter,400,14.0,#4E61F6
🔵 Design System,2448:6958,"Input/Input/State=Disabled, Size=Large, Style=Outline/Label/Frame 2147224761/Label/Label",Label,Inter,500,16.0,#131927
🔵 Design System,2448:6959,"Input/Input/State=Disabled, Size=Large, Style=Outline/Label/Frame 2147224761/*",*,Inter,500,16.0,#EE443F
🔵 Design System,64:1144,"Input/Input/State=Disabled, Size=Large, Style=Outline/Input/Left Content/Placeholder",Placeholder,Inter,400,16.0,#9EA2AE
🔵 Design System,64:1147,"Input/Input/State=Disabled, Size=Large, Style=Outline/Helper Text/Helper Text",Helper Text,Inter,400,14.0,#9EA2AE
🔵 Design System,2448:6946,"Input/Input/State=Success, Size=Large, Style=Outline/Label/Frame 2147224761/Label/Label",Label,Inter,500,16.0,#131927
🔵 Design System,2448:6947,"Input/Input/State=Success, Size=Large, Style=Outline/Label/Frame 2147224761/*",*,Inter,500,16.0,#EE443F
🔵 Design System,64:1174,"Input/Input/State=Success, Size=Large, Style=Outline/Input/Left Content/Placeholder",Placeholder,Inter,400,16.0,#131927
🔵 Design System,64:1177,"Input/Input/State=Success, Size=Large, Style=Outline/Helper Text/Success Text",Success Text,Inter,400,14.0,#43B75D
🔵 Design System,2448:6952,"Input/Input/State=Info, Size=Large, Style=Outline/Label/Frame 2147224761/Label/Label",Label,Inter,500,16.0,#131927
🔵 Design System,2448:6953,"Input/Input/State=Info, Size=Large, Style=Outline/Label/Frame 2147224761/*",*,Inter,500,16.0,#EE443F
🔵 Design System,64:1227,"Input/Input/State=Info, Size=Large, Style=Outline/Input/Left Content/Placeholder",Placeholder,Inter,400,16.0,#131927
🔵 Design System,64:1230,"Input/Input/State=Info, Size=Large, Style=Outline/Helper Text/Info Text",Info Text,Inter,400,14.0,#0095FF
🔵 Design System,2448:7004,"Input/Input/State=Warning, Size=Large, Style=Outline/Label/Frame 2147224761/Label/Label",Label,Inter,500,16.0,#131927
🔵 Design System,2448:7005,"Input/Input/State=Warning, Size=Large, Style=Outline/Label/Frame 2147224761/*",*,Inter,500,16.0,#EE443F
🔵 Design System,64:1239,"Input/Input/State=Warning, Size=Large, Style=Outline/Input/Left Content/Placeholder",Placeholder,Inter,400,16.0,#131927
🔵 Design System,64:1242,"Input/Input/State=Warning, Size=Large, Style=Outline/Helper Text/Warning Text",Warning Text,Inter,400,14.0,#FFAA00
🔵 Design System,2448:6998,"Input/Input/State=Error, Size=Large, Style=Outline/Label/Frame 2147224761/Label/Label",Label,Inter,500,16.0,#131927
🔵 Design System,2448:6999,"Input/Input/State=Error, Size=Large, Style=Outline/Label/Frame 2147224761/*",*,Inter,500,16.0,#EE443F
🔵 Design System,64:1251,"Input/Input/State=Error, Size=Large, Style=Outline/Input/Left Content/Placeholder",Placeholder,Inter,400,16.0,#131927
🔵 Design System,64:1254,"Input/Input/State=Error, Size=Large, Style=Outline/Helper Text/Error Text",Error Text,Inter,400,14.0,#EE443F
🔵 Design System,2448:6792,"Input/Input/State=Default, Size=Medium, Style=Outline/Frame 2147224761/Label/Label",Label,Inter,500,16.0,#131927
🔵 Design System,2448:6793,"Input/Input/State=Default, Size=Medium, Style=Outline/Frame 2147224761/*",*,Inter,500,16.0,#EE443F
🔵 Design System,64:1515,"Input/Input/State=Default, Size=Medium, Style=Outline/Input/Left Content/Placeholder",Placeholder,Inter,400,14.0,#9EA2AE
🔵 Design System,64:1518,"Input/Input/State=Default, Size=Medium, Style=Outline/Helper Text/Helper Text",Helper Text,Inter,400,14.0,#9EA2AE
🔵 Design System,2448:6892,"Input/Input/State=Filled, Size=Medium, Style=Outline/Label/Frame 2147224761/Label/Label",Label,Inter,500,16.0,#131927
🔵 Design System,2448:6893,"Input/Input/State=Filled, Size=Medium, Style=Outline/Label/Frame 2147224761/*",*,Inter,500,16.0,#EE443F
🔵 Design System,64:1525,"Input/Input/State=Filled, Size=Medium, Style=Outline/Input/Left Content/Placeholder",Placeholder,Inter,400,14.0,#131927
🔵 Design System,64:1528,"Input/Input/State=Filled, Size=Medium, Style=Outline/Helper Text/Helper Text",Helper Text,Inter,400,14.0,#9EA2AE
🔵 Design System,2448:6898,"Input/Input/State=Hover, Size=Medium, Style=Outline/Label/Frame 2147224761/Label/Label",Label,Inter,500,16.0,#131927
🔵 Design System,2448:6899,"Input/Input/State=Hover, Size=Medium, Style=Outline/Label/Frame 2147224761/*",*,Inter,500,16.0,#EE443F
🔵 Design System,64:1535,"Input/Input/State=Hover, Size=Medium, Style=Outline/Input/Left Content/Placeholder",Placeholder,Inter,400,14.0,#9EA2AE
🔵 Design System,64:1538,"Input/Input/State=Hover, Size=Medium, Style=Outline/Helper Text/Helper Text",Helper Text,Inter,400,14.0,#9EA2AE
🔵 Design System,2448:6904,"Input/Input/State=Focus, Size=Medium, Style=Outline/Label/Frame 2147224761/Label/Label",Label,Inter,500,16.0,#131927
🔵 Design System,2448:6905,"Input/Input/State=Focus, Size=Medium, Style=Outline/Label/Frame 2147224761/*",*,Inter,500,16.0,#EE443F
🔵 Design System,64:1545,"Input/Input/State=Focus, Size=Medium, Style=Outline/Input/Left Content/|Typing",|Typing,Inter,400,14.0,#131927
🔵 Design System,64:1548,"Input/Input/State=Focus, Size=Medium, Style=Outline/Helper Text/Helper Text",Helper Text,Inter,400,14.0,#4E61F6
🔵 Design System,2448:6910,"Input/Input/State=Disabled, Size=Medium, Style=Outline/Label/Frame 2147224761/Label/Label",Label,Inter,500,16.0,#131927
🔵 Design System,2448:6911,"Input/Input/State=Disabled, Size=Medium, Style=Outline/Label/Frame 2147224761/*",*,Inter,500,16.0,#EE443F
🔵 Design System,64:1555,"Input/Input/State=Disabled, Size=Medium, Style=Outline/Input/Left Content/Placeholder",Placeholder,Inter,400,14.0,#9EA2AE
🔵 Design System,64:1558,"Input/Input/State=Disabled, Size=Medium, Style=Outline/Helper Text/Helper Text",Helper Text,Inter,400,14.0,#9EA2AE
🔵 Design System,2448:7040,"Input/Input/State=Success, Size=Medium, Style=Outline/Label/Frame 2147224761/Label/Label",Label,Inter,500,16.0,#131927
🔵 Design System,2448:7041,"Input/Input/State=Success, Size=Medium, Style=Outline/Label/Frame 2147224761/*",*,Inter,500,16.0,#EE443F
🔵 Design System,64:1565,"Input/Input/State=Success, Size=Medium, Style=Outline/Input/Left Content/Placeholder",Placeholder,Inter,400,14.0,#131927
🔵 Design System,64:1568,"Input/Input/State=Success, Size=Medium, Style=Outline/Helper Text/Success Text",Success Text,Inter,400,14.0,#43B75D
🔵 Design System,2448:7034,"Input/Input/State=Info, Size=Medium, Style=Outline/Label/Frame 2147224761/Label/Label",Label,Inter,500,16.0,#131927
🔵 Design System,2448:7035,"Input/Input/State=Info, Size=Medium, Style=Outline/Label/Frame 2147224761/*",*,Inter,500,16.0,#EE443F
🔵 Design System,64:1575,"Input/Input/State=Info, Size=Medium, Style=Outline/Input/Left Content/Placeholder",Placeholder,Inter,400,14.0,#131927
🔵 Design System,64:1578,"Input/Input/State=Info, Size=Medium, Style=Outline/Helper Text/Info Text",Info Text,Inter,400,14.0,#0095FF
🔵 Design System,2448:7028,"Input/Input/State=Warning, Size=Medium, Style=Outline/Label/Frame 2147224761/Label/Label",Label,Inter,500,16.0,#131927
🔵 Design System,2448:7029,"Input/Input/State=Warning, Size=Medium, Style=Outline/Label/Frame 2147224761/*",*,Inter,500,16.0,#EE443F
🔵 Design System,64:1585,"Input/Input/State=Warning, Size=Medium, Style=Outline/Input/Left Content/Placeholder",Placeholder,Inter,400,14.0,#131927
🔵 Design System,64:1588,"Input/Input/State=Warning, Size=Medium, Style=Outline/Helper Text/Warning Text",Warning Text,Inter,400,14.0,#FFAA00
🔵 Design System,2448:7022,"Input/Input/State=Error, Size=Medium, Style=Outline/Label/Frame 2147224761/Label/Label",Label,Inter,500,16.0,#131927
🔵 Design System,2448:7023,"Input/Input/State=Error, Size=Medium, Style=Outline/Label/Frame 2147224761/*",*,Inter,500,16.0,#EE443F
🔵 Design System,64:1595,"Input/Input/State=Error, Size=Medium, Style=Outline/Input/Left Content/Placeholder",Placeholder,Inter,400,14.0,#131927
🔵 Design System,64:1598,"Input/Input/State=Error, Size=Medium, Style=Outline/Helper Text/Error Text",Error Text,Inter,400,14.0,#EE443F
🔵 Design System,64:1260,"Input/Input/State=Default, Size=Large, Style=Filled/Label/Frame 2147224761/Label/Label",Label,Inter,500,16.0,#131927
🔵 Design System,2448:6770,"Input/Input/State=Default, Size=Large, Style=Filled/Label/Frame 2147224761/*",*,Inter,500,16.0,#EE443F
🔵 Design System,64:1264,"Input/Input/State=Default, Size=Large, Style=Filled/Input/Left Content/Placeholder",Placeholder,Inter,400,16.0,#9EA2AE
🔵 Design System,64:1267,"Input/Input/State=Default, Size=Large, Style=Filled/Helper Text/Helper Text",Helper Text,Inter,400,14.0,#9EA2AE
🔵 Design System,2448:6838,"Input/Input/State=Filled, Size=Large, Style=Filled/Label/Frame 2147224761/Label/Label",Label,Inter,500,16.0,#131927
🔵 Design System,2448:6839,"Input/Input/State=Filled, Size=Large, Style=Filled/Label/Frame 2147224761/*",*,Inter,500,16.0,#EE443F
🔵 Design System,64:1274,"Input/Input/State=Filled, Size=Large, Style=Filled/Input/Left Content/Placeholder",Placeholder,Inter,400,16.0,#131927
🔵 Design System,64:1277,"Input/Input/State=Filled, Size=Large, Style=Filled/Helper Text/Helper Text",Helper Text,Inter,400,14.0,#9EA2AE
🔵 Design System,2448:6850,"Input/Input/State=Hover, Size=Large, Style=Filled/Label/Frame 2147224761/Label/Label",Label,Inter,500,16.0,#131927
🔵 Design System,2448:6851,"Input/Input/State=Hover, Size=Large, Style=Filled/Label/Frame 2147224761/*",*,Inter,500,16.0,#EE443F
🔵 Design System,64:1284,"Input/Input/State=Hover, Size=Large, Style=Filled/Input/Left Content/Placeholder",Placeholder,Inter,400,16.0,#9EA2AE
🔵 Design System,64:1287,"Input/Input/State=Hover, Size=Large, Style=Filled/Helper Text/Helper Text",Helper Text,Inter,400,14.0,#9EA2AE
🔵 Design System,2448:6868,"Input/Input/State=Focus, Size=Large, Style=Filled/Label/Frame 2147224761/Label/Label",Label,Inter,500,16.0,#131927
🔵 Design System,2448:6869,"Input/Input/State=Focus, Size=Large, Style=Filled/Label/Frame 2147224761/*",*,Inter,500,16.0,#EE443F
🔵 Design System,64:1294,"Input/Input/State=Focus, Size=Large, Style=Filled/Input/Left Content/|Typing",|Typing,Inter,400,16.0,#131927
🔵 Design System,64:1297,"Input/Input/State=Focus, Size=Large, Style=Filled/Helper Text/Helper Text",Helper Text,Inter,400,14.0,#4E61F6
🔵 Design System,2448:6968,"Input/Input/State=Disabled, Size=Large, Style=Filled/Label/Frame 2147224761/Label/Label",Label,Inter,500,16.0,#131927
🔵 Design System,2448:6969,"Input/Input/State=Disabled, Size=Large, Style=Filled/Label/Frame 2147224761/*",*,Inter,500,16.0,#EE443F
🔵 Design System,64:1304,"Input/Input/State=Disabled, Size=Large, Style=Filled/Input/Left Content/Placeholder",Placeholder,Inter,400,16.0,#9EA2AE
🔵 Design System,64:1307,"Input/Input/State=Disabled, Size=Large, Style=Filled/Helper Text/Helper Text",Helper Text,Inter,400,14.0,#9EA2AE
🔵 Design System,2448:6974,"Input/Input/State=Success, Size=Large, Style=Filled/Label/Frame 2147224761/Label/Label",Label,Inter,500,16.0,#131927
🔵 Design System,2448:6975,"Input/Input/State=Success, Size=Large, Style=Filled/Label/Frame 2147224761/*",*,Inter,500,16.0,#EE443F
🔵 Design System,64:1314,"Input/Input/State=Success, Size=Large, Style=Filled/Input/Left Content/Placeholder",Placeholder,Inter,400,16.0,#131927
🔵 Design System,64:1317,"Input/Input/State=Success, Size=Large, Style=Filled/Helper Text/Success Text",Success Text,Inter,400,14.0,#43B75D
🔵 Design System,2448:6980,"Input/Input/State=Info, Size=Large, Style=Filled/Label/Frame 2147224761/Label/Label",Label,Inter,500,16.0,#131927
🔵 Design System,2448:6981,"Input/Input/State=Info, Size=Large, Style=Filled/Label/Frame 2147224761/*",*,Inter,500,16.0,#EE443F
🔵 Design System,64:1324,"Input/Input/State=Info, Size=Large, Style=Filled/Input/Left Content/Placeholder",Placeholder,Inter,400,16.0,#131927
🔵 Design System,64:1327,"Input/Input/State=Info, Size=Large, Style=Filled/Helper Text/Info Text",Info Text,Inter,400,14.0,#0095FF
🔵 Design System,2448:6986,"Input/Input/State=Warning, Size=Large, Style=Filled/Label/Frame 2147224761/Label/Label",Label,Inter,500,16.0,#131927
🔵 Design System,2448:6987,"Input/Input/State=Warning, Size=Large, Style=Filled/Label/Frame 2147224761/*",*,Inter,500,16.0,#EE443F
🔵 Design System,64:1334,"Input/Input/State=Warning, Size=Large, Style=Filled/Input/Left Content/Placeholder",Placeholder,Inter,400,16.0,#131927
🔵 Design System,64:1337,"Input/Input/State=Warning, Size=Large, Style=Filled/Helper Text/Warning Text",Warning Text,Inter,400,14.0,#FFAA00
🔵 Design System,2448:6992,"Input/Input/State=Error, Size=Large, Style=Filled/Label/Frame 2147224761/Label/Label",Label,Inter,500,16.0,#131927
🔵 Design System,2448:6993,"Input/Input/State=Error, Size=Large, Style=Filled/Label/Frame 2147224761/*",*,Inter,500,16.0,#EE443F
🔵 Design System,64:1344,"Input/Input/State=Error, Size=Large, Style=Filled/Input/Left Content/Placeholder",Placeholder,Inter,400,16.0,#131927
🔵 Design System,64:1347,"Input/Input/State=Error, Size=Large, Style=Filled/Helper Text/Error Text",Error Text,Inter,400,14.0,#EE443F
🔵 Design System,2448:6787,"Input/Input/State=Default, Size=Medium, Style=Filled/Frame 2147224761/Label/Label",Label,Inter,500,16.0,#131927
🔵 Design System,2448:6788,"Input/Input/State=Default, Size=Medium, Style=Filled/Frame 2147224761/*",*,Inter,500,16.0,#EE443F
🔵 Design System,64:1407,"Input/Input/State=Default, Size=Medium, Style=Filled/Input/Left Content/Placeholder",Placeholder,Inter,400,14.0,#9EA2AE
🔵 Design System,64:1410,"Input/Input/State=Default, Size=Medium, Style=Filled/Helper Text/Helper Text",Helper Text,Inter,400,14.0,#9EA2AE
🔵 Design System,2448:6874,"Input/Input/State=Filled, Size=Medium, Style=Filled/Label/Frame 2147224761/Label/Label",Label,Inter,500,16.0,#131927
🔵 Design System,2448:6875,"Input/Input/State=Filled, Size=Medium, Style=Filled/Label/Frame 2147224761/*",*,Inter,500,16.0,#EE443F
🔵 Design System,64:1417,"Input/Input/State=Filled, Size=Medium, Style=Filled/Input/Left Content/Placeholder",Placeholder,Inter,400,14.0,#131927
🔵 Design System,64:1420,"Input/Input/State=Filled, Size=Medium, Style=Filled/Helper Text/Helper Text",Helper Text,Inter,400,14.0,#9EA2AE
🔵 Design System,2448:6880,"Input/Input/State=Hover, Size=Medium, Style=Filled/Label/Frame 2147224761/Label/Label",Label,Inter,500,16.0,#131927
🔵 Design System,2448:6881,"Input/Input/State=Hover, Size=Medium, Style=Filled/Label/Frame 2147224761/*",*,Inter,500,16.0,#EE443F
🔵 Design System,64:1427,"Input/Input/State=Hover, Size=Medium, Style=Filled/Input/Left Content/Placeholder",Placeholder,Inter,400,14.0,#9EA2AE
🔵 Design System,64:1430,"Input/Input/State=Hover, Size=Medium, Style=Filled/Helper Text/Helper Text",Helper Text,Inter,400,14.0,#9EA2AE
🔵 Design System,2448:6886,"Input/Input/State=Focus, Size=Medium, Style=Filled/Label/Frame 2147224761/Label/Label",Label,Inter,500,16.0,#131927
🔵 Design System,2448:6887,"Input/Input/State=Focus, Size=Medium, Style=Filled/Label/Frame 2147224761/*",*,Inter,500,16.0,#EE443F
🔵 Design System,64:1437,"Input/Input/State=Focus, Size=Medium, Style=Filled/Input/Left Content/|Typing",|Typing,Inter,400,14.0,#131927
🔵 Design System,64:1440,"Input/Input/State=Focus, Size=Medium, Style=Filled/Helper Text/Helper Text",Helper Text,Inter,400,14.0,#4E61F6
🔵 Design System,2448:6916,"Input/Input/State=Disabled, Size=Medium, Style=Filled/Label/Frame 2147224761/Label/Label",Label,Inter,500,16.0,#131927
🔵 Design System,2448:6917,"Input/Input/State=Disabled, Size=Medium, Style=Filled/Label/Frame 2147224761/*",*,Inter,500,16.0,#EE443F
🔵 Design System,64:1447,"Input/Input/State=Disabled, Size=Medium, Style=Filled/Input/Left Content/Placeholder",Placeholder,Inter,400,14.0,#9EA2AE
🔵 Design System,64:1450,"Input/Input/State=Disabled, Size=Medium, Style=Filled/Helper Text/Helper Text",Helper Text,Inter,400,14.0,#9EA2AE
🔵 Design System,2448:6934,"Input/Input/State=Success, Size=Medium, Style=Filled/Label/Frame 2147224761/Label/Label",Label,Inter,500,16.0,#131927
🔵 Design System,2448:6935,"Input/Input/State=Success, Size=Medium, Style=Filled/Label/Frame 2147224761/*",*,Inter,500,16.0,#EE443F
🔵 Design System,64:1457,"Input/Input/State=Success, Size=Medium, Style=Filled/Input/Left Content/Placeholder",Placeholder,Inter,400,14.0,#131927
🔵 Design System,64:1460,"Input/Input/State=Success, Size=Medium, Style=Filled/Helper Text/Success Text",Success Text,Inter,400,14.0,#43B75D
🔵 Design System,2448:6940,"Input/Input/State=Info, Size=Medium, Style=Filled/Label/Frame 2147224761/Label/Label",Label,Inter,500,16.0,#131927
🔵 Design System,2448:6941,"Input/Input/State=Info, Size=Medium, Style=Filled/Label/Frame 2147224761/*",*,Inter,500,16.0,#EE443F
🔵 Design System,64:1467,"Input/Input/State=Info, Size=Medium, Style=Filled/Input/Left Content/Placeholder",Placeholder,Inter,400,14.0,#131927
🔵 Design System,64:1470,"Input/Input/State=Info, Size=Medium, Style=Filled/Helper Text/Info Text",Info Text,Inter,400,14.0,#0095FF
🔵 Design System,2448:7010,"Input/Input/State=Warning, Size=Medium, Style=Filled/Label/Frame 2147224761/Label/Label",Label,Inter,500,16.0,#131927
🔵 Design System,2448:7011,"Input/Input/State=Warning, Size=Medium, Style=Filled/Label/Frame 2147224761/*",*,Inter,500,16.0,#EE443F
🔵 Design System,64:1477,"Input/Input/State=Warning, Size=Medium, Style=Filled/Input/Left Content/Placeholder",Placeholder,Inter,400,14.0,#131927
🔵 Design System,64:1480,"Input/Input/State=Warning, Size=Medium, Style=Filled/Helper Text/Warning Text",Warning Text,Inter,400,14.0,#FFAA00
🔵 Design System,2448:7016,"Input/Input/State=Error, Size=Medium, Style=Filled/Label/Frame 2147224761/Label/Label",Label,Inter,500,16.0,#131927
🔵 Design System,2448:7017,"Input/Input/State=Error, Size=Medium, Style=Filled/Label/Frame 2147224761/*",*,Inter,500,16.0,#EE443F
🔵 Design System,64:1487,"Input/Input/State=Error, Size=Medium, Style=Filled/Input/Left Content/Placeholder",Placeholder,Inter,400,14.0,#131927
🔵 Design System,64:1490,"Input/Input/State=Error, Size=Medium, Style=Filled/Helper Text/Error Text",Error Text,Inter,400,14.0,#EE443F
🔵 Design System,I2448:7043;64:1260,Input/Input/Label/Frame 2147224761/Label/Label,Label,Inter,500,16.0,#131927
🔵 Design System,I2448:7043;2448:6770,Input/Input/Label/Frame 2147224761/*,*,Inter,500,16.0,#EE443F
🔵 Design System,I2448:7043;64:1264,Input/Input/Input/Left Content/Placeholder,Placeholder,Inter,400,16.0,#9EA2AE
🔵 Design System,I2448:7043;64:1267,Input/Input/Helper Text/Helper Text,Helper Text,Inter,400,14.0,#9EA2AE
🔵 Design System,32:106,Button/Button,Button,Bai Jamjuree,600,48.0,#131927
🔵 Design System,36:655,Button/Size/Heading/Giant,Giant,Inter,400,16.0,#131927
🔵 Design System,36:656,Button/Size/Heading/Large,Large,Inter,400,16.0,#131927
🔵 Design System,36:657,Button/Size/Heading/Medium,Medium,Inter,400,16.0,#131927
🔵 Design System,36:658,Button/Size/Heading/Small,Small,Inter,400,16.0,#131927
🔵 Design System,36:659,Button/Size/Heading/Tiny,Tiny,Inter,400,16.0,#131927
🔵 Design System,36:665,Button/State/Default,Default,Inter,400,16.0,#131927
🔵 Design System,36:666,Button/State/Hover,Hover,Inter,400,16.0,#131927
🔵 Design System,36:667,Button/State/Focus,Focus,Inter,400,16.0,#131927
🔵 Design System,36:668,Button/State/Press,Press,Inter,400,16.0,#131927
🔵 Design System,36:669,Button/State/Disabled,Disabled,Inter,400,16.0,#131927
🔵 Design System,36:856,Button/State/Default,Default,Inter,400,16.0,#131927
🔵 Design System,36:857,Button/State/Hover,Hover,Inter,400,16.0,#131927
🔵 Design System,36:858,Button/State/Focus,Focus,Inter,400,16.0,#131927
🔵 Design System,36:859,Button/State/Press,Press,Inter,400,16.0,#131927
🔵 Design System,36:860,Button/State/Disabled,Disabled,Inter,400,16.0,#131927
🔵 Design System,36:1306,Button/State/Default,Default,Inter,400,16.0,#131927
🔵 Design System,36:1307,Button/State/Hover,Hover,Inter,400,16.0,#131927
🔵 Design System,36:1308,Button/State/Focus,Focus,Inter,400,16.0,#131927
🔵 Design System,36:1309,Button/State/Press,Press,Inter,400,16.0,#131927
🔵 Design System,36:1310,Button/State/Disabled,Disabled,Inter,400,16.0,#131927
🔵 Design System,2769:6072,Button/Device Button,Device Button,Inter,400,16.0,#131927
🔵 Design System,33:110,"Button/Button/Size=Giant, State=Default, Content=Icons + Text, Style=Filled/Text/Button",Button,Inter,600,18.0,#FFFFFF
🔵 Design System,36:187,"Button/Button/Size=Giant, State=Hover, Content=Icons + Text, Style=Filled/Text/Button",Button,Inter,600,18.0,#FFFFFF
🔵 Design System,36:292,"Button/Button/Size=Giant, State=Focus, Content=Icons + Text, Style=Filled/Text/Button",Button,Inter,600,18.0,#FFFFFF
🔵 Design System,34:1244,"Button/Button/Size=Large, State=Default, Content=Icons + Text, Style=Filled/Text/Button",Button,Inter,600,16.0,#FFFFFF
🔵 Design System,36:192,"Button/Button/Size=Large, State=Hover, Content=Icons + Text, Style=Filled/Text/Button",Button,Inter,600,16.0,#FFFFFF
🔵 Design System,36:297,"Button/Button/Size=Large, State=Focus, Content=Icons + Text, Style=Filled/Text/Button",Button,Inter,600,16.0,#FFFFFF
🔵 Design System,34:1258,"Button/Button/Size=Medium, State=Default, Content=Icons + Text, Style=Filled/Text/Button",Button,Inter,600,14.0,#FFFFFF
🔵 Design System,36:197,"Button/Button/Size=Medium, State=Hover, Content=Icons + Text, Style=Filled/Text/Button",Button,Inter,600,14.0,#FFFFFF
🔵 Design System,36:302,"Button/Button/Size=Medium, State=Focus, Content=Icons + Text, Style=Filled/Text/Button",Button,Inter,600,14.0,#FFFFFF
🔵 Design System,34:1272,"Button/Button/Size=Small, State=Default, Content=Icons + Text, Style=Filled/Text/Button",Button,Inter,600,12.0,#FFFFFF
🔵 Design System,36:202,"Button/Button/Size=Small, State=Hover, Content=Icons + Text, Style=Filled/Text/Button",Button,Inter,600,12.0,#FFFFFF
🔵 Design System,36:307,"Button/Button/Size=Small, State=Focus, Content=Icons + Text, Style=Filled/Text/Button",Button,Inter,600,12.0,#FFFFFF
🔵 Design System,34:1286,"Button/Button/Size=Tiny, State=Default, Content=Icons + Text, Style=Filled/Text/Button",Button,Inter,600,10.0,#FFFFFF
🔵 Design System,36:207,"Button/Button/Size=Tiny, State=Hover, Content=Icons + Text, Style=Filled/Text/Button",Button,Inter,600,10.0,#FFFFFF
🔵 Design System,36:312,"Button/Button/Size=Tiny, State=Focus, Content=Icons + Text, Style=Filled/Text/Button",Button,Inter,600,10.0,#FFFFFF
🔵 Design System,36:546,"Button/Button/Size=Giant, State=Press, Content=Icons + Text, Style=Filled/Text/Button",Button,Inter,600,18.0,#FFFFFF
🔵 Design System,36:551,"Button/Button/Size=Large, State=Press, Content=Icons + Text, Style=Filled/Text/Button",Button,Inter,600,16.0,#FFFFFF
🔵 Design System,36:556,"Button/Button/Size=Medium, State=Press, Content=Icons + Text, Style=Filled/Text/Button",Button,Inter,600,14.0,#FFFFFF
🔵 Design System,36:561,"Button/Button/Size=Small, State=Press, Content=Icons + Text, Style=Filled/Text/Button",Button,Inter,600,12.0,#FFFFFF
🔵 Design System,36:566,"Button/Button/Size=Tiny, State=Press, Content=Icons + Text, Style=Filled/Text/Button",Button,Inter,600,10.0,#FFFFFF
🔵 Design System,36:596,"Button/Button/Size=Giant, State=Disabled, Content=Icons + Text, Style=Filled/Text/Button",Button,Inter,600,18.0,#9EA2AE
🔵 Design System,36:601,"Button/Button/Size=Large, State=Disabled, Content=Icons + Text, Style=Filled/Text/Button",Button,Inter,600,16.0,#9EA2AE
🔵 Design System,36:606,"Button/Button/Size=Medium, State=Disabled, Content=Icons + Text, Style=Filled/Text/Button",Button,Inter,600,14.0,#9EA2AE
🔵 Design System,36:611,"Button/Button/Size=Small, State=Disabled, Content=Icons + Text, Style=Filled/Text/Button",Button,Inter,600,12.0,#9EA2AE
🔵 Design System,36:616,"Button/Button/Size=Tiny, State=Disabled, Content=Icons + Text, Style=Filled/Text/Button",Button,Inter,600,10.0,#9EA2AE
🔵 Design System,36:691,"Button/Button/Size=Giant, State=Default, Content=Icons + Text, Style=Outline/Text/Button",Button,Inter,600,18.0,#4E61F6
🔵 Design System,36:696,"Button/Button/Size=Large, State=Default, Content=Icons + Text, Style=Outline/Text/Button",Button,Inter,600,16.0,#4E61F6
🔵 Design System,36:701,"Button/Button/Size=Medium, State=Default, Content=Icons + Text, Style=Outline/Text/Button",Button,Inter,600,14.0,#4E61F6
🔵 Design System,36:706,"Button/Button/Size=Small, State=Default, Content=Icons + Text, Style=Outline/Text/Button",Button,Inter,600,12.0,#4E61F6
🔵 Design System,36:711,"Button/Button/Size=Tiny, State=Default, Content=Icons + Text, Style=Outline/Text/Button",Button,Inter,600,10.0,#4E61F6
🔵 Design System,36:1029,"Button/Button/Size=Giant, State=Default, Content=Icons + Text, Style=Clear/Text/Button",Button,Inter,600,18.0,#4E61F6
🔵 Design System,36:1034,"Button/Button/Size=Large, State=Default, Content=Icons + Text, Style=Clear/Text/Button",Button,Inter,600,16.0,#4E61F6
🔵 Design System,36:1039,"Button/Button/Size=Medium, State=Default, Content=Icons + Text, Style=Clear/Text/Button",Button,Inter,600,14.0,#4E61F6
🔵 Design System,36:1044,"Button/Button/Size=Small, State=Default, Content=Icons + Text, Style=Clear/Text/Button",Button,Inter,600,12.0,#4E61F6
🔵 Design System,36:1049,"Button/Button/Size=Tiny, State=Default, Content=Icons + Text, Style=Clear/Text/Button",Button,Inter,600,10.0,#4E61F6
🔵 Design System,36:1273,"Button/Button/Size=Giant, State=Disabled, Content=Icons + Text, Style=Clear/Text/Button",Button,Inter,600,18.0,#9EA2AE
🔵 Design System,36:1278,"Button/Button/Size=Large, State=Disabled, Content=Icons + Text, Style=Clear/Text/Button",Button,Inter,600,16.0,#9EA2AE
🔵 Design System,36:1283,"Button/Button/Size=Medium, State=Disabled, Content=Icons + Text, Style=Clear/Text/Button",Button,Inter,600,14.0,#9EA2AE
🔵 Design System,36:1288,"Button/Button/Size=Small, State=Disabled, Content=Icons + Text, Style=Clear/Text/Button",Button,Inter,600,12.0,#9EA2AE
🔵 Design System,36:1293,"Button/Button/Size=Tiny, State=Disabled, Content=Icons + Text, Style=Clear/Text/Button",Button,Inter,600,10.0,#9EA2AE
🔵 Design System,36:1123,"Button/Button/Size=Giant, State=Hover, Content=Icons + Text, Style=Clear/Text/Button",Button,Inter,600,18.0,#3745AF
🔵 Design System,36:1128,"Button/Button/Size=Large, State=Hover, Content=Icons + Text, Style=Clear/Text/Button",Button,Inter,600,16.0,#3745AF
🔵 Design System,36:1133,"Button/Button/Size=Medium, State=Hover, Content=Icons + Text, Style=Clear/Text/Button",Button,Inter,600,14.0,#3745AF
🔵 Design System,36:1138,"Button/Button/Size=Small, State=Hover, Content=Icons + Text, Style=Clear/Text/Button",Button,Inter,600,12.0,#3745AF
🔵 Design System,36:1143,"Button/Button/Size=Tiny, State=Hover, Content=Icons + Text, Style=Clear/Text/Button",Button,Inter,600,10.0,#3745AF
🔵 Design System,36:1223,"Button/Button/Size=Giant, State=Press, Content=Icons + Text, Style=Clear/Text/Button",Button,Inter,600,18.0,#3745AF
🔵 Design System,36:1228,"Button/Button/Size=Large, State=Press, Content=Icons + Text, Style=Clear/Text/Button",Button,Inter,600,16.0,#3745AF
🔵 Design System,36:1233,"Button/Button/Size=Medium, State=Press, Content=Icons + Text, Style=Clear/Text/Button",Button,Inter,600,14.0,#3745AF
🔵 Design System,36:1238,"Button/Button/Size=Small, State=Press, Content=Icons + Text, Style=Clear/Text/Button",Button,Inter,600,12.0,#3745AF
🔵 Design System,36:1243,"Button/Button/Size=Tiny, State=Press, Content=Icons + Text, Style=Clear/Text/Button",Button,Inter,600,10.0,#3745AF
🔵 Design System,36:1173,"Button/Button/Size=Giant, State=Focus, Content=Icons + Text, Style=Clear/Text/Button",Button,Inter,600,18.0,#3745AF
🔵 Design System,36:1178,"Button/Button/Size=Large, State=Focus, Content=Icons + Text, Style=Clear/Text/Button",Button,Inter,600,16.0,#3745AF
🔵 Design System,36:1183,"Button/Button/Size=Medium, State=Focus, Content=Icons + Text, Style=Clear/Text/Button",Button,Inter,600,14.0,#3745AF
🔵 Design System,36:1188,"Button/Button/Size=Small, State=Focus, Content=Icons + Text, Style=Clear/Text/Button",Button,Inter,600,12.0,#3745AF
🔵 Design System,36:1193,"Button/Button/Size=Tiny, State=Focus, Content=Icons + Text, Style=Clear/Text/Button",Button,Inter,600,10.0,#3745AF
🔵 Design System,36:934,"Button/Button/Size=Giant, State=Disabled, Content=Icons + Text, Style=Outline/Text/Button",Button,Inter,600,18.0,#9EA2AE
🔵 Design System,36:939,"Button/Button/Size=Large, State=Disabled, Content=Icons + Text, Style=Outline/Text/Button",Button,Inter,600,16.0,#9EA2AE
🔵 Design System,36:944,"Button/Button/Size=Medium, State=Disabled, Content=Icons + Text, Style=Outline/Text/Button",Button,Inter,600,14.0,#9EA2AE
🔵 Design System,36:949,"Button/Button/Size=Small, State=Disabled, Content=Icons + Text, Style=Outline/Text/Button",Button,Inter,600,12.0,#9EA2AE
🔵 Design System,36:954,"Button/Button/Size=Tiny, State=Disabled, Content=Icons + Text, Style=Outline/Text/Button",Button,Inter,600,10.0,#9EA2AE
🔵 Design System,36:769,"Button/Button/Size=Giant, State=Hover, Content=Icons + Text, Style=Outline/Text/Button",Button,Inter,600,18.0,#AEB6FB
🔵 Design System,36:774,"Button/Button/Size=Large, State=Hover, Content=Icons + Text, Style=Outline/Text/Button",Button,Inter,600,16.0,#AEB6FB
🔵 Design System,36:779,"Button/Button/Size=Medium, State=Hover, Content=Icons + Text, Style=Outline/Text/Button",Button,Inter,600,14.0,#AEB6FB
🔵 Design System,36:784,"Button/Button/Size=Small, State=Hover, Content=Icons + Text, Style=Outline/Text/Button",Button,Inter,600,12.0,#AEB6FB
🔵 Design System,36:789,"Button/Button/Size=Tiny, State=Hover, Content=Icons + Text, Style=Outline/Text/Button",Button,Inter,600,10.0,#AEB6FB
🔵 Design System,36:884,"Button/Button/Size=Giant, State=Press, Content=Icons + Text, Style=Outline/Text/Button",Button,Inter,600,18.0,#4E61F6
🔵 Design System,36:889,"Button/Button/Size=Large, State=Press, Content=Icons + Text, Style=Outline/Text/Button",Button,Inter,600,16.0,#4E61F6
🔵 Design System,36:894,"Button/Button/Size=Medium, State=Press, Content=Icons + Text, Style=Outline/Text/Button",Button,Inter,600,14.0,#4E61F6
🔵 Design System,36:899,"Button/Button/Size=Small, State=Press, Content=Icons + Text, Style=Outline/Text/Button",Button,Inter,600,12.0,#4E61F6
🔵 Design System,36:904,"Button/Button/Size=Tiny, State=Press, Content=Icons + Text, Style=Outline/Text/Button",Button,Inter,600,10.0,#4E61F6
🔵 Design System,36:819,"Button/Button/Size=Giant, State=Focus, Content=Icons + Text, Style=Outline/Text/Button",Button,Inter,600,18.0,#4E61F6
🔵 Design System,36:824,"Button/Button/Size=Large, State=Focus, Content=Icons + Text, Style=Outline/Text/Button",Button,Inter,600,16.0,#4E61F6
🔵 Design System,36:829,"Button/Button/Size=Medium, State=Focus, Content=Icons + Text, Style=Outline/Text/Button",Button,Inter,600,14.0,#4E61F6
🔵 Design System,36:834,"Button/Button/Size=Small, State=Focus, Content=Icons + Text, Style=Outline/Text/Button",Button,Inter,600,12.0,#4E61F6
🔵 Design System,36:839,"Button/Button/Size=Tiny, State=Focus, Content=Icons + Text, Style=Outline/Text/Button",Button,Inter,600,10.0,#4E61F6
🔵 Design System,2769:5887,"Button/Device Button/Size=Giant, State=Choose/Text/Button",Button,Inter,600,18.0,#FFFFFF
🔵 Design System,2769:5894,"Button/Device Button/Size=Large, State=Choose/Text/Button",Button,Inter,600,16.0,#FFFFFF
🔵 Design System,2769:5899,"Button/Device Button/Size=Medium, State=Choose/Text/Button",Button,Inter,600,14.0,#FFFFFF
🔵 Design System,2769:5904,"Button/Device Button/Size=Small, State=Choose/Text/Button",Button,Inter,600,12.0,#FFFFFF
🔵 Design System,2769:5909,"Button/Device Button/Size=Tiny, State=Choose/Text/Button",Button,Inter,600,10.0,#FFFFFF
🔵 Design System,2769:6004,"Button/Device Button/Size=Giant, State=Default/Text/Button",Button,Inter,600,18.0,#6D717F
🔵 Design System,2769:6009,"Button/Device Button/Size=Large, State=Default/Text/Button",Button,Inter,600,16.0,#6D717F
🔵 Design System,2769:6014,"Button/Device Button/Size=Medium, State=Default/Text/Button",Button,Inter,600,14.0,#6D717F
🔵 Design System,2769:6019,"Button/Device Button/Size=Small, State=Default/Text/Button",Button,Inter,600,12.0,#6D717F
🔵 Design System,2769:6024,"Button/Device Button/Size=Tiny, State=Default/Text/Button",Button,Inter,600,10.0,#6D717F
🔵 Design System,245:7559,Stepper/Stepper,Stepper,Bai Jamjuree,600,48.0,#131927
🔵 Design System,245:6579,Page Control/Page Control,Page Control,Bai Jamjuree,600,48.0,#131927
🔵 Design System,245:6697,Page Control/Horizontal,Horizontal,Bai Jamjuree,600,24.0,#131927
🔵 Design System,245:6704,Page Control/Vertical,Vertical,Bai Jamjuree,600,24.0,#131927
🔵 Design System,235:6282,Pagination/Pagination,Pagination,Bai Jamjuree,600,48.0,#131927
🔵 Design System,237:6469,Pagination/State/Default,Default,Inter,400,16.0,#131927
🔵 Design System,237:6470,Pagination/State/Hover,Hover,Inter,400,16.0,#131927
🔵 Design System,237:6471,Pagination/State/Focus,Focus,Inter,400,16.0,#131927
🔵 Design System,237:6472,Pagination/State/Selected,Selected,Inter,400,16.0,#131927
🔵 Design System,237:6473,Pagination/State/Disabled,Disabled,Inter,400,16.0,#131927
🔵 Design System,240:6548,"Pagination/Pagination (Item)/State=Disabled, Content=Text/1",1,Inter,400,16.0,#9EA2AE
🔵 Design System,240:6544,"Pagination/Pagination (Item)/State=Selected, Content=Text/1",1,Inter,400,16.0,#FFFFFF
🔵 Design System,240:6540,"Pagination/Pagination (Item)/State=Focus, Content=Text/1",1,Inter,400,16.0,#3745AF
🔵 Design System,240:6529,"Pagination/Pagination (Item)/State=Default, Content=Text/1",1,Inter,400,16.0,#3745AF
🔵 Design System,240:6531,"Pagination/Pagination (Item)/State=Hover, Content=Text/1",1,Inter,400,16.0,#3745AF
🔵 Design System,I245:6571;240:6529,Pagination/Pagination/Pagination (Item)/1,1,Inter,400,16.0,#3745AF
🔵 Design System,I240:6551;240:6544,Pagination/Pagination/Pagination (Item)/1,2,Inter,400,16.0,#FFFFFF
🔵 Design System,I240:6553;240:6529,Pagination/Pagination/Pagination (Item)/1,3,Inter,400,16.0,#3745AF
🔵 Design System,I240:6555;240:6529,Pagination/Pagination/Pagination (Item)/1,4,Inter,400,16.0,#3745AF
🔵 Design System,247:7996,Tab/Tab,Tab,Bai Jamjuree,600,48.0,#131927
🔵 Design System,252:8364,Tab/State/Default,Default,Inter,400,16.0,#131927
🔵 Design System,252:8365,Tab/State/Hover,Hover,Inter,400,16.0,#131927
🔵 Design System,252:8366,Tab/State/Focus,Focus,Inter,400,16.0,#131927
🔵 Design System,252:8367,Tab/State/Selected,Selected,Inter,400,16.0,#131927
🔵 Design System,252:8368,Tab/State/Disabled,Disabled,Inter,400,16.0,#131927
🔵 Design System,252:8443,Tab/Examples/Title + Message/Examples,Examples,Bai Jamjuree,600,24.0,#131927
🔵 Design System,252:8444,Tab/Examples/Title + Message/Customizing content within a component.,Customizing content within a component.,Inter,400,16.0,#6D717F
🔵 Design System,I252:8372;252:8307,Tab/Tab (5 Tabs)/Tab (Item)/Text/Label,Label,Inter,600,14.0,#FFFFFF
🔵 Design System,I252:8379;252:8337,Tab/Tab (5 Tabs)/Tab (Item)/Text/Label,Label,Inter,600,14.0,#3745AF
🔵 Design System,I252:8386;252:8337,Tab/Tab (5 Tabs)/Tab (Item)/Text/Label,Label,Inter,600,14.0,#3745AF
🔵 Design System,I252:8427;252:8337,Tab/Tab (5 Tabs)/Tab (Item)/Text/Label,Label,Inter,600,14.0,#3745AF
🔵 Design System,I252:8434;252:8337,Tab/Tab (5 Tabs)/Tab (Item)/Text/Label,Label,Inter,600,14.0,#3745AF
🔵 Design System,I255:8770;252:8372;252:8307,Tab/Tab (5 Tabs)/Tab (Item)/Text/Label,Label,Inter,600,14.0,#FFFFFF
🔵 Design System,I255:8770;252:8379;252:8337,Tab/Tab (5 Tabs)/Tab (Item)/Text/Label,Label,Inter,600,14.0,#3745AF
🔵 Design System,I255:8770;252:8386;252:8337,Tab/Tab (5 Tabs)/Tab (Item)/Text/Label,Label,Inter,600,14.0,#3745AF
🔵 Design System,I255:8770;252:8427;252:8337,Tab/Tab (5 Tabs)/Tab (Item)/Text/Label,Label,Inter,600,14.0,#3745AF
🔵 Design System,I255:8770;252:8434;252:8337,Tab/Tab (5 Tabs)/Tab (Item)/Text/Label,Label,Inter,600,14.0,#3745AF
🔵 Design System,I255:8801;252:8372;252:8307,Tab/Tab (5 Tabs)/Tab (Item)/Text/Label,Label,Inter,600,14.0,#FFFFFF
🔵 Design System,I255:8801;252:8379;252:8337,Tab/Tab (5 Tabs)/Tab (Item)/Text/Label,Label,Inter,600,14.0,#3745AF
🔵 Design System,I255:8801;252:8386;252:8337,Tab/Tab (5 Tabs)/Tab (Item)/Text/Label,Label,Inter,600,14.0,#3745AF
🔵 Design System,I255:8801;252:8427;252:8337,Tab/Tab (5 Tabs)/Tab (Item)/Text/Label,Label,Inter,600,14.0,#3745AF
🔵 Design System,I255:8801;252:8434;252:8337,Tab/Tab (5 Tabs)/Tab (Item)/Text/Label,Label,Inter,600,14.0,#3745AF
🔵 Design System,I255:8827;252:8372;252:8307,Tab/Tab (5 Tabs)/Tab (Item)/Text/Label,Label,Inter,600,14.0,#FFFFFF
🔵 Design System,I255:8827;252:8379;252:8337,Tab/Tab (5 Tabs)/Tab (Item)/Text/Label,Label,Inter,600,14.0,#3745AF
🔵 Design System,I255:8827;252:8386;252:8337,Tab/Tab (5 Tabs)/Tab (Item)/Text/Label,Label,Inter,600,14.0,#3745AF
🔵 Design System,I255:8827;252:8427;252:8337,Tab/Tab (5 Tabs)/Tab (Item)/Text/Label,Label,Inter,600,14.0,#3745AF
🔵 Design System,I255:8827;252:8434;252:8337,Tab/Tab (5 Tabs)/Tab (Item)/Text/Label,Label,Inter,600,14.0,#3745AF
🔵 Design System,252:8307,Tab/Tab (Item)/State=Selected/Text/Label,Label,Inter,600,14.0,#FFFFFF
🔵 Design System,252:8359,Tab/Tab (Item)/State=Disabled/Text/Label,Label,Inter,600,14.0,#9EA2AE
🔵 Design System,252:8337,Tab/Tab (Item)/State=Default/Text/Label,Label,Inter,600,14.0,#3745AF
🔵 Design System,252:8345,Tab/Tab (Item)/State=Hover/Text/Label,Label,Inter,600,14.0,#3745AF
🔵 Design System,252:8352,Tab/Tab (Item)/State=Focus/Text/Label,Label,Inter,600,14.0,#3745AF
🔵 Design System,255:8892,Dropdown/Dropdown,Dropdown,Bai Jamjuree,600,48.0,#131927
🔵 Design System,258:9251,Dropdown/State/Default,Default,Inter,400,16.0,#131927
🔵 Design System,258:9252,Dropdown/State/Hover,Hover,Inter,400,16.0,#131927
🔵 Design System,258:9253,Dropdown/State/Expanded,Expanded,Inter,400,16.0,#131927
🔵 Design System,258:9256,Dropdown/State/Disabled,Disabled,Inter,400,16.0,#131927
🔵 Design System,270:9403,Dropdown/State/Default,Default,Inter,400,16.0,#131927
🔵 Design System,270:9404,Dropdown/State/Hover,Hover,Inter,400,16.0,#131927
🔵 Design System,270:9405,Dropdown/State/Selected,Selected,Inter,400,16.0,#131927
🔵 Design System,270:9406,Dropdown/State/Disabled,Disabled,Inter,400,16.0,#131927
🔵 Design System,258:9300,Dropdown/Examples/Title + Message/Examples,Examples,Bai Jamjuree,600,24.0,#131927
🔵 Design System,258:9301,Dropdown/Examples/Title + Message/Customizing content within a component.,Customizing content within a component.,Inter,400,16.0,#6D717F
🔵 Design System,258:9277,Dropdown/Dropdown/State=Disabled/Left Content/Select,Select,Inter,400,16.0,#9EA2AE
🔵 Design System,258:9246,Dropdown/Dropdown/State=Expanded/Left Content/Select,Select,Inter,400,16.0,#131927
🔵 Design System,255:9239,Dropdown/Dropdown/State=Hover/Left Content/Select,Select,Inter,400,16.0,#131927
🔵 Design System,255:9152,Dropdown/Dropdown/State=Default/Left Content/Select,Select,Inter,400,16.0,#131927
🔵 Design System,I258:9303;258:9246,Dropdown/Dropdown/Left Content/Select,Select,Inter,400,16.0,#131927
🔵 Design System,270:9410,Dropdown/Expanded Menu (Item)/State=Disabled/Left Content/Option,Option,Inter,400,16.0,#9EA2AE
🔵 Design System,269:9397,Dropdown/Expanded Menu (Item)/State=Selected/Left Content/Option,Option,Inter,400,16.0,#131927
🔵 Design System,269:9391,Dropdown/Expanded Menu (Item)/State=Hover/Left Content/Option,Option,Inter,400,16.0,#131927
🔵 Design System,269:9367,Dropdown/Expanded Menu (Item)/State=Default/Left Content/Option,Option,Inter,400,16.0,#131927
🔵 Design System,I270:9415;269:9367,Dropdown/Expanded Menu (5 Rows)/Expanded Menu (Item)/Left Content/Option,Option 1,Inter,400,16.0,#131927
🔵 Design System,I270:9421;269:9367,Dropdown/Expanded Menu (5 Rows)/Expanded Menu (Item)/Left Content/Option,Option 2,Inter,400,16.0,#131927
🔵 Design System,I270:9427;269:9367,Dropdown/Expanded Menu (5 Rows)/Expanded Menu (Item)/Left Content/Option,Option 3,Inter,400,16.0,#131927
🔵 Design System,I270:9433;269:9367,Dropdown/Expanded Menu (5 Rows)/Expanded Menu (Item)/Left Content/Option,Option 4,Inter,400,16.0,#131927
🔵 Design System,I270:9439;269:9367,Dropdown/Expanded Menu (5 Rows)/Expanded Menu (Item)/Left Content/Option,Option 5,Inter,400,16.0,#131927
🔵 Design System,I270:9736;270:9415;269:9367,Dropdown/Expanded Menu (5 Rows)/Expanded Menu (Item)/Left Content/Option,Option 1,Inter,400,16.0,#131927
🔵 Design System,I270:9736;270:9421;269:9391,Dropdown/Expanded Menu (5 Rows)/Expanded Menu (Item)/Left Content/Option,Option 2,Inter,400,16.0,#131927
🔵 Design System,I270:9736;270:9427;269:9367,Dropdown/Expanded Menu (5 Rows)/Expanded Menu (Item)/Left Content/Option,Option 3,Inter,400,16.0,#131927
🔵 Design System,I270:9736;270:9433;269:9367,Dropdown/Expanded Menu (5 Rows)/Expanded Menu (Item)/Left Content/Option,Option 4,Inter,400,16.0,#131927
🔵 Design System,I270:9736;270:9439;269:9367,Dropdown/Expanded Menu (5 Rows)/Expanded Menu (Item)/Left Content/Option,Option 5,Inter,400,16.0,#131927
🔵 Design System,I270:9637;258:9246,Dropdown/Dropdown/Left Content/Select,Selected: 2 options,Inter,400,16.0,#131927
🔵 Design System,I270:9767;258:9246,Dropdown/Dropdown/Left Content/Select,Selected: 2 options,Inter,400,16.0,#131927
🔵 Design System,I270:9638;270:9415;269:9367,Dropdown/Expanded Menu (5 Rows)/Expanded Menu (Item)/Left Content/Option,Option 1,Inter,400,16.0,#131927
🔵 Design System,I270:9638;270:9421;269:9397,Dropdown/Expanded Menu (5 Rows)/Expanded Menu (Item)/Left Content/Option,Option 2,Inter,400,16.0,#131927
🔵 Design System,I270:9638;270:9427;269:9367,Dropdown/Expanded Menu (5 Rows)/Expanded Menu (Item)/Left Content/Option,Option 3,Inter,400,16.0,#131927
🔵 Design System,I270:9638;270:9433;269:9397,Dropdown/Expanded Menu (5 Rows)/Expanded Menu (Item)/Left Content/Option,Option 4,Inter,400,16.0,#131927
🔵 Design System,I270:9638;270:9439;269:9367,Dropdown/Expanded Menu (5 Rows)/Expanded Menu (Item)/Left Content/Option,Option 5,Inter,400,16.0,#131927
🔵 Design System,I270:9768;270:9415;269:9367,Dropdown/Expanded Menu (5 Rows)/Expanded Menu (Item)/Left Content/Option,Option 1,Inter,400,16.0,#131927
🔵 Design System,I270:9768;270:9421;269:9397,Dropdown/Expanded Menu (5 Rows)/Expanded Menu (Item)/Left Content/Option,Option 2,Inter,400,16.0,#131927
🔵 Design System,I270:9768;270:9427;269:9367,Dropdown/Expanded Menu (5 Rows)/Expanded Menu (Item)/Left Content/Option,Option 3,Inter,400,16.0,#131927
🔵 Design System,I270:9768;270:9433;269:9397,Dropdown/Expanded Menu (5 Rows)/Expanded Menu (Item)/Left Content/Option,Option 4,Inter,400,16.0,#131927
🔵 Design System,I270:9768;270:9439;269:9367,Dropdown/Expanded Menu (5 Rows)/Expanded Menu (Item)/Left Content/Option,Option 5,Inter,400,16.0,#131927
🔵 Design System,234:5541,Context Menu/Context Menu,Context Menu,Bai Jamjuree,600,48.0,#131927
🔵 Design System,235:6019,Context Menu/Examples/Title + Message/Examples,Examples,Bai Jamjuree,600,24.0,#131927
🔵 Design System,235:6020,Context Menu/Examples/Title + Message/Customizing content within a component.,Customizing content within a component.,Inter,400,16.0,#6D717F
🔵 Design System,270:9861,Context Menu/State/Default,Default,Inter,400,16.0,#131927
🔵 Design System,270:9862,Context Menu/State/Press,Press,Inter,400,16.0,#131927
🔵 Design System,I235:5857;235:5821;235:5791,Context Menu/Context Menu (5 Rows)/Context Menu/Context Menu (Item)/Align Left/Text,Text,Inter,400,16.0,#131927
🔵 Design System,I235:5863;235:5821;235:5791,Context Menu/Context Menu (5 Rows)/Context Menu/Context Menu (Item)/Align Left/Text,Text,Inter,400,16.0,#131927
🔵 Design System,I235:5869;235:5821;235:5791,Context Menu/Context Menu (5 Rows)/Context Menu/Context Menu (Item)/Align Left/Text,Text,Inter,400,16.0,#131927
🔵 Design System,I235:5881;235:5821;235:5791,Context Menu/Context Menu (5 Rows)/Context Menu/Context Menu (Item)/Align Left/Text,Text,Inter,400,16.0,#131927
🔵 Design System,I235:5887;235:5821;235:5791,Context Menu/Context Menu (5 Rows)/Context Menu/Context Menu (Item)/Align Left/Text,Text,Inter,400,16.0,#131927
🔵 Design System,I235:6024;235:5857;235:5821;235:5791,Context Menu/Context Menu (5 Rows)/Context Menu/Context Menu (Item)/Align Left/Text,Text,Inter,400,16.0,#131927
🔵 Design System,I235:6024;235:5863;235:5821;235:5791,Context Menu/Context Menu (5 Rows)/Context Menu/Context Menu (Item)/Align Left/Text,Text,Inter,400,16.0,#131927
🔵 Design System,I235:6024;235:5869;235:5821;235:5791,Context Menu/Context Menu (5 Rows)/Context Menu/Context Menu (Item)/Align Left/Text,Text,Inter,400,16.0,#131927
🔵 Design System,I235:6024;235:5881;235:5821;235:5791,Context Menu/Context Menu (5 Rows)/Context Menu/Context Menu (Item)/Align Left/Text,Text,Inter,400,16.0,#131927
🔵 Design System,I235:6024;235:5887;235:5821;235:5791,Context Menu/Context Menu (5 Rows)/Context Menu/Context Menu (Item)/Align Left/Text,Text,Inter,400,16.0,#EE443F
🔵 Design System,I235:6152;235:5857;235:5821;235:5803,Context Menu/Context Menu (5 Rows)/Context Menu/Context Menu (Item)/Align Right/Text,Text,Inter,400,16.0,#131927
🔵 Design System,I235:6152;235:5863;235:5821;235:5803,Context Menu/Context Menu (5 Rows)/Context Menu/Context Menu (Item)/Align Right/Text,Text,Inter,400,16.0,#131927
🔵 Design System,I235:6152;235:5869;235:5821;235:5803,Context Menu/Context Menu (5 Rows)/Context Menu/Context Menu (Item)/Align Right/Text,Text,Inter,400,16.0,#131927
🔵 Design System,I235:6152;235:5881;235:5821;235:5791,Context Menu/Context Menu (5 Rows)/Context Menu/Context Menu (Item)/Align Left/Text,Text,Inter,400,16.0,#131927
🔵 Design System,I235:6152;235:5887;235:5821;235:5803,Context Menu/Context Menu (5 Rows)/Context Menu/Context Menu (Item)/Align Right/Text,Text,Inter,400,16.0,#EE443F
🔵 Design System,I235:6106;235:5857;235:5821;235:5791,Context Menu/Context Menu (5 Rows)/Context Menu/Context Menu (Item)/Align Left/Text,Text,Inter,400,16.0,#131927
🔵 Design System,I235:6106;235:5863;235:5821;235:5791,Context Menu/Context Menu (5 Rows)/Context Menu/Context Menu (Item)/Align Left/Text,Text,Inter,400,16.0,#131927
🔵 Design System,I235:6106;235:5869;235:5821;235:5791,Context Menu/Context Menu (5 Rows)/Context Menu/Context Menu (Item)/Align Left/Text,Text,Inter,400,16.0,#131927
🔵 Design System,I235:6106;235:5881;235:5821;235:5791,Context Menu/Context Menu (5 Rows)/Context Menu/Context Menu (Item)/Align Left/Text,Text,Inter,400,16.0,#131927
🔵 Design System,I235:6106;235:5887;235:5821;235:5791,Context Menu/Context Menu (5 Rows)/Context Menu/Context Menu (Item)/Align Left/Text,Text,Inter,400,16.0,#131927
🔵 Design System,I235:6155;235:5857;235:5821;235:5803,Context Menu/Context Menu (5 Rows)/Context Menu/Context Menu (Item)/Align Right/Text,Text,Inter,400,16.0,#131927
🔵 Design System,I235:6155;235:5863;235:5821;235:5803,Context Menu/Context Menu (5 Rows)/Context Menu/Context Menu (Item)/Align Right/Text,Text,Inter,400,16.0,#131927
🔵 Design System,I235:6155;235:5869;235:5821;235:5791,Context Menu/Context Menu (5 Rows)/Context Menu/Context Menu (Item)/Align Left/Text,Text,Inter,400,16.0,#131927
🔵 Design System,I235:6155;235:5881;235:5821;235:5791,Context Menu/Context Menu (5 Rows)/Context Menu/Context Menu (Item)/Align Left/Text,Text,Inter,400,16.0,#131927
🔵 Design System,I235:6155;235:5887;235:5821;235:5803,Context Menu/Context Menu (5 Rows)/Context Menu/Context Menu (Item)/Align Right/Text,Text,Inter,400,16.0,#131927
🔵 Design System,235:5803,Context Menu/Context Menu (Item)/Content=Align Right/Align Right/Text,Text,Inter,400,16.0,#131927
🔵 Design System,235:5791,Context Menu/Context Menu (Item)/Content=Align Left/Align Left/Text,Text,Inter,400,16.0,#131927
🔵 Design System,I270:9849;235:5791,Context Menu/Context Menu/State=Press/Context Menu (Item)/Align Left/Text,Text,Inter,400,16.0,#3745AF
🔵 Design System,I235:5821;235:5791,Context Menu/Context Menu/State=Default/Context Menu (Item)/Align Left/Text,Text,Inter,400,16.0,#131927
🔵 Design System,226:2617,Action Sheet/Action Sheet,Action Sheet,Bai Jamjuree,600,48.0,#131927
🔵 Design System,231:4311,Action Sheet/Examples/Title + Message/Examples,Examples,Bai Jamjuree,600,24.0,#131927
🔵 Design System,231:4624,Action Sheet/Examples/Title + Message/Customizing content within a component.,Customizing content within a component.,Inter,400,16.0,#6D717F
🔵 Design System,I226:2725;36:1034,Action Sheet/Action Sheet/Content=Actions + Button/Actions/Action 1/Button/Text/Button,Action,Inter,600,16.0,#4E61F6
🔵 Design System,I226:2769;36:1034,Action Sheet/Action Sheet/Content=Actions + Button/Actions/Action 2/Button/Text/Button,Action,Inter,600,16.0,#4E61F6
🔵 Design System,I226:2979;36:1034,Action Sheet/Action Sheet/Content=Actions + Button/Actions/Action 3/Button/Text/Button,Action,Inter,600,16.0,#4E61F6
🔵 Design System,I226:2988;36:1034,Action Sheet/Action Sheet/Content=Actions + Button/Actions/Action 4/Button/Text/Button,Action,Inter,600,16.0,#4E61F6
🔵 Design System,I226:2776;36:1034,Action Sheet/Action Sheet/Content=Actions + Button/Actions/Action 5/Text/Button,Action,Inter,600,16.0,#4E61F6
🔵 Design System,I226:2783;34:1244,Action Sheet/Action Sheet/Content=Actions + Button/Button/Text/Button,Cancel,Inter,600,16.0,#FFFFFF
🔵 Design System,226:3287,Action Sheet/Action Sheet/Content=Message + Actions + Button/Content/Title + Message/Title + Message/Title,Title,Bai Jamjuree,600,16.0,#131927
🔵 Design System,226:3288,"Action Sheet/Action Sheet/Content=Message + Actions + Button/Content/Title + Message/Title + Message/Keep your messages short, but make sure they cover everything you need to say.","Keep your messages short, but make sure they cover everything you need to say.",Inter,400,14.0,#6D717F
🔵 Design System,I226:3107;36:1034,Action Sheet/Action Sheet/Content=Message + Actions + Button/Content/Actions/Action 1/Button/Text/Button,Action,Inter,600,16.0,#4E61F6
🔵 Design System,I226:3110;36:1034,Action Sheet/Action Sheet/Content=Message + Actions + Button/Content/Actions/Action 2/Button/Text/Button,Action,Inter,600,16.0,#4E61F6
🔵 Design System,I226:3113;36:1034,Action Sheet/Action Sheet/Content=Message + Actions + Button/Content/Actions/Action 3/Button/Text/Button,Action,Inter,600,16.0,#4E61F6
🔵 Design System,I226:3116;36:1034,Action Sheet/Action Sheet/Content=Message + Actions + Button/Content/Actions/Action 4/Button/Text/Button,Action,Inter,600,16.0,#4E61F6
🔵 Design System,I226:3118;36:1034,Action Sheet/Action Sheet/Content=Message + Actions + Button/Content/Actions/Action 5/Text/Button,Action,Inter,600,16.0,#4E61F6
🔵 Design System,I226:3119;34:1244,Action Sheet/Action Sheet/Content=Message + Actions + Button/Button/Text/Button,Cancel,Inter,600,16.0,#FFFFFF
🔵 Design System,I231:4381;226:3287,Action Sheet/Action Sheet/Content/Title + Message/Title + Message/Title,Title,Bai Jamjuree,600,16.0,#131927
🔵 Design System,I231:4381;226:3288,"Action Sheet/Action Sheet/Content/Title + Message/Title + Message/Keep your messages short, but make sure they cover everything you need to say.","Keep your messages short, but make sure they cover everything you need to say.",Inter,400,14.0,#6D717F
🔵 Design System,I231:4381;226:3107;36:1034,Action Sheet/Action Sheet/Content/Actions/Action 1/Button/Text/Button,Action,Inter,600,16.0,#4E61F6
🔵 Design System,I231:4381;226:3110;36:1034,Action Sheet/Action Sheet/Content/Actions/Action 2/Button/Text/Button,Action,Inter,600,16.0,#4E61F6
🔵 Design System,I231:4381;226:3113;36:1034,Action Sheet/Action Sheet/Content/Actions/Action 3/Button/Text/Button,Action,Inter,600,16.0,#4E61F6
🔵 Design System,I231:4381;226:3116;36:1034,Action Sheet/Action Sheet/Content/Actions/Action 4/Button/Text/Button,Action,Inter,600,16.0,#4E61F6
🔵 Design System,I231:4381;226:3118;36:1034,Action Sheet/Action Sheet/Content/Actions/Action 5/Text/Button,Action,Inter,600,16.0,#4E61F6
🔵 Design System,I231:4381;226:3119;34:1244,Action Sheet/Action Sheet/Button/Text/Button,Cancel,Inter,600,16.0,#FFFFFF
🔵 Design System,I231:4588;226:3287,Action Sheet/Action Sheet/Content/Title + Message/Title + Message/Title,Title,Bai Jamjuree,600,16.0,#131927
🔵 Design System,I231:4588;226:3288,"Action Sheet/Action Sheet/Content/Title + Message/Title + Message/Keep your messages short, but make sure they cover everything you need to say.","Keep your messages short, but make sure they cover everything you need to say.",Inter,400,14.0,#6D717F
🔵 Design System,I231:4588;226:3107;36:1034,Action Sheet/Action Sheet/Content/Actions/Action 1/Button/Text/Button,Action,Inter,600,16.0,#4E61F6
🔵 Design System,I231:4588;226:3110;36:1034,Action Sheet/Action Sheet/Content/Actions/Action 2/Button/Text/Button,Action,Inter,600,16.0,#4E61F6
🔵 Design System,I231:4588;226:3113;36:1034,Action Sheet/Action Sheet/Content/Actions/Action 3/Button/Text/Button,Action,Inter,600,16.0,#4E61F6
🔵 Design System,I231:4588;226:3116;36:1034,Action Sheet/Action Sheet/Content/Actions/Action 4/Button/Text/Button,Action,Inter,600,16.0,#4E61F6
🔵 Design System,I231:4588;226:3118;36:1034,Action Sheet/Action Sheet/Content/Actions/Action 5/Text/Button,Action,Inter,600,16.0,#4E61F6
🔵 Design System,I231:4588;226:3119;34:1244,Action Sheet/Action Sheet/Button/Text/Button,Cancel,Inter,600,16.0,#FFFFFF
🔵 Design System,I231:4313;226:2725;36:1034,Action Sheet/Action Sheet/Actions/Action 1/Button/Text/Button,Action,Inter,600,16.0,#4E61F6
🔵 Design System,I231:4313;226:2769;36:1034,Action Sheet/Action Sheet/Actions/Action 2/Button/Text/Button,Action,Inter,600,16.0,#4E61F6
🔵 Design System,I231:4313;226:2979;36:1034,Action Sheet/Action Sheet/Actions/Action 3/Button/Text/Button,Action,Inter,600,16.0,#4E61F6
🔵 Design System,I231:4313;226:2988;36:1034,Action Sheet/Action Sheet/Actions/Action 4/Button/Text/Button,Action,Inter,600,16.0,#4E61F6
🔵 Design System,I231:4313;226:2776;36:1034,Action Sheet/Action Sheet/Actions/Action 5/Text/Button,Action,Inter,600,16.0,#4E61F6
🔵 Design System,I231:4313;226:2783;34:1244,Action Sheet/Action Sheet/Button/Text/Button,Cancel,Inter,600,16.0,#FFFFFF
🔵 Design System,I231:4353;226:2725;36:1034,Action Sheet/Action Sheet/Actions/Action 1/Button/Text/Button,Action,Inter,600,16.0,#4E61F6
🔵 Design System,I231:4353;226:2769;36:1034,Action Sheet/Action Sheet/Actions/Action 2/Button/Text/Button,Action,Inter,600,16.0,#4E61F6
🔵 Design System,I231:4353;226:2979;36:1034,Action Sheet/Action Sheet/Actions/Action 3/Button/Text/Button,Action,Inter,600,16.0,#4E61F6
🔵 Design System,I231:4353;226:2988;36:1034,Action Sheet/Action Sheet/Actions/Action 4/Button/Text/Button,Action,Inter,600,16.0,#6D717F
🔵 Design System,I231:4353;226:2776;36:1034,Action Sheet/Action Sheet/Actions/Action 5/Text/Button,Action,Inter,600,16.0,#EE443F
🔵 Design System,I231:4353;226:2783;34:1244,Action Sheet/Action Sheet/Button/Text/Button,Cancel,Inter,600,16.0,#FFFFFF
🔵 Design System,230:3581,List/List,List,Bai Jamjuree,600,48.0,#131927
🔵 Design System,232:4660,List/Examples/Title + Message/Examples,Examples,Bai Jamjuree,600,24.0,#131927
🔵 Design System,232:4661,List/Examples/Title + Message/Customizing content within a component.,Customizing content within a component.,Inter,400,16.0,#6D717F
🔵 Design System,230:3872,List/List (Left Item)/Left Item=Icon + Text/Left Content/Title,Title,Inter,600,14.0,#131927
🔵 Design System,I230:3892;107:1496,List/List (Left Item)/Left Item=Avatar + Text/Left Content/Avatar/A,A,Bai Jamjuree,600,16.0,#FFFFFF
🔵 Design System,230:3887,List/List (Left Item)/Left Item=Avatar + Text/Left Content/Title,Title,Inter,600,14.0,#131927
🔵 Design System,I3139:11623;107:1496,List/List (Left Item)/Left Item=Language/Left Content/Avatar/A,L,Bai Jamjuree,600,16.0,#FFFFFF
🔵 Design System,3139:11619,List/List (Left Item)/Left Item=Language/Left Content/Title,Title,Inter,600,14.0,#131927
🔵 Design System,230:3910,List/List (Right Item)/Right Item=Text + Icon/Right Item/Details,Details,Inter,400,16.0,#6D717F
🔵 Design System,230:3971,List/List (Right Item)/Right Item=Badge + Icon/Right Item/Badge/5,5,Inter,500,14.0,#FFFFFF
🔵 Design System,I230:4040;230:3921;230:3872,List/List (5 Rows)/List/List (Left Item)/Left Content/Title,Title,Inter,600,14.0,#131927
🔵 Design System,I230:4040;230:3926;230:3910,List/List (5 Rows)/List/List (Right Item)/Right Item/Details,Details,Inter,400,14.0,#6D717F
🔵 Design System,I230:4051;230:3921;230:3872,List/List (5 Rows)/List/List (Left Item)/Left Content/Title,Title,Inter,600,14.0,#131927
🔵 Design System,I230:4051;230:3926;230:3910,List/List (5 Rows)/List/List (Right Item)/Right Item/Details,Details,Inter,400,14.0,#6D717F
🔵 Design System,I230:4062;230:3921;230:3872,List/List (5 Rows)/List/List (Left Item)/Left Content/Title,Title,Inter,600,14.0,#131927
🔵 Design System,I230:4062;230:3926;230:3910,List/List (5 Rows)/List/List (Right Item)/Right Item/Details,Details,Inter,400,14.0,#6D717F
🔵 Design System,I230:4073;230:3921;230:3872,List/List (5 Rows)/List/List (Left Item)/Left Content/Title,Title,Inter,600,14.0,#131927
🔵 Design System,I230:4073;230:3926;230:3910,List/List (5 Rows)/List/List (Right Item)/Right Item/Details,Details,Inter,400,14.0,#6D717F
🔵 Design System,I230:4084;230:3921;230:3872,List/List (5 Rows)/List/List (Left Item)/Left Content/Title,Title,Inter,600,14.0,#131927
🔵 Design System,I230:4084;230:3926;230:3910,List/List (5 Rows)/List/List (Right Item)/Right Item/Details,Details,Inter,400,14.0,#6D717F
🔵 Design System,I232:4663;230:4040;230:3921;230:3892;107:1496,List/List (5 Rows)/List/List (Left Item)/Left Content/Avatar/A,A,Bai Jamjuree,600,16.0,#FFFFFF
🔵 Design System,I232:4663;230:4040;230:3921;230:3887,List/List (5 Rows)/List/List (Left Item)/Left Content/Title,Title,Inter,600,14.0,#131927
🔵 Design System,I232:4663;230:4040;230:3926;230:3910,List/List (5 Rows)/List/List (Right Item)/Right Item/Details,Details,Inter,400,14.0,#6D717F
🔵 Design System,I232:4663;230:4051;230:3921;230:3892;107:1496,List/List (5 Rows)/List/List (Left Item)/Left Content/Avatar/A,A,Bai Jamjuree,600,16.0,#FFFFFF
🔵 Design System,I232:4663;230:4051;230:3921;230:3887,List/List (5 Rows)/List/List (Left Item)/Left Content/Title,Title,Inter,600,14.0,#131927
🔵 Design System,I232:4663;230:4051;230:3926;230:3910,List/List (5 Rows)/List/List (Right Item)/Right Item/Details,Details,Inter,400,14.0,#6D717F
🔵 Design System,I232:4663;230:4062;230:3921;230:3892;107:1496,List/List (5 Rows)/List/List (Left Item)/Left Content/Avatar/A,A,Bai Jamjuree,600,16.0,#FFFFFF
🔵 Design System,I232:4663;230:4062;230:3921;230:3887,List/List (5 Rows)/List/List (Left Item)/Left Content/Title,Title,Inter,600,14.0,#131927
🔵 Design System,I232:4663;230:4062;230:3926;230:3910,List/List (5 Rows)/List/List (Right Item)/Right Item/Details,Details,Inter,400,14.0,#6D717F
🔵 Design System,I232:4663;230:4073;230:3921;230:3892;107:1496,List/List (5 Rows)/List/List (Left Item)/Left Content/Avatar/A,A,Bai Jamjuree,600,16.0,#FFFFFF
🔵 Design System,I232:4663;230:4073;230:3921;230:3887,List/List (5 Rows)/List/List (Left Item)/Left Content/Title,Title,Inter,600,14.0,#131927
🔵 Design System,I232:4663;230:4073;230:3926;230:3910,List/List (5 Rows)/List/List (Right Item)/Right Item/Details,Details,Inter,400,14.0,#6D717F
🔵 Design System,I232:4663;230:4084;230:3921;230:3892;107:1496,List/List (5 Rows)/List/List (Left Item)/Left Content/Avatar/A,A,Bai Jamjuree,600,16.0,#FFFFFF
🔵 Design System,I232:4663;230:4084;230:3921;230:3887,List/List (5 Rows)/List/List (Left Item)/Left Content/Title,Title,Inter,600,14.0,#131927
🔵 Design System,I232:4663;230:4084;230:3926;230:3910,List/List (5 Rows)/List/List (Right Item)/Right Item/Details,Details,Inter,400,14.0,#6D717F
🔵 Design System,I232:4815;230:4040;230:3921;230:3892;107:1496,List/List (5 Rows)/List/List (Left Item)/Left Content/Avatar/A,A,Bai Jamjuree,600,16.0,#FFFFFF
🔵 Design System,I232:4815;230:4040;230:3921;230:3887,List/List (5 Rows)/List/List (Left Item)/Left Content/Title,Title,Inter,600,14.0,#131927
🔵 Design System,I232:4815;230:4040;230:3926;230:3910,List/List (5 Rows)/List/List (Right Item)/Right Item/Details,Details,Inter,400,14.0,#6D717F
🔵 Design System,I232:4815;230:4051;230:3921;230:3892;107:1496,List/List (5 Rows)/List/List (Left Item)/Left Content/Avatar/A,A,Bai Jamjuree,600,16.0,#FFFFFF
🔵 Design System,I232:4815;230:4051;230:3921;230:3887,List/List (5 Rows)/List/List (Left Item)/Left Content/Title,Title,Inter,600,14.0,#131927
🔵 Design System,I232:4815;230:4051;230:3926;230:3910,List/List (5 Rows)/List/List (Right Item)/Right Item/Details,Details,Inter,400,14.0,#6D717F
🔵 Design System,I232:4815;230:4062;230:3921;230:3892;107:1496,List/List (5 Rows)/List/List (Left Item)/Left Content/Avatar/A,A,Bai Jamjuree,600,16.0,#FFFFFF
🔵 Design System,I232:4815;230:4062;230:3921;230:3887,List/List (5 Rows)/List/List (Left Item)/Left Content/Title,Title,Inter,600,14.0,#131927
🔵 Design System,I232:4815;230:4062;230:3926;230:3910,List/List (5 Rows)/List/List (Right Item)/Right Item/Details,Details,Inter,400,14.0,#6D717F
🔵 Design System,I232:4815;230:4073;230:3921;230:3892;107:1496,List/List (5 Rows)/List/List (Left Item)/Left Content/Avatar/A,A,Bai Jamjuree,600,16.0,#FFFFFF
🔵 Design System,I232:4815;230:4073;230:3921;230:3887,List/List (5 Rows)/List/List (Left Item)/Left Content/Title,Title,Inter,600,14.0,#131927
🔵 Design System,I232:4815;230:4073;230:3926;230:3910,List/List (5 Rows)/List/List (Right Item)/Right Item/Details,Details,Inter,400,14.0,#6D717F
🔵 Design System,I232:4815;230:4084;230:3921;230:3892;107:1496,List/List (5 Rows)/List/List (Left Item)/Left Content/Avatar/A,A,Bai Jamjuree,600,16.0,#FFFFFF
🔵 Design System,I232:4815;230:4084;230:3921;230:3887,List/List (5 Rows)/List/List (Left Item)/Left Content/Title,Title,Inter,600,14.0,#131927
🔵 Design System,I232:4815;230:4084;230:3926;230:3910,List/List (5 Rows)/List/List (Right Item)/Right Item/Details,Details,Inter,400,14.0,#6D717F
🔵 Design System,I232:4866;230:4040;230:3921;230:3892;107:1496,List/List (5 Rows)/List/List (Left Item)/Left Content/Avatar/A,A,Bai Jamjuree,600,16.0,#FFFFFF
🔵 Design System,I232:4866;230:4040;230:3921;230:3887,List/List (5 Rows)/List/List (Left Item)/Left Content/Title,Title,Inter,600,14.0,#131927
🔵 Design System,I232:4866;230:4051;230:3921;230:3892;107:1496,List/List (5 Rows)/List/List (Left Item)/Left Content/Avatar/A,A,Bai Jamjuree,600,16.0,#FFFFFF
🔵 Design System,I232:4866;230:4051;230:3921;230:3887,List/List (5 Rows)/List/List (Left Item)/Left Content/Title,Title,Inter,600,14.0,#131927
🔵 Design System,I232:4866;230:4062;230:3921;230:3892;107:1496,List/List (5 Rows)/List/List (Left Item)/Left Content/Avatar/A,A,Bai Jamjuree,600,16.0,#FFFFFF
🔵 Design System,I232:4866;230:4062;230:3921;230:3887,List/List (5 Rows)/List/List (Left Item)/Left Content/Title,Title,Inter,600,14.0,#131927
🔵 Design System,I232:4866;230:4073;230:3921;230:3892;107:1496,List/List (5 Rows)/List/List (Left Item)/Left Content/Avatar/A,A,Bai Jamjuree,600,16.0,#FFFFFF
🔵 Design System,I232:4866;230:4073;230:3921;230:3887,List/List (5 Rows)/List/List (Left Item)/Left Content/Title,Title,Inter,600,14.0,#131927
🔵 Design System,I232:4866;230:4084;230:3921;230:3892;107:1496,List/List (5 Rows)/List/List (Left Item)/Left Content/Avatar/A,A,Bai Jamjuree,600,16.0,#FFFFFF
🔵 Design System,I232:4866;230:4084;230:3921;230:3887,List/List (5 Rows)/List/List (Left Item)/Left Content/Title,Title,Inter,600,14.0,#131927
🔵 Design System,I232:5097;230:4040;230:3921;230:3892;107:1496,List/List (5 Rows)/List/List (Left Item)/Left Content/Avatar/A,A,Bai Jamjuree,600,16.0,#FFFFFF
🔵 Design System,I232:5097;230:4040;230:3921;230:3887,List/List (5 Rows)/List/List (Left Item)/Left Content/Title,Title,Inter,600,14.0,#131927
🔵 Design System,I232:5097;230:4051;230:3921;230:3892;107:1496,List/List (5 Rows)/List/List (Left Item)/Left Content/Avatar/A,A,Bai Jamjuree,600,16.0,#FFFFFF
🔵 Design System,I232:5097;230:4051;230:3921;230:3887,List/List (5 Rows)/List/List (Left Item)/Left Content/Title,Title,Inter,600,14.0,#131927
🔵 Design System,I232:5097;230:4062;230:3921;230:3892;107:1496,List/List (5 Rows)/List/List (Left Item)/Left Content/Avatar/A,A,Bai Jamjuree,600,16.0,#FFFFFF
🔵 Design System,I232:5097;230:4062;230:3921;230:3887,List/List (5 Rows)/List/List (Left Item)/Left Content/Title,Title,Inter,600,14.0,#131927
🔵 Design System,I232:5097;230:4073;230:3921;230:3892;107:1496,List/List (5 Rows)/List/List (Left Item)/Left Content/Avatar/A,A,Bai Jamjuree,600,16.0,#FFFFFF
🔵 Design System,I232:5097;230:4073;230:3921;230:3887,List/List (5 Rows)/List/List (Left Item)/Left Content/Title,Title,Inter,600,14.0,#131927
🔵 Design System,I232:5097;230:4073;230:3926;230:3971,List/List (5 Rows)/List/List (Right Item)/Right Item/Badge/5,5,Inter,500,14.0,#FFFFFF
🔵 Design System,I232:5097;230:4084;230:3921;230:3892;107:1496,List/List (5 Rows)/List/List (Left Item)/Left Content/Avatar/A,A,Bai Jamjuree,600,16.0,#FFFFFF
🔵 Design System,I232:5097;230:4084;230:3921;230:3887,List/List (5 Rows)/List/List (Left Item)/Left Content/Title,Title,Inter,600,14.0,#131927
🔵 Design System,I232:5146;230:4040;230:3921;230:3892;107:1496,List/List (5 Rows)/List/List (Left Item)/Left Content/Avatar/A,A,Bai Jamjuree,600,16.0,#FFFFFF
🔵 Design System,I232:5146;230:4040;230:3921;230:3887,List/List (5 Rows)/List/List (Left Item)/Left Content/Title,Title,Inter,600,14.0,#131927
🔵 Design System,I232:5146;230:4040;230:3926;230:3971,List/List (5 Rows)/List/List (Right Item)/Right Item/Badge/5,5,Inter,500,14.0,#FFFFFF
🔵 Design System,I232:5146;230:4051;230:3921;230:3892;107:1496,List/List (5 Rows)/List/List (Left Item)/Left Content/Avatar/A,A,Bai Jamjuree,600,16.0,#FFFFFF
🔵 Design System,I232:5146;230:4051;230:3921;230:3887,List/List (5 Rows)/List/List (Left Item)/Left Content/Title,Title,Inter,600,14.0,#131927
🔵 Design System,I232:5146;230:4051;230:3926;230:3971,List/List (5 Rows)/List/List (Right Item)/Right Item/Badge/5,5,Inter,500,14.0,#FFFFFF
🔵 Design System,I232:5146;230:4062;230:3921;230:3892;107:1496,List/List (5 Rows)/List/List (Left Item)/Left Content/Avatar/A,A,Bai Jamjuree,600,16.0,#FFFFFF
🔵 Design System,I232:5146;230:4062;230:3921;230:3887,List/List (5 Rows)/List/List (Left Item)/Left Content/Title,Title,Inter,600,14.0,#131927
🔵 Design System,I232:5146;230:4062;230:3926;230:3971,List/List (5 Rows)/List/List (Right Item)/Right Item/Badge/5,5,Inter,500,14.0,#FFFFFF
🔵 Design System,I232:5146;230:4073;230:3921;230:3892;107:1496,List/List (5 Rows)/List/List (Left Item)/Left Content/Avatar/A,A,Bai Jamjuree,600,16.0,#FFFFFF
🔵 Design System,I232:5146;230:4073;230:3921;230:3887,List/List (5 Rows)/List/List (Left Item)/Left Content/Title,Title,Inter,600,14.0,#131927
🔵 Design System,I232:5146;230:4073;230:3926;230:3971,List/List (5 Rows)/List/List (Right Item)/Right Item/Badge/5,5,Inter,500,14.0,#FFFFFF
🔵 Design System,I232:5146;230:4084;230:3921;230:3892;107:1496,List/List (5 Rows)/List/List (Left Item)/Left Content/Avatar/A,A,Bai Jamjuree,600,16.0,#FFFFFF
🔵 Design System,I232:5146;230:4084;230:3921;230:3887,List/List (5 Rows)/List/List (Left Item)/Left Content/Title,Title,Inter,600,14.0,#131927
🔵 Design System,I232:5146;230:4084;230:3926;230:3971,List/List (5 Rows)/List/List (Right Item)/Right Item/Badge/5,5,Inter,500,14.0,#FFFFFF
🔵 Design System,I247:7887;230:4040;230:3921;230:3892;107:1496,List/List (5 Rows)/List/List (Left Item)/Left Content/Avatar/A,A,Bai Jamjuree,600,16.0,#FFFFFF
🔵 Design System,I247:7887;230:4040;230:3921;230:3887,List/List (5 Rows)/List/List (Left Item)/Left Content/Title,Title,Inter,600,14.0,#131927
🔵 Design System,I247:7887;230:4051;230:3921;230:3892;107:1496,List/List (5 Rows)/List/List (Left Item)/Left Content/Avatar/A,A,Bai Jamjuree,600,16.0,#FFFFFF
🔵 Design System,I247:7887;230:4051;230:3921;230:3887,List/List (5 Rows)/List/List (Left Item)/Left Content/Title,Title,Inter,600,14.0,#131927
🔵 Design System,I247:7887;230:4051;230:3926;230:3971,List/List (5 Rows)/List/List (Right Item)/Right Item/Badge/5,5,Inter,500,14.0,#FFFFFF
🔵 Design System,I247:7887;230:4062;230:3921;230:3892;107:1496,List/List (5 Rows)/List/List (Left Item)/Left Content/Avatar/A,A,Bai Jamjuree,600,16.0,#FFFFFF
🔵 Design System,I247:7887;230:4062;230:3921;230:3887,List/List (5 Rows)/List/List (Left Item)/Left Content/Title,Title,Inter,600,14.0,#131927
🔵 Design System,I247:7887;230:4062;230:3926;230:3971,List/List (5 Rows)/List/List (Right Item)/Right Item/Badge/5,5,Inter,500,14.0,#FFFFFF
🔵 Design System,I247:7887;230:4073;230:3921;230:3892;107:1496,List/List (5 Rows)/List/List (Left Item)/Left Content/Avatar/A,A,Bai Jamjuree,600,16.0,#FFFFFF
🔵 Design System,I247:7887;230:4073;230:3921;230:3887,List/List (5 Rows)/List/List (Left Item)/Left Content/Title,Title,Inter,600,14.0,#131927
🔵 Design System,I247:7887;230:4073;230:3926;230:3971,List/List (5 Rows)/List/List (Right Item)/Right Item/Badge/5,5,Inter,500,14.0,#FFFFFF
🔵 Design System,I247:7887;230:4084;230:3921;230:3892;107:1496,List/List (5 Rows)/List/List (Left Item)/Left Content/Avatar/A,A,Bai Jamjuree,600,16.0,#FFFFFF
🔵 Design System,I247:7887;230:4084;230:3921;230:3887,List/List (5 Rows)/List/List (Left Item)/Left Content/Title,Title,Inter,600,14.0,#131927
🔵 Design System,I247:7887;230:4084;230:3926;230:3971,List/List (5 Rows)/List/List (Right Item)/Right Item/Badge/5,5,Inter,500,14.0,#FFFFFF
🔵 Design System,I232:5200;230:4040;230:3921;230:3892;107:1496,List/List (5 Rows)/List/List (Left Item)/Left Content/Avatar/A,A,Bai Jamjuree,600,16.0,#FFFFFF
🔵 Design System,I232:5200;230:4040;230:3921;230:3887,List/List (5 Rows)/List/List (Left Item)/Left Content/Title,Title,Inter,600,14.0,#131927
🔵 Design System,I232:5200;230:4051;230:3921;230:3892;107:1496,List/List (5 Rows)/List/List (Left Item)/Left Content/Avatar/A,A,Bai Jamjuree,600,16.0,#FFFFFF
🔵 Design System,I232:5200;230:4051;230:3921;230:3887,List/List (5 Rows)/List/List (Left Item)/Left Content/Title,Title,Inter,600,14.0,#131927
🔵 Design System,I232:5200;230:4051;230:3926;230:3971,List/List (5 Rows)/List/List (Right Item)/Right Item/Badge/5,5,Inter,500,14.0,#FFFFFF
🔵 Design System,I232:5200;230:4062;230:3921;230:3892;107:1496,List/List (5 Rows)/List/List (Left Item)/Left Content/Avatar/A,A,Bai Jamjuree,600,16.0,#FFFFFF
🔵 Design System,I232:5200;230:4062;230:3921;230:3887,List/List (5 Rows)/List/List (Left Item)/Left Content/Title,Title,Inter,600,14.0,#131927
🔵 Design System,I232:5200;230:4062;230:3926;230:3971,List/List (5 Rows)/List/List (Right Item)/Right Item/Badge/5,5,Inter,500,14.0,#FFFFFF
🔵 Design System,I232:5200;230:4073;230:3921;230:3892;107:1496,List/List (5 Rows)/List/List (Left Item)/Left Content/Avatar/A,A,Bai Jamjuree,600,16.0,#FFFFFF
🔵 Design System,I232:5200;230:4073;230:3921;230:3887,List/List (5 Rows)/List/List (Left Item)/Left Content/Title,Title,Inter,600,14.0,#131927
🔵 Design System,I232:5200;230:4073;230:3926;230:3971,List/List (5 Rows)/List/List (Right Item)/Right Item/Badge/5,5,Inter,500,14.0,#FFFFFF
🔵 Design System,I232:5200;230:4084;230:3921;230:3892;107:1496,List/List (5 Rows)/List/List (Left Item)/Left Content/Avatar/A,A,Bai Jamjuree,600,16.0,#FFFFFF
🔵 Design System,I232:5200;230:4084;230:3921;230:3887,List/List (5 Rows)/List/List (Left Item)/Left Content/Title,Title,Inter,600,14.0,#131927
🔵 Design System,I230:3921;230:3872,List/List/Property 1=Default/List (Left Item)/Left Content/Title,Title,Inter,600,14.0,#131927
🔵 Design System,I230:3926;230:3910,List/List/Property 1=Default/List (Right Item)/Right Item/Details,Details,Inter,400,14.0,#6D717F
🔵 Design System,I3139:10808;230:3872,List/List/Property 1=Hover/List (Left Item)/Left Content/Title,Title,Inter,600,14.0,#131927
🔵 Design System,I3139:10809;230:3910,List/List/Property 1=Hover/List (Right Item)/Right Item/Details,Details,Inter,400,14.0,#6D717F
🔵 Design System,I3139:10870;230:3872,List/List/Property 1=Choose/List (Left Item)/Left Content/Title,Title,Inter,600,14.0,#4E61F6
🔵 Design System,I3139:10871;230:3910,List/List/Property 1=Choose/List (Right Item)/Right Item/Details,Details,Inter,400,14.0,#6D717F
🔵 Design System,221:1505,Pop-Up/Pop-Up,Pop-Up,Bai Jamjuree,600,48.0,#131927
🔵 Design System,232:5237,Pop-Up/Examples/Title + Message/Examples,Examples,Bai Jamjuree,600,24.0,#131927
🔵 Design System,232:5238,Pop-Up/Examples/Title + Message/Customizing content within a component.,Customizing content within a component.,Inter,400,16.0,#6D717F
🔵 Design System,222:1509,"Pop-Up/Pop-Up/Button Layout=Vertical Buttons, Content=Text + V-Buttons/Title + Message/Title",Title,Bai Jamjuree,600,16.0,#131927
🔵 Design System,222:1510,"Pop-Up/Pop-Up/Button Layout=Vertical Buttons, Content=Text + V-Buttons/Title + Message/Keep your messages short, but make sure they cover everything you need to say.","Keep your messages short, but make sure they cover everything you need to say.",Inter,400,14.0,#6D717F
🔵 Design System,I222:1511;34:1244,"Pop-Up/Pop-Up/Button Layout=Vertical Buttons, Content=Text + V-Buttons/Buttons/Button/Text/Button",Button,Inter,600,16.0,#FFFFFF
🔵 Design System,I222:1524;36:696,"Pop-Up/Pop-Up/Button Layout=Vertical Buttons, Content=Text + V-Buttons/Buttons/Button/Text/Button",Button,Inter,600,16.0,#4E61F6
🔵 Design System,226:2215,"Pop-Up/Pop-Up/Button Layout=Vertical Buttons, Content=Text + Input + V-Buttons/Title + Message/Title",Title,Bai Jamjuree,600,16.0,#131927
🔵 Design System,226:2216,"Pop-Up/Pop-Up/Button Layout=Vertical Buttons, Content=Text + Input + V-Buttons/Title + Message/Keep your messages short, but make sure they cover everything you need to say.","Keep your messages short, but make sure they cover everything you need to say.",Inter,400,14.0,#6D717F
🔵 Design System,I226:2232;2448:6958,"Pop-Up/Pop-Up/Button Layout=Vertical Buttons, Content=Text + Input + V-Buttons/Input/Label/Frame 2147224761/Label/Label",Label,Inter,500,16.0,#131927
🔵 Design System,I226:2232;2448:6959,"Pop-Up/Pop-Up/Button Layout=Vertical Buttons, Content=Text + Input + V-Buttons/Input/Label/Frame 2147224761/*",*,Inter,500,16.0,#EE443F
🔵 Design System,I226:2232;64:1144,"Pop-Up/Pop-Up/Button Layout=Vertical Buttons, Content=Text + Input + V-Buttons/Input/Input/Left Content/Placeholder",Placeholder,Inter,400,16.0,#9EA2AE
🔵 Design System,I226:2232;64:1147,"Pop-Up/Pop-Up/Button Layout=Vertical Buttons, Content=Text + Input + V-Buttons/Input/Helper Text/Helper Text",Helper Text,Inter,400,14.0,#9EA2AE
🔵 Design System,I226:2218;34:1244,"Pop-Up/Pop-Up/Button Layout=Vertical Buttons, Content=Text + Input + V-Buttons/Buttons/Button/Text/Button",Button,Inter,600,16.0,#FFFFFF
🔵 Design System,I226:2219;36:696,"Pop-Up/Pop-Up/Button Layout=Vertical Buttons, Content=Text + Input + V-Buttons/Buttons/Button/Text/Button",Button,Inter,600,16.0,#4E61F6
🔵 Design System,224:1901,"Pop-Up/Pop-Up/Button Layout=Horizontal Buttons, Content=Text + H-Buttons/Title + Message/Title",Title,Bai Jamjuree,600,16.0,#131927
🔵 Design System,224:1902,"Pop-Up/Pop-Up/Button Layout=Horizontal Buttons, Content=Text + H-Buttons/Title + Message/Keep your messages short, but make sure they cover everything you need to say.","Keep your messages short, but make sure they cover everything you need to say.",Inter,400,14.0,#6D717F
🔵 Design System,I224:1904;34:1244,"Pop-Up/Pop-Up/Button Layout=Horizontal Buttons, Content=Text + H-Buttons/Buttons/Button/Text/Button",Button,Inter,600,16.0,#FFFFFF
🔵 Design System,I224:1905;36:696,"Pop-Up/Pop-Up/Button Layout=Horizontal Buttons, Content=Text + H-Buttons/Buttons/Button/Text/Button",Button,Inter,600,16.0,#4E61F6
🔵 Design System,226:2023,"Pop-Up/Pop-Up/Button Layout=Horizontal Buttons, Content=Text + Input + H-Buttons/Title + Message/Title",Title,Bai Jamjuree,600,16.0,#131927
🔵 Design System,226:2024,"Pop-Up/Pop-Up/Button Layout=Horizontal Buttons, Content=Text + Input + H-Buttons/Title + Message/Keep your messages short, but make sure they cover everything you need to say.","Keep your messages short, but make sure they cover everything you need to say.",Inter,400,14.0,#6D717F
🔵 Design System,I226:2040;2448:6958,"Pop-Up/Pop-Up/Button Layout=Horizontal Buttons, Content=Text + Input + H-Buttons/Input/Label/Frame 2147224761/Label/Label",Label,Inter,500,16.0,#131927
🔵 Design System,I226:2040;2448:6959,"Pop-Up/Pop-Up/Button Layout=Horizontal Buttons, Content=Text + Input + H-Buttons/Input/Label/Frame 2147224761/*",*,Inter,500,16.0,#EE443F
🔵 Design System,I226:2040;64:1144,"Pop-Up/Pop-Up/Button Layout=Horizontal Buttons, Content=Text + Input + H-Buttons/Input/Input/Left Content/Placeholder",Placeholder,Inter,400,16.0,#9EA2AE
🔵 Design System,I226:2040;64:1147,"Pop-Up/Pop-Up/Button Layout=Horizontal Buttons, Content=Text + Input + H-Buttons/Input/Helper Text/Helper Text",Helper Text,Inter,400,14.0,#9EA2AE
🔵 Design System,I226:2026;34:1244,"Pop-Up/Pop-Up/Button Layout=Horizontal Buttons, Content=Text + Input + H-Buttons/Buttons/Button/Text/Button",Button,Inter,600,16.0,#FFFFFF
🔵 Design System,I226:2027;36:696,"Pop-Up/Pop-Up/Button Layout=Horizontal Buttons, Content=Text + Input + H-Buttons/Buttons/Button/Text/Button",Button,Inter,600,16.0,#4E61F6
🔵 Design System,I232:5460;226:2215,Pop-Up/Pop-Up/Title + Message/Title,Title,Bai Jamjuree,600,16.0,#131927
🔵 Design System,I232:5460;226:2216,"Pop-Up/Pop-Up/Title + Message/Keep your messages short, but make sure they cover everything you need to say.","Keep your messages short, but make sure they cover everything you need to say.",Inter,400,14.0,#6D717F
🔵 Design System,I232:5460;226:2232;2448:6958,Pop-Up/Pop-Up/Input/Label/Frame 2147224761/Label/Label,Label,Inter,500,16.0,#131927
🔵 Design System,I232:5460;226:2232;2448:6959,Pop-Up/Pop-Up/Input/Label/Frame 2147224761/*,*,Inter,500,16.0,#EE443F
🔵 Design System,I232:5460;226:2232;64:1144,Pop-Up/Pop-Up/Input/Input/Left Content/Placeholder,Placeholder,Inter,400,16.0,#9EA2AE
🔵 Design System,I232:5460;226:2232;64:1147,Pop-Up/Pop-Up/Input/Helper Text/Helper Text,Helper Text,Inter,400,14.0,#9EA2AE
🔵 Design System,I232:5460;226:2218;34:1244,Pop-Up/Pop-Up/Buttons/Button/Text/Button,Button,Inter,600,16.0,#FFFFFF
🔵 Design System,I232:5460;226:2219;36:696,Pop-Up/Pop-Up/Buttons/Button/Text/Button,Button,Inter,600,16.0,#4E61F6
🔵 Design System,I232:5415;222:1509,Pop-Up/Pop-Up/Title + Message/Title,Title,Bai Jamjuree,600,16.0,#131927
🔵 Design System,I232:5415;222:1510,"Pop-Up/Pop-Up/Title + Message/Keep your messages short, but make sure they cover everything you need to say.","Keep your messages short, but make sure they cover everything you need to say.",Inter,400,14.0,#6D717F
🔵 Design System,I232:5415;222:1511;34:1244,Pop-Up/Pop-Up/Buttons/Button/Text/Button,Button,Inter,600,16.0,#FFFFFF
🔵 Design System,I232:5415;222:1524;36:696,Pop-Up/Pop-Up/Buttons/Button/Text/Button,Button,Inter,600,16.0,#4E61F6
🔵 Design System,I232:5430;222:1509,Pop-Up/Pop-Up/Title + Message/Title,Title,Bai Jamjuree,600,16.0,#131927
🔵 Design System,I232:5430;222:1510,"Pop-Up/Pop-Up/Title + Message/Keep your messages short, but make sure they cover everything you need to say.","Keep your messages short, but make sure they cover everything you need to say.",Inter,400,14.0,#6D717F
🔵 Design System,I232:5430;222:1511;34:1244,Pop-Up/Pop-Up/Buttons/Button/Text/Button,Button,Inter,600,16.0,#FFFFFF
🔵 Design System,I232:5430;222:1524;36:696,Pop-Up/Pop-Up/Buttons/Button/Text/Button,Button,Inter,600,16.0,#4E61F6
🔵 Design System,I232:5445;222:1509,Pop-Up/Pop-Up/Title + Message/Title,Title,Bai Jamjuree,600,16.0,#131927
🔵 Design System,I232:5445;222:1510,"Pop-Up/Pop-Up/Title + Message/Keep your messages short, but make sure they cover everything you need to say.","Keep your messages short, but make sure they cover everything you need to say.",Inter,400,14.0,#6D717F
🔵 Design System,I232:5445;222:1511;34:1244,Pop-Up/Pop-Up/Buttons/Button/Text/Button,Button,Inter,600,16.0,#FFFFFF
🔵 Design System,I232:5445;222:1524;36:696,Pop-Up/Pop-Up/Buttons/Button/Text/Button,Button,Inter,600,16.0,#4E61F6
🔵 Design System,I232:5289;226:2023,Pop-Up/Pop-Up/Title + Message/Title,Title,Bai Jamjuree,600,16.0,#131927
🔵 Design System,I232:5289;226:2024,"Pop-Up/Pop-Up/Title + Message/Keep your messages short, but make sure they cover everything you need to say.","Keep your messages short, but make sure they cover everything you need to say.",Inter,400,14.0,#6D717F
🔵 Design System,I232:5289;226:2040;2448:6958,Pop-Up/Pop-Up/Input/Label/Frame 2147224761/Label/Label,Label,Inter,500,16.0,#131927
🔵 Design System,I232:5289;226:2040;2448:6959,Pop-Up/Pop-Up/Input/Label/Frame 2147224761/*,*,Inter,500,16.0,#EE443F
🔵 Design System,I232:5289;226:2040;64:1144,Pop-Up/Pop-Up/Input/Input/Left Content/Placeholder,Placeholder,Inter,400,16.0,#9EA2AE
🔵 Design System,I232:5289;226:2040;64:1147,Pop-Up/Pop-Up/Input/Helper Text/Helper Text,Helper Text,Inter,400,14.0,#9EA2AE
🔵 Design System,I232:5289;226:2026;34:1244,Pop-Up/Pop-Up/Buttons/Button/Text/Button,Button,Inter,600,16.0,#FFFFFF
🔵 Design System,I232:5289;226:2027;36:696,Pop-Up/Pop-Up/Buttons/Button/Text/Button,Button,Inter,600,16.0,#4E61F6
🔵 Design System,I232:5312;226:2023,Pop-Up/Pop-Up/Title + Message/Title,Title,Bai Jamjuree,600,16.0,#131927
🔵 Design System,I232:5312;226:2024,"Pop-Up/Pop-Up/Title + Message/Keep your messages short, but make sure they cover everything you need to say.","Keep your messages short, but make sure they cover everything you need to say.",Inter,400,14.0,#6D717F
🔵 Design System,I232:5312;226:2040;2448:6958,Pop-Up/Pop-Up/Input/Label/Frame 2147224761/Label/Label,Label,Inter,500,16.0,#131927
🔵 Design System,I232:5312;226:2040;2448:6959,Pop-Up/Pop-Up/Input/Label/Frame 2147224761/*,*,Inter,500,16.0,#EE443F
🔵 Design System,I232:5312;226:2040;64:1144,Pop-Up/Pop-Up/Input/Input/Left Content/Placeholder,Placeholder,Inter,400,16.0,#9EA2AE
🔵 Design System,I232:5312;226:2040;64:1147,Pop-Up/Pop-Up/Input/Helper Text/Helper Text,Helper Text,Inter,400,14.0,#9EA2AE
🔵 Design System,I232:5312;226:2026;34:1244,Pop-Up/Pop-Up/Buttons/Button/Text/Button,Button,Inter,600,16.0,#FFFFFF
🔵 Design System,I232:5312;226:2027;36:696,Pop-Up/Pop-Up/Buttons/Button/Text/Button,Button,Inter,600,16.0,#4E61F6
🔵 Design System,I232:5385;226:2023,Pop-Up/Pop-Up/Title + Message/Title,Title,Bai Jamjuree,600,16.0,#131927
🔵 Design System,I232:5385;226:2024,"Pop-Up/Pop-Up/Title + Message/Keep your messages short, but make sure they cover everything you need to say.","Keep your messages short, but make sure they cover everything you need to say.",Inter,400,14.0,#6D717F
🔵 Design System,I232:5385;226:2040;2448:6958,Pop-Up/Pop-Up/Input/Label/Frame 2147224761/Label/Label,Label,Inter,500,16.0,#131927
🔵 Design System,I232:5385;226:2040;2448:6959,Pop-Up/Pop-Up/Input/Label/Frame 2147224761/*,*,Inter,500,16.0,#EE443F
🔵 Design System,I232:5385;226:2040;64:1144,Pop-Up/Pop-Up/Input/Input/Left Content/Placeholder,Placeholder,Inter,400,16.0,#9EA2AE
🔵 Design System,I232:5385;226:2040;64:1147,Pop-Up/Pop-Up/Input/Helper Text/Helper Text,Helper Text,Inter,400,14.0,#9EA2AE
🔵 Design System,I232:5385;226:2026;34:1244,Pop-Up/Pop-Up/Buttons/Button/Text/Button,Button,Inter,600,16.0,#FFFFFF
🔵 Design System,I232:5385;226:2027;36:696,Pop-Up/Pop-Up/Buttons/Button/Text/Button,Button,Inter,600,16.0,#4E61F6
🔵 Design System,I232:5240;224:1901,Pop-Up/Pop-Up/Title + Message/Title,Title,Bai Jamjuree,600,16.0,#131927
🔵 Design System,I232:5240;224:1902,"Pop-Up/Pop-Up/Title + Message/Keep your messages short, but make sure they cover everything you need to say.","Keep your messages short, but make sure they cover everything you need to say.",Inter,400,14.0,#6D717F
🔵 Design System,I232:5240;224:1904;34:1244,Pop-Up/Pop-Up/Buttons/Button/Text/Button,Button,Inter,600,16.0,#FFFFFF
🔵 Design System,I232:5240;224:1905;36:696,Pop-Up/Pop-Up/Buttons/Button/Text/Button,Button,Inter,600,16.0,#4E61F6
Animate,2531:7050,Vertical Menu/iPhone 11 Pro / X - 2/Frame 12/Profile,Profile,Poppins,400,24.0,#FFFFFF
Animate,2531:7051,Vertical Menu/iPhone 11 Pro / X - 2/Frame 12/Market,Market,Poppins,400,24.0,#FFFFFF
Animate,2531:7052,Vertical Menu/iPhone 11 Pro / X - 2/Frame 12/Statistic,Statistic,Poppins,400,24.0,#FFFFFF
Animate,2531:7053,Vertical Menu/iPhone 11 Pro / X - 2/Frame 12/Prediction,Prediction,Poppins,400,24.0,#FFFFFF
Animate,2531:7054,Vertical Menu/iPhone 11 Pro / X - 2/Frame 12/Settings,Settings,Poppins,400,24.0,#FFFFFF
Animate,2531:7057,Vertical Menu/iPhone 11 Pro / X - 2/Frame 10/system / light / status bar / default/Time,9:41,SF Pro Text,600,9.686036109924316,#04080F
Animate,2531:7072,Vertical Menu/iPhone 11 Pro / X - 2/Frame 10/Balance,Balance,Poppins,400,11.623242378234863,#000000
Animate,2531:7078,Vertical Menu/iPhone 11 Pro / X - 2/Frame 10/Frame 10/Frame 3/Group 2/Deposit,Deposit,Poppins,400,7.748828411102295,#000000
Animate,2531:7079,Vertical Menu/iPhone 11 Pro / X - 2/Frame 10/Frame 10/Frame 3/Group 2/Withdraw,Withdraw,Poppins,400,7.748828411102295,#000000
Animate,2531:7087,Vertical Menu/iPhone 11 Pro / X - 2/Frame 10/Frame 10/Frame 3/Bitcoin,Bitcoin,Poppins,400,10.331770896911621,#FFFFFF
Animate,2531:7088,"Vertical Menu/iPhone 11 Pro / X - 2/Frame 10/Frame 10/Frame 3/2,423844","2,423844",Poppins,600,15.49765682220459,#FFFFFF
Animate,2531:7089,"Vertical Menu/iPhone 11 Pro / X - 2/Frame 10/Frame 10/Frame 3/$423,798,421","$423,798,421",Poppins,400,7.748828411102295,#FFFFFF
Animate,2531:7096,"Vertical Menu/iPhone 11 Pro / X - 2/Frame 10/Frame 10/Frame 3/+3,2%","+3,2%",Poppins,400,7.103092670440674,#FFFFFF
Animate,2531:7105,Vertical Menu/iPhone 11 Pro / X - 2/Frame 10/Frame 10/Frame 4/Group 2/Deposit,Deposit,Poppins,400,7.748828411102295,#000000
Animate,2531:7106,Vertical Menu/iPhone 11 Pro / X - 2/Frame 10/Frame 10/Frame 4/Group 2/Withdraw,Withdraw,Poppins,400,7.748828411102295,#000000
Animate,2531:7114,Vertical Menu/iPhone 11 Pro / X - 2/Frame 10/Frame 10/Frame 4/Ethereum,Ethereum,Poppins,400,10.331770896911621,#FFFFFF
Animate,2531:7115,"Vertical Menu/iPhone 11 Pro / X - 2/Frame 10/Frame 10/Frame 4/259,124","259,124",Poppins,600,15.49765682220459,#FFFFFF
Animate,2531:7116,"Vertical Menu/iPhone 11 Pro / X - 2/Frame 10/Frame 10/Frame 4/$423,798,421","$423,798,421",Poppins,400,7.748828411102295,#FFFFFF
Animate,2531:7127,"Vertical Menu/iPhone 11 Pro / X - 2/Frame 10/Frame 10/Frame 4/Group 5/+3,2%","+3,2%",Poppins,400,7.103092670440674,#FFFFFF
Animate,2531:7135,Vertical Menu/iPhone 11 Pro / X - 2/Frame 10/Activity,Activity,Poppins,400,9.040299415588379,#000000
Animate,2531:7136,Vertical Menu/iPhone 11 Pro / X - 2/Frame 10/Assets,Assets,Poppins,400,9.040299415588379,#000000
Animate,2531:7137,Vertical Menu/iPhone 11 Pro / X - 2/Frame 10/News,News,Poppins,400,9.040299415588379,#000000
Animate,2531:7140,Vertical Menu/iPhone 11 Pro / X - 2/Frame 10/Frame 6/Frame 6/Receive,Receive,Poppins,400,9.040299415588379,#131313
Animate,2531:7141,Vertical Menu/iPhone 11 Pro / X - 2/Frame 10/Frame 6/Frame 6/From Alex124,From Alex124,Poppins,400,7.748828411102295,#131313
Animate,2531:7142,"Vertical Menu/iPhone 11 Pro / X - 2/Frame 10/Frame 6/Frame 6/12,434 ETH","12,434 ETH",Poppins,600,9.040299415588379,#131313
Animate,2531:7143,"Vertical Menu/iPhone 11 Pro / X - 2/Frame 10/Frame 6/Frame 6/$351,445","$351,445",Poppins,400,7.748828411102295,#131313
Animate,2531:7151,Vertical Menu/iPhone 11 Pro / X - 2/Frame 10/Frame 6/Frame 7/Sent,Sent,Poppins,400,9.040299415588379,#131313
Animate,2531:7152,Vertical Menu/iPhone 11 Pro / X - 2/Frame 10/Frame 6/Frame 7/To Nichri126,To Nichri126,Poppins,400,7.748828411102295,#131313
Animate,2531:7153,"Vertical Menu/iPhone 11 Pro / X - 2/Frame 10/Frame 6/Frame 7/0,136 BTC","0,136 BTC",Poppins,600,9.040299415588379,#131313
Animate,2531:7154,"Vertical Menu/iPhone 11 Pro / X - 2/Frame 10/Frame 6/Frame 7/$933,231","$933,231",Poppins,400,7.748828411102295,#131313
Animate,2531:7162,Vertical Menu/iPhone 11 Pro / X - 2/Frame 10/Frame 6/Frame 8/Receive,Receive,Poppins,400,9.040299415588379,#131313
Animate,2531:7163,Vertical Menu/iPhone 11 Pro / X - 2/Frame 10/Frame 6/Frame 8/From Alex124,From Alex124,Poppins,400,7.748828411102295,#131313
Animate,2531:7164,"Vertical Menu/iPhone 11 Pro / X - 2/Frame 10/Frame 6/Frame 8/12,434 ETH","12,434 ETH",Poppins,600,9.040299415588379,#131313
Animate,2531:7165,"Vertical Menu/iPhone 11 Pro / X - 2/Frame 10/Frame 6/Frame 8/$351,445","$351,445",Poppins,400,7.748828411102295,#131313
Animate,2531:7173,Vertical Menu/iPhone 11 Pro / X - 2/Frame 10/Frame 6/Frame 9/Sent,Sent,Poppins,400,9.040299415588379,#131313
Animate,2531:7174,Vertical Menu/iPhone 11 Pro / X - 2/Frame 10/Frame 6/Frame 9/To Nichri126,To Nichri126,Poppins,400,7.748828411102295,#131313
Animate,2531:7175,"Vertical Menu/iPhone 11 Pro / X - 2/Frame 10/Frame 6/Frame 9/0,136 BTC","0,136 BTC",Poppins,600,9.040299415588379,#131313
Animate,2531:7176,"Vertical Menu/iPhone 11 Pro / X - 2/Frame 10/Frame 6/Frame 9/$933,231","$933,231",Poppins,400,7.748828411102295,#131313
Animate,2531:7184,Vertical Menu/iPhone 11 Pro / X - 2/Frame 10/Frame 6/Frame 10/Sent,Sent,Poppins,400,9.040299415588379,#131313
Animate,2531:7185,Vertical Menu/iPhone 11 Pro / X - 2/Frame 10/Frame 6/Frame 10/To Nichri126,To Nichri126,Poppins,400,7.748828411102295,#131313
Animate,2531:7186,"Vertical Menu/iPhone 11 Pro / X - 2/Frame 10/Frame 6/Frame 10/0,136 BTC","0,136 BTC",Poppins,600,9.040299415588379,#131313
Animate,2531:7187,"Vertical Menu/iPhone 11 Pro / X - 2/Frame 10/Frame 6/Frame 10/$933,231","$933,231",Poppins,400,7.748828411102295,#131313
Animate,2531:7195,Vertical Menu/iPhone 11 Pro / X - 2/Frame 10/Frame 6/Frame 11/Sent,Sent,Poppins,400,9.040299415588379,#131313
Animate,2531:7196,Vertical Menu/iPhone 11 Pro / X - 2/Frame 10/Frame 6/Frame 11/To Nichri126,To Nichri126,Poppins,400,7.748828411102295,#131313
Animate,2531:7197,"Vertical Menu/iPhone 11 Pro / X - 2/Frame 10/Frame 6/Frame 11/0,136 BTC","0,136 BTC",Poppins,600,9.040299415588379,#131313
Animate,2531:7198,"Vertical Menu/iPhone 11 Pro / X - 2/Frame 10/Frame 6/Frame 11/$933,231","$933,231",Poppins,400,7.748828411102295,#131313
Animate,2531:7212,Vertical Menu/iPhone 11 Pro / X - 2/Navbar/Group 10/Buy,Buy,Poppins,400,7.748828411102295,#FFFFFF
Animate,2531:7213,Vertical Menu/iPhone 11 Pro / X - 2/Navbar/Group 10/Send,Send,Poppins,400,7.748828411102295,#FFFFFF
Animate,2531:7214,Vertical Menu/iPhone 11 Pro / X - 2/Navbar/Group 10/Swap,Swap,Poppins,400,7.748828411102295,#FFFFFF
Animate,2531:7233,Vertical Menu/iPhone 11 Pro / X - 3/Frame 12/Profile,Profile,Poppins,400,24.0,#FFFFFF
Animate,2531:7234,Vertical Menu/iPhone 11 Pro / X - 3/Frame 12/Market,Market,Poppins,400,24.0,#FFFFFF
Animate,2531:7235,Vertical Menu/iPhone 11 Pro / X - 3/Frame 12/Statistic,Statistic,Poppins,400,24.0,#FFFFFF
Animate,2531:7236,Vertical Menu/iPhone 11 Pro / X - 3/Frame 12/Prediction,Prediction,Poppins,400,24.0,#FFFFFF
Animate,2531:7237,Vertical Menu/iPhone 11 Pro / X - 3/Frame 12/Settings,Settings,Poppins,400,24.0,#FFFFFF
Animate,2531:7240,Vertical Menu/iPhone 11 Pro / X - 3/Frame 10/system / light / status bar / default/Time,9:41,SF Pro Text,600,15.0,#04080F
Animate,2531:7255,Vertical Menu/iPhone 11 Pro / X - 3/Frame 10/Balance,Balance,Poppins,400,18.0,#000000
Animate,2531:7261,Vertical Menu/iPhone 11 Pro / X - 3/Frame 10/Frame 10/Frame 3/Group 2/Deposit,Deposit,Poppins,400,12.0,#000000
Animate,2531:7262,Vertical Menu/iPhone 11 Pro / X - 3/Frame 10/Frame 10/Frame 3/Group 2/Withdraw,Withdraw,Poppins,400,12.0,#000000
Animate,2531:7270,Vertical Menu/iPhone 11 Pro / X - 3/Frame 10/Frame 10/Frame 3/Bitcoin,Bitcoin,Poppins,400,16.0,#FFFFFF
Animate,2531:7271,"Vertical Menu/iPhone 11 Pro / X - 3/Frame 10/Frame 10/Frame 3/2,423844","2,423844",Poppins,600,24.0,#FFFFFF
Animate,2531:7272,"Vertical Menu/iPhone 11 Pro / X - 3/Frame 10/Frame 10/Frame 3/$423,798,421","$423,798,421",Poppins,400,12.0,#FFFFFF
Animate,2531:7279,"Vertical Menu/iPhone 11 Pro / X - 3/Frame 10/Frame 10/Frame 3/+3,2%","+3,2%",Poppins,400,11.0,#FFFFFF
Animate,2531:7288,Vertical Menu/iPhone 11 Pro / X - 3/Frame 10/Frame 10/Frame 4/Group 2/Deposit,Deposit,Poppins,400,12.0,#000000
Animate,2531:7289,Vertical Menu/iPhone 11 Pro / X - 3/Frame 10/Frame 10/Frame 4/Group 2/Withdraw,Withdraw,Poppins,400,12.0,#000000
Animate,2531:7297,Vertical Menu/iPhone 11 Pro / X - 3/Frame 10/Frame 10/Frame 4/Ethereum,Ethereum,Poppins,400,16.0,#FFFFFF
Animate,2531:7298,"Vertical Menu/iPhone 11 Pro / X - 3/Frame 10/Frame 10/Frame 4/259,124","259,124",Poppins,600,24.0,#FFFFFF
Animate,2531:7299,"Vertical Menu/iPhone 11 Pro / X - 3/Frame 10/Frame 10/Frame 4/$423,798,421","$423,798,421",Poppins,400,12.0,#FFFFFF
Animate,2531:7310,"Vertical Menu/iPhone 11 Pro / X - 3/Frame 10/Frame 10/Frame 4/Group 5/+3,2%","+3,2%",Poppins,400,11.0,#FFFFFF
Animate,2531:7318,Vertical Menu/iPhone 11 Pro / X - 3/Frame 10/Activity,Activity,Poppins,400,14.0,#000000
Animate,2531:7319,Vertical Menu/iPhone 11 Pro / X - 3/Frame 10/Assets,Assets,Poppins,400,14.0,#000000
Animate,2531:7320,Vertical Menu/iPhone 11 Pro / X - 3/Frame 10/News,News,Poppins,400,14.0,#000000
Animate,2531:7323,Vertical Menu/iPhone 11 Pro / X - 3/Frame 10/Frame 6/Frame 6/Receive,Receive,Poppins,400,14.0,#131313
Animate,2531:7324,Vertical Menu/iPhone 11 Pro / X - 3/Frame 10/Frame 6/Frame 6/From Alex124,From Alex124,Poppins,400,12.0,#131313
Animate,2531:7325,"Vertical Menu/iPhone 11 Pro / X - 3/Frame 10/Frame 6/Frame 6/12,434 ETH","12,434 ETH",Poppins,600,14.0,#131313
Animate,2531:7326,"Vertical Menu/iPhone 11 Pro / X - 3/Frame 10/Frame 6/Frame 6/$351,445","$351,445",Poppins,400,12.0,#131313
Animate,2531:7334,Vertical Menu/iPhone 11 Pro / X - 3/Frame 10/Frame 6/Frame 7/Sent,Sent,Poppins,400,14.0,#131313
Animate,2531:7335,Vertical Menu/iPhone 11 Pro / X - 3/Frame 10/Frame 6/Frame 7/To Nichri126,To Nichri126,Poppins,400,12.0,#131313
Animate,2531:7336,"Vertical Menu/iPhone 11 Pro / X - 3/Frame 10/Frame 6/Frame 7/0,136 BTC","0,136 BTC",Poppins,600,14.0,#131313
Animate,2531:7337,"Vertical Menu/iPhone 11 Pro / X - 3/Frame 10/Frame 6/Frame 7/$933,231","$933,231",Poppins,400,12.0,#131313
Animate,2531:7345,Vertical Menu/iPhone 11 Pro / X - 3/Frame 10/Frame 6/Frame 8/Receive,Receive,Poppins,400,14.0,#131313
Animate,2531:7346,Vertical Menu/iPhone 11 Pro / X - 3/Frame 10/Frame 6/Frame 8/From Alex124,From Alex124,Poppins,400,12.0,#131313
Animate,2531:7347,"Vertical Menu/iPhone 11 Pro / X - 3/Frame 10/Frame 6/Frame 8/12,434 ETH","12,434 ETH",Poppins,600,14.0,#131313
Animate,2531:7348,"Vertical Menu/iPhone 11 Pro / X - 3/Frame 10/Frame 6/Frame 8/$351,445","$351,445",Poppins,400,12.0,#131313
Animate,2531:7356,Vertical Menu/iPhone 11 Pro / X - 3/Frame 10/Frame 6/Frame 9/Sent,Sent,Poppins,400,14.0,#131313
Animate,2531:7357,Vertical Menu/iPhone 11 Pro / X - 3/Frame 10/Frame 6/Frame 9/To Nichri126,To Nichri126,Poppins,400,12.0,#131313
Animate,2531:7358,"Vertical Menu/iPhone 11 Pro / X - 3/Frame 10/Frame 6/Frame 9/0,136 BTC","0,136 BTC",Poppins,600,14.0,#131313
Animate,2531:7359,"Vertical Menu/iPhone 11 Pro / X - 3/Frame 10/Frame 6/Frame 9/$933,231","$933,231",Poppins,400,12.0,#131313
Animate,2531:7367,Vertical Menu/iPhone 11 Pro / X - 3/Frame 10/Frame 6/Frame 10/Sent,Sent,Poppins,400,14.0,#131313
Animate,2531:7368,Vertical Menu/iPhone 11 Pro / X - 3/Frame 10/Frame 6/Frame 10/To Nichri126,To Nichri126,Poppins,400,12.0,#131313
Animate,2531:7369,"Vertical Menu/iPhone 11 Pro / X - 3/Frame 10/Frame 6/Frame 10/0,136 BTC","0,136 BTC",Poppins,600,14.0,#131313
Animate,2531:7370,"Vertical Menu/iPhone 11 Pro / X - 3/Frame 10/Frame 6/Frame 10/$933,231","$933,231",Poppins,400,12.0,#131313
Animate,2531:7378,Vertical Menu/iPhone 11 Pro / X - 3/Frame 10/Frame 6/Frame 11/Sent,Sent,Poppins,400,14.0,#131313
Animate,2531:7379,Vertical Menu/iPhone 11 Pro / X - 3/Frame 10/Frame 6/Frame 11/To Nichri126,To Nichri126,Poppins,400,12.0,#131313
Animate,2531:7380,"Vertical Menu/iPhone 11 Pro / X - 3/Frame 10/Frame 6/Frame 11/0,136 BTC","0,136 BTC",Poppins,600,14.0,#131313
Animate,2531:7381,"Vertical Menu/iPhone 11 Pro / X - 3/Frame 10/Frame 6/Frame 11/$933,231","$933,231",Poppins,400,12.0,#131313
Animate,2531:7396,Vertical Menu/iPhone 11 Pro / X - 3/Navbar/Group 10/Buy,Buy,Poppins,400,12.0,#FFFFFF
Animate,2531:7397,Vertical Menu/iPhone 11 Pro / X - 3/Navbar/Group 10/Send,Send,Poppins,400,12.0,#FFFFFF
Animate,2531:7398,Vertical Menu/iPhone 11 Pro / X - 3/Navbar/Group 10/Swap,Swap,Poppins,400,12.0,#FFFFFF
Animate,I2531:7463;2531:7627,"USP/Components/services/type=1, state=normal/text/Web Development",Web Development,Helvetica,700,24.0,#000000
Animate,I2531:7463;2531:7628,"USP/Components/services/type=1, state=normal/text/Lorem ipsum dolor sit amet, et quaerendum contentiones qui, vidit nusquam est an","Lorem ipsum dolor sit amet, et quaerendum contentiones qui, vidit nusquam est an",Helvetica,400,16.0,#3E3E3E
Animate,I2531:7470;2531:7627,"USP/Components/services/type=1, state=hover/text/Web Development",Web Development,Helvetica,700,24.0,#000000
Animate,I2531:7470;2531:7628,"USP/Components/services/type=1, state=hover/text/Lorem ipsum dolor sit amet, et quaerendum contentiones qui, vidit nusquam est an","Lorem ipsum dolor sit amet, et quaerendum contentiones qui, vidit nusquam est an",Helvetica,400,16.0,#3E3E3E
Animate,I2531:7477;2531:7627,"USP/Components/services/type=1, state=link/text/Web Development",Web Development,Helvetica,700,24.0,#698CFF
Animate,I2531:7477;2531:7628,"USP/Components/services/type=1, state=link/text/Lorem ipsum dolor sit amet, et quaerendum contentiones qui, vidit nusquam est an","Lorem ipsum dolor sit amet, et quaerendum contentiones qui, vidit nusquam est an",Helvetica,400,16.0,#3E3E3E
Animate,I2531:7484;2531:7627,"USP/Components/services/type=1, state=active/text/Web Development",Web Development,Helvetica,700,24.0,#3766FF
Animate,I2531:7484;2531:7628,"USP/Components/services/type=1, state=active/text/Lorem ipsum dolor sit amet, et quaerendum contentiones qui, vidit nusquam est an","Lorem ipsum dolor sit amet, et quaerendum contentiones qui, vidit nusquam est an",Helvetica,400,16.0,#3E3E3E
Animate,I2531:7491;10615:4712,"USP/Components/services/type=2, state=normal/text/2/Search Engine Optimization",Search Engine Optimization,Helvetica,700,24.0,#000000
Animate,I2531:7491;10615:4713,"USP/Components/services/type=2, state=normal/text/2/Lorem ipsum dolor sit amet, et quaerendum contentiones qui, vidit nusquam est an","Lorem ipsum dolor sit amet, et quaerendum contentiones qui, vidit nusquam est an",Helvetica,400,16.0,#3E3E3E
Animate,I2531:7498;10615:4712,"USP/Components/services/type=2, state=hover/text/2/Search Engine Optimization",Search Engine Optimization,Helvetica,700,24.0,#000000
Animate,I2531:7498;10615:4713,"USP/Components/services/type=2, state=hover/text/2/Lorem ipsum dolor sit amet, et quaerendum contentiones qui, vidit nusquam est an","Lorem ipsum dolor sit amet, et quaerendum contentiones qui, vidit nusquam est an",Helvetica,400,16.0,#3E3E3E
Animate,I2531:7505;10615:4712,"USP/Components/services/type=2, state=link/text/2/Search Engine Optimization",Search Engine Optimization,Helvetica,700,24.0,#698CFF
Animate,I2531:7505;10615:4713,"USP/Components/services/type=2, state=link/text/2/Lorem ipsum dolor sit amet, et quaerendum contentiones qui, vidit nusquam est an","Lorem ipsum dolor sit amet, et quaerendum contentiones qui, vidit nusquam est an",Helvetica,400,16.0,#3E3E3E
Animate,I2531:7512;10615:4712,"USP/Components/services/type=2, state=active/text/2/Search Engine Optimization",Search Engine Optimization,Helvetica,700,24.0,#3766FF
Animate,I2531:7512;10615:4713,"USP/Components/services/type=2, state=active/text/2/Lorem ipsum dolor sit amet, et quaerendum contentiones qui, vidit nusquam est an","Lorem ipsum dolor sit amet, et quaerendum contentiones qui, vidit nusquam est an",Helvetica,400,16.0,#3E3E3E
Animate,I2531:7519;2531:7630,"USP/Components/services/type=3, state=normal/text/Contextual Advertising",Contextual Advertising,Helvetica,700,24.0,#000000
Animate,I2531:7519;2531:7631,"USP/Components/services/type=3, state=normal/text/Lorem ipsum dolor sit amet, et quaerendum contentiones qui, vidit nusquam est an","Lorem ipsum dolor sit amet, et quaerendum contentiones qui, vidit nusquam est an",Helvetica,400,16.0,#3E3E3E
Animate,I2531:7526;2531:7630,"USP/Components/services/type=3, state=hover/text/Contextual Advertising",Contextual Advertising,Helvetica,700,24.0,#000000
Animate,I2531:7526;2531:7631,"USP/Components/services/type=3, state=hover/text/Lorem ipsum dolor sit amet, et quaerendum contentiones qui, vidit nusquam est an","Lorem ipsum dolor sit amet, et quaerendum contentiones qui, vidit nusquam est an",Helvetica,400,16.0,#3E3E3E
Animate,I2531:7533;2531:7630,"USP/Components/services/type=3, state=link/text/Contextual Advertising",Contextual Advertising,Helvetica,700,24.0,#698CFF
Animate,I2531:7533;2531:7631,"USP/Components/services/type=3, state=link/text/Lorem ipsum dolor sit amet, et quaerendum contentiones qui, vidit nusquam est an","Lorem ipsum dolor sit amet, et quaerendum contentiones qui, vidit nusquam est an",Helvetica,400,16.0,#3E3E3E
Animate,I2531:7540;2531:7630,"USP/Components/services/type=3, state=active/text/Contextual Advertising",Contextual Advertising,Helvetica,700,24.0,#3766FF
Animate,I2531:7540;2531:7631,"USP/Components/services/type=3, state=active/text/Lorem ipsum dolor sit amet, et quaerendum contentiones qui, vidit nusquam est an","Lorem ipsum dolor sit amet, et quaerendum contentiones qui, vidit nusquam est an",Helvetica,400,16.0,#3E3E3E
Animate,I2531:7547;2531:7633,"USP/Components/services/type=4, state=normal/text/Web Analytics",Web Analytics,Helvetica,700,24.0,#000000
Animate,I2531:7547;2531:7634,"USP/Components/services/type=4, state=normal/text/Lorem ipsum dolor sit amet, et quaerendum contentiones qui, vidit nusquam est an","Lorem ipsum dolor sit amet, et quaerendum contentiones qui, vidit nusquam est an",Helvetica,400,16.0,#3E3E3E
Animate,I2531:7554;2531:7633,"USP/Components/services/type=4, state=hover/text/Web Analytics",Web Analytics,Helvetica,700,24.0,#000000
Animate,I2531:7554;2531:7634,"USP/Components/services/type=4, state=hover/text/Lorem ipsum dolor sit amet, et quaerendum contentiones qui, vidit nusquam est an","Lorem ipsum dolor sit amet, et quaerendum contentiones qui, vidit nusquam est an",Helvetica,400,16.0,#3E3E3E
Animate,I2531:7561;2531:7633,"USP/Components/services/type=4, state=link/text/Web Analytics",Web Analytics,Helvetica,700,24.0,#698CFF
Animate,I2531:7561;2531:7634,"USP/Components/services/type=4, state=link/text/Lorem ipsum dolor sit amet, et quaerendum contentiones qui, vidit nusquam est an","Lorem ipsum dolor sit amet, et quaerendum contentiones qui, vidit nusquam est an",Helvetica,400,16.0,#3E3E3E
Animate,I2531:7568;2531:7633,"USP/Components/services/type=4, state=active/text/Web Analytics",Web Analytics,Helvetica,700,24.0,#3766FF
Animate,I2531:7568;2531:7634,"USP/Components/services/type=4, state=active/text/Lorem ipsum dolor sit amet, et quaerendum contentiones qui, vidit nusquam est an","Lorem ipsum dolor sit amet, et quaerendum contentiones qui, vidit nusquam est an",Helvetica,400,16.0,#3E3E3E
Animate,I2531:7575;2531:7636,"USP/Components/services/type=5, state=normal/text/Web Design",Web Design,Helvetica,700,24.0,#000000
Animate,I2531:7575;2531:7637,"USP/Components/services/type=5, state=normal/text/Lorem ipsum dolor sit amet, et quaerendum contentiones qui, vidit nusquam est an","Lorem ipsum dolor sit amet, et quaerendum contentiones qui, vidit nusquam est an",Helvetica,400,16.0,#3E3E3E
Animate,I2531:7582;2531:7636,"USP/Components/services/type=5, state=hover/text/Web Design",Web Design,Helvetica,700,24.0,#000000
Animate,I2531:7582;2531:7637,"USP/Components/services/type=5, state=hover/text/Lorem ipsum dolor sit amet, et quaerendum contentiones qui, vidit nusquam est an","Lorem ipsum dolor sit amet, et quaerendum contentiones qui, vidit nusquam est an",Helvetica,400,16.0,#3E3E3E
Animate,I2531:7589;2531:7636,"USP/Components/services/type=5, state=link/text/Web Design",Web Design,Helvetica,700,24.0,#698CFF
Animate,I2531:7589;2531:7637,"USP/Components/services/type=5, state=link/text/Lorem ipsum dolor sit amet, et quaerendum contentiones qui, vidit nusquam est an","Lorem ipsum dolor sit amet, et quaerendum contentiones qui, vidit nusquam est an",Helvetica,400,16.0,#3E3E3E
Animate,I2531:7596;2531:7636,"USP/Components/services/type=5, state=active/text/Web Design",Web Design,Helvetica,700,24.0,#3766FF
Animate,I2531:7596;2531:7637,"USP/Components/services/type=5, state=active/text/Lorem ipsum dolor sit amet, et quaerendum contentiones qui, vidit nusquam est an","Lorem ipsum dolor sit amet, et quaerendum contentiones qui, vidit nusquam est an",Helvetica,400,16.0,#3E3E3E
Animate,I2531:7603;2531:7639,"USP/Components/services/type=6, state=normal/text/Social Media",Social Media,Helvetica,700,24.0,#000000
Animate,I2531:7603;2531:7640,"USP/Components/services/type=6, state=normal/text/Lorem ipsum dolor sit amet, et quaerendum contentiones qui, vidit nusquam est an","Lorem ipsum dolor sit amet, et quaerendum contentiones qui, vidit nusquam est an",Helvetica,400,16.0,#3E3E3E
Animate,I2531:7610;2531:7639,"USP/Components/services/type=6, state=hover/text/Social Media",Social Media,Helvetica,700,24.0,#000000
Animate,I2531:7610;2531:7640,"USP/Components/services/type=6, state=hover/text/Lorem ipsum dolor sit amet, et quaerendum contentiones qui, vidit nusquam est an","Lorem ipsum dolor sit amet, et quaerendum contentiones qui, vidit nusquam est an",Helvetica,400,16.0,#3E3E3E
Animate,I2531:7617;2531:7639,"USP/Components/services/type=6, state=link/text/Social Media",Social Media,Helvetica,700,24.0,#698CFF
Animate,I2531:7617;2531:7640,"USP/Components/services/type=6, state=link/text/Lorem ipsum dolor sit amet, et quaerendum contentiones qui, vidit nusquam est an","Lorem ipsum dolor sit amet, et quaerendum contentiones qui, vidit nusquam est an",Helvetica,400,16.0,#3E3E3E
Animate,I2531:7624;2531:7639,"USP/Components/services/type=6, state=active/text/Social Media",Social Media,Helvetica,700,24.0,#3766FF
Animate,I2531:7624;2531:7640,"USP/Components/services/type=6, state=active/text/Lorem ipsum dolor sit amet, et quaerendum contentiones qui, vidit nusquam est an","Lorem ipsum dolor sit amet, et quaerendum contentiones qui, vidit nusquam est an",Helvetica,400,16.0,#3E3E3E
Animate,2531:7627,USP/Components/text/text=1/Web Development,Web Development,Helvetica,700,24.0,#000000
Animate,2531:7628,"USP/Components/text/text=1/Lorem ipsum dolor sit amet, et quaerendum contentiones qui, vidit nusquam est an","Lorem ipsum dolor sit amet, et quaerendum contentiones qui, vidit nusquam est an",Helvetica,400,16.0,#3E3E3E
Animate,2531:7630,USP/Components/text/text=3/Contextual Advertising,Contextual Advertising,Helvetica,700,24.0,#000000
Animate,2531:7631,"USP/Components/text/text=3/Lorem ipsum dolor sit amet, et quaerendum contentiones qui, vidit nusquam est an","Lorem ipsum dolor sit amet, et quaerendum contentiones qui, vidit nusquam est an",Helvetica,400,16.0,#3E3E3E
Animate,2531:7633,USP/Components/text/text=4/Web Analytics,Web Analytics,Helvetica,700,24.0,#000000
Animate,2531:7634,"USP/Components/text/text=4/Lorem ipsum dolor sit amet, et quaerendum contentiones qui, vidit nusquam est an","Lorem ipsum dolor sit amet, et quaerendum contentiones qui, vidit nusquam est an",Helvetica,400,16.0,#3E3E3E
Animate,2531:7636,USP/Components/text/text=5/Web Design,Web Design,Helvetica,700,24.0,#000000
Animate,2531:7637,"USP/Components/text/text=5/Lorem ipsum dolor sit amet, et quaerendum contentiones qui, vidit nusquam est an","Lorem ipsum dolor sit amet, et quaerendum contentiones qui, vidit nusquam est an",Helvetica,400,16.0,#3E3E3E
Animate,2531:7639,USP/Components/text/text=6/Social Media,Social Media,Helvetica,700,24.0,#000000
Animate,2531:7640,"USP/Components/text/text=6/Lorem ipsum dolor sit amet, et quaerendum contentiones qui, vidit nusquam est an","Lorem ipsum dolor sit amet, et quaerendum contentiones qui, vidit nusquam est an",Helvetica,400,16.0,#3E3E3E
Animate,2531:7675,USP/Smart Animate/Our Services/Our Services,Our Services,Helvetica,700,40.0,#0C1014
Animate,I2531:7678;2531:7463;2531:7627,USP/Smart Animate/Our Services/Services/1/services/text/Web Development,Web Development,Helvetica,700,24.0,#000000
Animate,I2531:7678;2531:7463;2531:7628,"USP/Smart Animate/Our Services/Services/1/services/text/Lorem ipsum dolor sit amet, et quaerendum contentiones qui, vidit nusquam est an","Lorem ipsum dolor sit amet, et quaerendum contentiones qui, vidit nusquam est an",Helvetica,400,16.0,#3E3E3E
Animate,I2531:7679;2531:7491;10615:4712,USP/Smart Animate/Our Services/Services/1/services/text/2/Search Engine Optimization,Search Engine Optimization,Helvetica,700,24.0,#000000
Animate,I2531:7679;2531:7491;10615:4713,"USP/Smart Animate/Our Services/Services/1/services/text/2/Lorem ipsum dolor sit amet, et quaerendum contentiones qui, vidit nusquam est an","Lorem ipsum dolor sit amet, et quaerendum contentiones qui, vidit nusquam est an",Helvetica,400,16.0,#3E3E3E
Animate,I2531:7680;2531:7519;2531:7630,USP/Smart Animate/Our Services/Services/1/services/text/Contextual Advertising,Contextual Advertising,Helvetica,700,24.0,#000000
Animate,I2531:7680;2531:7519;2531:7631,"USP/Smart Animate/Our Services/Services/1/services/text/Lorem ipsum dolor sit amet, et quaerendum contentiones qui, vidit nusquam est an","Lorem ipsum dolor sit amet, et quaerendum contentiones qui, vidit nusquam est an",Helvetica,400,16.0,#3E3E3E
Animate,I2531:7682;2531:7547;2531:7633,USP/Smart Animate/Our Services/Services/2/services/text/Web Analytics,Web Analytics,Helvetica,700,24.0,#000000
Animate,I2531:7682;2531:7547;2531:7634,"USP/Smart Animate/Our Services/Services/2/services/text/Lorem ipsum dolor sit amet, et quaerendum contentiones qui, vidit nusquam est an","Lorem ipsum dolor sit amet, et quaerendum contentiones qui, vidit nusquam est an",Helvetica,400,16.0,#3E3E3E
Animate,I2531:7683;2531:7575;2531:7636,USP/Smart Animate/Our Services/Services/2/services/text/Web Design,Web Design,Helvetica,700,24.0,#000000
Animate,I2531:7683;2531:7575;2531:7637,"USP/Smart Animate/Our Services/Services/2/services/text/Lorem ipsum dolor sit amet, et quaerendum contentiones qui, vidit nusquam est an","Lorem ipsum dolor sit amet, et quaerendum contentiones qui, vidit nusquam est an",Helvetica,400,16.0,#3E3E3E
Animate,I2531:7684;2531:7603;2531:7639,USP/Smart Animate/Our Services/Services/2/services/text/Social Media,Social Media,Helvetica,700,24.0,#000000
Animate,I2531:7684;2531:7603;2531:7640,"USP/Smart Animate/Our Services/Services/2/services/text/Lorem ipsum dolor sit amet, et quaerendum contentiones qui, vidit nusquam est an","Lorem ipsum dolor sit amet, et quaerendum contentiones qui, vidit nusquam est an",Helvetica,400,16.0,#3E3E3E
Animate,2531:8182,Silver/3D Icons,3D Icons,Inter,400,161.7451629638672,#FFFFFF
Animate,2531:8909,Partten/Desktop - 3/Property 1=Variant2/VỀ CHÚNG TÔI,VỀ CHÚNG TÔI,Manrope,800,68.0,#FFFFFF
Animate,2448:7970,"Text Animation/Heading Display/State=Default, Size=Big/Sample text",Sample text,Bai Jamjuree,600,48.0,#FFFFFF
Animate,2448:7972,"Text Animation/Heading Display/State=Shinning 1, Size=Big/Sample text",Sample text,Bai Jamjuree,600,48.0,#FFFFFF
Animate,2448:7974,"Text Animation/Heading Display/State=Shinning 2, Size=Big/Sample text",Sample text,Bai Jamjuree,600,48.0,#FFFFFF
Animate,2448:7976,"Text Animation/Heading Display/State=Default, Size=Medium/Sample text",Sample text,Bai Jamjuree,600,40.0,#FFFFFF
Animate,2448:7978,"Text Animation/Heading Display/State=Shinning 1, Size=Medium/Sample text",Sample text,Bai Jamjuree,600,40.0,#FFFFFF
Animate,2448:7980,"Text Animation/Heading Display/State=Shinning 2, Size=Medium/Sample text",Sample text,Bai Jamjuree,600,40.0,#FFFFFF
Animate,2448:7982,"Text Animation/Heading Display/State=Default, Size=Small/Sample text",Sample text,Bai Jamjuree,600,32.0,#FFFFFF
Animate,2448:7984,"Text Animation/Heading Display/State=Shinning 1, Size=Small/Sample text",Sample text,Bai Jamjuree,600,32.0,#FFFFFF
Animate,2448:7986,"Text Animation/Heading Display/State=Shinning 2, Size=Small/Sample text",Sample text,Bai Jamjuree,600,32.0,#FFFFFF
Glass Icon,2497:7965,Section 1/Frame 10/Frame 13/face-id-01,face-id-01,Inter,600,16.0,#918888
Glass Icon,2497:7968,Section 1/Frame 10/Frame 22/face-id-02,face-id-02,Inter,600,16.0,#918888
Glass Icon,2497:7971,Section 1/Frame 10/Frame 23/file-lock-01,file-lock-01,Inter,600,16.0,#918888
Glass Icon,2497:7974,Section 1/Frame 10/Frame 13/file-lock-02,file-lock-02,Inter,600,16.0,#918888
Glass Icon,2497:7977,Section 1/Frame 10/Frame 24/file-lock-03,file-lock-03,Inter,600,16.0,#918888
Glass Icon,2497:7980,Section 1/Frame 10/Frame 25/file-shield-01,file-shield-01,Inter,600,16.0,#918888
Glass Icon,2497:7984,Section 1/Frame 21/Frame 22/file-shield-02,file-shield-02,Inter,600,16.0,#918888
Glass Icon,2497:7987,Section 1/Frame 21/Frame 23/file-shield-03,file-shield-03,Inter,600,16.0,#918888
Glass Icon,2497:7990,Section 1/Frame 21/Frame 13/fingerpint-01,fingerpint-01,Inter,600,16.0,#918888
Glass Icon,2497:7993,Section 1/Frame 21/Frame 22/fingerpint-02,fingerpint-02,Inter,600,16.0,#918888
Glass Icon,2497:7996,Section 1/Frame 21/Frame 24/folder-shield,folder-shield,Inter,600,16.0,#918888
Glass Icon,2497:7999,Section 1/Frame 21/Frame 25/key-01,key-01,Inter,600,16.0,#918888
Glass Icon,2497:8003,Section 1/Frame 22/Frame 23/key-02,key-02,Inter,600,16.0,#918888
Glass Icon,2497:8006,Section 1/Frame 22/Frame 13/lock-01,lock-01,Inter,600,16.0,#918888
Glass Icon,2497:8009,Section 1/Frame 22/Frame 24/lock-02,lock-02,Inter,600,16.0,#918888
Glass Icon,2497:8012,Section 1/Frame 22/Frame 25/lock-open-01,lock-open-01,Inter,600,16.0,#918888
Glass Icon,2497:8016,Section 1/Frame 24/Frame 13/lock-open-02,lock-open-02,Inter,600,16.0,#918888
Glass Icon,2497:8019,Section 1/Frame 24/Frame 22/lock-open-03,lock-open-03,Inter,600,16.0,#918888
Glass Icon,2497:8022,Section 1/Frame 24/Frame 23/lock-open-04,lock-open-04,Inter,600,16.0,#918888
Glass Icon,2497:8025,Section 1/Frame 24/Frame 24/password-01,password-01,Inter,600,16.0,#918888
Glass Icon,2497:8028,Section 1/Frame 24/Frame 25/password-02,password-02,Inter,600,16.0,#918888
Glass Icon,2497:8031,Section 1/Frame 24/Frame 26/scan,scan,Inter,600,16.0,#918888
Glass Icon,2497:8035,Section 1/Frame 25/Frame 13/shield-01,shield-01,Inter,600,16.0,#918888
Glass Icon,2497:8038,Section 1/Frame 25/Frame 22/shield-02,shield-02,Inter,600,16.0,#918888
Glass Icon,2521:5997,Section 3/Frame 48095695/Property 1=Default/Frame 2147224784/Sample text,Sample text,Bai Jamjuree,600,18.0,#FFFFFF
Glass Icon,2521:5998,"Section 3/Frame 48095695/Property 1=Default/Frame 2147224784/Lorem ipsum dolor sit amet, consectetur adipiscing elit, sed do eiusmod tempor .","Lorem ipsum dolor sit amet, consectetur adipiscing elit, sed do eiusmod tempor .",Inter,400,14.0,#FFFFFF
Glass Icon,2531:6053,Section 3/Frame 48095695/Property 1=Variant2/Frame 2147224784/Sample text,Sample text,Bai Jamjuree,600,18.0,#FFFFFF
Glass Icon,2531:6054,"Section 3/Frame 48095695/Property 1=Variant2/Frame 2147224784/Lorem ipsum dolor sit amet, consectetur adipiscing elit, sed do eiusmod tempor .","Lorem ipsum dolor sit amet, consectetur adipiscing elit, sed do eiusmod tempor .",Inter,400,14.0,#FFFFFF
Glass Icon,2497:6847,Section 3/Group/Network/Symbol,􀤆,SF Pro,700,14.960262298583984,#FFFFFF
Glass Icon,2497:6849,Section 3/Group/Personal Hotspot/Symbol,􀉤,SF Pro,700,23.27151870727539,#FFFFFF
Glass Icon,2497:6853,Section 3/Group/Cellular/Symbol,􀭧,SF Pro,700,14.960262298583984,#FFFFFF
Glass Icon,2497:6864,Section 3/Group/Wi-Fi/Symbol,􀙇,SF Pro,700,26.59602165222168,#FFFFFF
Glass Icon,2497:6866,Section 3/Group/Airplane Mode/Symbol,􀑓,SF Pro,700,26.59602165222168,#FFFFFF
Device Frame,2744:3153,Device Frames - Exported at 1x/Natural Titanium,Natural Titanium,Inter,500,100.0,#000000~0.6
Device Frame,2744:3154,Device Frames - Exported at 1x/Blue Titanium,Blue Titanium,Inter,500,100.0,#000000~0.6
Device Frame,2744:3155,Device Frames - Exported at 1x/White Titanium,White Titanium,Inter,500,100.0,#000000~0.6
Device Frame,2744:3156,Device Frames - Exported at 1x/Black Titanium,Black Titanium,Inter,500,100.0,#000000~0.6
Device Frame,2744:3170,Device Spec/Title/iPhone 15 Pro,iPhone 15 Pro,Inter,700,112.0,#FFFFFF
Device Frame,2744:3175,Device Spec/Description/Frame 1/Frame 4/Row/Screen dimension:,Screen dimension: ,Inter,700,40.0,#000000
Device Frame,2744:3177,Device Spec/Description/Frame 1/Frame 4/Row/Frame 2/1179 x 2556,1179 x 2556,DM Mono,500,40.0,#007BE5
Device Frame,2744:3179,Device Spec/Description/Frame 1/Frame 4/Row/Preset:,Preset:,Inter,700,40.0,#000000
Device Frame,2744:3181,Device Spec/Description/Frame 1/Frame 4/Row/Frame 2/393 x 852,393 x 852,DM Mono,500,40.0,#007BE5
Device Frame,2744:3183,Device Spec/Description/Frame 1/Frame 4/Row/scale factor:,scale factor:,Inter,700,40.0,#000000
Device Frame,2744:3185,Device Spec/Description/Frame 1/Frame 4/Row/Frame 2/3,3,DM Mono,500,40.0,#007BE5
